config,seed,arm,n_qubits,type_id,type,n_bonds,alpha_learned
B5,42,zz_bytype_r3,13,0,H-C,627,-0.29358094625357545
B5,42,zz_bytype_r3,13,1,C-S,206,0.25472634924077026
B5,42,zz_bytype_r3,13,2,C=C,170,0.22158471859682652
B5,42,zz_bytype_r3,13,3,O=S,147,0.2828941300924941
B5,42,zz_bytype_r3,13,4,C=N,121,0.3611390925360183
B5,42,zz_bytype_r3,13,5,C-C,119,0.5973572582803268
B5,42,zz_bytype_r3,13,6,H-N,83,1.1973187119333693
B5,42,zz_bytype_r3,13,7,C-N,50,-0.33968927764120715
B5,42,zz_bytype_r3,13,8,C-O,48,0.5839949226223762
B5,42,zz_bytype_r3,13,9,N-S,35,0.5562075218677641
B5,42,zz_bytype_r3,13,10,H-O,35,-0.3868175616519709
B5,42,zz_bytype_r3,13,11,C#C,28,-1.2559262554698345
B5,42,zz_bytype_r3,13,12,C=O,15,0.2709116656560081
B5,42,zz_bytype_r3,13,13,C#N,15,0.12035647400799154
B5,42,zz_bytype_r3,13,14,C=S,12,1.0107021032692223
B5,42,zz_bytype_r3,13,15,C-Cl,12,1.0715183862314803
B5,42,zz_bytype_r3,13,16,O-S,9,-0.7872338332982848
B5,42,zz_bytype_r3,13,17,N#N,3,-0.2001945838332001
B5,42,zz_bytype_r3,13,18,N-N,3,0.8417963366836024
B5,42,zz_bytype_r3,13,19,O#S,3,0.42551370460458393
B5,42,zz_bytype_r3,13,20,C#O,3,-0.34108933839786354
B5,42,xy_bytype_r3,13,0,H-C,627,1.2538756382125698
B5,42,xy_bytype_r3,13,1,C-S,206,0.15226821340644828
B5,42,xy_bytype_r3,13,2,C=C,170,0.9330942400440251
B5,42,xy_bytype_r3,13,3,O=S,147,-0.2240468646472962
B5,42,xy_bytype_r3,13,4,C=N,121,0.0033715233795856628
B5,42,xy_bytype_r3,13,5,C-C,119,0.7867095356457597
B5,42,xy_bytype_r3,13,6,H-N,83,0.1636758083275272
B5,42,xy_bytype_r3,13,7,C-N,50,0.03992774474423781
B5,42,xy_bytype_r3,13,8,C-O,48,-0.2611365790868673
B5,42,xy_bytype_r3,13,9,N-S,35,-0.006518824773888693
B5,42,xy_bytype_r3,13,10,H-O,35,0.43387998231953273
B5,42,xy_bytype_r3,13,11,C#C,28,-2.2962502980800985
B5,42,xy_bytype_r3,13,12,C=O,15,0.31216205598782054
B5,42,xy_bytype_r3,13,13,C#N,15,0.5158338674151006
B5,42,xy_bytype_r3,13,14,C=S,12,-0.3144541840651288
B5,42,xy_bytype_r3,13,15,C-Cl,12,0.07505476647797552
B5,42,xy_bytype_r3,13,16,O-S,9,0.7271383662357558
B5,42,xy_bytype_r3,13,17,N#N,3,0.127214682550631
B5,42,xy_bytype_r3,13,18,N-N,3,-0.08416719617391143
B5,42,xy_bytype_r3,13,19,O#S,3,-0.4275920821823776
B5,42,xy_bytype_r3,13,20,C#O,3,0.7422809818934708
B5,43,zz_bytype_r3,13,0,H-C,681,-1.378620934168802
B5,43,zz_bytype_r3,13,1,C-S,223,0.43752281633957346
B5,43,zz_bytype_r3,13,2,O=S,175,0.13533298387810955
B5,43,zz_bytype_r3,13,3,C=C,161,0.24856886542444034
B5,43,zz_bytype_r3,13,4,C-C,135,0.5363541371025103
B5,43,zz_bytype_r3,13,5,C=N,118,0.17087665768488225
B5,43,zz_bytype_r3,13,6,H-N,74,-0.907660182461118
B5,43,zz_bytype_r3,13,7,C-O,49,0.4444981252536836
B5,43,zz_bytype_r3,13,8,C-N,44,0.5120795699086914
B5,43,zz_bytype_r3,13,9,H-O,42,-0.7839594782443516
B5,43,zz_bytype_r3,13,10,N-S,33,0.46563333910886434
B5,43,zz_bytype_r3,13,11,C#C,32,-1.2974071206760973
B5,43,zz_bytype_r3,13,12,C=O,21,0.05391567324019723
B5,43,zz_bytype_r3,13,13,C#N,15,-0.26307784087827657
B5,43,zz_bytype_r3,13,14,O-S,14,0.1315443611044858
B5,43,zz_bytype_r3,13,15,C=S,10,0.502723994732223
B5,43,zz_bytype_r3,13,16,C-Cl,9,0.9680549635576893
B5,43,zz_bytype_r3,13,17,O#S,3,0.19055101795034823
B5,43,zz_bytype_r3,13,18,C#O,3,0.35099569916454765
B5,43,zz_bytype_r3,13,19,N-N,2,0.8086903880095165
B5,43,zz_bytype_r3,13,20,N#N,1,0.8559504861573223
B5,43,zz_bytype_r3,13,21,N-O,1,1.4379187811077256
B5,43,xy_bytype_r3,13,0,H-C,681,0.1651627439983345
B5,43,xy_bytype_r3,13,1,C-S,223,0.16319078892025846
B5,43,xy_bytype_r3,13,2,O=S,175,0.10783047578561025
B5,43,xy_bytype_r3,13,3,C=C,161,-0.03755297546544947
B5,43,xy_bytype_r3,13,4,C-C,135,-0.3274328549306706
B5,43,xy_bytype_r3,13,5,C=N,118,0.0456938559861651
B5,43,xy_bytype_r3,13,6,H-N,74,0.16223087211434845
B5,43,xy_bytype_r3,13,7,C-O,49,0.16277323764272952
B5,43,xy_bytype_r3,13,8,C-N,44,0.10067273134262611
B5,43,xy_bytype_r3,13,9,H-O,42,0.19117177405702976
B5,43,xy_bytype_r3,13,10,N-S,33,0.40692152978457014
B5,43,xy_bytype_r3,13,11,C#C,32,1.9167560222935403
B5,43,xy_bytype_r3,13,12,C=O,21,0.0016497282251087529
B5,43,xy_bytype_r3,13,13,C#N,15,-0.017129251617358357
B5,43,xy_bytype_r3,13,14,O-S,14,0.09775096773500674
B5,43,xy_bytype_r3,13,15,C=S,10,0.8848839355396322
B5,43,xy_bytype_r3,13,16,C-Cl,9,0.7817930172599254
B5,43,xy_bytype_r3,13,17,O#S,3,0.10711348465253459
B5,43,xy_bytype_r3,13,18,C#O,3,0.3106250745016836
B5,43,xy_bytype_r3,13,19,N-N,2,0.6399577462445459
B5,43,xy_bytype_r3,13,20,N#N,1,-0.2804553832364396
B5,43,xy_bytype_r3,13,21,N-O,1,-1.3864490923449375
B5,44,zz_bytype_r3,13,0,H-C,633,1.3720078651199699
B5,44,zz_bytype_r3,13,1,C-S,211,0.2374906287423583
B5,44,zz_bytype_r3,13,2,C=C,187,0.035088018551175465
B5,44,zz_bytype_r3,13,3,O=S,159,0.2381644970745762
B5,44,zz_bytype_r3,13,4,C-C,115,0.19484803335152542
B5,44,zz_bytype_r3,13,5,C=N,108,-0.007918970219580223
B5,44,zz_bytype_r3,13,6,H-N,72,-0.1128541480622999
B5,44,zz_bytype_r3,13,7,C-O,53,0.2125299300830685
B5,44,zz_bytype_r3,13,8,H-O,45,-0.7461173970365528
B5,44,zz_bytype_r3,13,9,C-N,42,0.1711999226753358
B5,44,zz_bytype_r3,13,10,N-S,37,0.5492343547496675
B5,44,zz_bytype_r3,13,11,C#C,25,2.4653786633659127
B5,44,zz_bytype_r3,13,12,C=O,18,-0.17436729476778534
B5,44,zz_bytype_r3,13,13,O-S,13,-0.39544786691716244
B5,44,zz_bytype_r3,13,14,C#N,13,0.505198805015671
B5,44,zz_bytype_r3,13,15,C-Cl,12,0.9279707352021463
B5,44,zz_bytype_r3,13,16,C=S,10,0.6369804996278337
B5,44,zz_bytype_r3,13,17,N#N,6,0.4753097952753076
B5,44,zz_bytype_r3,13,18,C#O,3,0.7111763865283864
B5,44,zz_bytype_r3,13,19,N-N,2,0.2566394767279481
B5,44,zz_bytype_r3,13,20,N-O,1,0.8111060213425765
B5,44,xy_bytype_r3,13,0,H-C,633,1.464429242172795
B5,44,xy_bytype_r3,13,1,C-S,211,0.4055686531807375
B5,44,xy_bytype_r3,13,2,C=C,187,-0.1852091996635199
B5,44,xy_bytype_r3,13,3,O=S,159,0.3491815018191643
B5,44,xy_bytype_r3,13,4,C-C,115,1.1581005192328597
B5,44,xy_bytype_r3,13,5,C=N,108,-0.07353564917807233
B5,44,xy_bytype_r3,13,6,H-N,72,0.45217399015771803
B5,44,xy_bytype_r3,13,7,C-O,53,0.2347768249193094
B5,44,xy_bytype_r3,13,8,H-O,45,0.5466654755469318
B5,44,xy_bytype_r3,13,9,C-N,42,0.6846588027880371
B5,44,xy_bytype_r3,13,10,N-S,37,0.7992063164688404
B5,44,xy_bytype_r3,13,11,C#C,25,-1.0247575107036182
B5,44,xy_bytype_r3,13,12,C=O,18,-0.23322706662255507
B5,44,xy_bytype_r3,13,13,O-S,13,0.07709491816232741
B5,44,xy_bytype_r3,13,14,C#N,13,-0.6712347759575817
B5,44,xy_bytype_r3,13,15,C-Cl,12,1.1305319591752288
B5,44,xy_bytype_r3,13,16,C=S,10,0.4665181345906799
B5,44,xy_bytype_r3,13,17,N#N,6,0.3212610813798991
B5,44,xy_bytype_r3,13,18,C#O,3,1.455147044431576
B5,44,xy_bytype_r3,13,19,N-N,2,0.31961891170541806
B5,44,xy_bytype_r3,13,20,N-O,1,1.343197744361673
B5,45,zz_bytype_r3,13,0,H-C,637,2.165166998564566
B5,45,zz_bytype_r3,13,1,C-S,208,-0.029274908504363165
B5,45,zz_bytype_r3,13,2,C=C,172,0.5299863923677972
B5,45,zz_bytype_r3,13,3,O=S,149,-0.17705701050641473
B5,45,zz_bytype_r3,13,4,C=N,124,0.2690030936195306
B5,45,zz_bytype_r3,13,5,C-C,107,0.7649084055706323
B5,45,zz_bytype_r3,13,6,H-N,84,-0.3258138264521043
B5,45,zz_bytype_r3,13,7,C-O,61,0.37658752914318455
B5,45,zz_bytype_r3,13,8,C-N,51,0.4328858600945584
B5,45,zz_bytype_r3,13,9,N-S,39,0.3816679298020166
B5,45,zz_bytype_r3,13,10,H-O,36,-0.9603174032949895
B5,45,zz_bytype_r3,13,11,C#C,32,1.5650032971521668
B5,45,zz_bytype_r3,13,12,C=O,18,-0.4431590303871841
B5,45,zz_bytype_r3,13,13,O-S,12,-0.2776793076396216
B5,45,zz_bytype_r3,13,14,C-Cl,12,0.805353605917894
B5,45,zz_bytype_r3,13,15,C=S,11,0.6272182442780327
B5,45,zz_bytype_r3,13,16,C#N,10,0.21566364978772512
B5,45,zz_bytype_r3,13,17,N#N,4,0.1988862537049963
B5,45,zz_bytype_r3,13,18,N-N,3,0.8920340622363391
B5,45,zz_bytype_r3,13,19,O#S,2,-0.3252647090118458
B5,45,zz_bytype_r3,13,20,N-O,1,0.9879493312528229
B5,45,xy_bytype_r3,13,0,H-C,637,0.029753620182034386
B5,45,xy_bytype_r3,13,1,C-S,208,0.23033357984895733
B5,45,xy_bytype_r3,13,2,C=C,172,0.2928067111737935
B5,45,xy_bytype_r3,13,3,O=S,149,-0.6437133103418726
B5,45,xy_bytype_r3,13,4,C=N,124,0.008018339862596683
B5,45,xy_bytype_r3,13,5,C-C,107,1.0911264003901804
B5,45,xy_bytype_r3,13,6,H-N,84,0.5312424974558071
B5,45,xy_bytype_r3,13,7,C-O,61,0.1308104388971237
B5,45,xy_bytype_r3,13,8,C-N,51,0.030191069375056775
B5,45,xy_bytype_r3,13,9,N-S,39,0.5093739491314916
B5,45,xy_bytype_r3,13,10,H-O,36,0.13069222389158408
B5,45,xy_bytype_r3,13,11,C#C,32,-1.3016015636025422
B5,45,xy_bytype_r3,13,12,C=O,18,0.008499164781128546
B5,45,xy_bytype_r3,13,13,O-S,12,-0.7538607867442885
B5,45,xy_bytype_r3,13,14,C-Cl,12,0.3366264518411087
B5,45,xy_bytype_r3,13,15,C=S,11,0.031521536633294024
B5,45,xy_bytype_r3,13,16,C#N,10,-0.06781320769032391
B5,45,xy_bytype_r3,13,17,N#N,4,-0.4021412644645388
B5,45,xy_bytype_r3,13,18,N-N,3,1.2110744839663428
B5,45,xy_bytype_r3,13,19,O#S,2,-0.9465857120557662
B5,45,xy_bytype_r3,13,20,N-O,1,1.6037624546753824
B5,46,zz_bytype_r3,13,0,H-C,632,1.3554343282446633
B5,46,zz_bytype_r3,13,1,C-S,203,-0.23219970336947476
B5,46,zz_bytype_r3,13,2,C=C,176,0.16431766505807238
B5,46,zz_bytype_r3,13,3,O=S,144,0.08727446375394747
B5,46,zz_bytype_r3,13,4,C=N,111,-0.07650128167236626
B5,46,zz_bytype_r3,13,5,C-C,111,0.12286159723993227
B5,46,zz_bytype_r3,13,6,H-N,86,-0.29524745771778554
B5,46,zz_bytype_r3,13,7,C-O,61,0.08964591087258787
B5,46,zz_bytype_r3,13,8,C-N,51,0.1380129122491914
B5,46,zz_bytype_r3,13,9,N-S,37,0.3793576406001745
B5,46,zz_bytype_r3,13,10,H-O,35,-0.7423963490260543
B5,46,zz_bytype_r3,13,11,C#C,28,2.0105408012650363
B5,46,zz_bytype_r3,13,12,C=O,19,-0.5377115966065653
B5,46,zz_bytype_r3,13,13,O-S,14,-0.3294909209793229
B5,46,zz_bytype_r3,13,14,C=S,13,0.7115054746891374
B5,46,zz_bytype_r3,13,15,C#N,9,-0.449592112083811
B5,46,zz_bytype_r3,13,16,C-Cl,9,1.0474046938463233
B5,46,zz_bytype_r3,13,17,N#N,4,-0.015211747890295146
B5,46,zz_bytype_r3,13,18,O#S,3,-0.30039411628442153
B5,46,zz_bytype_r3,13,19,N-N,2,0.23528565033728874
B5,46,zz_bytype_r3,13,20,C#O,2,-0.047190036902917405
B5,46,zz_bytype_r3,13,21,N-O,1,1.3913782415507825
B5,46,xy_bytype_r3,13,0,H-C,632,-0.08905510934464936
B5,46,xy_bytype_r3,13,1,C-S,203,-0.15119704180169347
B5,46,xy_bytype_r3,13,2,C=C,176,-0.007980280494787849
B5,46,xy_bytype_r3,13,3,O=S,144,0.41185627497245
B5,46,xy_bytype_r3,13,4,C=N,111,0.05187321095135693
B5,46,xy_bytype_r3,13,5,C-C,111,-0.00274883700501119
B5,46,xy_bytype_r3,13,6,H-N,86,-0.08853406249785939
B5,46,xy_bytype_r3,13,7,C-O,61,-0.04753970167700531
B5,46,xy_bytype_r3,13,8,C-N,51,-0.05732478053335658
B5,46,xy_bytype_r3,13,9,N-S,37,0.6128387220846179
B5,46,xy_bytype_r3,13,10,H-O,35,-0.07168873540215263
B5,46,xy_bytype_r3,13,11,C#C,28,-1.0320786858250166
B5,46,xy_bytype_r3,13,12,C=O,19,0.027795204844549472
B5,46,xy_bytype_r3,13,13,O-S,14,-0.065014813094771
B5,46,xy_bytype_r3,13,14,C=S,13,0.4177256135035918
B5,46,xy_bytype_r3,13,15,C#N,9,0.024780354089202032
B5,46,xy_bytype_r3,13,16,C-Cl,9,1.7507448583956493
B5,46,xy_bytype_r3,13,17,N#N,4,0.1701265747487104
B5,46,xy_bytype_r3,13,18,O#S,3,-0.31035594160735397
B5,46,xy_bytype_r3,13,19,N-N,2,0.11840210667460237
B5,46,xy_bytype_r3,13,20,C#O,2,-0.7975760053840971
B5,46,xy_bytype_r3,13,21,N-O,1,0.9636833536776623
B5,47,zz_bytype_r3,13,0,H-C,692,-0.6929706370644086
B5,47,zz_bytype_r3,13,1,C-S,221,0.37228401516381454
B5,47,zz_bytype_r3,13,2,O=S,179,0.20506928777143954
B5,47,zz_bytype_r3,13,3,C=C,178,0.36071303776052627
B5,47,zz_bytype_r3,13,4,C-C,124,0.6622518576446588
B5,47,zz_bytype_r3,13,5,C=N,111,0.6037977316738692
B5,47,zz_bytype_r3,13,6,H-N,93,-0.7100448080178507
B5,47,zz_bytype_r3,13,7,C-O,56,0.8620106464599084
B5,47,zz_bytype_r3,13,8,C-N,52,0.6593549022430172
B5,47,zz_bytype_r3,13,9,H-O,41,1.390746875981771
B5,47,zz_bytype_r3,13,10,N-S,37,0.8176423477682734
B5,47,zz_bytype_r3,13,11,C#C,31,-1.326021681918281
B5,47,zz_bytype_r3,13,12,O-S,19,0.09359520854049246
B5,47,zz_bytype_r3,13,13,C=O,19,-0.3906445889590763
B5,47,zz_bytype_r3,13,14,C#N,15,-0.07250385559579449
B5,47,zz_bytype_r3,13,15,C=S,10,1.1084086044237715
B5,47,zz_bytype_r3,13,16,C-Cl,9,1.2960121684621317
B5,47,zz_bytype_r3,13,17,N-N,3,1.1908382223536582
B5,47,zz_bytype_r3,13,18,O#S,3,0.31422498943281635
B5,47,zz_bytype_r3,13,19,N#N,2,0.8053517143919422
B5,47,zz_bytype_r3,13,20,C#O,2,-0.4579013152603676
B5,47,xy_bytype_r3,13,0,H-C,692,-1.2271257098616102
B5,47,xy_bytype_r3,13,1,C-S,221,0.10786814145819586
B5,47,xy_bytype_r3,13,2,O=S,179,0.8174995523517203
B5,47,xy_bytype_r3,13,3,C=C,178,-0.08754273267820441
B5,47,xy_bytype_r3,13,4,C-C,124,-0.424229383166484
B5,47,xy_bytype_r3,13,5,C=N,111,-0.018072498479638804
B5,47,xy_bytype_r3,13,6,H-N,93,0.25491066454031747
B5,47,xy_bytype_r3,13,7,C-O,56,0.2045265718026542
B5,47,xy_bytype_r3,13,8,C-N,52,0.7340560167445475
B5,47,xy_bytype_r3,13,9,H-O,41,0.8288557639844734
B5,47,xy_bytype_r3,13,10,N-S,37,1.2877363974992124
B5,47,xy_bytype_r3,13,11,C#C,31,1.7440623414648424
B5,47,xy_bytype_r3,13,12,O-S,19,0.14290566910342695
B5,47,xy_bytype_r3,13,13,C=O,19,-0.5610833548891534
B5,47,xy_bytype_r3,13,14,C#N,15,-0.2640100048542861
B5,47,xy_bytype_r3,13,15,C=S,10,-0.7355762490130656
B5,47,xy_bytype_r3,13,16,C-Cl,9,1.485508379586888
B5,47,xy_bytype_r3,13,17,N-N,3,-1.412898215646093
B5,47,xy_bytype_r3,13,18,O#S,3,-0.4009723038089034
B5,47,xy_bytype_r3,13,19,N#N,2,-1.8830050250688133
B5,47,xy_bytype_r3,13,20,C#O,2,-0.11646578758591926
B5,48,zz_bytype_r3,13,0,H-C,674,-0.5802122847243246
B5,48,zz_bytype_r3,13,1,C-S,217,0.2014680450713511
B5,48,zz_bytype_r3,13,2,C=C,179,-0.6743018564374333
B5,48,zz_bytype_r3,13,3,O=S,169,0.15541696817355907
B5,48,zz_bytype_r3,13,4,C=N,117,-0.017686054344329023
B5,48,zz_bytype_r3,13,5,C-C,113,-0.3911051303852212
B5,48,zz_bytype_r3,13,6,H-N,62,1.393819915894202
B5,48,zz_bytype_r3,13,7,C-O,60,0.1678012117202033
B5,48,zz_bytype_r3,13,8,H-O,41,-0.6573428758852915
B5,48,zz_bytype_r3,13,9,N-S,40,0.3286488380509523
B5,48,zz_bytype_r3,13,10,C-N,32,-0.9416507707988202
B5,48,zz_bytype_r3,13,11,C#C,25,1.5371104882796462
B5,48,zz_bytype_r3,13,12,O-S,16,0.10114403839559254
B5,48,zz_bytype_r3,13,13,C=O,16,0.010537422957901572
B5,48,zz_bytype_r3,13,14,C#N,14,0.16848326762967847
B5,48,zz_bytype_r3,13,15,C-Cl,11,0.6419835871997662
B5,48,zz_bytype_r3,13,16,C=S,7,0.1285331151677129
B5,48,zz_bytype_r3,13,17,N#N,5,0.4253742006998375
B5,48,zz_bytype_r3,13,18,N-N,3,0.27424530206968323
B5,48,zz_bytype_r3,13,19,O#S,3,-0.034474804558061005
B5,48,zz_bytype_r3,13,20,C#O,2,0.5138435867962322
B5,48,xy_bytype_r3,13,0,H-C,674,0.9337246545239425
B5,48,xy_bytype_r3,13,1,C-S,217,0.5126882702311077
B5,48,xy_bytype_r3,13,2,C=C,179,1.4891734435886608
B5,48,xy_bytype_r3,13,3,O=S,169,0.41187682772347756
B5,48,xy_bytype_r3,13,4,C=N,117,0.1903127749981206
B5,48,xy_bytype_r3,13,5,C-C,113,2.0369816782740444
B5,48,xy_bytype_r3,13,6,H-N,62,-0.32697211678329885
B5,48,xy_bytype_r3,13,7,C-O,60,-0.47849247815359663
B5,48,xy_bytype_r3,13,8,H-O,41,0.30527882060626466
B5,48,xy_bytype_r3,13,9,N-S,40,0.6505852875392236
B5,48,xy_bytype_r3,13,10,C-N,32,-0.02967965166787917
B5,48,xy_bytype_r3,13,11,C#C,25,-2.933150524376627
B5,48,xy_bytype_r3,13,12,O-S,16,-0.05119834319286896
B5,48,xy_bytype_r3,13,13,C=O,16,0.4189718239890961
B5,48,xy_bytype_r3,13,14,C#N,14,0.913906012090013
B5,48,xy_bytype_r3,13,15,C-Cl,11,-0.39553847632625033
B5,48,xy_bytype_r3,13,16,C=S,7,0.3919241755127285
B5,48,xy_bytype_r3,13,17,N#N,5,-0.9095519013233558
B5,48,xy_bytype_r3,13,18,N-N,3,-0.41491024310791674
B5,48,xy_bytype_r3,13,19,O#S,3,-1.226252025069004
B5,48,xy_bytype_r3,13,20,C#O,2,1.4581011144699207
B5,49,zz_bytype_r3,13,0,H-C,653,-0.004137911106860584
B5,49,zz_bytype_r3,13,1,C-S,208,0.17076191939927146
B5,49,zz_bytype_r3,13,2,C=C,172,0.6184797618003978
B5,49,zz_bytype_r3,13,3,O=S,165,-0.04552359390762574
B5,49,zz_bytype_r3,13,4,C=N,126,0.6077861045019892
B5,49,zz_bytype_r3,13,5,C-C,114,0.7816285314082144
B5,49,zz_bytype_r3,13,6,H-N,92,-0.9621725681289781
B5,49,zz_bytype_r3,13,7,C-O,55,-0.8088778019420445
B5,49,zz_bytype_r3,13,8,C-N,52,-0.15733713780879288
B5,49,zz_bytype_r3,13,9,H-O,41,1.4740201593750053
B5,49,zz_bytype_r3,13,10,N-S,40,0.654694134279867
B5,49,zz_bytype_r3,13,11,C#C,31,0.11791586653105912
B5,49,zz_bytype_r3,13,12,C=O,16,0.9195959415815178
B5,49,zz_bytype_r3,13,13,C#N,15,0.812104427144861
B5,49,zz_bytype_r3,13,14,C-Cl,12,1.1501869247526628
B5,49,zz_bytype_r3,13,15,C=S,11,1.156495418493092
B5,49,zz_bytype_r3,13,16,O-S,11,-0.23346499612376567
B5,49,zz_bytype_r3,13,17,N#N,4,-0.5234585431137101
B5,49,zz_bytype_r3,13,18,O#S,3,0.3789452183060918
B5,49,zz_bytype_r3,13,19,N-O,1,-1.9348253604669585
B5,49,xy_bytype_r3,13,0,H-C,653,0.380860512948958
B5,49,xy_bytype_r3,13,1,C-S,208,0.3084554931651781
B5,49,xy_bytype_r3,13,2,C=C,172,0.3094112097348788
B5,49,xy_bytype_r3,13,3,O=S,165,0.18624832233696037
B5,49,xy_bytype_r3,13,4,C=N,126,-0.0009701351263578634
B5,49,xy_bytype_r3,13,5,C-C,114,0.8878554181240161
B5,49,xy_bytype_r3,13,6,H-N,92,0.5844888250567094
B5,49,xy_bytype_r3,13,7,C-O,55,-0.37324209144640463
B5,49,xy_bytype_r3,13,8,C-N,52,-0.23710839041291465
B5,49,xy_bytype_r3,13,9,H-O,41,1.0655892337179473
B5,49,xy_bytype_r3,13,10,N-S,40,0.539633939147036
B5,49,xy_bytype_r3,13,11,C#C,31,-1.2455385009676423
B5,49,xy_bytype_r3,13,12,C=O,16,0.663160414477903
B5,49,xy_bytype_r3,13,13,C#N,15,0.5477619436576422
B5,49,xy_bytype_r3,13,14,C-Cl,12,0.9795072886186901
B5,49,xy_bytype_r3,13,15,C=S,11,-0.1888695472976357
B5,49,xy_bytype_r3,13,16,O-S,11,-0.798297741791979
B5,49,xy_bytype_r3,13,17,N#N,4,-1.6111852032826093
B5,49,xy_bytype_r3,13,18,O#S,3,-0.22455478670242648
B5,49,xy_bytype_r3,13,19,N-O,1,-2.115164411222196
B5,50,zz_bytype_r3,13,0,H-C,653,2.34121028918061
B5,50,zz_bytype_r3,13,1,C-S,211,-0.13294610111504526
B5,50,zz_bytype_r3,13,2,C=C,191,0.6437836480538487
B5,50,zz_bytype_r3,13,3,O=S,171,0.264598309666289
B5,50,zz_bytype_r3,13,4,C=N,116,0.035476562655327316
B5,50,zz_bytype_r3,13,5,C-C,97,0.43699242246246
B5,50,zz_bytype_r3,13,6,H-N,82,-0.7373639131171285
B5,50,zz_bytype_r3,13,7,C-O,51,-0.16933198446132808
B5,50,zz_bytype_r3,13,8,C-N,43,0.5462066668726668
B5,50,zz_bytype_r3,13,9,H-O,38,0.15054819815355147
B5,50,zz_bytype_r3,13,10,N-S,35,0.09906021732641611
B5,50,zz_bytype_r3,13,11,C#C,35,-1.1511880250078963
B5,50,zz_bytype_r3,13,12,C=O,21,0.06883957011668779
B5,50,zz_bytype_r3,13,13,O-S,15,0.29011565623772256
B5,50,zz_bytype_r3,13,14,C-Cl,15,1.0647880469687887
B5,50,zz_bytype_r3,13,15,C=S,11,-0.13437825395938424
B5,50,zz_bytype_r3,13,16,C#N,10,0.12791872851132158
B5,50,zz_bytype_r3,13,17,N#N,5,-0.30050610988699483
B5,50,zz_bytype_r3,13,18,O#S,3,0.1433505712378424
B5,50,zz_bytype_r3,13,19,C#O,3,0.5413723481625785
B5,50,zz_bytype_r3,13,20,N-N,1,0.7715640570440633
B5,50,zz_bytype_r3,13,21,N-O,1,-0.5309649028938244
B5,50,xy_bytype_r3,13,0,H-C,653,-0.8963206904998955
B5,50,xy_bytype_r3,13,1,C-S,211,0.5496610241145824
B5,50,xy_bytype_r3,13,2,C=C,191,-0.026619301059909332
B5,50,xy_bytype_r3,13,3,O=S,171,0.3265951531071522
B5,50,xy_bytype_r3,13,4,C=N,116,0.060505389089158104
B5,50,xy_bytype_r3,13,5,C-C,97,-0.8934704939177535
B5,50,xy_bytype_r3,13,6,H-N,82,0.6912849117859624
B5,50,xy_bytype_r3,13,7,C-O,51,-0.3836479970542239
B5,50,xy_bytype_r3,13,8,C-N,43,-0.25734006487498085
B5,50,xy_bytype_r3,13,9,H-O,38,0.6553651565904322
B5,50,xy_bytype_r3,13,10,N-S,35,0.6841749065785008
B5,50,xy_bytype_r3,13,11,C#C,35,3.4551668270528397
B5,50,xy_bytype_r3,13,12,C=O,21,-0.05190974659444525
B5,50,xy_bytype_r3,13,13,O-S,15,-0.390470752800627
B5,50,xy_bytype_r3,13,14,C-Cl,15,1.205455212485845
B5,50,xy_bytype_r3,13,15,C=S,11,0.9860847592628621
B5,50,xy_bytype_r3,13,16,C#N,10,0.4188878979101442
B5,50,xy_bytype_r3,13,17,N#N,5,0.4490262690664878
B5,50,xy_bytype_r3,13,18,O#S,3,-0.7526127100615301
B5,50,xy_bytype_r3,13,19,C#O,3,-1.3735581740658847
B5,50,xy_bytype_r3,13,20,N-N,1,0.7040831313930607
B5,50,xy_bytype_r3,13,21,N-O,1,1.0808382806404881
B5,51,zz_bytype_r3,13,0,H-C,654,-1.0794491101313473
B5,51,zz_bytype_r3,13,1,C-S,212,-0.2900283154003925
B5,51,zz_bytype_r3,13,2,C=C,165,0.6346654405198378
B5,51,zz_bytype_r3,13,3,O=S,155,0.2284698321377173
B5,51,zz_bytype_r3,13,4,C-C,122,-0.000862311723695408
B5,51,zz_bytype_r3,13,5,C=N,119,0.09207788391943635
B5,51,zz_bytype_r3,13,6,H-N,83,-1.1581922469537331
B5,51,zz_bytype_r3,13,7,C-N,49,0.39446955608516154
B5,51,zz_bytype_r3,13,8,C-O,47,0.35678397658447925
B5,51,zz_bytype_r3,13,9,H-O,37,-1.3244096869687505
B5,51,zz_bytype_r3,13,10,N-S,36,-0.09322309790306839
B5,51,zz_bytype_r3,13,11,C#C,32,2.1879351869886423
B5,51,zz_bytype_r3,13,12,C=O,18,-0.17464228161773906
B5,51,zz_bytype_r3,13,13,C=S,14,0.604698981461992
B5,51,zz_bytype_r3,13,14,C#N,13,0.5576621828728627
B5,51,zz_bytype_r3,13,15,C-Cl,11,0.5041973256913359
B5,51,zz_bytype_r3,13,16,O-S,10,-0.4624694440336667
B5,51,zz_bytype_r3,13,17,N#N,5,1.0065190752023339
B5,51,zz_bytype_r3,13,18,O#S,3,-0.32821579081437613
B5,51,zz_bytype_r3,13,19,C#O,3,0.027682491051754174
B5,51,zz_bytype_r3,13,20,N-N,2,0.7342060837087213
B5,51,zz_bytype_r3,13,21,N-O,1,1.3460810478755343
B5,51,xy_bytype_r3,13,0,H-C,654,0.6392866534298063
B5,51,xy_bytype_r3,13,1,C-S,212,0.20929727578658638
B5,51,xy_bytype_r3,13,2,C=C,165,-0.23321825387702522
B5,51,xy_bytype_r3,13,3,O=S,155,0.0013632132964983355
B5,51,xy_bytype_r3,13,4,C-C,122,-0.48508945912522844
B5,51,xy_bytype_r3,13,5,C=N,119,0.003153585910862121
B5,51,xy_bytype_r3,13,6,H-N,83,0.4966715535407738
B5,51,xy_bytype_r3,13,7,C-N,49,0.24222492810802732
B5,51,xy_bytype_r3,13,8,C-O,47,0.2438333593881834
B5,51,xy_bytype_r3,13,9,H-O,37,0.47033975355505386
B5,51,xy_bytype_r3,13,10,N-S,36,0.7738630122643279
B5,51,xy_bytype_r3,13,11,C#C,32,1.2099777642798042
B5,51,xy_bytype_r3,13,12,C=O,18,-0.48543139712642497
B5,51,xy_bytype_r3,13,13,C=S,14,0.704103741694367
B5,51,xy_bytype_r3,13,14,C#N,13,0.7424477695502152
B5,51,xy_bytype_r3,13,15,C-Cl,11,0.6822459759096768
B5,51,xy_bytype_r3,13,16,O-S,10,-0.06704433071795982
B5,51,xy_bytype_r3,13,17,N#N,5,0.4629266983254867
B5,51,xy_bytype_r3,13,18,O#S,3,0.41817725310489157
B5,51,xy_bytype_r3,13,19,C#O,3,0.47877578292804923
B5,51,xy_bytype_r3,13,20,N-N,2,0.47760269153303303
B5,51,xy_bytype_r3,13,21,N-O,1,1.1764373525700857
B5,52,zz_bytype_r3,13,0,H-C,651,1.583364672770958
B5,52,zz_bytype_r3,13,1,C-S,205,0.3622966453163075
B5,52,zz_bytype_r3,13,2,C=C,171,0.17638122816259916
B5,52,zz_bytype_r3,13,3,O=S,157,0.19489256216253362
B5,52,zz_bytype_r3,13,4,C=N,125,0.2899200890499156
B5,52,zz_bytype_r3,13,5,C-C,125,0.4422202227380171
B5,52,zz_bytype_r3,13,6,H-N,89,-0.611535736848992
B5,52,zz_bytype_r3,13,7,C-N,50,0.4965441795462898
B5,52,zz_bytype_r3,13,8,C-O,49,-0.6864951660245543
B5,52,zz_bytype_r3,13,9,N-S,36,0.4799885434079485
B5,52,zz_bytype_r3,13,10,H-O,34,-2.0690963783974086
B5,52,zz_bytype_r3,13,11,C#C,25,1.1204477320897135
B5,52,zz_bytype_r3,13,12,C=O,17,-0.5306877918593341
B5,52,zz_bytype_r3,13,13,O-S,16,0.035972348062595076
B5,52,zz_bytype_r3,13,14,C#N,16,0.2751719339144174
B5,52,zz_bytype_r3,13,15,C=S,14,0.5369669457582797
B5,52,zz_bytype_r3,13,16,C-Cl,11,0.9989935776601053
B5,52,zz_bytype_r3,13,17,N#N,5,-0.9637190373851776
B5,52,zz_bytype_r3,13,18,C#O,3,0.2712903181825121
B5,52,zz_bytype_r3,13,19,N-N,2,-0.6987585547294469
B5,52,zz_bytype_r3,13,20,O#S,1,0.09839253779281909
B5,52,zz_bytype_r3,13,21,N-O,1,-0.9778798829094123
B5,52,xy_bytype_r3,13,0,H-C,651,1.3997988147195537
B5,52,xy_bytype_r3,13,1,C-S,205,0.516485138771244
B5,52,xy_bytype_r3,13,2,C=C,171,0.4037163119747567
B5,52,xy_bytype_r3,13,3,O=S,157,0.6177191537828364
B5,52,xy_bytype_r3,13,4,C=N,125,-0.1020909667737507
B5,52,xy_bytype_r3,13,5,C-C,125,-0.5477100319905052
B5,52,xy_bytype_r3,13,6,H-N,89,0.49387729765107896
B5,52,xy_bytype_r3,13,7,C-N,50,-0.575805698564428
B5,52,xy_bytype_r3,13,8,C-O,49,-0.4067850929116865
B5,52,xy_bytype_r3,13,9,N-S,36,1.558065341201919
B5,52,xy_bytype_r3,13,10,H-O,34,1.0408542348727987
B5,52,xy_bytype_r3,13,11,C#C,25,1.1091030373987758
B5,52,xy_bytype_r3,13,12,C=O,17,0.31697365128278404
B5,52,xy_bytype_r3,13,13,O-S,16,-0.2822947210922789
B5,52,xy_bytype_r3,13,14,C#N,16,1.0534869616801503
B5,52,xy_bytype_r3,13,15,C=S,14,-0.090321907340474
B5,52,xy_bytype_r3,13,16,C-Cl,11,1.4819964242302806
B5,52,xy_bytype_r3,13,17,N#N,5,1.1413634311696754
B5,52,xy_bytype_r3,13,18,C#O,3,3.775693118866425
B5,52,xy_bytype_r3,13,19,N-N,2,0.5380094827878494
B5,52,xy_bytype_r3,13,20,O#S,1,2.000688856433122
B5,52,xy_bytype_r3,13,21,N-O,1,1.0387839759015138
B5,53,zz_bytype_r3,13,0,H-C,656,-1.8687341686834384
B5,53,zz_bytype_r3,13,1,C-S,220,0.03552277004807625
B5,53,zz_bytype_r3,13,2,C=C,182,-0.6344817013511324
B5,53,zz_bytype_r3,13,3,O=S,165,0.3787760319915908
B5,53,zz_bytype_r3,13,4,C-C,116,0.434100342583109
B5,53,zz_bytype_r3,13,5,C=N,113,0.21518189261964304
B5,53,zz_bytype_r3,13,6,H-N,78,-1.3657138817658214
B5,53,zz_bytype_r3,13,7,C-O,52,-0.3589863453620625
B5,53,zz_bytype_r3,13,8,C-N,46,-0.12319407727016599
B5,53,zz_bytype_r3,13,9,H-O,43,-0.46114563640647094
B5,53,zz_bytype_r3,13,10,N-S,36,0.294463908894394
B5,53,zz_bytype_r3,13,11,C#C,27,1.645579871111627
B5,53,zz_bytype_r3,13,12,O-S,17,0.07465587638157921
B5,53,zz_bytype_r3,13,13,C=O,16,0.03122405493927584
B5,53,zz_bytype_r3,13,14,C#N,16,0.22058003260868447
B5,53,zz_bytype_r3,13,15,C=S,10,0.2695203647367262
B5,53,zz_bytype_r3,13,16,C-Cl,8,0.8170854974760817
B5,53,zz_bytype_r3,13,17,N#N,5,-0.8556835217416523
B5,53,zz_bytype_r3,13,18,N-N,3,-0.899957750271411
B5,53,zz_bytype_r3,13,19,C#O,3,-0.3460840935591312
B5,53,xy_bytype_r3,13,0,H-C,656,-0.596317680450321
B5,53,xy_bytype_r3,13,1,C-S,220,0.15862271864714644
B5,53,xy_bytype_r3,13,2,C=C,182,0.14316698275938342
B5,53,xy_bytype_r3,13,3,O=S,165,0.2794605716482966
B5,53,xy_bytype_r3,13,4,C-C,116,0.12084566154532671
B5,53,xy_bytype_r3,13,5,C=N,113,-0.0003180573552757956
B5,53,xy_bytype_r3,13,6,H-N,78,0.21681771515292408
B5,53,xy_bytype_r3,13,7,C-O,52,0.2069252618211963
B5,53,xy_bytype_r3,13,8,C-N,46,-0.13599126535027506
B5,53,xy_bytype_r3,13,9,H-O,43,0.12111317540631683
B5,53,xy_bytype_r3,13,10,N-S,36,0.6648446669252663
B5,53,xy_bytype_r3,13,11,C#C,27,-2.3571763416916576
B5,53,xy_bytype_r3,13,12,O-S,17,0.0993849099768573
B5,53,xy_bytype_r3,13,13,C=O,16,-0.11766889572627691
B5,53,xy_bytype_r3,13,14,C#N,16,0.05013179371668257
B5,53,xy_bytype_r3,13,15,C=S,10,0.14086398950492623
B5,53,xy_bytype_r3,13,16,C-Cl,8,-1.0238964301955278
B5,53,xy_bytype_r3,13,17,N#N,5,-0.8209077533900271
B5,53,xy_bytype_r3,13,18,N-N,3,-0.5775285131352881
B5,53,xy_bytype_r3,13,19,C#O,3,0.16509915509212109
B5,54,zz_bytype_r3,13,0,H-C,646,-0.3064129668532052
B5,54,zz_bytype_r3,13,1,C-S,212,0.14715453975898476
B5,54,zz_bytype_r3,13,2,C=C,168,0.498347955481805
B5,54,zz_bytype_r3,13,3,O=S,163,0.045521544565209154
B5,54,zz_bytype_r3,13,4,C=N,117,0.2630019682260245
B5,54,zz_bytype_r3,13,5,C-C,114,0.7949278928720627
B5,54,zz_bytype_r3,13,6,H-N,71,0.6005411441278062
B5,54,zz_bytype_r3,13,7,C-O,47,0.27751431512126795
B5,54,zz_bytype_r3,13,8,C-N,44,0.40308720172451334
B5,54,zz_bytype_r3,13,9,H-O,36,-0.8986420029130932
B5,54,zz_bytype_r3,13,10,N-S,29,0.5473098863461214
B5,54,zz_bytype_r3,13,11,C#C,25,-0.9884639750820509
B5,54,zz_bytype_r3,13,12,O-S,18,-0.01992271011335161
B5,54,zz_bytype_r3,13,13,C=O,17,-0.2786133530552614
B5,54,zz_bytype_r3,13,14,C-Cl,13,0.7600791428955807
B5,54,zz_bytype_r3,13,15,C#N,12,-0.8136701286548186
B5,54,zz_bytype_r3,13,16,C=S,7,0.6793097178571288
B5,54,zz_bytype_r3,13,17,N#N,3,-0.28607850979204913
B5,54,zz_bytype_r3,13,18,N-N,3,0.7174940454126867
B5,54,zz_bytype_r3,13,19,O#S,3,-0.133131651031267
B5,54,zz_bytype_r3,13,20,C#O,3,1.23738836421396
B5,54,zz_bytype_r3,13,21,N-O,1,1.4713594621181192
B5,54,xy_bytype_r3,13,0,H-C,646,0.48561687734414705
B5,54,xy_bytype_r3,13,1,C-S,212,-0.0009984269599908166
B5,54,xy_bytype_r3,13,2,C=C,168,0.25253109652341416
B5,54,xy_bytype_r3,13,3,O=S,163,-0.01826108809016459
B5,54,xy_bytype_r3,13,4,C=N,117,-0.03152677356543767
B5,54,xy_bytype_r3,13,5,C-C,114,1.3572117140621107
B5,54,xy_bytype_r3,13,6,H-N,71,-0.05051999007778385
B5,54,xy_bytype_r3,13,7,C-O,47,-0.03317926832201031
B5,54,xy_bytype_r3,13,8,C-N,44,-0.48933493042754356
B5,54,xy_bytype_r3,13,9,H-O,36,0.28641981781633635
B5,54,xy_bytype_r3,13,10,N-S,29,0.40445203095887555
B5,54,xy_bytype_r3,13,11,C#C,25,-1.8645899914235773
B5,54,xy_bytype_r3,13,12,O-S,18,-0.05800796012042333
B5,54,xy_bytype_r3,13,13,C=O,17,0.0510180807116774
B5,54,xy_bytype_r3,13,14,C-Cl,13,-0.9731944931694767
B5,54,xy_bytype_r3,13,15,C#N,12,-0.16673073132919622
B5,54,xy_bytype_r3,13,16,C=S,7,-0.11950465449879039
B5,54,xy_bytype_r3,13,17,N#N,3,0.5094619996234924
B5,54,xy_bytype_r3,13,18,N-N,3,0.6167334488651781
B5,54,xy_bytype_r3,13,19,O#S,3,-0.28647816047219576
B5,54,xy_bytype_r3,13,20,C#O,3,0.027447246586078455
B5,54,xy_bytype_r3,13,21,N-O,1,1.3575766430309761
B5,55,zz_bytype_r3,13,0,H-C,680,1.208172524925891
B5,55,zz_bytype_r3,13,1,C-S,215,0.30338825689709337
B5,55,zz_bytype_r3,13,2,O=S,173,0.39626049940927444
B5,55,zz_bytype_r3,13,3,C=C,167,0.2496711829769014
B5,55,zz_bytype_r3,13,4,C-C,124,0.5635555045015865
B5,55,zz_bytype_r3,13,5,C=N,123,0.5244437049194166
B5,55,zz_bytype_r3,13,6,H-N,76,1.9673804901263867
B5,55,zz_bytype_r3,13,7,C-O,60,-0.27984527891295924
B5,55,zz_bytype_r3,13,8,C-N,46,0.2935303999149971
B5,55,zz_bytype_r3,13,9,H-O,44,-0.9995087395044797
B5,55,zz_bytype_r3,13,10,N-S,38,0.5663639316631094
B5,55,zz_bytype_r3,13,11,C#C,34,-0.584671627343417
B5,55,zz_bytype_r3,13,12,C=O,18,0.4831847743010556
B5,55,zz_bytype_r3,13,13,O-S,17,-0.22959822809720767
B5,55,zz_bytype_r3,13,14,C#N,12,-0.560701365744359
B5,55,zz_bytype_r3,13,15,C-Cl,12,1.2429927651941886
B5,55,zz_bytype_r3,13,16,C=S,11,0.9379993907021369
B5,55,zz_bytype_r3,13,17,N#N,3,0.9100129564322973
B5,55,zz_bytype_r3,13,18,C#O,3,0.17154327769513794
B5,55,zz_bytype_r3,13,19,N-N,2,-1.1342542655906105
B5,55,zz_bytype_r3,13,20,O#S,2,0.756065525510872
B5,55,zz_bytype_r3,13,21,N-O,1,1.8006985948883936
B5,55,xy_bytype_r3,13,0,H-C,680,0.057628050441139646
B5,55,xy_bytype_r3,13,1,C-S,215,0.010794800863359813
B5,55,xy_bytype_r3,13,2,O=S,173,-0.17984699155979825
B5,55,xy_bytype_r3,13,3,C=C,167,1.0282061704199748
B5,55,xy_bytype_r3,13,4,C-C,124,0.698889379884924
B5,55,xy_bytype_r3,13,5,C=N,123,0.0422187179967967
B5,55,xy_bytype_r3,13,6,H-N,76,0.18228951356579318
B5,55,xy_bytype_r3,13,7,C-O,60,-0.16492363167379134
B5,55,xy_bytype_r3,13,8,C-N,46,-0.0891429803344138
B5,55,xy_bytype_r3,13,9,H-O,44,0.40574310125656027
B5,55,xy_bytype_r3,13,10,N-S,38,-0.4907441494532228
B5,55,xy_bytype_r3,13,11,C#C,34,-2.1756216345178294
B5,55,xy_bytype_r3,13,12,C=O,18,0.27643377937496366
B5,55,xy_bytype_r3,13,13,O-S,17,0.017511082623819518
B5,55,xy_bytype_r3,13,14,C#N,12,0.3757258756792515
B5,55,xy_bytype_r3,13,15,C-Cl,12,-0.6907227797424174
B5,55,xy_bytype_r3,13,16,C=S,11,-0.29936322939874965
B5,55,xy_bytype_r3,13,17,N#N,3,-0.49342379566059896
B5,55,xy_bytype_r3,13,18,C#O,3,0.02917214746591458
B5,55,xy_bytype_r3,13,19,N-N,2,-0.2379723459222916
B5,55,xy_bytype_r3,13,20,O#S,2,0.7719429018802383
B5,55,xy_bytype_r3,13,21,N-O,1,-0.7537033689013466
B5,56,zz_bytype_r3,13,0,H-C,646,1.4786949999480787
B5,56,zz_bytype_r3,13,1,C-S,201,0.3179610582861788
B5,56,zz_bytype_r3,13,2,C=C,165,0.2529090705141237
B5,56,zz_bytype_r3,13,3,O=S,157,0.12741575898768032
B5,56,zz_bytype_r3,13,4,C-C,120,-0.015037507670421692
B5,56,zz_bytype_r3,13,5,C=N,115,0.290289931962027
B5,56,zz_bytype_r3,13,6,H-N,89,0.1811739139224419
B5,56,zz_bytype_r3,13,7,C-N,53,0.3720730634889131
B5,56,zz_bytype_r3,13,8,C-O,48,0.5130525746183717
B5,56,zz_bytype_r3,13,9,N-S,38,0.6693043534001065
B5,56,zz_bytype_r3,13,10,C#C,35,-1.1787070344968764
B5,56,zz_bytype_r3,13,11,H-O,35,-0.5400106070319277
B5,56,zz_bytype_r3,13,12,C=O,20,0.15641974474580855
B5,56,zz_bytype_r3,13,13,O-S,16,0.08330250726479867
B5,56,zz_bytype_r3,13,14,C=S,12,1.1012710883041392
B5,56,zz_bytype_r3,13,15,C-Cl,10,0.8551572827290365
B5,56,zz_bytype_r3,13,16,C#N,9,-0.6761870874003233
B5,56,zz_bytype_r3,13,17,N#N,4,0.7177689553639214
B5,56,zz_bytype_r3,13,18,O#S,3,0.13650971094896966
B5,56,zz_bytype_r3,13,19,N-N,2,0.6130628514337346
B5,56,zz_bytype_r3,13,20,C#O,1,-0.06514569298724558
B5,56,xy_bytype_r3,13,0,H-C,646,-0.9791013421546902
B5,56,xy_bytype_r3,13,1,C-S,201,0.40168928986148017
B5,56,xy_bytype_r3,13,2,C=C,165,-0.16020564046644412
B5,56,xy_bytype_r3,13,3,O=S,157,0.22478167136498178
B5,56,xy_bytype_r3,13,4,C-C,120,-0.12189698990346477
B5,56,xy_bytype_r3,13,5,C=N,115,-0.047365986313765734
B5,56,xy_bytype_r3,13,6,H-N,89,0.4443912474585014
B5,56,xy_bytype_r3,13,7,C-N,53,-0.28493426039641606
B5,56,xy_bytype_r3,13,8,C-O,48,-0.37857843402339164
B5,56,xy_bytype_r3,13,9,N-S,38,0.6203272140710713
B5,56,xy_bytype_r3,13,10,C#C,35,3.0416608667260343
B5,56,xy_bytype_r3,13,11,H-O,35,1.1196135378878045
B5,56,xy_bytype_r3,13,12,C=O,20,0.5570924664461537
B5,56,xy_bytype_r3,13,13,O-S,16,-0.517051755167193
B5,56,xy_bytype_r3,13,14,C=S,12,0.4014185596841867
B5,56,xy_bytype_r3,13,15,C-Cl,10,1.2487073762120624
B5,56,xy_bytype_r3,13,16,C#N,9,0.3788548072179878
B5,56,xy_bytype_r3,13,17,N#N,4,-0.9661223511705888
B5,56,xy_bytype_r3,13,18,O#S,3,-0.3175864958506635
B5,56,xy_bytype_r3,13,19,N-N,2,-0.33939392793451684
B5,56,xy_bytype_r3,13,20,C#O,1,0.12727367743454346
B5,57,zz_bytype_r3,13,0,H-C,591,2.456679529930462
B5,57,zz_bytype_r3,13,1,C-S,188,-0.2717888629809528
B5,57,zz_bytype_r3,13,2,C=C,164,-0.7176869351883861
B5,57,zz_bytype_r3,13,3,O=S,132,0.401749431315767
B5,57,zz_bytype_r3,13,4,C-C,120,-0.6430804734256568
B5,57,zz_bytype_r3,13,5,C=N,117,-0.0424781370690414
B5,57,zz_bytype_r3,13,6,H-N,83,0.6852053092069967
B5,57,zz_bytype_r3,13,7,C-O,47,-0.4514790981339529
B5,57,zz_bytype_r3,13,8,C-N,44,-0.1806574129390753
B5,57,zz_bytype_r3,13,9,N-S,40,0.14909802503791705
B5,57,zz_bytype_r3,13,10,C#C,31,1.6981637813407862
B5,57,zz_bytype_r3,13,11,H-O,31,1.0546899517950492
B5,57,zz_bytype_r3,13,12,C=O,18,0.0849191185240506
B5,57,zz_bytype_r3,13,13,C=S,14,-0.05686453125705726
B5,57,zz_bytype_r3,13,14,O-S,12,-0.6176230229938194
B5,57,zz_bytype_r3,13,15,C#N,12,0.9668533451785916
B5,57,zz_bytype_r3,13,16,C-Cl,12,0.14116106955632748
B5,57,zz_bytype_r3,13,17,N#N,6,-0.2986501417947078
B5,57,zz_bytype_r3,13,18,N-N,3,-0.5102051810698562
B5,57,zz_bytype_r3,13,19,O#S,3,0.35095712240189636
B5,57,zz_bytype_r3,13,20,C#O,3,0.4979865725656403
B5,57,zz_bytype_r3,13,21,N-O,1,-1.0788584451604355
B5,57,xy_bytype_r3,13,0,H-C,591,-0.7508002250824
B5,57,xy_bytype_r3,13,1,C-S,188,-0.032598620509598664
B5,57,xy_bytype_r3,13,2,C=C,164,0.6870286803117873
B5,57,xy_bytype_r3,13,3,O=S,132,0.48930697316711286
B5,57,xy_bytype_r3,13,4,C-C,120,0.3945501345000566
B5,57,xy_bytype_r3,13,5,C=N,117,0.13829630694348138
B5,57,xy_bytype_r3,13,6,H-N,83,0.300859030066837
B5,57,xy_bytype_r3,13,7,C-O,47,0.13840138299105081
B5,57,xy_bytype_r3,13,8,C-N,44,0.06486357176449095
B5,57,xy_bytype_r3,13,9,N-S,40,0.6997694055849257
B5,57,xy_bytype_r3,13,10,C#C,31,-1.4477530947183188
B5,57,xy_bytype_r3,13,11,H-O,31,0.3399151172355366
B5,57,xy_bytype_r3,13,12,C=O,18,0.2657103561695341
B5,57,xy_bytype_r3,13,13,C=S,14,0.20326138172856587
B5,57,xy_bytype_r3,13,14,O-S,12,0.9451763004320884
B5,57,xy_bytype_r3,13,15,C#N,12,0.34372975388326077
B5,57,xy_bytype_r3,13,16,C-Cl,12,0.5550027129631283
B5,57,xy_bytype_r3,13,17,N#N,6,-0.17223491653162878
B5,57,xy_bytype_r3,13,18,N-N,3,0.5901049794889215
B5,57,xy_bytype_r3,13,19,O#S,3,1.0164229827769948
B5,57,xy_bytype_r3,13,20,C#O,3,1.3734603876008475
B5,57,xy_bytype_r3,13,21,N-O,1,-0.5492758888632737
B5,58,zz_bytype_r3,13,0,H-C,636,1.439194191148756
B5,58,zz_bytype_r3,13,1,C-S,207,-0.17449942482334316
B5,58,zz_bytype_r3,13,2,C=C,167,0.013882775689476705
B5,58,zz_bytype_r3,13,3,O=S,147,0.34473480916104127
B5,58,zz_bytype_r3,13,4,C=N,124,-0.06368145962565953
B5,58,zz_bytype_r3,13,5,C-C,118,-1.074831486083789
B5,58,zz_bytype_r3,13,6,H-N,86,0.8541688233084723
B5,58,zz_bytype_r3,13,7,C-O,52,0.11195032437635319
B5,58,zz_bytype_r3,13,8,C-N,46,-0.22330253871761788
B5,58,zz_bytype_r3,13,9,N-S,41,0.08496219487286577
B5,58,zz_bytype_r3,13,10,H-O,37,0.14294658734472251
B5,58,zz_bytype_r3,13,11,C#C,36,2.785846000246701
B5,58,zz_bytype_r3,13,12,C=O,19,-0.6649420753782269
B5,58,zz_bytype_r3,13,13,C=S,14,-0.13888126708151768
B5,58,zz_bytype_r3,13,14,C-Cl,12,0.8847357101084221
B5,58,zz_bytype_r3,13,15,C#N,11,0.2607474942295019
B5,58,zz_bytype_r3,13,16,N#N,6,0.7501115468501041
B5,58,zz_bytype_r3,13,17,O-S,6,-0.9427699793357655
B5,58,zz_bytype_r3,13,18,N-N,2,1.0380744819186405
B5,58,zz_bytype_r3,13,19,C#O,2,-0.9741032075477367
B5,58,zz_bytype_r3,13,20,O#S,1,-0.7606829860777652
B5,58,zz_bytype_r3,13,21,N-O,1,1.6295472220948062
B5,58,xy_bytype_r3,13,0,H-C,636,0.4354799341844431
B5,58,xy_bytype_r3,13,1,C-S,207,-0.14765461886321346
B5,58,xy_bytype_r3,13,2,C=C,167,1.0409976836225734
B5,58,xy_bytype_r3,13,3,O=S,147,0.7092683231787575
B5,58,xy_bytype_r3,13,4,C=N,124,0.040030324579956075
B5,58,xy_bytype_r3,13,5,C-C,118,0.12600038680207906
B5,58,xy_bytype_r3,13,6,H-N,86,0.32955134881567655
B5,58,xy_bytype_r3,13,7,C-O,52,-0.07596809160410559
B5,58,xy_bytype_r3,13,8,C-N,46,0.26156089581392955
B5,58,xy_bytype_r3,13,9,N-S,41,0.2575205838656626
B5,58,xy_bytype_r3,13,10,H-O,37,0.3002820877138567
B5,58,xy_bytype_r3,13,11,C#C,36,-2.339391850495984
B5,58,xy_bytype_r3,13,12,C=O,19,-0.11747783981058392
B5,58,xy_bytype_r3,13,13,C=S,14,0.0716626241508352
B5,58,xy_bytype_r3,13,14,C-Cl,12,0.4961978579613906
B5,58,xy_bytype_r3,13,15,C#N,11,-0.5253023606893698
B5,58,xy_bytype_r3,13,16,N#N,6,0.33826612709225656
B5,58,xy_bytype_r3,13,17,O-S,6,0.8000942480105464
B5,58,xy_bytype_r3,13,18,N-N,2,0.19191772441501215
B5,58,xy_bytype_r3,13,19,C#O,2,1.4993319284915687
B5,58,xy_bytype_r3,13,20,O#S,1,-0.38957165697952606
B5,58,xy_bytype_r3,13,21,N-O,1,1.027842112982088
B5,59,zz_bytype_r3,13,0,H-C,603,0.015053254137310354
B5,59,zz_bytype_r3,13,1,C-S,194,0.32178318683459606
B5,59,zz_bytype_r3,13,2,C=C,174,-0.08852533995373756
B5,59,zz_bytype_r3,13,3,O=S,145,0.15037070025993293
B5,59,zz_bytype_r3,13,4,C-C,117,-0.39394880530045123
B5,59,zz_bytype_r3,13,5,C=N,114,0.1861803144915437
B5,59,zz_bytype_r3,13,6,H-N,81,0.3388131192555309
B5,59,zz_bytype_r3,13,7,C-N,45,0.305055585106607
B5,59,zz_bytype_r3,13,8,C-O,45,0.45168416252253213
B5,59,zz_bytype_r3,13,9,N-S,38,0.4474039476843577
B5,59,zz_bytype_r3,13,10,H-O,38,-0.6874467230238107
B5,59,zz_bytype_r3,13,11,C#C,30,2.2458611104703
B5,59,zz_bytype_r3,13,12,C=O,18,0.13896950620256504
B5,59,zz_bytype_r3,13,13,O-S,15,0.07451898391745347
B5,59,zz_bytype_r3,13,14,C#N,12,0.6445864744306637
B5,59,zz_bytype_r3,13,15,C-Cl,12,0.7587499490969063
B5,59,zz_bytype_r3,13,16,C=S,11,0.35502226645238505
B5,59,zz_bytype_r3,13,17,N#N,3,0.7771893970987486
B5,59,zz_bytype_r3,13,18,C#O,3,-1.2607855425687038
B5,59,zz_bytype_r3,13,19,N-N,2,0.650478854538151
B5,59,zz_bytype_r3,13,20,O#S,2,0.038237369234551004
B5,59,zz_bytype_r3,13,21,N-O,1,1.4285841735547786
B5,59,xy_bytype_r3,13,0,H-C,603,0.2777616284829702
B5,59,xy_bytype_r3,13,1,C-S,194,0.02078048540835199
B5,59,xy_bytype_r3,13,2,C=C,174,0.08729000019171211
B5,59,xy_bytype_r3,13,3,O=S,145,-0.42663960559190856
B5,59,xy_bytype_r3,13,4,C-C,117,-0.12911478215752642
B5,59,xy_bytype_r3,13,5,C=N,114,0.14948098518885783
B5,59,xy_bytype_r3,13,6,H-N,81,-0.4717726145817512
B5,59,xy_bytype_r3,13,7,C-N,45,1.8584495130259417
B5,59,xy_bytype_r3,13,8,C-O,45,0.19185669143781822
B5,59,xy_bytype_r3,13,9,N-S,38,-0.6575660585685517
B5,59,xy_bytype_r3,13,10,H-O,38,-0.6391595712285751
B5,59,xy_bytype_r3,13,11,C#C,30,2.160664264286381
B5,59,xy_bytype_r3,13,12,C=O,18,0.41341677669723825
B5,59,xy_bytype_r3,13,13,O-S,15,0.1517064453134195
B5,59,xy_bytype_r3,13,14,C#N,12,0.21577671063943007
B5,59,xy_bytype_r3,13,15,C-Cl,12,-0.14013615197942658
B5,59,xy_bytype_r3,13,16,C=S,11,-0.011628318419969412
B5,59,xy_bytype_r3,13,17,N#N,3,1.143835885128449
B5,59,xy_bytype_r3,13,18,C#O,3,-1.2446039974137724
B5,59,xy_bytype_r3,13,19,N-N,2,-2.0512634658155027
B5,59,xy_bytype_r3,13,20,O#S,2,-0.005998282215384491
B5,59,xy_bytype_r3,13,21,N-O,1,1.9334899394618372
B5,60,zz_bytype_r3,13,0,H-C,657,-0.6918962008921654
B5,60,zz_bytype_r3,13,1,C-S,216,-0.24234338487316445
B5,60,zz_bytype_r3,13,2,C=C,171,-0.21040371137952615
B5,60,zz_bytype_r3,13,3,O=S,157,0.005368910827874957
B5,60,zz_bytype_r3,13,4,C-C,123,-0.16035497670557033
B5,60,zz_bytype_r3,13,5,C=N,118,-0.17072452582815748
B5,60,zz_bytype_r3,13,6,H-N,87,1.4646020931890993
B5,60,zz_bytype_r3,13,7,C-O,59,-0.26747917300369994
B5,60,zz_bytype_r3,13,8,C-N,47,0.41656318142653126
B5,60,zz_bytype_r3,13,9,H-O,46,0.6548260638530432
B5,60,zz_bytype_r3,13,10,N-S,37,0.8661845679864858
B5,60,zz_bytype_r3,13,11,C#C,33,1.3052142726606337
B5,60,zz_bytype_r3,13,12,O-S,18,0.13308688029543295
B5,60,zz_bytype_r3,13,13,C=O,15,-0.09564196894670336
B5,60,zz_bytype_r3,13,14,C#N,14,0.5826406390627787
B5,60,zz_bytype_r3,13,15,C=S,11,0.4526951003301827
B5,60,zz_bytype_r3,13,16,C-Cl,10,0.859602416018632
B5,60,zz_bytype_r3,13,17,N#N,4,-0.3396576890425016
B5,60,zz_bytype_r3,13,18,O#S,3,-0.662042391423402
B5,60,zz_bytype_r3,13,19,N-N,1,-0.04266793433513968
B5,60,zz_bytype_r3,13,20,C#O,1,-1.224492520623403
B5,60,xy_bytype_r3,13,0,H-C,657,0.03652885837136451
B5,60,xy_bytype_r3,13,1,C-S,216,0.14323275455906442
B5,60,xy_bytype_r3,13,2,C=C,171,-0.04330914473911714
B5,60,xy_bytype_r3,13,3,O=S,157,-0.12394695976467167
B5,60,xy_bytype_r3,13,4,C-C,123,0.1730434017657459
B5,60,xy_bytype_r3,13,5,C=N,118,0.10544571703643472
B5,60,xy_bytype_r3,13,6,H-N,87,0.15586409032714396
B5,60,xy_bytype_r3,13,7,C-O,59,-0.2304989218918862
B5,60,xy_bytype_r3,13,8,C-N,47,0.050151729611928327
B5,60,xy_bytype_r3,13,9,H-O,46,0.3098954336143255
B5,60,xy_bytype_r3,13,10,N-S,37,0.2743150405508477
B5,60,xy_bytype_r3,13,11,C#C,33,2.7671644521799266
B5,60,xy_bytype_r3,13,12,O-S,18,-0.7319752820030461
B5,60,xy_bytype_r3,13,13,C=O,15,0.12944516187096394
B5,60,xy_bytype_r3,13,14,C#N,14,0.21268358025065148
B5,60,xy_bytype_r3,13,15,C=S,11,-0.1461246645239001
B5,60,xy_bytype_r3,13,16,C-Cl,10,-0.8950627505661062
B5,60,xy_bytype_r3,13,17,N#N,4,-0.4828762745055948
B5,60,xy_bytype_r3,13,18,O#S,3,1.7853285103295533
B5,60,xy_bytype_r3,13,19,N-N,1,0.7736502747448059
B5,60,xy_bytype_r3,13,20,C#O,1,1.3638351754779465
B5,61,zz_bytype_r3,13,0,H-C,633,0.17800296557542006
B5,61,zz_bytype_r3,13,1,C-S,207,0.06763799768083723
B5,61,zz_bytype_r3,13,2,C=C,173,-0.40934549595975145
B5,61,zz_bytype_r3,13,3,O=S,142,0.015571220862626817
B5,61,zz_bytype_r3,13,4,C=N,114,0.4543009510609329
B5,61,zz_bytype_r3,13,5,C-C,110,-0.24774981817087682
B5,61,zz_bytype_r3,13,6,H-N,76,-0.10797951435476232
B5,61,zz_bytype_r3,13,7,C-O,58,-0.1975082083643164
B5,61,zz_bytype_r3,13,8,C-N,46,0.38583932007166
B5,61,zz_bytype_r3,13,9,N-S,38,0.4272738976096375
B5,61,zz_bytype_r3,13,10,H-O,38,-0.36872805567044414
B5,61,zz_bytype_r3,13,11,C#C,30,0.055543603325534194
B5,61,zz_bytype_r3,13,12,C=O,20,-0.04673515830134471
B5,61,zz_bytype_r3,13,13,O-S,16,-0.04386349804667003
B5,61,zz_bytype_r3,13,14,C-Cl,12,0.5970239039333957
B5,61,zz_bytype_r3,13,15,C=S,11,0.5380375299314918
B5,61,zz_bytype_r3,13,16,C#N,11,0.8225548683774149
B5,61,zz_bytype_r3,13,17,N#N,5,0.1812609461154128
B5,61,zz_bytype_r3,13,18,C#O,3,-0.19240188509354877
B5,61,zz_bytype_r3,13,19,N-N,2,-0.35152773428527817
B5,61,zz_bytype_r3,13,20,O#S,2,0.041964510127189915
B5,61,zz_bytype_r3,13,21,N-O,1,-1.0407012668000026
B5,61,xy_bytype_r3,13,0,H-C,633,1.2883406189050575
B5,61,xy_bytype_r3,13,1,C-S,207,0.10966030844926856
B5,61,xy_bytype_r3,13,2,C=C,173,0.7085495792969376
B5,61,xy_bytype_r3,13,3,O=S,142,0.14639680613878533
B5,61,xy_bytype_r3,13,4,C=N,114,-0.008313550966689507
B5,61,xy_bytype_r3,13,5,C-C,110,0.7901751681548816
B5,61,xy_bytype_r3,13,6,H-N,76,0.09726488512511584
B5,61,xy_bytype_r3,13,7,C-O,58,0.10524045658010754
B5,61,xy_bytype_r3,13,8,C-N,46,0.11327211867068766
B5,61,xy_bytype_r3,13,9,N-S,38,0.7155107741804331
B5,61,xy_bytype_r3,13,10,H-O,38,-0.02341253848089014
B5,61,xy_bytype_r3,13,11,C#C,30,-1.0965269293831987
B5,61,xy_bytype_r3,13,12,C=O,20,-0.09387363474815374
B5,61,xy_bytype_r3,13,13,O-S,16,-0.5292987521223271
B5,61,xy_bytype_r3,13,14,C-Cl,12,-0.16909473461253832
B5,61,xy_bytype_r3,13,15,C=S,11,0.003164161613661024
B5,61,xy_bytype_r3,13,16,C#N,11,-0.11435553523259719
B5,61,xy_bytype_r3,13,17,N#N,5,-0.3192038634862132
B5,61,xy_bytype_r3,13,18,C#O,3,0.9745986622290443
B5,61,xy_bytype_r3,13,19,N-N,2,-0.24801069759222086
B5,61,xy_bytype_r3,13,20,O#S,2,0.6997844635286705
B5,61,xy_bytype_r3,13,21,N-O,1,-0.8892273421422516
B2,42,zz_bytype_r3,13,0,H-C,864,-1.3475432175490365
B2,42,zz_bytype_r3,13,1,C-C,368,0.2565654909399624
B2,42,zz_bytype_r3,13,2,C=C,213,-0.3899297981884829
B2,42,zz_bytype_r3,13,3,C#N,188,0.04046905947851766
B2,42,zz_bytype_r3,13,4,C-N,141,0.39280095255401115
B2,42,zz_bytype_r3,13,5,C=N,137,0.2643262886254215
B2,42,zz_bytype_r3,13,6,H-N,107,0.2758059309266718
B2,42,zz_bytype_r3,13,7,C#C,86,2.8878461679629535
B2,42,zz_bytype_r3,13,8,N-N,47,0.6764305288340444
B2,42,zz_bytype_r3,13,9,N=N,1,0.0006372165455907127
B2,42,xy_bytype_r3,13,0,H-C,864,-0.38033093179021427
B2,42,xy_bytype_r3,13,1,C-C,368,0.08563468345493506
B2,42,xy_bytype_r3,13,2,C=C,213,-0.42423377832558834
B2,42,xy_bytype_r3,13,3,C#N,188,0.2156835940714731
B2,42,xy_bytype_r3,13,4,C-N,141,0.5930869249198262
B2,42,xy_bytype_r3,13,5,C=N,137,0.25452590238330847
B2,42,xy_bytype_r3,13,6,H-N,107,-0.7821428897477204
B2,42,xy_bytype_r3,13,7,C#C,86,1.8955668313346354
B2,42,xy_bytype_r3,13,8,N-N,47,0.8982838891103461
B2,42,xy_bytype_r3,13,9,N=N,1,0.40662477735464525
B2,43,zz_bytype_r3,13,0,H-C,787,1.1283356310112247
B2,43,zz_bytype_r3,13,1,C-C,338,-0.7539327615586507
B2,43,zz_bytype_r3,13,2,C=C,191,-0.18606793171819064
B2,43,zz_bytype_r3,13,3,C#N,176,0.1876560329635427
B2,43,zz_bytype_r3,13,4,C=N,132,0.020101949508286535
B2,43,zz_bytype_r3,13,5,C-N,128,0.42992326092627847
B2,43,zz_bytype_r3,13,6,H-N,88,0.2786786888835603
B2,43,zz_bytype_r3,13,7,C#C,73,-3.468642482277732
B2,43,zz_bytype_r3,13,8,N-N,38,0.7841725610574165
B2,43,zz_bytype_r3,13,9,N=N,1,0.08251460295068361
B2,43,xy_bytype_r3,13,0,H-C,787,0.2795686977100383
B2,43,xy_bytype_r3,13,1,C-C,338,0.22733010033321163
B2,43,xy_bytype_r3,13,2,C=C,191,0.05682975202587375
B2,43,xy_bytype_r3,13,3,C#N,176,0.07346926524996933
B2,43,xy_bytype_r3,13,4,C=N,132,-0.06844629234182852
B2,43,xy_bytype_r3,13,5,C-N,128,0.6019451847764483
B2,43,xy_bytype_r3,13,6,H-N,88,0.1889722490142863
B2,43,xy_bytype_r3,13,7,C#C,73,0.8766050242679273
B2,43,xy_bytype_r3,13,8,N-N,38,1.114842159577487
B2,43,xy_bytype_r3,13,9,N=N,1,0.2764698541764136
B2,44,zz_bytype_r3,13,0,H-C,786,3.4497315220179186
B2,44,zz_bytype_r3,13,1,C-C,329,0.2352125878847576
B2,44,zz_bytype_r3,13,2,C=C,218,1.0325360563983832
B2,44,zz_bytype_r3,13,3,C#N,156,-0.1615005994859106
B2,44,zz_bytype_r3,13,4,C-N,138,0.36156787181046446
B2,44,zz_bytype_r3,13,5,C=N,138,0.17786196954461753
B2,44,zz_bytype_r3,13,6,H-N,96,0.3842783894414444
B2,44,zz_bytype_r3,13,7,C#C,84,0.30669014166597286
B2,44,zz_bytype_r3,13,8,N-N,36,0.6016013074486458
B2,44,zz_bytype_r3,13,9,N=N,1,-0.45858667153682664
B2,44,xy_bytype_r3,13,0,H-C,786,0.47795240405971195
B2,44,xy_bytype_r3,13,1,C-C,329,0.026841011557077778
B2,44,xy_bytype_r3,13,2,C=C,218,-0.3883431836795467
B2,44,xy_bytype_r3,13,3,C#N,156,0.09338833383214766
B2,44,xy_bytype_r3,13,4,C-N,138,-0.4014185711819714
B2,44,xy_bytype_r3,13,5,C=N,138,0.1740419980408221
B2,44,xy_bytype_r3,13,6,H-N,96,0.2320692633298603
B2,44,xy_bytype_r3,13,7,C#C,84,1.8919833995412316
B2,44,xy_bytype_r3,13,8,N-N,36,-0.6831182643936379
B2,44,xy_bytype_r3,13,9,N=N,1,-0.07074280230224651
B2,45,zz_bytype_r3,13,0,H-C,731,-1.0616946825417912
B2,45,zz_bytype_r3,13,1,C-C,304,-0.3040503171735778
B2,45,zz_bytype_r3,13,2,C=C,205,0.9425285041313078
B2,45,zz_bytype_r3,13,3,C#N,154,-0.1742648551292672
B2,45,zz_bytype_r3,13,4,C=N,137,0.08536648736597435
B2,45,zz_bytype_r3,13,5,C-N,127,0.460872297150666
B2,45,zz_bytype_r3,13,6,H-N,100,0.3264950582989193
B2,45,zz_bytype_r3,13,7,C#C,75,0.03561447586034296
B2,45,zz_bytype_r3,13,8,N-N,34,0.6894910734967395
B2,45,zz_bytype_r3,13,9,N=N,1,-0.020378285794713825
B2,45,xy_bytype_r3,13,0,H-C,731,-0.30810087243676987
B2,45,xy_bytype_r3,13,1,C-C,304,0.06848004062852725
B2,45,xy_bytype_r3,13,2,C=C,205,0.4116643180529567
B2,45,xy_bytype_r3,13,3,C#N,154,0.08167703521870241
B2,45,xy_bytype_r3,13,4,C=N,137,0.21187626459210807
B2,45,xy_bytype_r3,13,5,C-N,127,0.7024140617237583
B2,45,xy_bytype_r3,13,6,H-N,100,-0.552691963995557
B2,45,xy_bytype_r3,13,7,C#C,75,0.5391733338130434
B2,45,xy_bytype_r3,13,8,N-N,34,0.8727364075728803
B2,45,xy_bytype_r3,13,9,N=N,1,0.6660387239260612
B2,46,zz_bytype_r3,13,0,H-C,761,0.2887710466731669
B2,46,zz_bytype_r3,13,1,C-C,321,0.3747797986941596
B2,46,zz_bytype_r3,13,2,C=C,212,0.7027399529873752
B2,46,zz_bytype_r3,13,3,C#N,160,0.08373753526102164
B2,46,zz_bytype_r3,13,4,C-N,139,0.3303885120510226
B2,46,zz_bytype_r3,13,5,C=N,139,0.07458752835148871
B2,46,zz_bytype_r3,13,6,H-N,98,0.8435465887959346
B2,46,zz_bytype_r3,13,7,C#C,64,-0.6563844925759869
B2,46,zz_bytype_r3,13,8,N-N,41,0.5268727265119248
B2,46,zz_bytype_r3,13,9,N=N,1,0.09425824648477198
B2,46,xy_bytype_r3,13,0,H-C,761,-0.03008006881075343
B2,46,xy_bytype_r3,13,1,C-C,321,-0.0007948166829299633
B2,46,xy_bytype_r3,13,2,C=C,212,-1.4325366589518913
B2,46,xy_bytype_r3,13,3,C#N,160,0.12685092421262917
B2,46,xy_bytype_r3,13,4,C-N,139,0.650793443333058
B2,46,xy_bytype_r3,13,5,C=N,139,0.14993050843335176
B2,46,xy_bytype_r3,13,6,H-N,98,-0.4691572365797401
B2,46,xy_bytype_r3,13,7,C#C,64,1.697169687732693
B2,46,xy_bytype_r3,13,8,N-N,41,0.66897717338721
B2,46,xy_bytype_r3,13,9,N=N,1,0.04732491140605014
B2,47,zz_bytype_r3,13,0,H-C,760,-1.0886010915429332
B2,47,zz_bytype_r3,13,1,C-C,330,0.3285738109337467
B2,47,zz_bytype_r3,13,2,C=C,205,-0.8135307850336954
B2,47,zz_bytype_r3,13,3,C#N,173,0.1625263224866023
B2,47,zz_bytype_r3,13,4,C=N,136,0.2461013921922468
B2,47,zz_bytype_r3,13,5,C-N,116,0.4640085254802341
B2,47,zz_bytype_r3,13,6,H-N,92,0.7380782138721891
B2,47,zz_bytype_r3,13,7,C#C,74,0.1345957126640626
B2,47,zz_bytype_r3,13,8,N-N,36,0.7392153079993485
B2,47,zz_bytype_r3,13,9,N=N,1,-0.5666189578249922
B2,47,xy_bytype_r3,13,0,H-C,760,0.351742907363234
B2,47,xy_bytype_r3,13,1,C-C,330,0.23997980253633366
B2,47,xy_bytype_r3,13,2,C=C,205,-0.6133330760543747
B2,47,xy_bytype_r3,13,3,C#N,173,0.21311023863918863
B2,47,xy_bytype_r3,13,4,C=N,136,0.17860354980192736
B2,47,xy_bytype_r3,13,5,C-N,116,-0.8015317809670535
B2,47,xy_bytype_r3,13,6,H-N,92,-0.5769148689342664
B2,47,xy_bytype_r3,13,7,C#C,74,3.418277229640287
B2,47,xy_bytype_r3,13,8,N-N,36,1.1542460662506222
B2,47,xy_bytype_r3,13,9,N=N,1,-0.0669564670922876
B2,48,zz_bytype_r3,13,0,H-C,811,0.8165533581724631
B2,48,zz_bytype_r3,13,1,C-C,343,0.49085719640889924
B2,48,zz_bytype_r3,13,2,C=C,214,0.05171482554942684
B2,48,zz_bytype_r3,13,3,C#N,180,0.3442731255899266
B2,48,zz_bytype_r3,13,4,C-N,143,0.29367877664686226
B2,48,zz_bytype_r3,13,5,C=N,129,0.2543278663481751
B2,48,zz_bytype_r3,13,6,H-N,96,0.6504027294688046
B2,48,zz_bytype_r3,13,7,C#C,82,2.42233022800117
B2,48,zz_bytype_r3,13,8,N-N,40,0.522539030955352
B2,48,xy_bytype_r3,13,0,H-C,811,0.14296272516292027
B2,48,xy_bytype_r3,13,1,C-C,343,-0.005416070549402637
B2,48,xy_bytype_r3,13,2,C=C,214,-0.7723672092382406
B2,48,xy_bytype_r3,13,3,C#N,180,0.12203466297687758
B2,48,xy_bytype_r3,13,4,C-N,143,0.4255066099931208
B2,48,xy_bytype_r3,13,5,C=N,129,0.3288717611473622
B2,48,xy_bytype_r3,13,6,H-N,96,-0.35403931532767136
B2,48,xy_bytype_r3,13,7,C#C,82,2.1564648871947774
B2,48,xy_bytype_r3,13,8,N-N,40,0.4981333341894959
B2,49,zz_bytype_r3,13,0,H-C,805,1.4291940079367114
B2,49,zz_bytype_r3,13,1,C-C,331,0.4377030348313542
B2,49,zz_bytype_r3,13,2,C=C,209,0.7901947700307437
B2,49,zz_bytype_r3,13,3,C#N,158,0.12463185824529395
B2,49,zz_bytype_r3,13,4,C=N,146,0.13935836912818075
B2,49,zz_bytype_r3,13,5,C-N,128,0.31773651295967015
B2,49,zz_bytype_r3,13,6,H-N,99,0.4150215970775558
B2,49,zz_bytype_r3,13,7,C#C,83,-0.07997884197711948
B2,49,zz_bytype_r3,13,8,N-N,37,0.5436920683270957
B2,49,zz_bytype_r3,13,9,N=N,1,-0.30016275774280565
B2,49,xy_bytype_r3,13,0,H-C,805,0.4853349470905905
B2,49,xy_bytype_r3,13,1,C-C,331,-0.3595750003647679
B2,49,xy_bytype_r3,13,2,C=C,209,0.3540899354800991
B2,49,xy_bytype_r3,13,3,C#N,158,-0.32668758885692945
B2,49,xy_bytype_r3,13,4,C=N,146,-0.21032935060768856
B2,49,xy_bytype_r3,13,5,C-N,128,0.7983749617309192
B2,49,xy_bytype_r3,13,6,H-N,99,-0.35506838258737755
B2,49,xy_bytype_r3,13,7,C#C,83,-1.589462039057016
B2,49,xy_bytype_r3,13,8,N-N,37,0.7537316410852014
B2,49,xy_bytype_r3,13,9,N=N,1,0.0044906287476142856
B2,50,zz_bytype_r3,13,0,H-C,779,-1.1783250095313809
B2,50,zz_bytype_r3,13,1,C-C,325,-0.30374870396228326
B2,50,zz_bytype_r3,13,2,C=C,234,1.2457659181770016
B2,50,zz_bytype_r3,13,3,C#N,171,-0.06376710718840843
B2,50,zz_bytype_r3,13,4,C=N,143,0.12715594696752028
B2,50,zz_bytype_r3,13,5,C-N,129,0.4192196700136589
B2,50,zz_bytype_r3,13,6,H-N,111,0.10279362512684391
B2,50,zz_bytype_r3,13,7,C#C,70,-0.2203791962250852
B2,50,zz_bytype_r3,13,8,N-N,36,0.5167008648404446
B2,50,xy_bytype_r3,13,0,H-C,779,0.13435354468385277
B2,50,xy_bytype_r3,13,1,C-C,325,0.2092318401647351
B2,50,xy_bytype_r3,13,2,C=C,234,-0.12119414068050768
B2,50,xy_bytype_r3,13,3,C#N,171,0.02698029614084752
B2,50,xy_bytype_r3,13,4,C=N,143,-0.06499381042837866
B2,50,xy_bytype_r3,13,5,C-N,129,0.3484839039746725
B2,50,xy_bytype_r3,13,6,H-N,111,-0.17720949288132473
B2,50,xy_bytype_r3,13,7,C#C,70,1.9122085882027835
B2,50,xy_bytype_r3,13,8,N-N,36,0.48956470198772273
B2,51,zz_bytype_r3,13,0,H-C,860,-2.3533181976701636
B2,51,zz_bytype_r3,13,1,C-C,356,0.36247947080946
B2,51,zz_bytype_r3,13,2,C=C,216,-0.27286278251399326
B2,51,zz_bytype_r3,13,3,C#N,173,0.2994453906878568
B2,51,zz_bytype_r3,13,4,C=N,154,0.14294765412456528
B2,51,zz_bytype_r3,13,5,C-N,120,0.3644148852923744
B2,51,zz_bytype_r3,13,6,H-N,96,0.06380042680828521
B2,51,zz_bytype_r3,13,7,C#C,85,2.3390223029344512
B2,51,zz_bytype_r3,13,8,N-N,53,0.4953288486121671
B2,51,zz_bytype_r3,13,9,N=N,1,-0.34646953229049965
B2,51,xy_bytype_r3,13,0,H-C,860,0.0015568061049146171
B2,51,xy_bytype_r3,13,1,C-C,356,-0.1508169361611542
B2,51,xy_bytype_r3,13,2,C=C,216,1.2944325048203074
B2,51,xy_bytype_r3,13,3,C#N,173,0.019745187640635625
B2,51,xy_bytype_r3,13,4,C=N,154,-0.00017194668943587587
B2,51,xy_bytype_r3,13,5,C-N,120,-0.08313796248435149
B2,51,xy_bytype_r3,13,6,H-N,96,0.07682361178530088
B2,51,xy_bytype_r3,13,7,C#C,85,-0.7248442831662439
B2,51,xy_bytype_r3,13,8,N-N,53,0.657514335477065
B2,51,xy_bytype_r3,13,9,N=N,1,-0.5952895308197006
B2,52,zz_bytype_r3,13,0,H-C,876,0.7334463027865116
B2,52,zz_bytype_r3,13,1,C-C,385,0.7542577084431578
B2,52,zz_bytype_r3,13,2,C=C,218,0.25360443437388536
B2,52,zz_bytype_r3,13,3,C#N,190,0.3477542614566539
B2,52,zz_bytype_r3,13,4,C-N,143,0.37718812318057005
B2,52,zz_bytype_r3,13,5,C=N,122,0.1299962478089715
B2,52,zz_bytype_r3,13,6,H-N,90,0.1966128262421803
B2,52,zz_bytype_r3,13,7,C#C,83,2.7879793306665546
B2,52,zz_bytype_r3,13,8,N-N,41,0.7402962720136921
B2,52,xy_bytype_r3,13,0,H-C,876,0.4222544038176362
B2,52,xy_bytype_r3,13,1,C-C,385,0.07564104122736813
B2,52,xy_bytype_r3,13,2,C=C,218,0.3362004243424887
B2,52,xy_bytype_r3,13,3,C#N,190,0.0635214741723369
B2,52,xy_bytype_r3,13,4,C-N,143,-0.41425959318319616
B2,52,xy_bytype_r3,13,5,C=N,122,0.05788337353541012
B2,52,xy_bytype_r3,13,6,H-N,90,0.3249161294095001
B2,52,xy_bytype_r3,13,7,C#C,83,2.8658042343571672
B2,52,xy_bytype_r3,13,8,N-N,41,0.7805714908418708
B2,53,zz_bytype_r3,13,0,H-C,775,0.13367986517789876
B2,53,zz_bytype_r3,13,1,C-C,308,0.22661170344806073
B2,53,zz_bytype_r3,13,2,C=C,216,-0.7215544920390897
B2,53,zz_bytype_r3,13,3,C#N,169,0.03587697309082122
B2,53,zz_bytype_r3,13,4,C=N,133,0.08401319219053813
B2,53,zz_bytype_r3,13,5,C-N,125,0.2366121388496834
B2,53,zz_bytype_r3,13,6,C#C,87,0.9810704476026819
B2,53,zz_bytype_r3,13,7,H-N,85,-0.25068400196241747
B2,53,zz_bytype_r3,13,8,N-N,41,0.4157313411011574
B2,53,zz_bytype_r3,13,9,N=N,1,-0.2404635886748963
B2,53,xy_bytype_r3,13,0,H-C,775,0.6662334099352626
B2,53,xy_bytype_r3,13,1,C-C,308,0.046167185105934004
B2,53,xy_bytype_r3,13,2,C=C,216,0.9815599819611033
B2,53,xy_bytype_r3,13,3,C#N,169,-0.03414543747883173
B2,53,xy_bytype_r3,13,4,C=N,133,-0.03272640469176088
B2,53,xy_bytype_r3,13,5,C-N,125,0.2449732178790407
B2,53,xy_bytype_r3,13,6,C#C,87,3.554378329390392
B2,53,xy_bytype_r3,13,7,H-N,85,-0.253124958506013
B2,53,xy_bytype_r3,13,8,N-N,41,0.5543361080973054
B2,53,xy_bytype_r3,13,9,N=N,1,-0.1396163892267738
B2,54,zz_bytype_r3,13,0,H-C,787,0.2772745773192517
B2,54,zz_bytype_r3,13,1,C-C,297,-0.045072307356538714
B2,54,zz_bytype_r3,13,2,C=C,218,-0.19861575862080852
B2,54,zz_bytype_r3,13,3,C#N,153,0.2762343418542414
B2,54,zz_bytype_r3,13,4,C=N,147,-0.14696451777195196
B2,54,zz_bytype_r3,13,5,C-N,122,0.27908754711402184
B2,54,zz_bytype_r3,13,6,H-N,87,-0.14086785885688638
B2,54,zz_bytype_r3,13,7,C#C,78,1.6902496618172396
B2,54,zz_bytype_r3,13,8,N-N,48,0.8315971273930601
B2,54,zz_bytype_r3,13,9,N=N,1,0.22806935544776707
B2,54,xy_bytype_r3,13,0,H-C,787,0.03723739857907123
B2,54,xy_bytype_r3,13,1,C-C,297,0.12232990469624737
B2,54,xy_bytype_r3,13,2,C=C,218,0.5059464871986827
B2,54,xy_bytype_r3,13,3,C#N,153,0.03100689303534944
B2,54,xy_bytype_r3,13,4,C=N,147,-0.0825336256182875
B2,54,xy_bytype_r3,13,5,C-N,122,0.5208258532405896
B2,54,xy_bytype_r3,13,6,H-N,87,-0.6833040535142642
B2,54,xy_bytype_r3,13,7,C#C,78,-0.34618287058568176
B2,54,xy_bytype_r3,13,8,N-N,48,0.6806812442912585
B2,54,xy_bytype_r3,13,9,N=N,1,0.5099816444857447
B2,55,zz_bytype_r3,13,0,H-C,828,2.42327504698782
B2,55,zz_bytype_r3,13,1,C-C,352,0.3146951840965741
B2,55,zz_bytype_r3,13,2,C=C,227,-0.4455389220369801
B2,55,zz_bytype_r3,13,3,C#N,180,-0.32190444201255475
B2,55,zz_bytype_r3,13,4,C=N,138,0.21145984360632145
B2,55,zz_bytype_r3,13,5,C-N,118,0.2911011157001289
B2,55,zz_bytype_r3,13,6,H-N,112,0.548583915397696
B2,55,zz_bytype_r3,13,7,C#C,83,3.054679311107854
B2,55,zz_bytype_r3,13,8,N-N,37,0.6260057606326679
B2,55,zz_bytype_r3,13,9,N=N,1,0.00021262611000332486
B2,55,xy_bytype_r3,13,0,H-C,828,0.028466303757147607
B2,55,xy_bytype_r3,13,1,C-C,352,0.08547821079188346
B2,55,xy_bytype_r3,13,2,C=C,227,-0.7853774304128939
B2,55,xy_bytype_r3,13,3,C#N,180,0.052733717476528004
B2,55,xy_bytype_r3,13,4,C=N,138,0.023128031923125673
B2,55,xy_bytype_r3,13,5,C-N,118,0.46091051558500196
B2,55,xy_bytype_r3,13,6,H-N,112,0.24417715496054881
B2,55,xy_bytype_r3,13,7,C#C,83,0.6523710834534706
B2,55,xy_bytype_r3,13,8,N-N,37,-0.6009974024936716
B2,55,xy_bytype_r3,13,9,N=N,1,-0.08544602094134128
B2,56,zz_bytype_r3,13,0,H-C,776,1.343081868364445
B2,56,zz_bytype_r3,13,1,C-C,330,0.36585957386536216
B2,56,zz_bytype_r3,13,2,C=C,231,0.0898644336417729
B2,56,zz_bytype_r3,13,3,C#N,186,0.2552275436274066
B2,56,zz_bytype_r3,13,4,C-N,117,0.4560200891936895
B2,56,zz_bytype_r3,13,5,C=N,109,0.17707610781640454
B2,56,zz_bytype_r3,13,6,H-N,99,-0.029794256603508436
B2,56,zz_bytype_r3,13,7,C#C,84,0.08197599871487063
B2,56,zz_bytype_r3,13,8,N-N,30,0.55316198931718
B2,56,zz_bytype_r3,13,9,N=N,1,-0.026237425567010295
B2,56,xy_bytype_r3,13,0,H-C,776,0.3278818721040274
B2,56,xy_bytype_r3,13,1,C-C,330,0.1569602165612319
B2,56,xy_bytype_r3,13,2,C=C,231,0.6969167409428633
B2,56,xy_bytype_r3,13,3,C#N,186,0.5329511072124644
B2,56,xy_bytype_r3,13,4,C-N,117,0.7435927209629902
B2,56,xy_bytype_r3,13,5,C=N,109,-0.0775495777388038
B2,56,xy_bytype_r3,13,6,H-N,99,-0.6535895969739361
B2,56,xy_bytype_r3,13,7,C#C,84,1.7518569974077933
B2,56,xy_bytype_r3,13,8,N-N,30,0.8963120772258354
B2,56,xy_bytype_r3,13,9,N=N,1,-0.18036821829407487
B2,57,zz_bytype_r3,13,0,H-C,824,1.1843070422557593
B2,57,zz_bytype_r3,13,1,C-C,336,-0.4293436940078791
B2,57,zz_bytype_r3,13,2,C=C,217,-0.1737892195751278
B2,57,zz_bytype_r3,13,3,C#N,170,0.09314176894983048
B2,57,zz_bytype_r3,13,4,C=N,141,0.13456235333581473
B2,57,zz_bytype_r3,13,5,C-N,117,0.271011991170746
B2,57,zz_bytype_r3,13,6,H-N,93,0.2569704543771087
B2,57,zz_bytype_r3,13,7,C#C,88,0.3856248517592948
B2,57,zz_bytype_r3,13,8,N-N,43,0.38940811842571216
B2,57,zz_bytype_r3,13,9,N=N,1,0.05130033891486179
B2,57,xy_bytype_r3,13,0,H-C,824,0.05408963920791554
B2,57,xy_bytype_r3,13,1,C-C,336,0.12438341931121791
B2,57,xy_bytype_r3,13,2,C=C,217,0.6205974368874443
B2,57,xy_bytype_r3,13,3,C#N,170,0.07128425931804304
B2,57,xy_bytype_r3,13,4,C=N,141,-0.18734255496914587
B2,57,xy_bytype_r3,13,5,C-N,117,0.831590945584237
B2,57,xy_bytype_r3,13,6,H-N,93,-0.7382405324293755
B2,57,xy_bytype_r3,13,7,C#C,88,2.1064545106196997
B2,57,xy_bytype_r3,13,8,N-N,43,0.6603127191204827
B2,57,xy_bytype_r3,13,9,N=N,1,-0.10742746537109166
B2,58,zz_bytype_r3,13,0,H-C,827,-1.1849303929942892
B2,58,zz_bytype_r3,13,1,C-C,376,0.38062830695436456
B2,58,zz_bytype_r3,13,2,C=C,211,-0.3566920855362594
B2,58,zz_bytype_r3,13,3,C#N,189,0.1872179907558379
B2,58,zz_bytype_r3,13,4,C=N,139,0.3782559880909637
B2,58,zz_bytype_r3,13,5,C-N,128,0.4808465225592087
B2,58,zz_bytype_r3,13,6,H-N,113,0.11548771441721332
B2,58,zz_bytype_r3,13,7,C#C,72,1.9153284583878951
B2,58,zz_bytype_r3,13,8,N-N,42,0.9821489109941084
B2,58,zz_bytype_r3,13,9,N=N,1,0.09860230316786789
B2,58,xy_bytype_r3,13,0,H-C,827,0.050887571890186355
B2,58,xy_bytype_r3,13,1,C-C,376,0.10140232297899901
B2,58,xy_bytype_r3,13,2,C=C,211,0.4011941271984984
B2,58,xy_bytype_r3,13,3,C#N,189,-0.0014620450978408681
B2,58,xy_bytype_r3,13,4,C=N,139,-0.18092796716201923
B2,58,xy_bytype_r3,13,5,C-N,128,0.7149326310699881
B2,58,xy_bytype_r3,13,6,H-N,113,-0.7095175448979394
B2,58,xy_bytype_r3,13,7,C#C,72,1.2712480699510103
B2,58,xy_bytype_r3,13,8,N-N,42,0.8269597577795953
B2,58,xy_bytype_r3,13,9,N=N,1,-0.264145581156585
B2,59,zz_bytype_r3,13,0,H-C,802,0.9444192294312881
B2,59,zz_bytype_r3,13,1,C-C,323,0.4595949899901237
B2,59,zz_bytype_r3,13,2,C=C,194,1.0965825867090186
B2,59,zz_bytype_r3,13,3,C=N,162,0.18690683441846162
B2,59,zz_bytype_r3,13,4,C#N,147,0.09367056574360032
B2,59,zz_bytype_r3,13,5,C-N,134,0.3697067247346068
B2,59,zz_bytype_r3,13,6,H-N,99,0.9153602955756368
B2,59,zz_bytype_r3,13,7,C#C,80,-1.3409033013927691
B2,59,zz_bytype_r3,13,8,N-N,49,0.4650590567841407
B2,59,zz_bytype_r3,13,9,N=N,1,-0.8284258118557833
B2,59,xy_bytype_r3,13,0,H-C,802,-0.18812441030683055
B2,59,xy_bytype_r3,13,1,C-C,323,-0.22338649656584253
B2,59,xy_bytype_r3,13,2,C=C,194,0.6826131517312198
B2,59,xy_bytype_r3,13,3,C=N,162,-0.09680390115427202
B2,59,xy_bytype_r3,13,4,C#N,147,0.07808600316832764
B2,59,xy_bytype_r3,13,5,C-N,134,0.392450384310455
B2,59,xy_bytype_r3,13,6,H-N,99,-0.2373265183902026
B2,59,xy_bytype_r3,13,7,C#C,80,-1.8242373892232577
B2,59,xy_bytype_r3,13,8,N-N,49,0.5077397012227468
B2,59,xy_bytype_r3,13,9,N=N,1,0.22971594346842775
B2,60,zz_bytype_r3,13,0,H-C,737,-1.1777330301252236
B2,60,zz_bytype_r3,13,1,C-C,348,-0.04018154512945495
B2,60,zz_bytype_r3,13,2,C=C,169,0.7968070332198217
B2,60,zz_bytype_r3,13,3,C#N,154,0.020493381267805557
B2,60,zz_bytype_r3,13,4,C=N,133,0.19171522908049438
B2,60,zz_bytype_r3,13,5,C-N,106,0.29536882520744623
B2,60,zz_bytype_r3,13,6,H-N,90,0.5895303869929454
B2,60,zz_bytype_r3,13,7,C#C,73,-0.2773223178465095
B2,60,zz_bytype_r3,13,8,N-N,39,0.5077302031047639
B2,60,zz_bytype_r3,13,9,N=N,1,-0.13526816914788536
B2,60,xy_bytype_r3,13,0,H-C,737,0.39675079282115683
B2,60,xy_bytype_r3,13,1,C-C,348,-0.19254549899395115
B2,60,xy_bytype_r3,13,2,C=C,169,-0.5804209797556664
B2,60,xy_bytype_r3,13,3,C#N,154,0.018689075622635443
B2,60,xy_bytype_r3,13,4,C=N,133,-0.15605548686607476
B2,60,xy_bytype_r3,13,5,C-N,106,0.5310239806213805
B2,60,xy_bytype_r3,13,6,H-N,90,-0.5155537158057927
B2,60,xy_bytype_r3,13,7,C#C,73,1.334298067981737
B2,60,xy_bytype_r3,13,8,N-N,39,0.6057080376565864
B2,60,xy_bytype_r3,13,9,N=N,1,0.6894784380025858
B2,61,zz_bytype_r3,13,0,H-C,764,-1.0455791629017248
B2,61,zz_bytype_r3,13,1,C-C,316,-0.31581605557487313
B2,61,zz_bytype_r3,13,2,C=C,222,1.5003949558551672
B2,61,zz_bytype_r3,13,3,C#N,151,0.04164033702487736
B2,61,zz_bytype_r3,13,4,C=N,140,0.1611502232109415
B2,61,zz_bytype_r3,13,5,C-N,112,0.3360729398236047
B2,61,zz_bytype_r3,13,6,H-N,83,0.29292123253461094
B2,61,zz_bytype_r3,13,7,C#C,69,-0.29245804124232594
B2,61,zz_bytype_r3,13,8,N-N,42,0.5995948472839422
B2,61,zz_bytype_r3,13,9,N=N,1,0.37954371586337965
B2,61,xy_bytype_r3,13,0,H-C,764,0.4352552590085121
B2,61,xy_bytype_r3,13,1,C-C,316,-0.13098278219751372
B2,61,xy_bytype_r3,13,2,C=C,222,-0.5896871348875687
B2,61,xy_bytype_r3,13,3,C#N,151,-0.23122715202128108
B2,61,xy_bytype_r3,13,4,C=N,140,-0.1350129275435645
B2,61,xy_bytype_r3,13,5,C-N,112,0.7489287619708953
B2,61,xy_bytype_r3,13,6,H-N,83,-0.6068784509240587
B2,61,xy_bytype_r3,13,7,C#C,69,-0.009208782531605744
B2,61,xy_bytype_r3,13,8,N-N,42,0.6924884511091705
B2,61,xy_bytype_r3,13,9,N=N,1,0.5771749143399936
B3,42,zz_bytype_r3,13,0,H-C,1725,0.5309133588217186
B3,42,zz_bytype_r3,13,1,C-C,886,-0.17359978905922377
B3,42,zz_bytype_r3,13,2,C-O,391,0.29122805968810583
B3,42,zz_bytype_r3,13,3,C=O,315,-0.24830154735931764
B3,42,zz_bytype_r3,13,4,C=C,272,0.4579914359660609
B3,42,zz_bytype_r3,13,5,C=N,188,-0.29609494331869973
B3,42,zz_bytype_r3,13,6,C#C,155,-1.6053806253826222
B3,42,zz_bytype_r3,13,7,H-O,113,-0.2749615316987862
B3,42,zz_bytype_r3,13,8,H-N,70,1.2102657922495637
B3,42,zz_bytype_r3,13,9,C-N,68,-0.8499658887793303
B3,42,zz_bytype_r3,13,10,N-O,57,0.49542183261224837
B3,42,zz_bytype_r3,13,11,N-N,27,0.5096466725206198
B3,42,zz_bytype_r3,13,12,N=N,7,0.3383149680290241
B3,42,zz_bytype_r3,13,13,C#N,4,0.08558857925233673
B3,42,xy_bytype_r3,13,0,H-C,1725,0.43479479696431395
B3,42,xy_bytype_r3,13,1,C-C,886,-0.05221056526234921
B3,42,xy_bytype_r3,13,2,C-O,391,0.2692313084902213
B3,42,xy_bytype_r3,13,3,C=O,315,-0.31935111648440095
B3,42,xy_bytype_r3,13,4,C=C,272,-0.1883377395813786
B3,42,xy_bytype_r3,13,5,C=N,188,-0.1544677098346607
B3,42,xy_bytype_r3,13,6,C#C,155,2.16279676797725
B3,42,xy_bytype_r3,13,7,H-O,113,0.1224860759208407
B3,42,xy_bytype_r3,13,8,H-N,70,0.4060557204001981
B3,42,xy_bytype_r3,13,9,C-N,68,0.0950023969223232
B3,42,xy_bytype_r3,13,10,N-O,57,0.8316771206494135
B3,42,xy_bytype_r3,13,11,N-N,27,0.32836464676464305
B3,42,xy_bytype_r3,13,12,N=N,7,0.16163490021170954
B3,42,xy_bytype_r3,13,13,C#N,4,-0.15273820932125953
B3,43,zz_bytype_r3,13,0,H-C,1647,0.45428056842365316
B3,43,zz_bytype_r3,13,1,C-C,802,-0.12404035312223938
B3,43,zz_bytype_r3,13,2,C-O,420,0.25229197867034825
B3,43,zz_bytype_r3,13,3,C=O,260,-0.33335725520972953
B3,43,zz_bytype_r3,13,4,C=C,258,-0.5700001584435086
B3,43,zz_bytype_r3,13,5,C=N,180,-0.16940408113985772
B3,43,zz_bytype_r3,13,6,C#C,162,-0.19090109887627923
B3,43,zz_bytype_r3,13,7,H-O,108,0.7875582212070892
B3,43,zz_bytype_r3,13,8,C-N,73,-0.15789675487010485
B3,43,zz_bytype_r3,13,9,H-N,70,-1.0099104557848428
B3,43,zz_bytype_r3,13,10,N-O,57,0.7469659505601396
B3,43,zz_bytype_r3,13,11,N-N,23,0.34344136168723016
B3,43,zz_bytype_r3,13,12,N=N,7,0.18855759676508857
B3,43,zz_bytype_r3,13,13,C#N,4,0.3816838321907776
B3,43,zz_bytype_r3,13,14,C#O,2,-0.8752113919343314
B3,43,xy_bytype_r3,13,0,H-C,1647,0.43139912505215916
B3,43,xy_bytype_r3,13,1,C-C,802,-0.01483809136219087
B3,43,xy_bytype_r3,13,2,C-O,420,-0.3708086182343123
B3,43,xy_bytype_r3,13,3,C=O,260,0.5236847480211436
B3,43,xy_bytype_r3,13,4,C=C,258,0.6393659353567327
B3,43,xy_bytype_r3,13,5,C=N,180,0.1634801928267248
B3,43,xy_bytype_r3,13,6,C#C,162,-1.890280077696438
B3,43,xy_bytype_r3,13,7,H-O,108,0.45311905378738127
B3,43,xy_bytype_r3,13,8,C-N,73,0.4071324434325855
B3,43,xy_bytype_r3,13,9,H-N,70,0.48784641919794564
B3,43,xy_bytype_r3,13,10,N-O,57,-0.8694587527288768
B3,43,xy_bytype_r3,13,11,N-N,23,-0.5612554072155941
B3,43,xy_bytype_r3,13,12,N=N,7,-0.33093111795583224
B3,43,xy_bytype_r3,13,13,C#N,4,-0.2707866654257887
B3,43,xy_bytype_r3,13,14,C#O,2,0.19987956307611343
B3,44,zz_bytype_r3,13,0,H-C,1833,-0.25567135630366117
B3,44,zz_bytype_r3,13,1,C-C,891,0.04700087973642258
B3,44,zz_bytype_r3,13,2,C-O,454,0.34740298409567577
B3,44,zz_bytype_r3,13,3,C=O,305,-0.41965005397272265
B3,44,zz_bytype_r3,13,4,C=C,290,0.0072833398909733
B3,44,zz_bytype_r3,13,5,C=N,187,0.0934625982392077
B3,44,zz_bytype_r3,13,6,C#C,171,1.8715567062276695
B3,44,zz_bytype_r3,13,7,H-O,116,-0.039359182445398336
B3,44,zz_bytype_r3,13,8,H-N,70,-0.3889940035607518
B3,44,zz_bytype_r3,13,9,C-N,65,-0.004719763409842043
B3,44,zz_bytype_r3,13,10,N-O,64,0.6879719072043321
B3,44,zz_bytype_r3,13,11,N-N,20,0.44497287452716183
B3,44,zz_bytype_r3,13,12,C#N,11,-0.9649875926675463
B3,44,zz_bytype_r3,13,13,N=N,6,0.17707794153367984
B3,44,xy_bytype_r3,13,0,H-C,1833,0.3117803777667132
B3,44,xy_bytype_r3,13,1,C-C,891,0.003380592973328966
B3,44,xy_bytype_r3,13,2,C-O,454,0.42986943550202583
B3,44,xy_bytype_r3,13,3,C=O,305,-0.7304967750558742
B3,44,xy_bytype_r3,13,4,C=C,290,-0.06479214725668575
B3,44,xy_bytype_r3,13,5,C=N,187,0.07713160450017655
B3,44,xy_bytype_r3,13,6,C#C,171,2.3601674376585833
B3,44,xy_bytype_r3,13,7,H-O,116,-0.043945240837088326
B3,44,xy_bytype_r3,13,8,H-N,70,0.36311417812327995
B3,44,xy_bytype_r3,13,9,C-N,65,0.39791800341055406
B3,44,xy_bytype_r3,13,10,N-O,64,0.8254014050398895
B3,44,xy_bytype_r3,13,11,N-N,20,0.7610718654928575
B3,44,xy_bytype_r3,13,12,C#N,11,0.19902731690339592
B3,44,xy_bytype_r3,13,13,N=N,6,0.38347188219061756
B3,45,zz_bytype_r3,13,0,H-C,1792,0.5220083249472499
B3,45,zz_bytype_r3,13,1,C-C,926,-0.05730885681602075
B3,45,zz_bytype_r3,13,2,C-O,447,0.2451128740103083
B3,45,zz_bytype_r3,13,3,C=O,287,-0.36797948584030743
B3,45,zz_bytype_r3,13,4,C=C,236,-1.055731411891943
B3,45,zz_bytype_r3,13,5,C#C,190,0.26737814578878283
B3,45,zz_bytype_r3,13,6,C=N,186,-0.10427467139811498
B3,45,zz_bytype_r3,13,7,H-O,119,-0.1054397370418416
B3,45,zz_bytype_r3,13,8,C-N,67,-0.5344465042990565
B3,45,zz_bytype_r3,13,9,H-N,65,0.9138307593373866
B3,45,zz_bytype_r3,13,10,N-O,57,0.6458475219855105
B3,45,zz_bytype_r3,13,11,N-N,27,0.5267179281820279
B3,45,zz_bytype_r3,13,12,C#N,7,-0.11339713315233879
B3,45,zz_bytype_r3,13,13,N=N,6,0.28004979158254023
B3,45,xy_bytype_r3,13,0,H-C,1792,-0.15497827509278592
B3,45,xy_bytype_r3,13,1,C-C,926,-0.021642900710057044
B3,45,xy_bytype_r3,13,2,C-O,447,0.38456504992692786
B3,45,xy_bytype_r3,13,3,C=O,287,0.06814937111893217
B3,45,xy_bytype_r3,13,4,C=C,236,0.23959492795033632
B3,45,xy_bytype_r3,13,5,C#C,190,-0.8856614541552168
B3,45,xy_bytype_r3,13,6,C=N,186,0.22100636224026862
B3,45,xy_bytype_r3,13,7,H-O,119,-0.08791336621212179
B3,45,xy_bytype_r3,13,8,C-N,67,0.46476973917873454
B3,45,xy_bytype_r3,13,9,H-N,65,1.2489180980435182
B3,45,xy_bytype_r3,13,10,N-O,57,0.8940115095575608
B3,45,xy_bytype_r3,13,11,N-N,27,-1.525554477078742
B3,45,xy_bytype_r3,13,12,C#N,7,0.2974153498785729
B3,45,xy_bytype_r3,13,13,N=N,6,-1.5407444190445778
B3,46,zz_bytype_r3,13,0,H-C,1791,2.390289420088008
B3,46,zz_bytype_r3,13,1,C-C,918,-0.2704140243755201
B3,46,zz_bytype_r3,13,2,C-O,451,0.4227711133742738
B3,46,zz_bytype_r3,13,3,C=O,280,0.18568085761253453
B3,46,zz_bytype_r3,13,4,C=C,272,-0.7794741576272699
B3,46,zz_bytype_r3,13,5,C=N,187,-0.31444741125886433
B3,46,zz_bytype_r3,13,6,C#C,150,0.4145508918122364
B3,46,zz_bytype_r3,13,7,H-O,124,-1.2616502789717083
B3,46,zz_bytype_r3,13,8,C-N,75,0.27011552152037344
B3,46,zz_bytype_r3,13,9,H-N,66,0.6793342795124883
B3,46,zz_bytype_r3,13,10,N-O,56,1.057035223319087
B3,46,zz_bytype_r3,13,11,N-N,24,0.8021759404210103
B3,46,zz_bytype_r3,13,12,C#N,11,-0.4069303806249528
B3,46,zz_bytype_r3,13,13,N=N,7,0.5516130949576921
B3,46,zz_bytype_r3,13,14,C#O,2,1.3568110312722628
B3,46,xy_bytype_r3,13,0,H-C,1791,0.11410886588288131
B3,46,xy_bytype_r3,13,1,C-C,918,-0.1131639518925903
B3,46,xy_bytype_r3,13,2,C-O,451,0.2688919142673557
B3,46,xy_bytype_r3,13,3,C=O,280,-0.31337658520966544
B3,46,xy_bytype_r3,13,4,C=C,272,0.12805219413111596
B3,46,xy_bytype_r3,13,5,C=N,187,-0.17851350372766037
B3,46,xy_bytype_r3,13,6,C#C,150,-1.7862456488727538
B3,46,xy_bytype_r3,13,7,H-O,124,-0.5596515488099665
B3,46,xy_bytype_r3,13,8,C-N,75,0.12099257359598137
B3,46,xy_bytype_r3,13,9,H-N,66,0.23770112063216375
B3,46,xy_bytype_r3,13,10,N-O,56,0.9445004783593345
B3,46,xy_bytype_r3,13,11,N-N,24,0.4769013073063851
B3,46,xy_bytype_r3,13,12,C#N,11,0.05358402251103519
B3,46,xy_bytype_r3,13,13,N=N,7,0.15730282051699537
B3,46,xy_bytype_r3,13,14,C#O,2,0.4010182982841026
B3,47,zz_bytype_r3,13,0,H-C,1728,-0.4720632644406529
B3,47,zz_bytype_r3,13,1,C-C,899,0.10664136216979171
B3,47,zz_bytype_r3,13,2,C-O,423,0.32577310507500545
B3,47,zz_bytype_r3,13,3,C=O,275,-0.357708201773406
B3,47,zz_bytype_r3,13,4,C=C,253,-0.4261269178931827
B3,47,zz_bytype_r3,13,5,C=N,192,0.12358584159890675
B3,47,zz_bytype_r3,13,6,C#C,180,1.9963356000997756
B3,47,zz_bytype_r3,13,7,H-O,123,0.29436807090825623
B3,47,zz_bytype_r3,13,8,H-N,76,0.7420316620459929
B3,47,zz_bytype_r3,13,9,C-N,75,0.3218679991070581
B3,47,zz_bytype_r3,13,10,N-O,63,0.7824116299734057
B3,47,zz_bytype_r3,13,11,N-N,23,0.6976713140500577
B3,47,zz_bytype_r3,13,12,C#N,11,0.48168185123995305
B3,47,zz_bytype_r3,13,13,N=N,5,0.2727415457161215
B3,47,zz_bytype_r3,13,14,C#O,2,-0.4397569958717857
B3,47,xy_bytype_r3,13,0,H-C,1728,0.9138565238345969
B3,47,xy_bytype_r3,13,1,C-C,899,0.025410224952623385
B3,47,xy_bytype_r3,13,2,C-O,423,-0.21358899479790663
B3,47,xy_bytype_r3,13,3,C=O,275,0.4669096251130206
B3,47,xy_bytype_r3,13,4,C=C,253,-0.178491074794478
B3,47,xy_bytype_r3,13,5,C=N,192,0.39769610636534464
B3,47,xy_bytype_r3,13,6,C#C,180,1.3660439597298188
B3,47,xy_bytype_r3,13,7,H-O,123,-0.11941738125561546
B3,47,xy_bytype_r3,13,8,H-N,76,0.6065811198494376
B3,47,xy_bytype_r3,13,9,C-N,75,0.1850255513072346
B3,47,xy_bytype_r3,13,10,N-O,63,-1.3018341476618738
B3,47,xy_bytype_r3,13,11,N-N,23,-0.6932607650483492
B3,47,xy_bytype_r3,13,12,C#N,11,0.32712007748047517
B3,47,xy_bytype_r3,13,13,N=N,5,-0.04438071142565212
B3,47,xy_bytype_r3,13,14,C#O,2,0.5355398869881196
B3,48,zz_bytype_r3,13,0,H-C,1730,0.6227490652254549
B3,48,zz_bytype_r3,13,1,C-C,860,-0.25471929211618655
B3,48,zz_bytype_r3,13,2,C-O,426,0.28089048004355516
B3,48,zz_bytype_r3,13,3,C=O,300,-0.12181953631505514
B3,48,zz_bytype_r3,13,4,C=C,261,-0.5526658708275961
B3,48,zz_bytype_r3,13,5,C#C,178,0.3169759822225045
B3,48,zz_bytype_r3,13,6,C=N,170,-0.31956405858750264
B3,48,zz_bytype_r3,13,7,H-O,120,0.11564930691489111
B3,48,zz_bytype_r3,13,8,C-N,69,0.097799806588058
B3,48,zz_bytype_r3,13,9,H-N,63,0.11884531056956217
B3,48,zz_bytype_r3,13,10,N-O,59,1.0720037372568603
B3,48,zz_bytype_r3,13,11,N-N,22,0.7389087269338857
B3,48,zz_bytype_r3,13,12,N=N,8,0.6091267207146542
B3,48,zz_bytype_r3,13,13,C#N,4,-1.936376458522844
B3,48,zz_bytype_r3,13,14,C#O,2,0.400296537293187
B3,48,xy_bytype_r3,13,0,H-C,1730,1.0101813423539054
B3,48,xy_bytype_r3,13,1,C-C,860,0.18477728435553445
B3,48,xy_bytype_r3,13,2,C-O,426,0.05504250266657732
B3,48,xy_bytype_r3,13,3,C=O,300,0.41548222527090634
B3,48,xy_bytype_r3,13,4,C=C,261,0.6972403464545119
B3,48,xy_bytype_r3,13,5,C#C,178,-0.3634853681336778
B3,48,xy_bytype_r3,13,6,C=N,170,0.25637267130005875
B3,48,xy_bytype_r3,13,7,H-O,120,0.25363252653733115
B3,48,xy_bytype_r3,13,8,C-N,69,0.09155403254612977
B3,48,xy_bytype_r3,13,9,H-N,63,1.37345663955789
B3,48,xy_bytype_r3,13,10,N-O,59,-0.575829399982408
B3,48,xy_bytype_r3,13,11,N-N,22,-0.20654880778269175
B3,48,xy_bytype_r3,13,12,N=N,8,-0.03294962020331292
B3,48,xy_bytype_r3,13,13,C#N,4,-0.18010483934285074
B3,48,xy_bytype_r3,13,14,C#O,2,0.41342072316530704
B3,49,zz_bytype_r3,13,0,H-C,1800,0.09833425502712527
B3,49,zz_bytype_r3,13,1,C-C,926,0.023447139737635
B3,49,zz_bytype_r3,13,2,C-O,425,0.31424318097947435
B3,49,zz_bytype_r3,13,3,C=O,304,-0.8523877329687575
B3,49,zz_bytype_r3,13,4,C=C,266,-0.2946302642051986
B3,49,zz_bytype_r3,13,5,C=N,187,0.07328815192467479
B3,49,zz_bytype_r3,13,6,C#C,162,-0.8236066073652574
B3,49,zz_bytype_r3,13,7,H-O,113,-2.062058545003256
B3,49,zz_bytype_r3,13,8,C-N,65,0.02166840787873351
B3,49,zz_bytype_r3,13,9,H-N,63,-0.3162494488427867
B3,49,zz_bytype_r3,13,10,N-O,62,0.6204300259513842
B3,49,zz_bytype_r3,13,11,N-N,28,0.4152849584580679
B3,49,zz_bytype_r3,13,12,C#N,11,0.10750199873354607
B3,49,zz_bytype_r3,13,13,N=N,7,0.17696986030225087
B3,49,zz_bytype_r3,13,14,C#O,2,-0.5647732955835756
B3,49,xy_bytype_r3,13,0,H-C,1800,-0.546214185334071
B3,49,xy_bytype_r3,13,1,C-C,926,0.007422536762146179
B3,49,xy_bytype_r3,13,2,C-O,425,0.314958977753783
B3,49,xy_bytype_r3,13,3,C=O,304,-0.30836088201580264
B3,49,xy_bytype_r3,13,4,C=C,266,0.02400628920904664
B3,49,xy_bytype_r3,13,5,C=N,187,-0.09779326055711073
B3,49,xy_bytype_r3,13,6,C#C,162,1.8362389435378257
B3,49,xy_bytype_r3,13,7,H-O,113,0.923396357607721
B3,49,xy_bytype_r3,13,8,C-N,65,0.2541666664517319
B3,49,xy_bytype_r3,13,9,H-N,63,1.1192855941384277
B3,49,xy_bytype_r3,13,10,N-O,62,0.9969994904623963
B3,49,xy_bytype_r3,13,11,N-N,28,0.40466306018587983
B3,49,xy_bytype_r3,13,12,C#N,11,0.06113482346179392
B3,49,xy_bytype_r3,13,13,N=N,7,0.142960746472609
B3,49,xy_bytype_r3,13,14,C#O,2,-0.8291626657431528
B3,50,zz_bytype_r3,13,0,H-C,1684,0.2569030803267771
B3,50,zz_bytype_r3,13,1,C-C,859,0.019598978729680423
B3,50,zz_bytype_r3,13,2,C-O,397,0.4382157782505862
B3,50,zz_bytype_r3,13,3,C=O,283,-0.33110967921457024
B3,50,zz_bytype_r3,13,4,C=C,277,-0.438195118985333
B3,50,zz_bytype_r3,13,5,C=N,196,0.0013057550991697553
B3,50,zz_bytype_r3,13,6,C#C,162,1.468032535030551
B3,50,zz_bytype_r3,13,7,H-O,130,-1.5879065080355284
B3,50,zz_bytype_r3,13,8,C-N,66,-0.5791810413877919
B3,50,zz_bytype_r3,13,9,H-N,65,1.7379163323233495
B3,50,zz_bytype_r3,13,10,N-O,56,0.9357634137637226
B3,50,zz_bytype_r3,13,11,N-N,24,0.6788027330288684
B3,50,zz_bytype_r3,13,12,N=N,9,0.37967286654188603
B3,50,zz_bytype_r3,13,13,C#N,4,0.00371847010117354
B3,50,zz_bytype_r3,13,14,C#O,2,-0.23890853763553907
B3,50,xy_bytype_r3,13,0,H-C,1684,0.5913241582721555
B3,50,xy_bytype_r3,13,1,C-C,859,-0.08283897219733058
B3,50,xy_bytype_r3,13,2,C-O,397,0.2614941849520356
B3,50,xy_bytype_r3,13,3,C=O,283,-0.31458603776699334
B3,50,xy_bytype_r3,13,4,C=C,277,-0.17095757463205197
B3,50,xy_bytype_r3,13,5,C=N,196,-0.1073049870881568
B3,50,xy_bytype_r3,13,6,C#C,162,-1.753145517506286
B3,50,xy_bytype_r3,13,7,H-O,130,-0.4732807941161075
B3,50,xy_bytype_r3,13,8,C-N,66,0.3595849626410156
B3,50,xy_bytype_r3,13,9,H-N,65,0.4785948084726262
B3,50,xy_bytype_r3,13,10,N-O,56,0.9120910189316606
B3,50,xy_bytype_r3,13,11,N-N,24,0.39167045192584604
B3,50,xy_bytype_r3,13,12,N=N,9,0.15050871678162364
B3,50,xy_bytype_r3,13,13,C#N,4,-0.10057035223818288
B3,50,xy_bytype_r3,13,14,C#O,2,-1.5513835967137943
B3,51,zz_bytype_r3,13,0,H-C,1837,0.6307590628898326
B3,51,zz_bytype_r3,13,1,C-C,965,0.04149064363740114
B3,51,zz_bytype_r3,13,2,C-O,459,0.16561500552533476
B3,51,zz_bytype_r3,13,3,C=O,296,0.005847488284166097
B3,51,zz_bytype_r3,13,4,C=C,252,-0.2406374203977738
B3,51,zz_bytype_r3,13,5,C=N,191,-0.05786769770014113
B3,51,zz_bytype_r3,13,6,C#C,182,0.838345767679595
B3,51,zz_bytype_r3,13,7,H-O,137,-0.6536136053365919
B3,51,zz_bytype_r3,13,8,C-N,73,0.11922986275862936
B3,51,zz_bytype_r3,13,9,H-N,71,0.2752218632751763
B3,51,zz_bytype_r3,13,10,N-O,61,0.9094991809237697
B3,51,zz_bytype_r3,13,11,N-N,20,0.5126432183170438
B3,51,zz_bytype_r3,13,12,C#N,11,0.375361407059115
B3,51,zz_bytype_r3,13,13,N=N,8,0.2530626755111955
B3,51,xy_bytype_r3,13,0,H-C,1837,0.6129392776162902
B3,51,xy_bytype_r3,13,1,C-C,965,-0.044323533336306106
B3,51,xy_bytype_r3,13,2,C-O,459,0.4361342052154288
B3,51,xy_bytype_r3,13,3,C=O,296,-0.004007876857905894
B3,51,xy_bytype_r3,13,4,C=C,252,0.6995543896776506
B3,51,xy_bytype_r3,13,5,C=N,191,0.1063850013606663
B3,51,xy_bytype_r3,13,6,C#C,182,-1.510981599690728
B3,51,xy_bytype_r3,13,7,H-O,137,-0.24494953416432513
B3,51,xy_bytype_r3,13,8,C-N,73,0.47491952966368717
B3,51,xy_bytype_r3,13,9,H-N,71,0.8750559795200457
B3,51,xy_bytype_r3,13,10,N-O,61,1.557420077638149
B3,51,xy_bytype_r3,13,11,N-N,20,-2.7865726207028922
B3,51,xy_bytype_r3,13,12,C#N,11,0.8043299481175125
B3,51,xy_bytype_r3,13,13,N=N,8,-2.2431233946133724
B3,52,zz_bytype_r3,13,0,H-C,1677,-0.24003939778905906
B3,52,zz_bytype_r3,13,1,C-C,877,-0.06990055079764779
B3,52,zz_bytype_r3,13,2,C-O,430,0.1755370936804657
B3,52,zz_bytype_r3,13,3,C=O,267,-0.21966526305978926
B3,52,zz_bytype_r3,13,4,C=C,261,1.889672262002865
B3,52,zz_bytype_r3,13,5,C=N,189,-0.11626111008376522
B3,52,zz_bytype_r3,13,6,C#C,156,-0.33160640577345646
B3,52,zz_bytype_r3,13,7,H-O,129,-0.3073228363868387
B3,52,zz_bytype_r3,13,8,C-N,70,0.11389491394832621
B3,52,zz_bytype_r3,13,9,H-N,68,0.2974975063058692
B3,52,zz_bytype_r3,13,10,N-O,55,0.5701716274129449
B3,52,zz_bytype_r3,13,11,N-N,23,0.3428464177722839
B3,52,zz_bytype_r3,13,12,C#N,11,-0.1979946921098391
B3,52,zz_bytype_r3,13,13,N=N,8,0.25968501877812566
B3,52,zz_bytype_r3,13,14,C#O,2,0.6903883936924241
B3,52,xy_bytype_r3,13,0,H-C,1677,0.8357404285330439
B3,52,xy_bytype_r3,13,1,C-C,877,-0.007250836627654465
B3,52,xy_bytype_r3,13,2,C-O,430,0.34311165899440793
B3,52,xy_bytype_r3,13,3,C=O,267,-0.23860142925317251
B3,52,xy_bytype_r3,13,4,C=C,261,-0.538547658648676
B3,52,xy_bytype_r3,13,5,C=N,189,-0.1527899970719131
B3,52,xy_bytype_r3,13,6,C#C,156,2.3297079599098485
B3,52,xy_bytype_r3,13,7,H-O,129,0.5006541189822525
B3,52,xy_bytype_r3,13,8,C-N,70,0.2056191329194765
B3,52,xy_bytype_r3,13,9,H-N,68,1.0481755021112273
B3,52,xy_bytype_r3,13,10,N-O,55,0.9893306477204359
B3,52,xy_bytype_r3,13,11,N-N,23,0.42246196369632094
B3,52,xy_bytype_r3,13,12,C#N,11,0.1795831928824984
B3,52,xy_bytype_r3,13,13,N=N,8,0.1806564987974116
B3,52,xy_bytype_r3,13,14,C#O,2,-0.7726937759514542
B3,53,zz_bytype_r3,13,0,H-C,1901,0.32280316872655596
B3,53,zz_bytype_r3,13,1,C-C,993,-0.016599348170655344
B3,53,zz_bytype_r3,13,2,C-O,465,0.08315516864443641
B3,53,zz_bytype_r3,13,3,C=O,335,0.00904471975330924
B3,53,zz_bytype_r3,13,4,C=C,262,-0.8497331376202275
B3,53,zz_bytype_r3,13,5,C#C,183,1.740772391122871
B3,53,zz_bytype_r3,13,6,C=N,175,0.2648363602244367
B3,53,zz_bytype_r3,13,7,H-O,137,-0.11149372545132058
B3,53,zz_bytype_r3,13,8,C-N,65,0.6076255539970827
B3,53,zz_bytype_r3,13,9,H-N,61,-1.4245997790383842
B3,53,zz_bytype_r3,13,10,N-O,50,0.29844448186638367
B3,53,zz_bytype_r3,13,11,N-N,22,-1.3295236484965993
B3,53,zz_bytype_r3,13,12,N=N,6,-0.6098568278688365
B3,53,zz_bytype_r3,13,13,C#N,4,1.100721737990521
B3,53,xy_bytype_r3,13,0,H-C,1901,2.169678666354656
B3,53,xy_bytype_r3,13,1,C-C,993,0.5651332816797677
B3,53,xy_bytype_r3,13,2,C-O,465,0.911852948908644
B3,53,xy_bytype_r3,13,3,C=O,335,0.5144797336991107
B3,53,xy_bytype_r3,13,4,C=C,262,0.34526854482669256
B3,53,xy_bytype_r3,13,5,C#C,183,3.3775761359132557
B3,53,xy_bytype_r3,13,6,C=N,175,0.23970205164401936
B3,53,xy_bytype_r3,13,7,H-O,137,0.5103521378241426
B3,53,xy_bytype_r3,13,8,C-N,65,0.595639645703093
B3,53,xy_bytype_r3,13,9,H-N,61,-1.2216055062502629
B3,53,xy_bytype_r3,13,10,N-O,50,-1.0998868725551436
B3,53,xy_bytype_r3,13,11,N-N,22,-0.7620664262169935
B3,53,xy_bytype_r3,13,12,N=N,6,-0.6472929767110518
B3,53,xy_bytype_r3,13,13,C#N,4,0.1006000662273867
B3,54,zz_bytype_r3,13,0,H-C,1788,0.5017900827228459
B3,54,zz_bytype_r3,13,1,C-C,908,-0.035148977702977986
B3,54,zz_bytype_r3,13,2,C-O,431,0.4206699106185495
B3,54,zz_bytype_r3,13,3,C=O,321,0.16898597572791782
B3,54,zz_bytype_r3,13,4,C=C,262,0.5564776158561275
B3,54,zz_bytype_r3,13,5,C#C,181,-0.7954554629659871
B3,54,zz_bytype_r3,13,6,C=N,166,-0.2290630688068844
B3,54,zz_bytype_r3,13,7,H-O,110,-0.4596177054277524
B3,54,zz_bytype_r3,13,8,C-N,75,0.40838688980901716
B3,54,zz_bytype_r3,13,9,H-N,69,-0.15055948672095282
B3,54,zz_bytype_r3,13,10,N-O,49,0.9828783021791951
B3,54,zz_bytype_r3,13,11,N-N,22,0.7765817371242515
B3,54,zz_bytype_r3,13,12,C#N,11,-0.777080446589329
B3,54,zz_bytype_r3,13,13,N=N,5,0.6593754797626661
B3,54,zz_bytype_r3,13,14,C#O,2,0.8641487375786212
B3,54,xy_bytype_r3,13,0,H-C,1788,-0.04925013983022336
B3,54,xy_bytype_r3,13,1,C-C,908,-0.07342988391404362
B3,54,xy_bytype_r3,13,2,C-O,431,0.22776354148591219
B3,54,xy_bytype_r3,13,3,C=O,321,-0.12191005227449377
B3,54,xy_bytype_r3,13,4,C=C,262,-0.43825292769175606
B3,54,xy_bytype_r3,13,5,C#C,181,0.6644357231630539
B3,54,xy_bytype_r3,13,6,C=N,166,-0.10523369378087813
B3,54,xy_bytype_r3,13,7,H-O,110,0.357180795067814
B3,54,xy_bytype_r3,13,8,C-N,75,0.14962144418770496
B3,54,xy_bytype_r3,13,9,H-N,69,1.0057989266734306
B3,54,xy_bytype_r3,13,10,N-O,49,0.8695165885371997
B3,54,xy_bytype_r3,13,11,N-N,22,0.39595340092746345
B3,54,xy_bytype_r3,13,12,C#N,11,0.14251490574252101
B3,54,xy_bytype_r3,13,13,N=N,5,0.1373031527974442
B3,54,xy_bytype_r3,13,14,C#O,2,3.302851021343458
B3,55,zz_bytype_r3,13,0,H-C,1841,0.5332813972169432
B3,55,zz_bytype_r3,13,1,C-C,967,-0.09967998237801316
B3,55,zz_bytype_r3,13,2,C-O,462,0.301350881583304
B3,55,zz_bytype_r3,13,3,C=O,318,-0.030423825044576563
B3,55,zz_bytype_r3,13,4,C=C,280,-0.45576371089065404
B3,55,zz_bytype_r3,13,5,C=N,164,-0.18311091996266524
B3,55,zz_bytype_r3,13,6,C#C,155,0.7165994378248544
B3,55,zz_bytype_r3,13,7,H-O,119,-0.3763032218956933
B3,55,zz_bytype_r3,13,8,C-N,68,0.1121533888761945
B3,55,zz_bytype_r3,13,9,H-N,68,-0.06131702403369785
B3,55,zz_bytype_r3,13,10,N-O,58,0.9005826535665421
B3,55,zz_bytype_r3,13,11,N-N,22,0.42810382225017135
B3,55,zz_bytype_r3,13,12,C#N,11,0.02945292309079306
B3,55,zz_bytype_r3,13,13,N=N,7,0.2205784455156909
B3,55,xy_bytype_r3,13,0,H-C,1841,-0.21635485454324732
B3,55,xy_bytype_r3,13,1,C-C,967,0.3746288765484414
B3,55,xy_bytype_r3,13,2,C-O,462,-0.012086847087940854
B3,55,xy_bytype_r3,13,3,C=O,318,0.06589176911559415
B3,55,xy_bytype_r3,13,4,C=C,280,0.7141999079544089
B3,55,xy_bytype_r3,13,5,C=N,164,-0.16378296183354105
B3,55,xy_bytype_r3,13,6,C#C,155,-0.2563223508355919
B3,55,xy_bytype_r3,13,7,H-O,119,-0.6111833709610222
B3,55,xy_bytype_r3,13,8,C-N,68,0.10882865669102076
B3,55,xy_bytype_r3,13,9,H-N,68,0.2268003012129361
B3,55,xy_bytype_r3,13,10,N-O,58,0.22876958685304136
B3,55,xy_bytype_r3,13,11,N-N,22,-0.6339007797780702
B3,55,xy_bytype_r3,13,12,C#N,11,-0.0373851027893471
B3,55,xy_bytype_r3,13,13,N=N,7,-0.299892977096713
B3,56,zz_bytype_r3,13,0,H-C,1836,0.822390312239601
B3,56,zz_bytype_r3,13,1,C-C,920,0.06623462664913093
B3,56,zz_bytype_r3,13,2,C-O,443,0.4238965572184658
B3,56,zz_bytype_r3,13,3,C=O,313,-0.2696151740287375
B3,56,zz_bytype_r3,13,4,C=C,300,0.06750549748142912
B3,56,zz_bytype_r3,13,5,C=N,179,0.1006912076609383
B3,56,zz_bytype_r3,13,6,C#C,163,-2.3303561126356334
B3,56,zz_bytype_r3,13,7,H-O,118,-0.6940683904088841
B3,56,zz_bytype_r3,13,8,C-N,57,0.14924170523563599
B3,56,zz_bytype_r3,13,9,H-N,57,-0.7978584033757465
B3,56,zz_bytype_r3,13,10,N-O,55,0.6172896960415232
B3,56,zz_bytype_r3,13,11,N-N,24,0.5750459245328242
B3,56,zz_bytype_r3,13,12,C#N,11,-0.7219908936182494
B3,56,zz_bytype_r3,13,13,N=N,6,0.15107387205551207
B3,56,xy_bytype_r3,13,0,H-C,1836,-0.2181340469076265
B3,56,xy_bytype_r3,13,1,C-C,920,-0.09122278315177212
B3,56,xy_bytype_r3,13,2,C-O,443,0.38864820679006706
B3,56,xy_bytype_r3,13,3,C=O,313,-0.4970898992525739
B3,56,xy_bytype_r3,13,4,C=C,300,0.2047043731611781
B3,56,xy_bytype_r3,13,5,C=N,179,-0.0320112681064248
B3,56,xy_bytype_r3,13,6,C#C,163,-2.351006711390924
B3,56,xy_bytype_r3,13,7,H-O,118,0.4359606189531159
B3,56,xy_bytype_r3,13,8,C-N,57,0.3033873635331507
B3,56,xy_bytype_r3,13,9,H-N,57,1.3861244831200694
B3,56,xy_bytype_r3,13,10,N-O,55,0.9579266315033239
B3,56,xy_bytype_r3,13,11,N-N,24,0.5161056398578845
B3,56,xy_bytype_r3,13,12,C#N,11,-0.267616875353246
B3,56,xy_bytype_r3,13,13,N=N,6,0.2740004149489299
B3,57,zz_bytype_r3,13,0,H-C,1781,1.0148752591606058
B3,57,zz_bytype_r3,13,1,C-C,925,-0.0952833160391201
B3,57,zz_bytype_r3,13,2,C-O,461,0.39073887740906454
B3,57,zz_bytype_r3,13,3,C=O,303,0.053683173791725707
B3,57,zz_bytype_r3,13,4,C=C,225,0.4150309464033303
B3,57,zz_bytype_r3,13,5,C#C,191,-0.8695664010774469
B3,57,zz_bytype_r3,13,6,C=N,164,-0.9195774824491547
B3,57,zz_bytype_r3,13,7,H-O,122,-0.23611590997437903
B3,57,zz_bytype_r3,13,8,H-N,64,1.6500821491425093
B3,57,zz_bytype_r3,13,9,C-N,60,-1.2255708044925608
B3,57,zz_bytype_r3,13,10,N-O,54,0.5956600305966345
B3,57,zz_bytype_r3,13,11,N-N,22,0.584369903672523
B3,57,zz_bytype_r3,13,12,C#N,11,0.5419472983319976
B3,57,zz_bytype_r3,13,13,N=N,6,0.197625583982449
B3,57,zz_bytype_r3,13,14,C#O,2,-0.36975688529114614
B3,57,xy_bytype_r3,13,0,H-C,1781,0.2826618945796085
B3,57,xy_bytype_r3,13,1,C-C,925,-7.774633398704945e-05
B3,57,xy_bytype_r3,13,2,C-O,461,-0.32177532742934156
B3,57,xy_bytype_r3,13,3,C=O,303,0.01480097030935331
B3,57,xy_bytype_r3,13,4,C=C,225,0.6459747813593026
B3,57,xy_bytype_r3,13,5,C#C,191,-1.3985576726736986
B3,57,xy_bytype_r3,13,6,C=N,164,-0.036262396008059146
B3,57,xy_bytype_r3,13,7,H-O,122,-0.39089519573260073
B3,57,xy_bytype_r3,13,8,H-N,64,0.2563131499704061
B3,57,xy_bytype_r3,13,9,C-N,60,-0.2619343594478891
B3,57,xy_bytype_r3,13,10,N-O,54,-0.79990095876748
B3,57,xy_bytype_r3,13,11,N-N,22,-0.6618291806110067
B3,57,xy_bytype_r3,13,12,C#N,11,-0.1984225600034746
B3,57,xy_bytype_r3,13,13,N=N,6,-0.21098163040585818
B3,57,xy_bytype_r3,13,14,C#O,2,0.9132839293593552
B3,58,zz_bytype_r3,13,0,H-C,1874,1.2978624056939798
B3,58,zz_bytype_r3,13,1,C-C,960,-0.14517724839539467
B3,58,zz_bytype_r3,13,2,C-O,447,0.5192997131479624
B3,58,zz_bytype_r3,13,3,C=O,327,-0.2143685330089179
B3,58,zz_bytype_r3,13,4,C=C,278,0.4246089024328142
B3,58,zz_bytype_r3,13,5,C#C,189,-1.0367618102024776
B3,58,zz_bytype_r3,13,6,C=N,175,-0.03258920321498713
B3,58,zz_bytype_r3,13,7,H-O,130,-0.40335721920760254
B3,58,zz_bytype_r3,13,8,C-N,66,0.5511335493650987
B3,58,zz_bytype_r3,13,9,H-N,60,0.8073390557965969
B3,58,zz_bytype_r3,13,10,N-O,56,1.2739385514086783
B3,58,zz_bytype_r3,13,11,N-N,19,1.04124246977098
B3,58,zz_bytype_r3,13,12,C#N,7,0.6355222132519482
B3,58,zz_bytype_r3,13,13,N=N,4,0.558973843761238
B3,58,zz_bytype_r3,13,14,C#O,2,0.6385880718460671
B3,58,xy_bytype_r3,13,0,H-C,1874,0.6552035458603686
B3,58,xy_bytype_r3,13,1,C-C,960,0.2055684336477336
B3,58,xy_bytype_r3,13,2,C-O,447,0.4344315995935544
B3,58,xy_bytype_r3,13,3,C=O,327,0.1530585417054232
B3,58,xy_bytype_r3,13,4,C=C,278,-0.5357609208629476
B3,58,xy_bytype_r3,13,5,C#C,189,1.377536045465769
B3,58,xy_bytype_r3,13,6,C=N,175,0.06876677398448067
B3,58,xy_bytype_r3,13,7,H-O,130,-0.36497651209789816
B3,58,xy_bytype_r3,13,8,C-N,66,0.27280005586938305
B3,58,xy_bytype_r3,13,9,H-N,60,0.6823581353910085
B3,58,xy_bytype_r3,13,10,N-O,56,1.253984188045417
B3,58,xy_bytype_r3,13,11,N-N,19,1.3379721701076122
B3,58,xy_bytype_r3,13,12,C#N,7,-0.7586026612419907
B3,58,xy_bytype_r3,13,13,N=N,4,1.0692353675958042
B3,58,xy_bytype_r3,13,14,C#O,2,-0.16926189992837828
B3,59,zz_bytype_r3,13,0,H-C,1680,1.371680473943724
B3,59,zz_bytype_r3,13,1,C-C,899,-0.1443099094282221
B3,59,zz_bytype_r3,13,2,C-O,398,0.1765169219650953
B3,59,zz_bytype_r3,13,3,C=O,282,-0.3295695318046943
B3,59,zz_bytype_r3,13,4,C=C,232,-0.8542440868542085
B3,59,zz_bytype_r3,13,5,C=N,177,-0.2942417245389209
B3,59,zz_bytype_r3,13,6,C#C,161,0.25694095478663065
B3,59,zz_bytype_r3,13,7,H-O,111,-0.5593610477047453
B3,59,zz_bytype_r3,13,8,C-N,67,0.14383752924369783
B3,59,zz_bytype_r3,13,9,H-N,67,0.3465819509090761
B3,59,zz_bytype_r3,13,10,N-O,63,0.8489294687168317
B3,59,zz_bytype_r3,13,11,N-N,20,0.7505578288785922
B3,59,zz_bytype_r3,13,12,C#N,11,0.6273635974273007
B3,59,zz_bytype_r3,13,13,N=N,9,0.38856689971851416
B3,59,xy_bytype_r3,13,0,H-C,1680,-0.031213529399451448
B3,59,xy_bytype_r3,13,1,C-C,899,-0.004215285927279201
B3,59,xy_bytype_r3,13,2,C-O,398,0.14545397343077288
B3,59,xy_bytype_r3,13,3,C=O,282,-0.051103808174061724
B3,59,xy_bytype_r3,13,4,C=C,232,0.14145400823494741
B3,59,xy_bytype_r3,13,5,C=N,177,0.023793556023978504
B3,59,xy_bytype_r3,13,6,C#C,161,-1.7595405949139427
B3,59,xy_bytype_r3,13,7,H-O,111,0.23926075806842362
B3,59,xy_bytype_r3,13,8,C-N,67,0.14239007387451508
B3,59,xy_bytype_r3,13,9,H-N,67,1.2795685669506829
B3,59,xy_bytype_r3,13,10,N-O,63,0.9273359199494406
B3,59,xy_bytype_r3,13,11,N-N,20,-1.6155861083103649
B3,59,xy_bytype_r3,13,12,C#N,11,0.06988414397298733
B3,59,xy_bytype_r3,13,13,N=N,9,-1.1526196550452552
B3,60,zz_bytype_r3,13,0,H-C,1825,-0.11830960771967536
B3,60,zz_bytype_r3,13,1,C-C,960,-0.04893453354521262
B3,60,zz_bytype_r3,13,2,C-O,439,0.2579556900550496
B3,60,zz_bytype_r3,13,3,C=O,305,-0.1836244542593208
B3,60,zz_bytype_r3,13,4,C=C,268,-0.024343278957475855
B3,60,zz_bytype_r3,13,5,C#C,176,1.8679044574597694
B3,60,zz_bytype_r3,13,6,C=N,173,-0.04039366974407582
B3,60,zz_bytype_r3,13,7,H-O,136,0.1656050794249196
B3,60,zz_bytype_r3,13,8,N-O,56,0.8350017005618142
B3,60,zz_bytype_r3,13,9,C-N,54,0.12094515381010253
B3,60,zz_bytype_r3,13,10,H-N,48,1.386125359750345
B3,60,zz_bytype_r3,13,11,N-N,21,0.47868807273617225
B3,60,zz_bytype_r3,13,12,C#N,11,-0.746777254922206
B3,60,zz_bytype_r3,13,13,N=N,7,0.38201346227509164
B3,60,zz_bytype_r3,13,14,C#O,2,-0.5054700133793538
B3,60,xy_bytype_r3,13,0,H-C,1825,0.7552961696696795
B3,60,xy_bytype_r3,13,1,C-C,960,-0.016359576312700515
B3,60,xy_bytype_r3,13,2,C-O,439,0.49860968832125524
B3,60,xy_bytype_r3,13,3,C=O,305,-0.3991018997163953
B3,60,xy_bytype_r3,13,4,C=C,268,0.467919149365579
B3,60,xy_bytype_r3,13,5,C#C,176,-0.7556425953245626
B3,60,xy_bytype_r3,13,6,C=N,173,0.16525330484851194
B3,60,xy_bytype_r3,13,7,H-O,136,0.2062021389959508
B3,60,xy_bytype_r3,13,8,N-O,56,0.8140020079257162
B3,60,xy_bytype_r3,13,9,C-N,54,0.7003560462436323
B3,60,xy_bytype_r3,13,10,H-N,48,0.9382872298342672
B3,60,xy_bytype_r3,13,11,N-N,21,0.8651133584407307
B3,60,xy_bytype_r3,13,12,C#N,11,-0.06493826958755523
B3,60,xy_bytype_r3,13,13,N=N,7,0.38356692116221003
B3,60,xy_bytype_r3,13,14,C#O,2,-0.811968389442926
B3,61,zz_bytype_r3,13,0,H-C,1926,1.2097433988470592
B3,61,zz_bytype_r3,13,1,C-C,973,-0.0708156169964047
B3,61,zz_bytype_r3,13,2,C-O,474,0.36043030442647633
B3,61,zz_bytype_r3,13,3,C=O,318,0.22613135199173165
B3,61,zz_bytype_r3,13,4,C=C,286,-0.44750353421230227
B3,61,zz_bytype_r3,13,5,C#C,195,1.3148017201427307
B3,61,zz_bytype_r3,13,6,C=N,165,0.13338299504690576
B3,61,zz_bytype_r3,13,7,H-O,137,-0.3371693804410885
B3,61,zz_bytype_r3,13,8,C-N,66,0.25180270003159977
B3,61,zz_bytype_r3,13,9,N-O,61,0.9038891856259578
B3,61,zz_bytype_r3,13,10,H-N,57,-0.11985056028926086
B3,61,zz_bytype_r3,13,11,N-N,19,0.9594964202996816
B3,61,zz_bytype_r3,13,12,C#N,11,0.5212952566992691
B3,61,zz_bytype_r3,13,13,N=N,8,0.3928407280203641
B3,61,zz_bytype_r3,13,14,C#O,2,0.34778449782806653
B3,61,xy_bytype_r3,13,0,H-C,1926,-0.5997743878522008
B3,61,xy_bytype_r3,13,1,C-C,973,-0.019226545413851617
B3,61,xy_bytype_r3,13,2,C-O,474,0.6046120465965794
B3,61,xy_bytype_r3,13,3,C=O,318,-0.4283671726319885
B3,61,xy_bytype_r3,13,4,C=C,286,0.32579445598846
B3,61,xy_bytype_r3,13,5,C#C,195,-2.0377790998341396
B3,61,xy_bytype_r3,13,6,C=N,165,-0.09646447141659416
B3,61,xy_bytype_r3,13,7,H-O,137,0.2710166952477976
B3,61,xy_bytype_r3,13,8,C-N,66,0.9989490307692349
B3,61,xy_bytype_r3,13,9,N-O,61,1.5235747524454528
B3,61,xy_bytype_r3,13,10,H-N,57,-0.6472159966347841
B3,61,xy_bytype_r3,13,11,N-N,19,0.6111559939650246
B3,61,xy_bytype_r3,13,12,C#N,11,0.06450121501270258
B3,61,xy_bytype_r3,13,13,N=N,8,0.16974321004533155
B3,61,xy_bytype_r3,13,14,C#O,2,0.12354898054412332
A1,42,zz_bytype_r3,11,0,H-C,1836,-0.03524628538058782
A1,42,zz_bytype_r3,11,1,C-C,798,0.028592385850965164
A1,42,zz_bytype_r3,11,2,C=C,526,0.12231707187531157
A1,42,zz_bytype_r3,11,3,C=N,320,-0.19671010202150352
A1,42,zz_bytype_r3,11,4,C=O,293,-0.3674299085815175
A1,42,zz_bytype_r3,11,5,C#C,279,-0.405582522354203
A1,42,zz_bytype_r3,11,6,C-O,228,0.12579941913953555
A1,42,zz_bytype_r3,11,7,C#N,220,-0.38366486988934234
A1,42,zz_bytype_r3,11,8,H-N,207,0.4622732563908041
A1,42,zz_bytype_r3,11,9,C-N,144,0.3372482305255265
A1,42,zz_bytype_r3,11,10,H-O,99,0.09864596603561694
A1,42,zz_bytype_r3,11,11,N-O,78,0.799291468156224
A1,42,zz_bytype_r3,11,12,C-S,77,-0.181355503602812
A1,42,zz_bytype_r3,11,13,O=S,32,0.292399103798317
A1,42,zz_bytype_r3,11,14,N-N,25,0.7709092234712456
A1,42,zz_bytype_r3,11,15,N-S,15,0.40958294487752556
A1,42,zz_bytype_r3,11,16,C-Cl,13,0.4111935348067878
A1,42,zz_bytype_r3,11,17,N=N,7,0.28510893747395627
A1,42,zz_bytype_r3,11,18,C#O,4,0.19251353825358805
A1,42,zz_bytype_r3,11,19,O#S,3,0.023049696707451144
A1,42,zz_bytype_r3,11,20,C=S,2,0.21899176361403053
A1,42,zz_bytype_r3,11,21,N#N,2,1.460987399460153
A1,42,zz_bytype_r3,11,22,O-S,2,-0.21249731679892264
A1,42,zz_bytype_r3,11,23,N=O,1,0.7262145329856924
A1,42,xy_bytype_r3,11,0,H-C,1836,0.08674380844811548
A1,42,xy_bytype_r3,11,1,C-C,798,0.06417026182157747
A1,42,xy_bytype_r3,11,2,C=C,526,0.27907161873799713
A1,42,xy_bytype_r3,11,3,C=N,320,0.04548731279098944
A1,42,xy_bytype_r3,11,4,C=O,293,-0.2723874362728039
A1,42,xy_bytype_r3,11,5,C#C,279,-0.577084488825423
A1,42,xy_bytype_r3,11,6,C-O,228,0.2299255825267227
A1,42,xy_bytype_r3,11,7,C#N,220,-0.07820912826585268
A1,42,xy_bytype_r3,11,8,H-N,207,0.2924690033086652
A1,42,xy_bytype_r3,11,9,C-N,144,0.3653432859819566
A1,42,xy_bytype_r3,11,10,H-O,99,-0.015879486023336054
A1,42,xy_bytype_r3,11,11,N-O,78,1.277032145860626
A1,42,xy_bytype_r3,11,12,C-S,77,-0.009635661459681137
A1,42,xy_bytype_r3,11,13,O=S,32,0.19405484490168964
A1,42,xy_bytype_r3,11,14,N-N,25,1.1571857217852057
A1,42,xy_bytype_r3,11,15,N-S,15,0.5057523886926281
A1,42,xy_bytype_r3,11,16,C-Cl,13,0.5229124634530714
A1,42,xy_bytype_r3,11,17,N=N,7,0.725544070448716
A1,42,xy_bytype_r3,11,18,C#O,4,-0.5127438904234896
A1,42,xy_bytype_r3,11,19,O#S,3,0.2445263796993376
A1,42,xy_bytype_r3,11,20,C=S,2,-0.36590790528339234
A1,42,xy_bytype_r3,11,21,N#N,2,2.1950047437551867
A1,42,xy_bytype_r3,11,22,O-S,2,-0.08837730270902
A1,42,xy_bytype_r3,11,23,N=O,1,1.7912726575511224
A1,43,zz_bytype_r3,11,0,H-C,1823,-0.5801021716437568
A1,43,zz_bytype_r3,11,1,C-C,748,-0.06291229235570268
A1,43,zz_bytype_r3,11,2,C=C,525,-0.2847971001806616
A1,43,zz_bytype_r3,11,3,C=N,330,-0.04926087857184105
A1,43,zz_bytype_r3,11,4,C#C,274,0.5501586521935756
A1,43,zz_bytype_r3,11,5,C=O,261,-0.7835617280627128
A1,43,zz_bytype_r3,11,6,C-O,224,0.165241099592719
A1,43,zz_bytype_r3,11,7,C#N,207,0.044326102950272984
A1,43,zz_bytype_r3,11,8,H-N,184,-0.26992299973049966
A1,43,zz_bytype_r3,11,9,C-N,111,0.2520744388298306
A1,43,zz_bytype_r3,11,10,H-O,102,-0.5948048452199958
A1,43,zz_bytype_r3,11,11,N-O,90,0.7033995513806832
A1,43,zz_bytype_r3,11,12,C-S,81,0.09826393223365767
A1,43,zz_bytype_r3,11,13,O=S,32,0.17012467767342257
A1,43,zz_bytype_r3,11,14,N-N,28,0.6894537156916307
A1,43,zz_bytype_r3,11,15,N-S,18,0.37903497560514954
A1,43,zz_bytype_r3,11,16,C-Cl,9,0.36694729028851547
A1,43,zz_bytype_r3,11,17,N=N,5,0.18497084740202832
A1,43,zz_bytype_r3,11,18,C#O,4,0.1279012319678149
A1,43,zz_bytype_r3,11,19,O#S,3,0.025216074841159106
A1,43,zz_bytype_r3,11,20,O-S,3,-0.09876788670836331
A1,43,zz_bytype_r3,11,21,C=S,2,-0.3786845541943312
A1,43,zz_bytype_r3,11,22,N#N,2,0.824824317415903
A1,43,zz_bytype_r3,11,23,N=O,1,0.6568584406252478
A1,43,xy_bytype_r3,11,0,H-C,1823,1.3416361973422517
A1,43,xy_bytype_r3,11,1,C-C,748,0.3714676566981383
A1,43,xy_bytype_r3,11,2,C=C,525,0.5921558641644262
A1,43,xy_bytype_r3,11,3,C=N,330,0.23031398960420407
A1,43,xy_bytype_r3,11,4,C#C,274,-0.3957533336984566
A1,43,xy_bytype_r3,11,5,C=O,261,0.2137234395858992
A1,43,xy_bytype_r3,11,6,C-O,224,0.1830729686739213
A1,43,xy_bytype_r3,11,7,C#N,207,-0.1399235613527026
A1,43,xy_bytype_r3,11,8,H-N,184,0.33021071202080854
A1,43,xy_bytype_r3,11,9,C-N,111,0.5870712991626521
A1,43,xy_bytype_r3,11,10,H-O,102,-0.8062333482715833
A1,43,xy_bytype_r3,11,11,N-O,90,1.4576288297314068
A1,43,xy_bytype_r3,11,12,C-S,81,-0.03418724040127801
A1,43,xy_bytype_r3,11,13,O=S,32,0.4361947473031326
A1,43,xy_bytype_r3,11,14,N-N,28,1.431021186782893
A1,43,xy_bytype_r3,11,15,N-S,18,0.9513869264892721
A1,43,xy_bytype_r3,11,16,C-Cl,9,-2.454337892555451
A1,43,xy_bytype_r3,11,17,N=N,5,0.5202506496011845
A1,43,xy_bytype_r3,11,18,C#O,4,-0.6229074451621899
A1,43,xy_bytype_r3,11,19,O#S,3,-0.1983345897141041
A1,43,xy_bytype_r3,11,20,O-S,3,0.625733281421168
A1,43,xy_bytype_r3,11,21,C=S,2,-1.1323499573623255
A1,43,xy_bytype_r3,11,22,N#N,2,1.3411003931884202
A1,43,xy_bytype_r3,11,23,N=O,1,2.276941753801067
A1,44,zz_bytype_r3,11,0,H-C,1853,-0.41767727316666486
A1,44,zz_bytype_r3,11,1,C-C,772,0.07671436534594543
A1,44,zz_bytype_r3,11,2,C=C,516,-0.11315761869896517
A1,44,zz_bytype_r3,11,3,C=N,319,-0.005253626146160189
A1,44,zz_bytype_r3,11,4,C#C,287,0.49981764462556094
A1,44,zz_bytype_r3,11,5,C=O,267,-0.28873650566023923
A1,44,zz_bytype_r3,11,6,C-O,228,0.18172500941416936
A1,44,zz_bytype_r3,11,7,C#N,202,0.045944208401896225
A1,44,zz_bytype_r3,11,8,H-N,186,-0.25314563589910644
A1,44,zz_bytype_r3,11,9,C-N,116,0.3342665006102413
A1,44,zz_bytype_r3,11,10,H-O,95,-0.1515275502073431
A1,44,zz_bytype_r3,11,11,C-S,81,0.050450620755506076
A1,44,zz_bytype_r3,11,12,N-O,77,0.879363070131994
A1,44,zz_bytype_r3,11,13,O=S,38,0.22839046533627005
A1,44,zz_bytype_r3,11,14,N-N,26,0.9191357030062957
A1,44,zz_bytype_r3,11,15,N-S,22,0.4441745431944449
A1,44,zz_bytype_r3,11,16,C-Cl,10,0.5077149050819709
A1,44,zz_bytype_r3,11,17,N=N,5,0.1783977652667572
A1,44,zz_bytype_r3,11,18,C#O,5,0.4156596209180616
A1,44,zz_bytype_r3,11,19,C=S,5,-0.09545138135110963
A1,44,zz_bytype_r3,11,20,N#N,4,0.8072755999019207
A1,44,zz_bytype_r3,11,21,O-S,2,-0.1373192894654959
A1,44,zz_bytype_r3,11,22,N=O,1,0.9372920959772623
A1,44,zz_bytype_r3,11,23,O#S,1,-0.6427747156360955
A1,44,xy_bytype_r3,11,0,H-C,1853,0.2333746547851038
A1,44,xy_bytype_r3,11,1,C-C,772,0.08748029064676592
A1,44,xy_bytype_r3,11,2,C=C,516,-0.1845504972585282
A1,44,xy_bytype_r3,11,3,C=N,319,0.031281435754397
A1,44,xy_bytype_r3,11,4,C#C,287,0.6122551405005869
A1,44,xy_bytype_r3,11,5,C=O,267,-0.2865564014021792
A1,44,xy_bytype_r3,11,6,C-O,228,0.19827042678523876
A1,44,xy_bytype_r3,11,7,C#N,202,-0.11513097614659777
A1,44,xy_bytype_r3,11,8,H-N,186,0.42275185220180667
A1,44,xy_bytype_r3,11,9,C-N,116,0.33356871645878494
A1,44,xy_bytype_r3,11,10,H-O,95,0.1904195181016232
A1,44,xy_bytype_r3,11,11,C-S,81,0.10177358653935654
A1,44,xy_bytype_r3,11,12,N-O,77,1.1531611684042211
A1,44,xy_bytype_r3,11,13,O=S,38,0.39748424551178735
A1,44,xy_bytype_r3,11,14,N-N,26,1.0341488267094046
A1,44,xy_bytype_r3,11,15,N-S,22,0.60786251100985
A1,44,xy_bytype_r3,11,16,C-Cl,10,0.7961121866285916
A1,44,xy_bytype_r3,11,17,N=N,5,0.25402417096331953
A1,44,xy_bytype_r3,11,18,C#O,5,0.25079068899646845
A1,44,xy_bytype_r3,11,19,C=S,5,-0.29498097113531
A1,44,xy_bytype_r3,11,20,N#N,4,1.1672998791028129
A1,44,xy_bytype_r3,11,21,O-S,2,-0.30679525639385286
A1,44,xy_bytype_r3,11,22,N=O,1,1.1976687223885665
A1,44,xy_bytype_r3,11,23,O#S,1,-0.3473523348011764
A1,45,zz_bytype_r3,11,0,H-C,1816,-0.09051924685816391
A1,45,zz_bytype_r3,11,1,C-C,741,-0.004518968349818827
A1,45,zz_bytype_r3,11,2,C=C,529,-0.13898220199491515
A1,45,zz_bytype_r3,11,3,C=N,319,-0.07265641783953086
A1,45,zz_bytype_r3,11,4,C#C,274,0.5022349179034037
A1,45,zz_bytype_r3,11,5,C=O,270,-0.3313743409256013
A1,45,zz_bytype_r3,11,6,C-O,208,0.12777314348287164
A1,45,zz_bytype_r3,11,7,C#N,201,0.03886068898277638
A1,45,zz_bytype_r3,11,8,H-N,184,0.04136934045223772
A1,45,zz_bytype_r3,11,9,C-N,127,0.25534584831665685
A1,45,zz_bytype_r3,11,10,H-O,98,-0.13465471701227286
A1,45,zz_bytype_r3,11,11,N-O,84,0.8112951247514341
A1,45,zz_bytype_r3,11,12,C-S,79,0.038688075469497867
A1,45,zz_bytype_r3,11,13,O=S,38,0.2734289017515664
A1,45,zz_bytype_r3,11,14,N-S,26,0.4159025862045589
A1,45,zz_bytype_r3,11,15,N-N,24,0.880428068716196
A1,45,zz_bytype_r3,11,16,C-Cl,12,0.49772076034164925
A1,45,zz_bytype_r3,11,17,N=N,7,0.19967172227990615
A1,45,zz_bytype_r3,11,18,C#O,5,0.25955952503106045
A1,45,zz_bytype_r3,11,19,C=S,4,-0.034116267834434534
A1,45,zz_bytype_r3,11,20,N#N,3,0.5879773235529245
A1,45,zz_bytype_r3,11,21,O-S,3,-0.22556690191553544
A1,45,zz_bytype_r3,11,22,O#S,2,0.053199273623332446
A1,45,zz_bytype_r3,11,23,N=O,1,0.7568470842347725
A1,45,xy_bytype_r3,11,0,H-C,1816,0.47637606631181756
A1,45,xy_bytype_r3,11,1,C-C,741,0.18465406363455944
A1,45,xy_bytype_r3,11,2,C=C,529,-0.18828781501126238
A1,45,xy_bytype_r3,11,3,C=N,319,0.023921437919261063
A1,45,xy_bytype_r3,11,4,C#C,274,1.4528797580799362
A1,45,xy_bytype_r3,11,5,C=O,270,-0.380536764656536
A1,45,xy_bytype_r3,11,6,C-O,208,0.4021361270271451
A1,45,xy_bytype_r3,11,7,C#N,201,0.3361015879727914
A1,45,xy_bytype_r3,11,8,H-N,184,-0.793207690193945
A1,45,xy_bytype_r3,11,9,C-N,127,0.6754876783101402
A1,45,xy_bytype_r3,11,10,H-O,98,-0.5266507728857807
A1,45,xy_bytype_r3,11,11,N-O,84,1.5144265480372066
A1,45,xy_bytype_r3,11,12,C-S,79,0.0938334743180966
A1,45,xy_bytype_r3,11,13,O=S,38,0.47917431150734424
A1,45,xy_bytype_r3,11,14,N-S,26,0.8688906616178131
A1,45,xy_bytype_r3,11,15,N-N,24,1.610733667532667
A1,45,xy_bytype_r3,11,16,C-Cl,12,-1.9941703579985202
A1,45,xy_bytype_r3,11,17,N=N,7,0.4170649722629069
A1,45,xy_bytype_r3,11,18,C#O,5,-2.024426392497781
A1,45,xy_bytype_r3,11,19,C=S,4,-0.07876888053303539
A1,45,xy_bytype_r3,11,20,N#N,3,0.6790429724882228
A1,45,xy_bytype_r3,11,21,O-S,3,-0.2496446870789799
A1,45,xy_bytype_r3,11,22,O#S,2,-0.029507732666928
A1,45,xy_bytype_r3,11,23,N=O,1,1.4902689438050127
A1,46,zz_bytype_r3,11,0,H-C,1743,-0.9079302551056687
A1,46,zz_bytype_r3,11,1,C-C,719,-0.16121627021581814
A1,46,zz_bytype_r3,11,2,C=C,514,-0.484360581325026
A1,46,zz_bytype_r3,11,3,C=N,323,-0.16908482114609188
A1,46,zz_bytype_r3,11,4,C=O,253,-0.6984910591900619
A1,46,zz_bytype_r3,11,5,C#C,252,0.6934433428872665
A1,46,zz_bytype_r3,11,6,C-O,204,0.11255105362667142
A1,46,zz_bytype_r3,11,7,C#N,196,0.04894112772833875
A1,46,zz_bytype_r3,11,8,H-N,186,-0.33933383605831147
A1,46,zz_bytype_r3,11,9,C-N,123,0.27949621025279126
A1,46,zz_bytype_r3,11,10,H-O,93,-0.26771442890189817
A1,46,zz_bytype_r3,11,11,C-S,91,0.008427621687830393
A1,46,zz_bytype_r3,11,12,N-O,85,0.854246201014459
A1,46,zz_bytype_r3,11,13,O=S,42,0.12970211097669582
A1,46,zz_bytype_r3,11,14,N-N,19,1.0265533994952227
A1,46,zz_bytype_r3,11,15,N-S,19,0.4490880393912259
A1,46,zz_bytype_r3,11,16,C-Cl,13,0.4542097650746217
A1,46,zz_bytype_r3,11,17,N=N,6,0.3012451389016329
A1,46,zz_bytype_r3,11,18,C#O,5,0.21856826577840405
A1,46,zz_bytype_r3,11,19,C=S,5,-0.3052282496040227
A1,46,zz_bytype_r3,11,20,N#N,4,1.2276718438504448
A1,46,zz_bytype_r3,11,21,O#S,3,0.044721170502379025
A1,46,zz_bytype_r3,11,22,O-S,3,-0.1938861204181964
A1,46,zz_bytype_r3,11,23,N=O,1,0.8736791690751836
A1,46,xy_bytype_r3,11,0,H-C,1743,1.9109724075957022
A1,46,xy_bytype_r3,11,1,C-C,719,0.7543846881052828
A1,46,xy_bytype_r3,11,2,C=C,514,1.1229601110993954
A1,46,xy_bytype_r3,11,3,C=N,323,0.22901711562357274
A1,46,xy_bytype_r3,11,4,C=O,253,0.2890729583235378
A1,46,xy_bytype_r3,11,5,C#C,252,-0.5335384688444735
A1,46,xy_bytype_r3,11,6,C-O,204,-0.2582612740318283
A1,46,xy_bytype_r3,11,7,C#N,196,-0.11076501973726544
A1,46,xy_bytype_r3,11,8,H-N,186,-0.585982450365938
A1,46,xy_bytype_r3,11,9,C-N,123,-0.34424893484396973
A1,46,xy_bytype_r3,11,10,H-O,93,-0.13307988204803667
A1,46,xy_bytype_r3,11,11,C-S,91,0.07518731414696328
A1,46,xy_bytype_r3,11,12,N-O,85,1.8570496468649442
A1,46,xy_bytype_r3,11,13,O=S,42,1.0227399071299388
A1,46,xy_bytype_r3,11,14,N-N,19,2.0643005759672044
A1,46,xy_bytype_r3,11,15,N-S,19,1.3464615013222885
A1,46,xy_bytype_r3,11,16,C-Cl,13,-0.47009003284843237
A1,46,xy_bytype_r3,11,17,N=N,6,1.414634194761581
A1,46,xy_bytype_r3,11,18,C#O,5,-0.9374647196226475
A1,46,xy_bytype_r3,11,19,C=S,5,0.024241299159696875
A1,46,xy_bytype_r3,11,20,N#N,4,2.7985008420212485
A1,46,xy_bytype_r3,11,21,O#S,3,0.2704381339877209
A1,46,xy_bytype_r3,11,22,O-S,3,0.06588115939363487
A1,46,xy_bytype_r3,11,23,N=O,1,2.0068171499293785
A1,47,zz_bytype_r3,11,0,H-C,1777,-0.6679474442905238
A1,47,zz_bytype_r3,11,1,C-C,723,-0.030896484946645326
A1,47,zz_bytype_r3,11,2,C=C,522,-0.22833376698659286
A1,47,zz_bytype_r3,11,3,C=N,325,-0.1631173410207676
A1,47,zz_bytype_r3,11,4,C#C,271,0.39457932037343313
A1,47,zz_bytype_r3,11,5,C=O,246,-0.4527189420449306
A1,47,zz_bytype_r3,11,6,C-O,224,0.03264591801852339
A1,47,zz_bytype_r3,11,7,C#N,194,-0.15939752433547866
A1,47,zz_bytype_r3,11,8,H-N,183,-0.46940423528649855
A1,47,zz_bytype_r3,11,9,C-N,104,0.1930745506891422
A1,47,zz_bytype_r3,11,10,H-O,94,-0.6204710764769292
A1,47,zz_bytype_r3,11,11,N-O,80,0.6854520724472029
A1,47,zz_bytype_r3,11,12,C-S,76,-0.07423827025118927
A1,47,zz_bytype_r3,11,13,N-N,32,0.6827290386327328
A1,47,zz_bytype_r3,11,14,O=S,26,0.2628657727536835
A1,47,zz_bytype_r3,11,15,N-S,20,0.3288711565929362
A1,47,zz_bytype_r3,11,16,C-Cl,12,0.3366936845897849
A1,47,zz_bytype_r3,11,17,N=N,7,0.13104663323385102
A1,47,zz_bytype_r3,11,18,C=S,3,-0.15992796308693966
A1,47,zz_bytype_r3,11,19,O#S,3,-0.3666422219731944
A1,47,zz_bytype_r3,11,20,C#O,2,0.0554225844365029
A1,47,zz_bytype_r3,11,21,N#N,2,0.5713112087336123
A1,47,zz_bytype_r3,11,22,N=O,1,0.6811548409323447
A1,47,zz_bytype_r3,11,23,O-S,1,-0.6147448601501049
A1,47,xy_bytype_r3,11,0,H-C,1777,-0.04093584160665644
A1,47,xy_bytype_r3,11,1,C-C,723,0.046447204301931624
A1,47,xy_bytype_r3,11,2,C=C,522,-0.049676057753623
A1,47,xy_bytype_r3,11,3,C=N,325,-0.20088177932266685
A1,47,xy_bytype_r3,11,4,C#C,271,-0.06260028835674705
A1,47,xy_bytype_r3,11,5,C=O,246,-0.31900986453051866
A1,47,xy_bytype_r3,11,6,C-O,224,-0.013067339083440176
A1,47,xy_bytype_r3,11,7,C#N,194,-0.25437682572812315
A1,47,xy_bytype_r3,11,8,H-N,183,-0.0665349017045293
A1,47,xy_bytype_r3,11,9,C-N,104,0.16056523070945306
A1,47,xy_bytype_r3,11,10,H-O,94,0.09647662977894869
A1,47,xy_bytype_r3,11,11,N-O,80,0.45985175694536884
A1,47,xy_bytype_r3,11,12,C-S,76,-0.0961340637249383
A1,47,xy_bytype_r3,11,13,N-N,32,0.5502997444533572
A1,47,xy_bytype_r3,11,14,O=S,26,0.39313280288657937
A1,47,xy_bytype_r3,11,15,N-S,20,0.23229513969880178
A1,47,xy_bytype_r3,11,16,C-Cl,12,0.24462397512893386
A1,47,xy_bytype_r3,11,17,N=N,7,1.0479044139533153e-05
A1,47,xy_bytype_r3,11,18,C=S,3,-0.10198656264142585
A1,47,xy_bytype_r3,11,19,O#S,3,-0.30314608657763253
A1,47,xy_bytype_r3,11,20,C#O,2,-0.024915817289073418
A1,47,xy_bytype_r3,11,21,N#N,2,0.36205095209977645
A1,47,xy_bytype_r3,11,22,N=O,1,0.47925364135199133
A1,47,xy_bytype_r3,11,23,O-S,1,-0.6289786128214139
A1,48,zz_bytype_r3,11,0,H-C,1862,-0.5564396692822973
A1,48,zz_bytype_r3,11,1,C-C,783,-0.055627518179679966
A1,48,zz_bytype_r3,11,2,C=C,539,-0.266335073966854
A1,48,zz_bytype_r3,11,3,C=N,318,-0.07983844415090488
A1,48,zz_bytype_r3,11,4,C#C,280,0.6164063101035707
A1,48,zz_bytype_r3,11,5,C=O,250,-0.6214650861403057
A1,48,zz_bytype_r3,11,6,C-O,227,0.16972880846380894
A1,48,zz_bytype_r3,11,7,C#N,222,0.060414715748665304
A1,48,zz_bytype_r3,11,8,H-N,167,-0.19489214965721757
A1,48,zz_bytype_r3,11,9,C-N,134,0.2800146869254039
A1,48,zz_bytype_r3,11,10,H-O,103,-0.31244147439506564
A1,48,zz_bytype_r3,11,11,C-S,88,0.13331266522281074
A1,48,zz_bytype_r3,11,12,N-O,78,0.9181995160358734
A1,48,zz_bytype_r3,11,13,O=S,34,0.1747370677806609
A1,48,zz_bytype_r3,11,14,N-N,25,0.9887246513575092
A1,48,zz_bytype_r3,11,15,N-S,20,0.5341388107509539
A1,48,zz_bytype_r3,11,16,C-Cl,11,0.6328494074525305
A1,48,zz_bytype_r3,11,17,N=N,8,0.4088589386070167
A1,48,zz_bytype_r3,11,18,C#O,4,0.2240981599860852
A1,48,zz_bytype_r3,11,19,O-S,3,-0.21367725818988012
A1,48,zz_bytype_r3,11,20,C=S,2,-0.3069607762502244
A1,48,zz_bytype_r3,11,21,N=O,1,0.7995956820004462
A1,48,zz_bytype_r3,11,22,N#N,1,1.2216924744486253
A1,48,zz_bytype_r3,11,23,O#S,1,-0.2998700469462424
A1,48,xy_bytype_r3,11,0,H-C,1862,0.668320676502587
A1,48,xy_bytype_r3,11,1,C-C,783,0.24350875041954853
A1,48,xy_bytype_r3,11,2,C=C,539,0.49146784447310893
A1,48,xy_bytype_r3,11,3,C=N,318,0.07085269502125167
A1,48,xy_bytype_r3,11,4,C#C,280,-0.7646288616541445
A1,48,xy_bytype_r3,11,5,C=O,250,-0.174501306316777
A1,48,xy_bytype_r3,11,6,C-O,227,0.4602780914610697
A1,48,xy_bytype_r3,11,7,C#N,222,0.3829407364672795
A1,48,xy_bytype_r3,11,8,H-N,167,0.5274861058829806
A1,48,xy_bytype_r3,11,9,C-N,134,0.6415392046764544
A1,48,xy_bytype_r3,11,10,H-O,103,0.22307412831145618
A1,48,xy_bytype_r3,11,11,C-S,88,0.14740214926598033
A1,48,xy_bytype_r3,11,12,N-O,78,1.0894351356496466
A1,48,xy_bytype_r3,11,13,O=S,34,0.2965011575128592
A1,48,xy_bytype_r3,11,14,N-N,25,-2.174451081835454
A1,48,xy_bytype_r3,11,15,N-S,20,0.6364396173948434
A1,48,xy_bytype_r3,11,16,C-Cl,11,1.0283937744269747
A1,48,xy_bytype_r3,11,17,N=N,8,-1.5357120905098076
A1,48,xy_bytype_r3,11,18,C#O,4,0.19403000958531236
A1,48,xy_bytype_r3,11,19,O-S,3,0.03702527948298925
A1,48,xy_bytype_r3,11,20,C=S,2,0.08637305190919231
A1,48,xy_bytype_r3,11,21,N=O,1,1.3759093724697822
A1,48,xy_bytype_r3,11,22,N#N,1,-2.0590322614448464
A1,48,xy_bytype_r3,11,23,O#S,1,-0.11188909192594362
A1,49,zz_bytype_r3,11,0,H-C,1862,-0.3288012290603103
A1,49,zz_bytype_r3,11,1,C-C,778,-0.19566241245478325
A1,49,zz_bytype_r3,11,2,C=C,520,-0.3895675855083359
A1,49,zz_bytype_r3,11,3,C=N,337,-0.1265928006547308
A1,49,zz_bytype_r3,11,4,C#C,272,0.5689137713967511
A1,49,zz_bytype_r3,11,5,C=O,258,-0.5489862670762948
A1,49,zz_bytype_r3,11,6,C#N,224,0.15426630175503542
A1,49,zz_bytype_r3,11,7,C-O,199,0.12993665870909102
A1,49,zz_bytype_r3,11,8,H-N,189,0.06550126501203576
A1,49,zz_bytype_r3,11,9,C-N,133,0.23057875429979388
A1,49,zz_bytype_r3,11,10,H-O,101,-0.2674493389202757
A1,49,zz_bytype_r3,11,11,N-O,87,0.8016410800649212
A1,49,zz_bytype_r3,11,12,C-S,80,0.05844825178590215
A1,49,zz_bytype_r3,11,13,O=S,34,0.22757048407299668
A1,49,zz_bytype_r3,11,14,N-N,27,0.8289229276135618
A1,49,zz_bytype_r3,11,15,N-S,24,0.4014345877567418
A1,49,zz_bytype_r3,11,16,C-Cl,11,0.65503387169469
A1,49,zz_bytype_r3,11,17,N=N,5,0.34422390597415303
A1,49,zz_bytype_r3,11,18,C=S,5,-0.3040096714932013
A1,49,zz_bytype_r3,11,19,N#N,4,0.7997032409809335
A1,49,zz_bytype_r3,11,20,O#S,3,-0.1863598287320222
A1,49,zz_bytype_r3,11,21,C#O,3,-0.08062464131010075
A1,49,zz_bytype_r3,11,22,N=O,1,0.6883799229604667
A1,49,zz_bytype_r3,11,23,O-S,1,0.006502304006954698
A1,49,xy_bytype_r3,11,0,H-C,1862,-0.01737902730790722
A1,49,xy_bytype_r3,11,1,C-C,778,0.10639316167308752
A1,49,xy_bytype_r3,11,2,C=C,520,-0.06115840040684781
A1,49,xy_bytype_r3,11,3,C=N,337,0.04636728057409155
A1,49,xy_bytype_r3,11,4,C#C,272,0.5963289169131802
A1,49,xy_bytype_r3,11,5,C=O,258,-0.022100391133984945
A1,49,xy_bytype_r3,11,6,C#N,224,0.23829005235710296
A1,49,xy_bytype_r3,11,7,C-O,199,0.2699066433043337
A1,49,xy_bytype_r3,11,8,H-N,189,0.36079128521974463
A1,49,xy_bytype_r3,11,9,C-N,133,0.3185731014908104
A1,49,xy_bytype_r3,11,10,H-O,101,0.2493175225365535
A1,49,xy_bytype_r3,11,11,N-O,87,0.8139532477666097
A1,49,xy_bytype_r3,11,12,C-S,80,0.18632820550950174
A1,49,xy_bytype_r3,11,13,O=S,34,0.2571066117320565
A1,49,xy_bytype_r3,11,14,N-N,27,0.9071653012671814
A1,49,xy_bytype_r3,11,15,N-S,24,0.48205081339788236
A1,49,xy_bytype_r3,11,16,C-Cl,11,0.7126725609439286
A1,49,xy_bytype_r3,11,17,N=N,5,0.4698203654076958
A1,49,xy_bytype_r3,11,18,C=S,5,-0.019649910917680945
A1,49,xy_bytype_r3,11,19,N#N,4,1.1990594988775554
A1,49,xy_bytype_r3,11,20,O#S,3,0.08504820204560584
A1,49,xy_bytype_r3,11,21,C#O,3,0.23864384256674948
A1,49,xy_bytype_r3,11,22,N=O,1,0.9464926089591499
A1,49,xy_bytype_r3,11,23,O-S,1,0.11420055961563169
A1,50,zz_bytype_r3,11,0,H-C,1831,-0.3401904967939883
A1,50,zz_bytype_r3,11,1,C-C,744,-0.010104540846365705
A1,50,zz_bytype_r3,11,2,C=C,539,-0.11773587778409501
A1,50,zz_bytype_r3,11,3,C=N,313,-0.009577739096442174
A1,50,zz_bytype_r3,11,4,C#C,258,0.4190688468364167
A1,50,zz_bytype_r3,11,5,C=O,256,-0.1081381084220637
A1,50,zz_bytype_r3,11,6,C-O,238,0.10136202950708824
A1,50,zz_bytype_r3,11,7,C#N,222,0.07068043869911288
A1,50,zz_bytype_r3,11,8,H-N,184,-0.26029295457236734
A1,50,zz_bytype_r3,11,9,C-N,120,0.15217481840172634
A1,50,zz_bytype_r3,11,10,H-O,87,-0.4419805418557597
A1,50,zz_bytype_r3,11,11,C-S,83,0.07241299631444237
A1,50,zz_bytype_r3,11,12,N-O,76,0.7885481683697383
A1,50,zz_bytype_r3,11,13,O=S,40,0.2026794164081241
A1,50,zz_bytype_r3,11,14,N-N,22,0.812558386656075
A1,50,zz_bytype_r3,11,15,N-S,20,0.44180263053444324
A1,50,zz_bytype_r3,11,16,C-Cl,14,0.6020492366452181
A1,50,zz_bytype_r3,11,17,N=N,7,0.2715460973321811
A1,50,zz_bytype_r3,11,18,C#O,5,0.15701779688098105
A1,50,zz_bytype_r3,11,19,C=S,3,0.40218963790085294
A1,50,zz_bytype_r3,11,20,N#N,3,0.7714878117489348
A1,50,zz_bytype_r3,11,21,O-S,3,-0.23507158401790126
A1,50,zz_bytype_r3,11,22,O#S,2,-0.03174313757204897
A1,50,zz_bytype_r3,11,23,N=O,1,1.1446546421655082
A1,50,xy_bytype_r3,11,0,H-C,1831,-0.12794975182864674
A1,50,xy_bytype_r3,11,1,C-C,744,0.17911286073416685
A1,50,xy_bytype_r3,11,2,C=C,539,0.08186923100588143
A1,50,xy_bytype_r3,11,3,C=N,313,-0.015072442491145487
A1,50,xy_bytype_r3,11,4,C#C,258,0.0990032444928252
A1,50,xy_bytype_r3,11,5,C=O,256,-0.0027812240676632
A1,50,xy_bytype_r3,11,6,C-O,238,0.13428364419216618
A1,50,xy_bytype_r3,11,7,C#N,222,0.0963253701032033
A1,50,xy_bytype_r3,11,8,H-N,184,0.0074134806282870344
A1,50,xy_bytype_r3,11,9,C-N,120,0.39737377541571
A1,50,xy_bytype_r3,11,10,H-O,87,0.4222545287078096
A1,50,xy_bytype_r3,11,11,C-S,83,-0.052727496188334826
A1,50,xy_bytype_r3,11,12,N-O,76,0.5934151999260519
A1,50,xy_bytype_r3,11,13,O=S,40,0.3326619741642822
A1,50,xy_bytype_r3,11,14,N-N,22,0.8877343775590413
A1,50,xy_bytype_r3,11,15,N-S,20,0.39173938750785076
A1,50,xy_bytype_r3,11,16,C-Cl,14,-1.186123939337757
A1,50,xy_bytype_r3,11,17,N=N,7,0.20056558778263364
A1,50,xy_bytype_r3,11,18,C#O,5,0.6839965579846242
A1,50,xy_bytype_r3,11,19,C=S,3,0.06455105658530313
A1,50,xy_bytype_r3,11,20,N#N,3,-1.3544492158801769
A1,50,xy_bytype_r3,11,21,O-S,3,-0.14995043604321753
A1,50,xy_bytype_r3,11,22,O#S,2,-0.08969224781765107
A1,50,xy_bytype_r3,11,23,N=O,1,0.7747892579946766
A1,51,zz_bytype_r3,11,0,H-C,1835,-0.6251485429236454
A1,51,zz_bytype_r3,11,1,C-C,768,-0.05622541391807829
A1,51,zz_bytype_r3,11,2,C=C,506,-0.23000830200022754
A1,51,zz_bytype_r3,11,3,C=N,289,-0.0999913098927304
A1,51,zz_bytype_r3,11,4,C#C,269,0.41363088797611264
A1,51,zz_bytype_r3,11,5,C=O,254,-0.32558727144187144
A1,51,zz_bytype_r3,11,6,C-O,219,0.09002137618658365
A1,51,zz_bytype_r3,11,7,C#N,206,-0.028232716753620782
A1,51,zz_bytype_r3,11,8,H-N,170,-0.2806740321637889
A1,51,zz_bytype_r3,11,9,C-N,122,0.18179773676707792
A1,51,zz_bytype_r3,11,10,C-S,93,0.03879445300535414
A1,51,zz_bytype_r3,11,11,H-O,84,-0.6830451586065549
A1,51,zz_bytype_r3,11,12,N-O,72,0.8264275819093827
A1,51,zz_bytype_r3,11,13,O=S,44,0.2567526123265179
A1,51,zz_bytype_r3,11,14,N-S,23,0.4426030314697641
A1,51,zz_bytype_r3,11,15,N-N,22,0.6673719726282166
A1,51,zz_bytype_r3,11,16,C-Cl,11,0.8754987931174191
A1,51,zz_bytype_r3,11,17,N=N,7,0.15181564836270736
A1,51,zz_bytype_r3,11,18,C#O,5,0.060176394358954534
A1,51,zz_bytype_r3,11,19,C=S,5,0.13280716385283559
A1,51,zz_bytype_r3,11,20,N#N,4,0.4230496359232037
A1,51,zz_bytype_r3,11,21,O#S,2,-0.03101205727930347
A1,51,zz_bytype_r3,11,22,O-S,2,-0.5388335170583638
A1,51,xy_bytype_r3,11,0,H-C,1835,0.17405221387411346
A1,51,xy_bytype_r3,11,1,C-C,768,0.18224816616013484
A1,51,xy_bytype_r3,11,2,C=C,506,-0.01015583546022701
A1,51,xy_bytype_r3,11,3,C=N,289,-0.004942404181422183
A1,51,xy_bytype_r3,11,4,C#C,269,0.49899229501723785
A1,51,xy_bytype_r3,11,5,C=O,254,-0.15420781546223258
A1,51,xy_bytype_r3,11,6,C-O,219,0.2515938784222965
A1,51,xy_bytype_r3,11,7,C#N,206,-0.08092132886987453
A1,51,xy_bytype_r3,11,8,H-N,170,-0.8863536999521682
A1,51,xy_bytype_r3,11,9,C-N,122,0.3590993710948517
A1,51,xy_bytype_r3,11,10,C-S,93,0.12627084347761242
A1,51,xy_bytype_r3,11,11,H-O,84,1.2212574916577967
A1,51,xy_bytype_r3,11,12,N-O,72,0.7376243056093074
A1,51,xy_bytype_r3,11,13,O=S,44,0.32822208053670565
A1,51,xy_bytype_r3,11,14,N-S,23,0.4190936788050113
A1,51,xy_bytype_r3,11,15,N-N,22,0.8731841018860076
A1,51,xy_bytype_r3,11,16,C-Cl,11,0.8367850016164812
A1,51,xy_bytype_r3,11,17,N=N,7,0.29159870780828895
A1,51,xy_bytype_r3,11,18,C#O,5,-0.036570227790027506
A1,51,xy_bytype_r3,11,19,C=S,5,0.044596502574662966
A1,51,xy_bytype_r3,11,20,N#N,4,0.8181360645136587
A1,51,xy_bytype_r3,11,21,O#S,2,0.1170285920861904
A1,51,xy_bytype_r3,11,22,O-S,2,-0.21618643502700377
A1,52,zz_bytype_r3,11,0,H-C,1869,-0.016334184236525405
A1,52,zz_bytype_r3,11,1,C-C,781,-0.013378049068547601
A1,52,zz_bytype_r3,11,2,C=C,517,-0.14993960601028292
A1,52,zz_bytype_r3,11,3,C=N,314,-0.04534464840268145
A1,52,zz_bytype_r3,11,4,C#C,277,0.4500820666600347
A1,52,zz_bytype_r3,11,5,C=O,261,-0.37734671056794844
A1,52,zz_bytype_r3,11,6,C-O,249,0.13692960428700524
A1,52,zz_bytype_r3,11,7,C#N,211,0.036266955947402715
A1,52,zz_bytype_r3,11,8,H-N,185,0.1688493714440087
A1,52,zz_bytype_r3,11,9,C-N,109,0.2537962556765327
A1,52,zz_bytype_r3,11,10,H-O,95,0.08630898388223907
A1,52,zz_bytype_r3,11,11,C-S,82,-0.033644856521897075
A1,52,zz_bytype_r3,11,12,N-O,72,0.851859361119393
A1,52,zz_bytype_r3,11,13,O=S,38,0.061412473112724374
A1,52,zz_bytype_r3,11,14,N-N,32,0.8811840653564148
A1,52,zz_bytype_r3,11,15,N-S,17,0.3591845367524505
A1,52,zz_bytype_r3,11,16,C-Cl,11,0.48620433448089073
A1,52,zz_bytype_r3,11,17,N=N,6,0.3480322587759308
A1,52,zz_bytype_r3,11,18,C#O,5,0.4411513293667502
A1,52,zz_bytype_r3,11,19,C=S,3,-0.13101452316471462
A1,52,zz_bytype_r3,11,20,O#S,3,-0.2710183533278037
A1,52,zz_bytype_r3,11,21,O-S,3,-0.13437032049681422
A1,52,zz_bytype_r3,11,22,N#N,2,0.6235748142871436
A1,52,zz_bytype_r3,11,23,N=O,1,0.6998397897387746
A1,52,xy_bytype_r3,11,0,H-C,1869,0.1470564935289492
A1,52,xy_bytype_r3,11,1,C-C,781,0.1674587202920427
A1,52,xy_bytype_r3,11,2,C=C,517,-0.07841299755773236
A1,52,xy_bytype_r3,11,3,C=N,314,0.10557674751422443
A1,52,xy_bytype_r3,11,4,C#C,277,0.553697249025551
A1,52,xy_bytype_r3,11,5,C=O,261,-0.18440425687669648
A1,52,xy_bytype_r3,11,6,C-O,249,0.28740307950428234
A1,52,xy_bytype_r3,11,7,C#N,211,0.05456832440652949
A1,52,xy_bytype_r3,11,8,H-N,185,0.41620239298069983
A1,52,xy_bytype_r3,11,9,C-N,109,0.4093939472850625
A1,52,xy_bytype_r3,11,10,H-O,95,0.09832909983000716
A1,52,xy_bytype_r3,11,11,C-S,82,0.2023545222121385
A1,52,xy_bytype_r3,11,12,N-O,72,0.8687224403006651
A1,52,xy_bytype_r3,11,13,O=S,38,0.34893559566799137
A1,52,xy_bytype_r3,11,14,N-N,32,0.9202502073936439
A1,52,xy_bytype_r3,11,15,N-S,17,0.5457228314710418
A1,52,xy_bytype_r3,11,16,C-Cl,11,1.0208318986720395
A1,52,xy_bytype_r3,11,17,N=N,6,0.4240781848549624
A1,52,xy_bytype_r3,11,18,C#O,5,0.4087700320791634
A1,52,xy_bytype_r3,11,19,C=S,3,0.10200366378856796
A1,52,xy_bytype_r3,11,20,O#S,3,0.2043969367649644
A1,52,xy_bytype_r3,11,21,O-S,3,-0.12068767955870417
A1,52,xy_bytype_r3,11,22,N#N,2,0.9515217335293238
A1,52,xy_bytype_r3,11,23,N=O,1,0.9289211237005701
A1,53,zz_bytype_r3,11,0,H-C,1835,0.4747426639774427
A1,53,zz_bytype_r3,11,1,C-C,778,-0.03579712276705816
A1,53,zz_bytype_r3,11,2,C=C,492,-0.12407509155547856
A1,53,zz_bytype_r3,11,3,C=N,325,-0.06341614855063991
A1,53,zz_bytype_r3,11,4,C#C,277,0.2640157524593375
A1,53,zz_bytype_r3,11,5,C=O,272,-0.17379380974727762
A1,53,zz_bytype_r3,11,6,C#N,216,-0.033001129601275055
A1,53,zz_bytype_r3,11,7,C-O,214,0.042997209323181323
A1,53,zz_bytype_r3,11,8,H-N,189,0.8306449562761025
A1,53,zz_bytype_r3,11,9,C-N,127,0.11032123490916004
A1,53,zz_bytype_r3,11,10,H-O,90,0.2907161496108847
A1,53,zz_bytype_r3,11,11,N-O,80,0.6463183140798917
A1,53,zz_bytype_r3,11,12,C-S,69,-0.016315627704488946
A1,53,zz_bytype_r3,11,13,N-N,27,0.4851442119158346
A1,53,zz_bytype_r3,11,14,O=S,24,0.2386475320172683
A1,53,zz_bytype_r3,11,15,N-S,17,0.34974107063596743
A1,53,zz_bytype_r3,11,16,N=N,8,0.2606751791526355
A1,53,zz_bytype_r3,11,17,C-Cl,6,0.4987159335686116
A1,53,zz_bytype_r3,11,18,C=S,5,-0.06087017793775686
A1,53,zz_bytype_r3,11,19,N#N,4,1.097396119390942
A1,53,zz_bytype_r3,11,20,O#S,3,-0.0968339763421707
A1,53,zz_bytype_r3,11,21,C#O,3,0.15443774265484958
A1,53,zz_bytype_r3,11,22,O-S,1,-0.22494337822955301
A1,53,xy_bytype_r3,11,0,H-C,1835,0.2556358599392675
A1,53,xy_bytype_r3,11,1,C-C,778,0.06327248699890947
A1,53,xy_bytype_r3,11,2,C=C,492,0.13715668489020003
A1,53,xy_bytype_r3,11,3,C=N,325,-0.03104146891978889
A1,53,xy_bytype_r3,11,4,C#C,277,-0.13518252082763663
A1,53,xy_bytype_r3,11,5,C=O,272,-0.2073478421323063
A1,53,xy_bytype_r3,11,6,C#N,216,-0.14313887199142122
A1,53,xy_bytype_r3,11,7,C-O,214,0.1450414389973928
A1,53,xy_bytype_r3,11,8,H-N,189,0.5080224154033889
A1,53,xy_bytype_r3,11,9,C-N,127,0.31087257512459204
A1,53,xy_bytype_r3,11,10,H-O,90,0.08140143623839353
A1,53,xy_bytype_r3,11,11,N-O,80,1.076275403989982
A1,53,xy_bytype_r3,11,12,C-S,69,0.014010798880543667
A1,53,xy_bytype_r3,11,13,N-N,27,1.0163817223203016
A1,53,xy_bytype_r3,11,14,O=S,24,0.4629581926022482
A1,53,xy_bytype_r3,11,15,N-S,17,0.6956783909467854
A1,53,xy_bytype_r3,11,16,N=N,8,0.46737223002675554
A1,53,xy_bytype_r3,11,17,C-Cl,6,1.1315509988451826
A1,53,xy_bytype_r3,11,18,C=S,5,-0.10453828513462564
A1,53,xy_bytype_r3,11,19,N#N,4,2.0823669733468524
A1,53,xy_bytype_r3,11,20,O#S,3,-0.1349580597560718
A1,53,xy_bytype_r3,11,21,C#O,3,-0.03258002283336324
A1,53,xy_bytype_r3,11,22,O-S,1,-0.41090677789735086
A1,54,zz_bytype_r3,11,0,H-C,1856,-0.6475800446304231
A1,54,zz_bytype_r3,11,1,C-C,784,-0.03534597871567286
A1,54,zz_bytype_r3,11,2,C=C,520,-0.32574491467703137
A1,54,zz_bytype_r3,11,3,C=N,319,-0.10371374510533433
A1,54,zz_bytype_r3,11,4,C#C,280,0.5895180327055022
A1,54,zz_bytype_r3,11,5,C=O,257,-0.5798404784718207
A1,54,zz_bytype_r3,11,6,C-O,226,0.18160715765072086
A1,54,zz_bytype_r3,11,7,C#N,211,-0.005789265442202821
A1,54,zz_bytype_r3,11,8,H-N,185,0.025183454991341336
A1,54,zz_bytype_r3,11,9,C-N,129,0.2746321658677076
A1,54,zz_bytype_r3,11,10,H-O,102,-0.15104669558161393
A1,54,zz_bytype_r3,11,11,C-S,81,0.10461715870025896
A1,54,zz_bytype_r3,11,12,N-O,78,0.8340413054715113
A1,54,zz_bytype_r3,11,13,O=S,40,0.20048799018373087
A1,54,zz_bytype_r3,11,14,N-N,30,0.8521546125169758
A1,54,zz_bytype_r3,11,15,N-S,22,0.39444217905399237
A1,54,zz_bytype_r3,11,16,C-Cl,9,0.6419942182846016
A1,54,zz_bytype_r3,11,17,N=N,5,0.34120120147267213
A1,54,zz_bytype_r3,11,18,C#O,5,0.04514613224417224
A1,54,zz_bytype_r3,11,19,C=S,5,-0.39452246782705486
A1,54,zz_bytype_r3,11,20,N#N,4,0.9893981928557108
A1,54,zz_bytype_r3,11,21,O-S,2,-0.4881079205830706
A1,54,zz_bytype_r3,11,22,N=O,1,0.7532373387292508
A1,54,zz_bytype_r3,11,23,O#S,1,-0.19940248101721755
A1,54,xy_bytype_r3,11,0,H-C,1856,0.1863511820055517
A1,54,xy_bytype_r3,11,1,C-C,784,0.10476594430745473
A1,54,xy_bytype_r3,11,2,C=C,520,-0.04891266859290215
A1,54,xy_bytype_r3,11,3,C=N,319,-0.00019508214510308315
A1,54,xy_bytype_r3,11,4,C#C,280,0.32238054139131184
A1,54,xy_bytype_r3,11,5,C=O,257,0.002240846505973334
A1,54,xy_bytype_r3,11,6,C-O,226,0.1593977820600228
A1,54,xy_bytype_r3,11,7,C#N,211,0.04036467283768494
A1,54,xy_bytype_r3,11,8,H-N,185,0.318434515997917
A1,54,xy_bytype_r3,11,9,C-N,129,0.2413430803620716
A1,54,xy_bytype_r3,11,10,H-O,102,0.15909264081477015
A1,54,xy_bytype_r3,11,11,C-S,81,0.11015665185148397
A1,54,xy_bytype_r3,11,12,N-O,78,0.6467547239790719
A1,54,xy_bytype_r3,11,13,O=S,40,0.2625094017151456
A1,54,xy_bytype_r3,11,14,N-N,30,0.6697155372034607
A1,54,xy_bytype_r3,11,15,N-S,22,0.3616166320361763
A1,54,xy_bytype_r3,11,16,C-Cl,9,0.8348151337959893
A1,54,xy_bytype_r3,11,17,N=N,5,0.24858228755799894
A1,54,xy_bytype_r3,11,18,C#O,5,0.1623554022791131
A1,54,xy_bytype_r3,11,19,C=S,5,0.02921735436629723
A1,54,xy_bytype_r3,11,20,N#N,4,0.6783214125285861
A1,54,xy_bytype_r3,11,21,O-S,2,-0.061251516159364035
A1,54,xy_bytype_r3,11,22,N=O,1,0.7750112344769795
A1,54,xy_bytype_r3,11,23,O#S,1,-0.07369293777201388
A1,55,zz_bytype_r3,11,0,H-C,1891,-0.1760665619876754
A1,55,zz_bytype_r3,11,1,C-C,818,0.019891822598845824
A1,55,zz_bytype_r3,11,2,C=C,529,-0.13404928699282104
A1,55,zz_bytype_r3,11,3,C=N,318,-0.035530312198450945
A1,55,zz_bytype_r3,11,4,C=O,275,-0.4057413998546343
A1,55,zz_bytype_r3,11,5,C#C,271,0.5895855141031747
A1,55,zz_bytype_r3,11,6,C-O,236,0.13621843683054036
A1,55,zz_bytype_r3,11,7,C#N,233,0.05340903036905738
A1,55,zz_bytype_r3,11,8,H-N,188,-0.08059458190505533
A1,55,zz_bytype_r3,11,9,C-N,138,0.26625046715335915
A1,55,zz_bytype_r3,11,10,H-O,98,-0.9775839944352555
A1,55,zz_bytype_r3,11,11,N-O,81,0.7942148513023938
A1,55,zz_bytype_r3,11,12,C-S,77,-0.05427412314968593
A1,55,zz_bytype_r3,11,13,N-N,31,0.7612706158881605
A1,55,zz_bytype_r3,11,14,O=S,30,0.2943048302606835
A1,55,zz_bytype_r3,11,15,N-S,22,0.39441954764779635
A1,55,zz_bytype_r3,11,16,C-Cl,14,0.4399412489149367
A1,55,zz_bytype_r3,11,17,N=N,8,0.16570073068412744
A1,55,zz_bytype_r3,11,18,C=S,5,-0.03668363871105077
A1,55,zz_bytype_r3,11,19,N#N,4,0.5819022435843894
A1,55,zz_bytype_r3,11,20,C#O,3,0.22838029212955563
A1,55,zz_bytype_r3,11,21,O-S,2,-0.4493185415296864
A1,55,zz_bytype_r3,11,22,N=O,1,0.7501714401767968
A1,55,zz_bytype_r3,11,23,O#S,1,-0.6944571427179317
A1,55,xy_bytype_r3,11,0,H-C,1891,0.5972975534491481
A1,55,xy_bytype_r3,11,1,C-C,818,0.322614152368477
A1,55,xy_bytype_r3,11,2,C=C,529,0.5427998205297849
A1,55,xy_bytype_r3,11,3,C=N,318,0.2852288490019465
A1,55,xy_bytype_r3,11,4,C=O,275,0.0659939890182934
A1,55,xy_bytype_r3,11,5,C#C,271,-0.9107990546618021
A1,55,xy_bytype_r3,11,6,C-O,236,0.5730145233972007
A1,55,xy_bytype_r3,11,7,C#N,233,-0.45773823725080376
A1,55,xy_bytype_r3,11,8,H-N,188,0.658074296861535
A1,55,xy_bytype_r3,11,9,C-N,138,0.7735849185498598
A1,55,xy_bytype_r3,11,10,H-O,98,0.6008502101920687
A1,55,xy_bytype_r3,11,11,N-O,81,1.342932750737197
A1,55,xy_bytype_r3,11,12,C-S,77,0.1265570293066384
A1,55,xy_bytype_r3,11,13,N-N,31,1.5771484207018296
A1,55,xy_bytype_r3,11,14,O=S,30,0.7521272472003478
A1,55,xy_bytype_r3,11,15,N-S,22,0.7707379201545828
A1,55,xy_bytype_r3,11,16,C-Cl,14,-1.1192625849520574
A1,55,xy_bytype_r3,11,17,N=N,8,0.6959967009579923
A1,55,xy_bytype_r3,11,18,C=S,5,-0.2797761078642296
A1,55,xy_bytype_r3,11,19,N#N,4,2.1574506546246552
A1,55,xy_bytype_r3,11,20,C#O,3,1.350498489061027
A1,55,xy_bytype_r3,11,21,O-S,2,-0.24842379397642983
A1,55,xy_bytype_r3,11,22,N=O,1,1.4956579570034982
A1,55,xy_bytype_r3,11,23,O#S,1,0.32239477965387314
A1,56,zz_bytype_r3,11,0,H-C,1817,-0.18322281205942167
A1,56,zz_bytype_r3,11,1,C-C,767,0.02442352848677381
A1,56,zz_bytype_r3,11,2,C=C,516,0.10811175216629779
A1,56,zz_bytype_r3,11,3,C=N,344,-0.1825264137639934
A1,56,zz_bytype_r3,11,4,C#C,267,-0.6845843547337656
A1,56,zz_bytype_r3,11,5,C=O,263,-0.33626031416052027
A1,56,zz_bytype_r3,11,6,C-O,226,0.17123871286411343
A1,56,zz_bytype_r3,11,7,C#N,213,-0.5136806808050928
A1,56,zz_bytype_r3,11,8,H-N,186,0.3810453034570514
A1,56,zz_bytype_r3,11,9,C-N,121,0.37728460988915796
A1,56,zz_bytype_r3,11,10,H-O,93,-0.03063136078934286
A1,56,zz_bytype_r3,11,11,N-O,79,0.724708682895684
A1,56,zz_bytype_r3,11,12,C-S,75,-0.09356152902306081
A1,56,zz_bytype_r3,11,13,O=S,30,0.24817535434214427
A1,56,zz_bytype_r3,11,14,N-N,29,0.8219387508952762
A1,56,zz_bytype_r3,11,15,N-S,20,0.42480732606738536
A1,56,zz_bytype_r3,11,16,C-Cl,14,0.5016986412986755
A1,56,zz_bytype_r3,11,17,N=N,6,0.35062567645092296
A1,56,zz_bytype_r3,11,18,C#O,5,-0.18317961913716146
A1,56,zz_bytype_r3,11,19,C=S,3,0.5000583061916383
A1,56,zz_bytype_r3,11,20,N#N,3,0.6549533465364835
A1,56,zz_bytype_r3,11,21,O#S,3,0.18563148707044103
A1,56,zz_bytype_r3,11,22,O-S,2,-0.08171142032328962
A1,56,zz_bytype_r3,11,23,N=O,1,0.7994725056182529
A1,56,xy_bytype_r3,11,0,H-C,1817,0.15449885604467012
A1,56,xy_bytype_r3,11,1,C-C,767,0.03919125678367184
A1,56,xy_bytype_r3,11,2,C=C,516,-0.09338350415040811
A1,56,xy_bytype_r3,11,3,C=N,344,-0.005000675851905184
A1,56,xy_bytype_r3,11,4,C#C,267,0.642258796144601
A1,56,xy_bytype_r3,11,5,C=O,263,-0.17317097632749
A1,56,xy_bytype_r3,11,6,C-O,226,0.1881872843009381
A1,56,xy_bytype_r3,11,7,C#N,213,0.19487141042678618
A1,56,xy_bytype_r3,11,8,H-N,186,0.4599881487998283
A1,56,xy_bytype_r3,11,9,C-N,121,0.23363986309126333
A1,56,xy_bytype_r3,11,10,H-O,93,-0.08219342852131936
A1,56,xy_bytype_r3,11,11,N-O,79,1.1145045299344885
A1,56,xy_bytype_r3,11,12,C-S,75,0.042365555740466875
A1,56,xy_bytype_r3,11,13,O=S,30,0.3363705354073009
A1,56,xy_bytype_r3,11,14,N-N,29,1.2011046512860828
A1,56,xy_bytype_r3,11,15,N-S,20,0.5419435711194314
A1,56,xy_bytype_r3,11,16,C-Cl,14,0.6392278070325976
A1,56,xy_bytype_r3,11,17,N=N,6,0.36735094350349623
A1,56,xy_bytype_r3,11,18,C#O,5,0.17315876556358276
A1,56,xy_bytype_r3,11,19,C=S,3,0.6089123597564962
A1,56,xy_bytype_r3,11,20,N#N,3,0.8625941037251272
A1,56,xy_bytype_r3,11,21,O#S,3,0.10326344259885595
A1,56,xy_bytype_r3,11,22,O-S,2,-0.12119543773700266
A1,56,xy_bytype_r3,11,23,N=O,1,1.1816534819902567
A1,57,zz_bytype_r3,11,0,H-C,1818,-0.5457756015263954
A1,57,zz_bytype_r3,11,1,C-C,773,-0.028520800868213927
A1,57,zz_bytype_r3,11,2,C=C,516,-0.24250777497070608
A1,57,zz_bytype_r3,11,3,C=N,341,0.007734077532297179
A1,57,zz_bytype_r3,11,4,C#C,286,0.6074037512990532
A1,57,zz_bytype_r3,11,5,C=O,262,-0.5090589590544667
A1,57,zz_bytype_r3,11,6,C#N,224,0.24059344732451474
A1,57,zz_bytype_r3,11,7,C-O,207,0.15625349692603047
A1,57,zz_bytype_r3,11,8,H-N,190,0.1358841270676991
A1,57,zz_bytype_r3,11,9,C-N,124,0.27225517124246246
A1,57,zz_bytype_r3,11,10,N-O,95,0.7041264500072618
A1,57,zz_bytype_r3,11,11,H-O,94,-0.5314090053599523
A1,57,zz_bytype_r3,11,12,C-S,83,0.07772019757119604
A1,57,zz_bytype_r3,11,13,O=S,34,0.1873316728114158
A1,57,zz_bytype_r3,11,14,N-N,26,0.7246883248740987
A1,57,zz_bytype_r3,11,15,N-S,15,0.36654641050737874
A1,57,zz_bytype_r3,11,16,C-Cl,10,0.4766532170309141
A1,57,zz_bytype_r3,11,17,N=N,7,0.2469408126379255
A1,57,zz_bytype_r3,11,18,C#O,3,0.32414244925354924
A1,57,zz_bytype_r3,11,19,C=S,3,0.05622825253793832
A1,57,zz_bytype_r3,11,20,O-S,3,-0.2788048226471439
A1,57,zz_bytype_r3,11,21,N#N,2,0.6155570366128658
A1,57,zz_bytype_r3,11,22,N=O,1,0.7505562058509236
A1,57,xy_bytype_r3,11,0,H-C,1818,-0.10539872940628753
A1,57,xy_bytype_r3,11,1,C-C,773,0.00032116678376314847
A1,57,xy_bytype_r3,11,2,C=C,516,0.17671978978005273
A1,57,xy_bytype_r3,11,3,C=N,341,-0.06581242056988212
A1,57,xy_bytype_r3,11,4,C#C,286,-0.5257268432381403
A1,57,xy_bytype_r3,11,5,C=O,262,-0.47548102821345584
A1,57,xy_bytype_r3,11,6,C#N,224,0.12487106287974106
A1,57,xy_bytype_r3,11,7,C-O,207,0.2551985066826214
A1,57,xy_bytype_r3,11,8,H-N,190,0.5306033320852385
A1,57,xy_bytype_r3,11,9,C-N,124,0.45357787114862425
A1,57,xy_bytype_r3,11,10,N-O,95,0.8968940828311586
A1,57,xy_bytype_r3,11,11,H-O,94,0.5104155988844887
A1,57,xy_bytype_r3,11,12,C-S,83,0.12273139978039709
A1,57,xy_bytype_r3,11,13,O=S,34,0.3427100600080113
A1,57,xy_bytype_r3,11,14,N-N,26,0.9913977901334393
A1,57,xy_bytype_r3,11,15,N-S,15,0.4892226173414303
A1,57,xy_bytype_r3,11,16,C-Cl,10,0.6461067970886161
A1,57,xy_bytype_r3,11,17,N=N,7,0.43251639638645806
A1,57,xy_bytype_r3,11,18,C#O,3,-3.265737856077944
A1,57,xy_bytype_r3,11,19,C=S,3,0.08582808149676785
A1,57,xy_bytype_r3,11,20,O-S,3,-0.16508470581896603
A1,57,xy_bytype_r3,11,21,N#N,2,1.0385417725787345
A1,57,xy_bytype_r3,11,22,N=O,1,1.175216734688145
A1,58,zz_bytype_r3,11,0,H-C,1861,-0.5380203279770231
A1,58,zz_bytype_r3,11,1,C-C,745,-0.15064487374598654
A1,58,zz_bytype_r3,11,2,C=C,518,-0.36364688313371685
A1,58,zz_bytype_r3,11,3,C=N,327,-0.1207213707703739
A1,58,zz_bytype_r3,11,4,C#C,286,0.5120701664567547
A1,58,zz_bytype_r3,11,5,C=O,272,-0.5297845187710656
A1,58,zz_bytype_r3,11,6,C-O,239,0.1371628977762814
A1,58,zz_bytype_r3,11,7,C#N,197,-0.012824790543377275
A1,58,zz_bytype_r3,11,8,H-N,188,-0.3444226125524453
A1,58,zz_bytype_r3,11,9,C-N,117,0.3026861234333515
A1,58,zz_bytype_r3,11,10,N-O,89,0.7907302912711608
A1,58,zz_bytype_r3,11,11,H-O,83,-0.3346506999803064
A1,58,zz_bytype_r3,11,12,C-S,77,0.16412549339308516
A1,58,zz_bytype_r3,11,13,O=S,38,0.20949466062095756
A1,58,zz_bytype_r3,11,14,N-N,30,0.8032968940637741
A1,58,zz_bytype_r3,11,15,N-S,17,0.513680690471773
A1,58,zz_bytype_r3,11,16,C-Cl,10,0.7241879596400576
A1,58,zz_bytype_r3,11,17,N=N,6,0.28571216363471313
A1,58,zz_bytype_r3,11,18,C=S,4,-0.38998963751175014
A1,58,zz_bytype_r3,11,19,N#N,3,1.1381447419571689
A1,58,zz_bytype_r3,11,20,O#S,3,-0.25910842823592023
A1,58,zz_bytype_r3,11,21,C#O,2,0.4767902581555526
A1,58,zz_bytype_r3,11,22,O-S,2,-0.22197549244654
A1,58,zz_bytype_r3,11,23,N=O,1,0.8090519411789292
A1,58,xy_bytype_r3,11,0,H-C,1861,0.025624373580210927
A1,58,xy_bytype_r3,11,1,C-C,745,0.04489047451308379
A1,58,xy_bytype_r3,11,2,C=C,518,0.16960294433793696
A1,58,xy_bytype_r3,11,3,C=N,327,-0.032685813080829254
A1,58,xy_bytype_r3,11,4,C#C,286,-0.18035411690495579
A1,58,xy_bytype_r3,11,5,C=O,272,-0.14145563406149658
A1,58,xy_bytype_r3,11,6,C-O,239,0.15089912288092458
A1,58,xy_bytype_r3,11,7,C#N,197,-0.01447398173099123
A1,58,xy_bytype_r3,11,8,H-N,188,-0.36352348850692134
A1,58,xy_bytype_r3,11,9,C-N,117,0.35048236269281735
A1,58,xy_bytype_r3,11,10,N-O,89,0.8975537182253143
A1,58,xy_bytype_r3,11,11,H-O,83,-0.35529312010715325
A1,58,xy_bytype_r3,11,12,C-S,77,0.06507328267428687
A1,58,xy_bytype_r3,11,13,O=S,38,0.3341119291410916
A1,58,xy_bytype_r3,11,14,N-N,30,1.2100375206209861
A1,58,xy_bytype_r3,11,15,N-S,17,0.5724970830416616
A1,58,xy_bytype_r3,11,16,C-Cl,10,1.0895196571236825
A1,58,xy_bytype_r3,11,17,N=N,6,0.3547076330259083
A1,58,xy_bytype_r3,11,18,C=S,4,0.27825253771734154
A1,58,xy_bytype_r3,11,19,N#N,3,0.7747966835226017
A1,58,xy_bytype_r3,11,20,O#S,3,0.1459283052122267
A1,58,xy_bytype_r3,11,21,C#O,2,0.2678286388032511
A1,58,xy_bytype_r3,11,22,O-S,2,0.014685860255650359
A1,58,xy_bytype_r3,11,23,N=O,1,1.0682647357098773
A1,59,zz_bytype_r3,11,0,H-C,1797,-0.22266490467626263
A1,59,zz_bytype_r3,11,1,C-C,753,-0.021559790345689667
A1,59,zz_bytype_r3,11,2,C=C,523,0.0758254180008708
A1,59,zz_bytype_r3,11,3,C=N,317,-0.16283166438887806
A1,59,zz_bytype_r3,11,4,C=O,270,-0.5429090390896822
A1,59,zz_bytype_r3,11,5,C#C,265,-0.5223660605987931
A1,59,zz_bytype_r3,11,6,C-O,226,0.14483367634173783
A1,59,zz_bytype_r3,11,7,C#N,213,-0.26820589809537365
A1,59,zz_bytype_r3,11,8,H-N,184,0.3194407386841887
A1,59,zz_bytype_r3,11,9,C-N,115,0.29266975516886573
A1,59,zz_bytype_r3,11,10,H-O,78,0.14315331175117904
A1,59,zz_bytype_r3,11,11,N-O,78,0.6680382728678655
A1,59,zz_bytype_r3,11,12,C-S,78,0.04056253034319326
A1,59,zz_bytype_r3,11,13,O=S,30,0.2576744538599976
A1,59,zz_bytype_r3,11,14,N-N,28,0.7149037141275569
A1,59,zz_bytype_r3,11,15,N-S,20,0.4086548942839221
A1,59,zz_bytype_r3,11,16,C-Cl,9,0.46843095766080767
A1,59,zz_bytype_r3,11,17,N=N,7,0.3217852639962683
A1,59,zz_bytype_r3,11,18,C#O,3,0.5120392783833091
A1,59,zz_bytype_r3,11,19,C=S,3,-0.368820625534269
A1,59,zz_bytype_r3,11,20,O-S,3,-0.2632323599391254
A1,59,zz_bytype_r3,11,21,N#N,2,1.295351750129596
A1,59,zz_bytype_r3,11,22,N=O,1,0.699783927875244
A1,59,zz_bytype_r3,11,23,O#S,1,0.0014045653671772833
A1,59,xy_bytype_r3,11,0,H-C,1797,0.598699739071556
A1,59,xy_bytype_r3,11,1,C-C,753,0.12412787490085966
A1,59,xy_bytype_r3,11,2,C=C,523,0.41466012022860166
A1,59,xy_bytype_r3,11,3,C=N,317,0.13633790128975706
A1,59,xy_bytype_r3,11,4,C=O,270,0.1426525018586694
A1,59,xy_bytype_r3,11,5,C#C,265,-0.6897609641563602
A1,59,xy_bytype_r3,11,6,C-O,226,-0.4660540120806142
A1,59,xy_bytype_r3,11,7,C#N,213,-0.20155235642471103
A1,59,xy_bytype_r3,11,8,H-N,184,-0.7917065067508947
A1,59,xy_bytype_r3,11,9,C-N,115,-0.5837323578561003
A1,59,xy_bytype_r3,11,10,H-O,78,0.6089206398981443
A1,59,xy_bytype_r3,11,11,N-O,78,1.600381553959501
A1,59,xy_bytype_r3,11,12,C-S,78,-0.2376963226225667
A1,59,xy_bytype_r3,11,13,O=S,30,0.7407774230755703
A1,59,xy_bytype_r3,11,14,N-N,28,1.768878958335348
A1,59,xy_bytype_r3,11,15,N-S,20,-0.7816502494051698
A1,59,xy_bytype_r3,11,16,C-Cl,9,-0.9701520151907408
A1,59,xy_bytype_r3,11,17,N=N,7,-0.6947013756926338
A1,59,xy_bytype_r3,11,18,C#O,3,-0.45274601295700173
A1,59,xy_bytype_r3,11,19,C=S,3,0.3977233971894689
A1,59,xy_bytype_r3,11,20,O-S,3,-0.08012237892312263
A1,59,xy_bytype_r3,11,21,N#N,2,-1.9319145092888041
A1,59,xy_bytype_r3,11,22,N=O,1,-1.182383090415276
A1,59,xy_bytype_r3,11,23,O#S,1,0.2152460491928093
A1,60,zz_bytype_r3,11,0,H-C,1807,0.09447716478246461
A1,60,zz_bytype_r3,11,1,C-C,765,0.03035683843489579
A1,60,zz_bytype_r3,11,2,C=C,505,-0.09696929209916262
A1,60,zz_bytype_r3,11,3,C=N,287,-0.026078807335351346
A1,60,zz_bytype_r3,11,4,C#C,278,0.4337307317098142
A1,60,zz_bytype_r3,11,5,C=O,248,-0.19244366161032336
A1,60,zz_bytype_r3,11,6,C-O,223,0.0927090267765477
A1,60,zz_bytype_r3,11,7,C#N,222,0.03794439096526858
A1,60,zz_bytype_r3,11,8,H-N,168,0.3920413613832255
A1,60,zz_bytype_r3,11,9,C-N,143,0.2425695687345107
A1,60,zz_bytype_r3,11,10,H-O,95,0.00679759272803655
A1,60,zz_bytype_r3,11,11,C-S,85,-0.018768974278743075
A1,60,zz_bytype_r3,11,12,N-O,76,0.7974468217518482
A1,60,zz_bytype_r3,11,13,O=S,40,0.2178517502205251
A1,60,zz_bytype_r3,11,14,N-N,23,0.8418523054458387
A1,60,zz_bytype_r3,11,15,N-S,16,0.34369347033133457
A1,60,zz_bytype_r3,11,16,C-Cl,13,0.33370689855314
A1,60,zz_bytype_r3,11,17,N=N,5,0.3401667660842037
A1,60,zz_bytype_r3,11,18,C=S,3,0.16162131366602625
A1,60,zz_bytype_r3,11,19,N#N,3,0.319131394455369
A1,60,zz_bytype_r3,11,20,O#S,3,0.08250815359825656
A1,60,zz_bytype_r3,11,21,C#O,3,0.32738032952817914
A1,60,zz_bytype_r3,11,22,O-S,3,-0.1111804935023974
A1,60,zz_bytype_r3,11,23,N=O,1,0.6309168707941845
A1,60,xy_bytype_r3,11,0,H-C,1807,0.21828452937306717
A1,60,xy_bytype_r3,11,1,C-C,765,-0.042044568525038364
A1,60,xy_bytype_r3,11,2,C=C,505,-0.3058390175186727
A1,60,xy_bytype_r3,11,3,C=N,287,-0.05552091775921838
A1,60,xy_bytype_r3,11,4,C#C,278,0.639369615368297
A1,60,xy_bytype_r3,11,5,C=O,248,-0.4742088697109942
A1,60,xy_bytype_r3,11,6,C-O,223,0.06961538430934797
A1,60,xy_bytype_r3,11,7,C#N,222,0.07412447457659424
A1,60,xy_bytype_r3,11,8,H-N,168,0.5575150653933777
A1,60,xy_bytype_r3,11,9,C-N,143,0.2480936433344719
A1,60,xy_bytype_r3,11,10,H-O,95,-0.07019386438884799
A1,60,xy_bytype_r3,11,11,C-S,85,0.05189239201975919
A1,60,xy_bytype_r3,11,12,N-O,76,1.062924742032443
A1,60,xy_bytype_r3,11,13,O=S,40,0.27594377111923407
A1,60,xy_bytype_r3,11,14,N-N,23,0.9295366497184714
A1,60,xy_bytype_r3,11,15,N-S,16,0.48183546689095913
A1,60,xy_bytype_r3,11,16,C-Cl,13,0.5004001232140729
A1,60,xy_bytype_r3,11,17,N=N,5,0.6024200183059507
A1,60,xy_bytype_r3,11,18,C=S,3,0.28321294578142786
A1,60,xy_bytype_r3,11,19,N#N,3,0.3538145840968428
A1,60,xy_bytype_r3,11,20,O#S,3,0.12449999317514535
A1,60,xy_bytype_r3,11,21,C#O,3,0.17749003460532736
A1,60,xy_bytype_r3,11,22,O-S,3,-0.4410077201725107
A1,60,xy_bytype_r3,11,23,N=O,1,1.016493818704394
A1,61,zz_bytype_r3,11,0,H-C,1838,0.49893808293346387
A1,61,zz_bytype_r3,11,1,C-C,763,-0.006901833261274216
A1,61,zz_bytype_r3,11,2,C=C,532,-0.09398123811846086
A1,61,zz_bytype_r3,11,3,C=N,313,-0.014884138234433013
A1,61,zz_bytype_r3,11,4,C=O,279,-0.1815007609933795
A1,61,zz_bytype_r3,11,5,C#C,262,0.5384263929753779
A1,61,zz_bytype_r3,11,6,C-O,238,0.07256014530534341
A1,61,zz_bytype_r3,11,7,C#N,218,0.08026471133036467
A1,61,zz_bytype_r3,11,8,H-N,183,0.39077485231900483
A1,61,zz_bytype_r3,11,9,C-N,124,0.21322722117128035
A1,61,zz_bytype_r3,11,10,H-O,79,0.06042155263785705
A1,61,zz_bytype_r3,11,11,N-O,77,0.936931086960587
A1,61,zz_bytype_r3,11,12,C-S,76,-0.02721668633100351
A1,61,zz_bytype_r3,11,13,O=S,34,0.2741799493558334
A1,61,zz_bytype_r3,11,14,N-N,23,0.8780716779886196
A1,61,zz_bytype_r3,11,15,N-S,19,0.3792492271523244
A1,61,zz_bytype_r3,11,16,C-Cl,13,0.3971811758386883
A1,61,zz_bytype_r3,11,17,N=N,7,0.33811041733151004
A1,61,zz_bytype_r3,11,18,C#O,5,0.1454693453026203
A1,61,zz_bytype_r3,11,19,C=S,5,0.1536198037034769
A1,61,zz_bytype_r3,11,20,N#N,4,1.3148488390563984
A1,61,zz_bytype_r3,11,21,O#S,3,-0.10138262773379342
A1,61,zz_bytype_r3,11,22,O-S,2,-0.3911030078991805
A1,61,zz_bytype_r3,11,23,N=O,1,1.1824899185558349
A1,61,xy_bytype_r3,11,0,H-C,1838,0.5267845849551949
A1,61,xy_bytype_r3,11,1,C-C,763,-0.09910956562494139
A1,61,xy_bytype_r3,11,2,C=C,532,-0.2173425350101516
A1,61,xy_bytype_r3,11,3,C=N,313,-0.11767189289298194
A1,61,xy_bytype_r3,11,4,C=O,279,-0.48558328750508706
A1,61,xy_bytype_r3,11,5,C#C,262,0.6277489758720193
A1,61,xy_bytype_r3,11,6,C-O,238,0.0546102364595583
A1,61,xy_bytype_r3,11,7,C#N,218,0.021845664492826527
A1,61,xy_bytype_r3,11,8,H-N,183,0.8601990556525718
A1,61,xy_bytype_r3,11,9,C-N,124,0.26287933107577516
A1,61,xy_bytype_r3,11,10,H-O,79,-0.04932246850272028
A1,61,xy_bytype_r3,11,11,N-O,77,1.0851919992387926
A1,61,xy_bytype_r3,11,12,C-S,76,-0.23959319487175984
A1,61,xy_bytype_r3,11,13,O=S,34,0.41116448059910005
A1,61,xy_bytype_r3,11,14,N-N,23,1.030192359503323
A1,61,xy_bytype_r3,11,15,N-S,19,0.5178384824627076
A1,61,xy_bytype_r3,11,16,C-Cl,13,0.6859444506419489
A1,61,xy_bytype_r3,11,17,N=N,7,0.46425956942298924
A1,61,xy_bytype_r3,11,18,C#O,5,0.11105461780995629
A1,61,xy_bytype_r3,11,19,C=S,5,-0.11296395479650735
A1,61,xy_bytype_r3,11,20,N#N,4,1.367017176261814
A1,61,xy_bytype_r3,11,21,O#S,3,-0.5286396878996966
A1,61,xy_bytype_r3,11,22,O-S,2,-0.9384763152194341
A1,61,xy_bytype_r3,11,23,N=O,1,1.0249911620722114
B1,42,zz_bytype_r3,13,0,H-C,2958,-0.031985193105769805
B1,42,zz_bytype_r3,13,1,C-C,1090,-0.025884442701144345
B1,42,zz_bytype_r3,13,2,C=C,376,-0.14157670726496813
B1,42,zz_bytype_r3,13,3,C-O,358,0.3387432508353902
B1,42,zz_bytype_r3,13,4,H-N,206,-0.3236203268123003
B1,42,zz_bytype_r3,13,5,C=O,189,0.08218464625432748
B1,42,zz_bytype_r3,13,6,C#C,188,0.6253821664715375
B1,42,zz_bytype_r3,13,7,C-N,175,0.30461672164757253
B1,42,zz_bytype_r3,13,8,C=N,117,-0.19192388713614214
B1,42,zz_bytype_r3,13,9,H-O,114,0.06395710750492602
B1,42,zz_bytype_r3,13,10,C#N,75,-0.17195157616976367
B1,42,zz_bytype_r3,13,11,N-O,28,1.017259954380109
B1,42,zz_bytype_r3,13,12,N-N,21,0.7016465683554403
B1,42,zz_bytype_r3,13,13,N=N,4,1.2545940207316255
B1,42,xy_bytype_r3,13,0,H-C,2958,0.1742681227704888
B1,42,xy_bytype_r3,13,1,C-C,1090,0.01569741543871934
B1,42,xy_bytype_r3,13,2,C=C,376,-0.24640978534127164
B1,42,xy_bytype_r3,13,3,C-O,358,0.4815219547864641
B1,42,xy_bytype_r3,13,4,H-N,206,0.15887234289898705
B1,42,xy_bytype_r3,13,5,C=O,189,0.09023235842596213
B1,42,xy_bytype_r3,13,6,C#C,188,0.6589588752722808
B1,42,xy_bytype_r3,13,7,C-N,175,0.4343951329377762
B1,42,xy_bytype_r3,13,8,C=N,117,-0.26772093392290824
B1,42,xy_bytype_r3,13,9,H-O,114,0.33766089173077285
B1,42,xy_bytype_r3,13,10,C#N,75,-0.483662234944115
B1,42,xy_bytype_r3,13,11,N-O,28,0.8789682726681466
B1,42,xy_bytype_r3,13,12,N-N,21,0.7577141474702417
B1,42,xy_bytype_r3,13,13,N=N,4,0.911760640385168
B1,43,zz_bytype_r3,13,0,H-C,3051,-0.17543888779057978
B1,43,zz_bytype_r3,13,1,C-C,1102,-0.055501385036608133
B1,43,zz_bytype_r3,13,2,C=C,387,-0.18167597552064924
B1,43,zz_bytype_r3,13,3,C-O,368,0.3315640256071869
B1,43,zz_bytype_r3,13,4,C#C,206,0.44572527734241013
B1,43,zz_bytype_r3,13,5,H-N,202,-0.16487801937220728
B1,43,zz_bytype_r3,13,6,C-N,196,0.3403719871952192
B1,43,zz_bytype_r3,13,7,C=O,183,-0.006683548843332856
B1,43,zz_bytype_r3,13,8,H-O,122,0.6518810526127895
B1,43,zz_bytype_r3,13,9,C=N,106,-0.19122679098197315
B1,43,zz_bytype_r3,13,10,C#N,86,-0.24336144468545717
B1,43,zz_bytype_r3,13,11,N-O,21,1.0371921667000008
B1,43,zz_bytype_r3,13,12,N-N,17,0.8476749261875792
B1,43,zz_bytype_r3,13,13,N=N,4,1.3529503030047998
B1,43,xy_bytype_r3,13,0,H-C,3051,-0.18978879766595483
B1,43,xy_bytype_r3,13,1,C-C,1102,-0.15994026700327763
B1,43,xy_bytype_r3,13,2,C=C,387,-0.3525491650260216
B1,43,xy_bytype_r3,13,3,C-O,368,0.6695499327284304
B1,43,xy_bytype_r3,13,4,C#C,206,1.0757693425883152
B1,43,xy_bytype_r3,13,5,H-N,202,0.2118416972071429
B1,43,xy_bytype_r3,13,6,C-N,196,0.6907303666622018
B1,43,xy_bytype_r3,13,7,C=O,183,-0.10645088177971015
B1,43,xy_bytype_r3,13,8,H-O,122,0.9205110988319768
B1,43,xy_bytype_r3,13,9,C=N,106,-0.3151079322844541
B1,43,xy_bytype_r3,13,10,C#N,86,-0.4047163551881164
B1,43,xy_bytype_r3,13,11,N-O,21,1.6603362678777582
B1,43,xy_bytype_r3,13,12,N-N,17,1.354254478805802
B1,43,xy_bytype_r3,13,13,N=N,4,1.8269565640222662
B1,44,zz_bytype_r3,13,0,H-C,3029,-0.31801443990791745
B1,44,zz_bytype_r3,13,1,C-C,1102,-0.0440787764853799
B1,44,zz_bytype_r3,13,2,C=C,374,-0.18960990418823706
B1,44,zz_bytype_r3,13,3,C-O,350,0.305505753446505
B1,44,zz_bytype_r3,13,4,H-N,220,-0.38882954997877767
B1,44,zz_bytype_r3,13,5,C-N,217,0.28692109434168056
B1,44,zz_bytype_r3,13,6,C#C,183,0.8021963286329681
B1,44,zz_bytype_r3,13,7,C=O,183,-0.06503908387299907
B1,44,zz_bytype_r3,13,8,C=N,117,-0.3784827401577398
B1,44,zz_bytype_r3,13,9,H-O,108,-0.17432147667994785
B1,44,zz_bytype_r3,13,10,C#N,90,-0.5295110424877525
B1,44,zz_bytype_r3,13,11,N-O,27,1.0035294485025674
B1,44,zz_bytype_r3,13,12,N-N,22,0.7719606132027889
B1,44,zz_bytype_r3,13,13,N=N,4,1.247492533177212
B1,44,xy_bytype_r3,13,0,H-C,3029,0.19243016732892526
B1,44,xy_bytype_r3,13,1,C-C,1102,0.1280814218537336
B1,44,xy_bytype_r3,13,2,C=C,374,-0.04612615567911245
B1,44,xy_bytype_r3,13,3,C-O,350,0.4166648262163901
B1,44,xy_bytype_r3,13,4,H-N,220,0.11174364254255324
B1,44,xy_bytype_r3,13,5,C-N,217,0.403673831641003
B1,44,xy_bytype_r3,13,6,C#C,183,0.8181611269510799
B1,44,xy_bytype_r3,13,7,C=O,183,0.12351816291517989
B1,44,xy_bytype_r3,13,8,C=N,117,-0.3210613093052907
B1,44,xy_bytype_r3,13,9,H-O,108,0.5311993393649027
B1,44,xy_bytype_r3,13,10,C#N,90,-0.3118814648296187
B1,44,xy_bytype_r3,13,11,N-O,27,0.8570146021013667
B1,44,xy_bytype_r3,13,12,N-N,22,0.7771533028320543
B1,44,xy_bytype_r3,13,13,N=N,4,1.0644186705741991
B1,45,zz_bytype_r3,13,0,H-C,2976,0.14555010097374566
B1,45,zz_bytype_r3,13,1,C-C,1098,0.022977133531771537
B1,45,zz_bytype_r3,13,2,C=C,360,-0.05113812442382806
B1,45,zz_bytype_r3,13,3,C-O,334,0.19676243594872384
B1,45,zz_bytype_r3,13,4,C-N,219,0.22078254377494538
B1,45,zz_bytype_r3,13,5,H-N,204,-0.08568741508110413
B1,45,zz_bytype_r3,13,6,C#C,187,0.47827585860909116
B1,45,zz_bytype_r3,13,7,C=O,163,-0.05435852663776145
B1,45,zz_bytype_r3,13,8,C=N,118,-0.12714152175830043
B1,45,zz_bytype_r3,13,9,H-O,107,0.02714172240874515
B1,45,zz_bytype_r3,13,10,C#N,96,-0.2876639857064722
B1,45,zz_bytype_r3,13,11,N-O,30,0.7770405594610478
B1,45,zz_bytype_r3,13,12,N-N,20,0.6054129144642942
B1,45,zz_bytype_r3,13,13,N=N,4,0.8706960276615917
B1,45,xy_bytype_r3,13,0,H-C,2976,0.45575345625202823
B1,45,xy_bytype_r3,13,1,C-C,1098,0.1575389485286123
B1,45,xy_bytype_r3,13,2,C=C,360,-0.09615925468201648
B1,45,xy_bytype_r3,13,3,C-O,334,0.5821000751216486
B1,45,xy_bytype_r3,13,4,C-N,219,0.6074447828428247
B1,45,xy_bytype_r3,13,5,H-N,204,0.05445401008498968
B1,45,xy_bytype_r3,13,6,C#C,187,0.7702262906180525
B1,45,xy_bytype_r3,13,7,C=O,163,0.01112372000446786
B1,45,xy_bytype_r3,13,8,C=N,118,-0.3591615125050196
B1,45,xy_bytype_r3,13,9,H-O,107,0.07693450772770989
B1,45,xy_bytype_r3,13,10,C#N,96,0.17448667925831987
B1,45,xy_bytype_r3,13,11,N-O,30,1.0410747373925306
B1,45,xy_bytype_r3,13,12,N-N,20,0.9138525146056493
B1,45,xy_bytype_r3,13,13,N=N,4,1.1283410807625658
B1,46,zz_bytype_r3,13,0,H-C,3054,-0.015531098669929721
B1,46,zz_bytype_r3,13,1,C-C,1104,0.06946116225500518
B1,46,zz_bytype_r3,13,2,C-O,389,0.25301745123190306
B1,46,zz_bytype_r3,13,3,C=C,368,-0.12267682886758183
B1,46,zz_bytype_r3,13,4,C-N,213,0.27382813972839565
B1,46,zz_bytype_r3,13,5,H-N,209,-0.10154687407980777
B1,46,zz_bytype_r3,13,6,C=O,208,-0.139076008486717
B1,46,zz_bytype_r3,13,7,C#C,173,0.22443979092037847
B1,46,zz_bytype_r3,13,8,C=N,111,-0.2078901727357589
B1,46,zz_bytype_r3,13,9,H-O,108,-0.27112767527197346
B1,46,zz_bytype_r3,13,10,C#N,82,-0.585546504258913
B1,46,zz_bytype_r3,13,11,N-O,28,0.9650907390851178
B1,46,zz_bytype_r3,13,12,N-N,17,0.6448401087450049
B1,46,xy_bytype_r3,13,0,H-C,3054,0.06051486865805665
B1,46,xy_bytype_r3,13,1,C-C,1104,0.03765532646860328
B1,46,xy_bytype_r3,13,2,C-O,389,0.3893832718829695
B1,46,xy_bytype_r3,13,3,C=C,368,0.19120048261517575
B1,46,xy_bytype_r3,13,4,C-N,213,0.38454133911189764
B1,46,xy_bytype_r3,13,5,H-N,209,0.24354964149439526
B1,46,xy_bytype_r3,13,6,C=O,208,0.059361582688367026
B1,46,xy_bytype_r3,13,7,C#C,173,-0.4832631659074987
B1,46,xy_bytype_r3,13,8,C=N,111,-0.2694263926012757
B1,46,xy_bytype_r3,13,9,H-O,108,0.30390017666010605
B1,46,xy_bytype_r3,13,10,C#N,82,-0.38471622998386823
B1,46,xy_bytype_r3,13,11,N-O,28,0.893642969671551
B1,46,xy_bytype_r3,13,12,N-N,17,0.7542662812014485
B1,47,zz_bytype_r3,13,0,H-C,3113,-0.11652774629073549
B1,47,zz_bytype_r3,13,1,C-C,1108,-0.007274987256759494
B1,47,zz_bytype_r3,13,2,C-O,400,0.321345052522048
B1,47,zz_bytype_r3,13,3,C=C,388,-0.08411723660816771
B1,47,zz_bytype_r3,13,4,H-N,222,-0.18675331921381103
B1,47,zz_bytype_r3,13,5,C-N,211,0.3036244574188207
B1,47,zz_bytype_r3,13,6,C=O,183,-0.14224780064193904
B1,47,zz_bytype_r3,13,7,C#C,182,0.14010949176479734
B1,47,zz_bytype_r3,13,8,C=N,131,-0.23610046785722186
B1,47,zz_bytype_r3,13,9,H-O,115,0.0706343403730707
B1,47,zz_bytype_r3,13,10,C#N,107,-0.37788111547049313
B1,47,zz_bytype_r3,13,11,N-O,30,1.0643612487403245
B1,47,zz_bytype_r3,13,12,N-N,26,0.80673300593502
B1,47,zz_bytype_r3,13,13,N=N,4,1.2031549115705833
B1,47,xy_bytype_r3,13,0,H-C,3113,0.047222292105893925
B1,47,xy_bytype_r3,13,1,C-C,1108,0.005954630701776248
B1,47,xy_bytype_r3,13,2,C-O,400,-0.1763485902834525
B1,47,xy_bytype_r3,13,3,C=C,388,0.13257117194921278
B1,47,xy_bytype_r3,13,4,H-N,222,0.3021755100962571
B1,47,xy_bytype_r3,13,5,C-N,211,-0.16422139075392653
B1,47,xy_bytype_r3,13,6,C=O,183,0.1825979856779087
B1,47,xy_bytype_r3,13,7,C#C,182,-0.30946808859255737
B1,47,xy_bytype_r3,13,8,C=N,131,0.15989539232033523
B1,47,xy_bytype_r3,13,9,H-O,115,-0.24040816592243874
B1,47,xy_bytype_r3,13,10,C#N,107,0.4494036718126151
B1,47,xy_bytype_r3,13,11,N-O,30,1.3400724215301634
B1,47,xy_bytype_r3,13,12,N-N,26,1.2716119484626485
B1,47,xy_bytype_r3,13,13,N=N,4,1.635699487378939
B1,48,zz_bytype_r3,13,0,H-C,2998,0.0025197109172992067
B1,48,zz_bytype_r3,13,1,C-C,1067,0.05488444247651189
B1,48,zz_bytype_r3,13,2,C=C,372,-0.038796960595914226
B1,48,zz_bytype_r3,13,3,C-O,348,0.3186757791449886
B1,48,zz_bytype_r3,13,4,C-N,219,0.314567405011929
B1,48,zz_bytype_r3,13,5,H-N,211,-0.43388144767630654
B1,48,zz_bytype_r3,13,6,C#C,197,1.247737524584965
B1,48,zz_bytype_r3,13,7,C=O,186,0.09563859829276947
B1,48,zz_bytype_r3,13,8,C=N,111,-0.16745143632072929
B1,48,zz_bytype_r3,13,9,H-O,96,-0.006838737004558573
B1,48,zz_bytype_r3,13,10,C#N,83,-0.3295197240897395
B1,48,zz_bytype_r3,13,11,N-N,23,0.6718242070970943
B1,48,zz_bytype_r3,13,12,N-O,22,1.2011707698514056
B1,48,zz_bytype_r3,13,13,N=N,4,1.3538728461239882
B1,48,xy_bytype_r3,13,0,H-C,2998,0.1337915287015559
B1,48,xy_bytype_r3,13,1,C-C,1067,0.18742292437320232
B1,48,xy_bytype_r3,13,2,C=C,372,0.030767359025427238
B1,48,xy_bytype_r3,13,3,C-O,348,0.5004141033873506
B1,48,xy_bytype_r3,13,4,C-N,219,0.45551238168679264
B1,48,xy_bytype_r3,13,5,H-N,211,0.2062786185604094
B1,48,xy_bytype_r3,13,6,C#C,197,0.5097168970594802
B1,48,xy_bytype_r3,13,7,C=O,186,0.12167170604704347
B1,48,xy_bytype_r3,13,8,C=N,111,-0.24192879976662757
B1,48,xy_bytype_r3,13,9,H-O,96,0.4301637094678614
B1,48,xy_bytype_r3,13,10,C#N,83,-0.27584544183948745
B1,48,xy_bytype_r3,13,11,N-N,23,1.0958319321497538
B1,48,xy_bytype_r3,13,12,N-O,22,1.1674072038419065
B1,48,xy_bytype_r3,13,13,N=N,4,1.3654496134524932
B1,49,zz_bytype_r3,13,0,H-C,3105,-0.034122147553560515
B1,49,zz_bytype_r3,13,1,C-C,1158,-0.011642618076640746
B1,49,zz_bytype_r3,13,2,C-O,379,0.2715636399642275
B1,49,zz_bytype_r3,13,3,C=C,344,-0.1788714152775037
B1,49,zz_bytype_r3,13,4,C-N,246,0.2716030546512578
B1,49,zz_bytype_r3,13,5,H-N,222,-0.3924169599572237
B1,49,zz_bytype_r3,13,6,C#C,200,0.46955896016453824
B1,49,zz_bytype_r3,13,7,C=O,172,-0.0947659210505139
B1,49,zz_bytype_r3,13,8,C=N,112,-0.2708170805828559
B1,49,zz_bytype_r3,13,9,H-O,107,-0.14242352993117638
B1,49,zz_bytype_r3,13,10,C#N,94,-0.4308138014783793
B1,49,zz_bytype_r3,13,11,N-O,27,0.9400369168931644
B1,49,zz_bytype_r3,13,12,N-N,21,0.712029434594951
B1,49,zz_bytype_r3,13,13,N=N,4,1.470283376830051
B1,49,xy_bytype_r3,13,0,H-C,3105,0.006134900039496298
B1,49,xy_bytype_r3,13,1,C-C,1158,0.06600198088755395
B1,49,xy_bytype_r3,13,2,C-O,379,0.39917089835135255
B1,49,xy_bytype_r3,13,3,C=C,344,0.1881450479252074
B1,49,xy_bytype_r3,13,4,C-N,246,0.4238171491809951
B1,49,xy_bytype_r3,13,5,H-N,222,0.32129595749840484
B1,49,xy_bytype_r3,13,6,C#C,200,-0.12869265880022068
B1,49,xy_bytype_r3,13,7,C=O,172,-0.1299359828230279
B1,49,xy_bytype_r3,13,8,C=N,112,-0.48566299895152676
B1,49,xy_bytype_r3,13,9,H-O,107,0.18082214130091825
B1,49,xy_bytype_r3,13,10,C#N,94,-0.8410941844657311
B1,49,xy_bytype_r3,13,11,N-O,27,0.9722930472934799
B1,49,xy_bytype_r3,13,12,N-N,21,0.7198245369239851
B1,49,xy_bytype_r3,13,13,N=N,4,1.1357999024263752
B1,50,zz_bytype_r3,13,0,H-C,3054,0.06870397219725849
B1,50,zz_bytype_r3,13,1,C-C,1089,-0.0007425655093139336
B1,50,zz_bytype_r3,13,2,C=C,386,0.06681021384969497
B1,50,zz_bytype_r3,13,3,C-O,348,0.25861258653833513
B1,50,zz_bytype_r3,13,4,H-N,204,-0.12945222680574212
B1,50,zz_bytype_r3,13,5,C#C,195,-0.3293103708935566
B1,50,zz_bytype_r3,13,6,C-N,194,0.23299271639197666
B1,50,zz_bytype_r3,13,7,C=O,191,0.034181716922222306
B1,50,zz_bytype_r3,13,8,C=N,127,-0.14656795623378202
B1,50,zz_bytype_r3,13,9,H-O,121,-0.10665444381750722
B1,50,zz_bytype_r3,13,10,C#N,83,-0.25461373212261484
B1,50,zz_bytype_r3,13,11,N-O,32,0.9187780455845878
B1,50,zz_bytype_r3,13,12,N-N,21,0.5858004626245761
B1,50,zz_bytype_r3,13,13,N=N,4,1.130853115488467
B1,50,xy_bytype_r3,13,0,H-C,3054,-0.0009622711500143137
B1,50,xy_bytype_r3,13,1,C-C,1089,0.0036234326196477873
B1,50,xy_bytype_r3,13,2,C=C,386,0.07232295506039164
B1,50,xy_bytype_r3,13,3,C-O,348,0.24573531368097695
B1,50,xy_bytype_r3,13,4,H-N,204,0.14705155382871463
B1,50,xy_bytype_r3,13,5,C#C,195,-0.21045078016205693
B1,50,xy_bytype_r3,13,6,C-N,194,0.2738977878283577
B1,50,xy_bytype_r3,13,7,C=O,191,-0.002337685824535231
B1,50,xy_bytype_r3,13,8,C=N,127,-0.22361763972150286
B1,50,xy_bytype_r3,13,9,H-O,121,0.18134953028878412
B1,50,xy_bytype_r3,13,10,C#N,83,-0.25831134550926965
B1,50,xy_bytype_r3,13,11,N-O,32,0.9181218776595443
B1,50,xy_bytype_r3,13,12,N-N,21,0.6587739305746121
B1,50,xy_bytype_r3,13,13,N=N,4,0.987801937261132
B1,51,zz_bytype_r3,13,0,H-C,3001,0.19596725382275879
B1,51,zz_bytype_r3,13,1,C-C,1128,0.0403311118602857
B1,51,zz_bytype_r3,13,2,C=C,339,-0.019012903206522543
B1,51,zz_bytype_r3,13,3,C-O,320,0.3119128547273598
B1,51,zz_bytype_r3,13,4,C-N,229,0.2580896736163652
B1,51,zz_bytype_r3,13,5,H-N,226,0.16265411942983443
B1,51,zz_bytype_r3,13,6,C=O,195,0.12351739813902521
B1,51,zz_bytype_r3,13,7,C#C,171,0.36470028447816216
B1,51,zz_bytype_r3,13,8,C=N,112,-0.13948922599315036
B1,51,zz_bytype_r3,13,9,H-O,105,0.5030119444274912
B1,51,zz_bytype_r3,13,10,C#N,87,-0.08239583391905698
B1,51,zz_bytype_r3,13,11,N-O,29,0.9379300173146599
B1,51,zz_bytype_r3,13,12,N-N,22,0.6488019873320074
B1,51,xy_bytype_r3,13,0,H-C,3001,0.46927845854133643
B1,51,xy_bytype_r3,13,1,C-C,1128,-0.06670220371241033
B1,51,xy_bytype_r3,13,2,C=C,339,-0.2076766175176538
B1,51,xy_bytype_r3,13,3,C-O,320,-0.05116450751077062
B1,51,xy_bytype_r3,13,4,C-N,229,-0.011294413009164003
B1,51,xy_bytype_r3,13,5,H-N,226,-0.20900505577638437
B1,51,xy_bytype_r3,13,6,C=O,195,0.328101886639367
B1,51,xy_bytype_r3,13,7,C#C,171,0.3378658905945636
B1,51,xy_bytype_r3,13,8,C=N,112,0.5914905163660382
B1,51,xy_bytype_r3,13,9,H-O,105,-0.4746716124419201
B1,51,xy_bytype_r3,13,10,C#N,87,0.6743344699233738
B1,51,xy_bytype_r3,13,11,N-O,29,1.301893842623182
B1,51,xy_bytype_r3,13,12,N-N,22,0.7146360108425683
B1,52,zz_bytype_r3,13,0,H-C,2920,-0.3580926323804396
B1,52,zz_bytype_r3,13,1,C-C,1100,-0.05951859861769374
B1,52,zz_bytype_r3,13,2,C-O,351,0.2960696378406555
B1,52,zz_bytype_r3,13,3,C=C,326,-0.25390952874830897
B1,52,zz_bytype_r3,13,4,H-N,242,-0.20209088959005486
B1,52,zz_bytype_r3,13,5,C-N,221,0.3109691471130979
B1,52,zz_bytype_r3,13,6,C#C,200,0.517520591383477
B1,52,zz_bytype_r3,13,7,C=O,172,-0.18844856439448732
B1,52,zz_bytype_r3,13,8,C=N,111,-0.42612514510110094
B1,52,zz_bytype_r3,13,9,C#N,102,-0.5267765043062548
B1,52,zz_bytype_r3,13,10,H-O,93,0.07850864725250883
B1,52,zz_bytype_r3,13,11,N-O,23,1.0887734996142868
B1,52,zz_bytype_r3,13,12,N-N,20,0.7566578393847683
B1,52,zz_bytype_r3,13,13,N=N,4,1.3608428759317002
B1,52,xy_bytype_r3,13,0,H-C,2920,0.03888935711383596
B1,52,xy_bytype_r3,13,1,C-C,1100,0.025265948008995925
B1,52,xy_bytype_r3,13,2,C-O,351,0.353556771785384
B1,52,xy_bytype_r3,13,3,C=C,326,0.08335971512601055
B1,52,xy_bytype_r3,13,4,H-N,242,0.1684595576188078
B1,52,xy_bytype_r3,13,5,C-N,221,0.42546397375241
B1,52,xy_bytype_r3,13,6,C#C,200,-0.3822860507237941
B1,52,xy_bytype_r3,13,7,C=O,172,0.05302430229064788
B1,52,xy_bytype_r3,13,8,C=N,111,-0.22664922222905753
B1,52,xy_bytype_r3,13,9,C#N,102,-0.23415323242966196
B1,52,xy_bytype_r3,13,10,H-O,93,0.2067445421222279
B1,52,xy_bytype_r3,13,11,N-O,23,0.7738943411032729
B1,52,xy_bytype_r3,13,12,N-N,20,0.6751142109931507
B1,52,xy_bytype_r3,13,13,N=N,4,0.8462355417948594
B1,53,zz_bytype_r3,13,0,H-C,2944,-0.20672230303856567
B1,53,zz_bytype_r3,13,1,C-C,1054,0.14353870586677725
B1,53,zz_bytype_r3,13,2,C-O,372,0.3385842453463022
B1,53,zz_bytype_r3,13,3,C=C,357,-0.03523571746020963
B1,53,zz_bytype_r3,13,4,H-N,209,-0.34245013469757424
B1,53,zz_bytype_r3,13,5,C#C,204,0.46432614763378705
B1,53,zz_bytype_r3,13,6,C=O,182,-0.12442317138592127
B1,53,zz_bytype_r3,13,7,C-N,178,0.38902820127918036
B1,53,zz_bytype_r3,13,8,C=N,127,-0.40552239028771775
B1,53,zz_bytype_r3,13,9,H-O,107,-0.24607745149402063
B1,53,zz_bytype_r3,13,10,C#N,75,-0.5782586839247826
B1,53,zz_bytype_r3,13,11,N-N,28,0.9268487091305371
B1,53,zz_bytype_r3,13,12,N-O,18,1.0902408932827734
B1,53,zz_bytype_r3,13,13,N=N,4,1.1448741372703986
B1,53,xy_bytype_r3,13,0,H-C,2944,-0.22845519343816884
B1,53,xy_bytype_r3,13,1,C-C,1054,0.04554920338164961
B1,53,xy_bytype_r3,13,2,C-O,372,0.3751005826884048
B1,53,xy_bytype_r3,13,3,C=C,357,-0.10811512940346517
B1,53,xy_bytype_r3,13,4,H-N,209,0.13145828942765933
B1,53,xy_bytype_r3,13,5,C#C,204,0.30919356374740203
B1,53,xy_bytype_r3,13,6,C=O,182,0.05702361294576962
B1,53,xy_bytype_r3,13,7,C-N,178,0.3552927352437279
B1,53,xy_bytype_r3,13,8,C=N,127,-0.36249709127787294
B1,53,xy_bytype_r3,13,9,H-O,107,0.3544209949102904
B1,53,xy_bytype_r3,13,10,C#N,75,-0.5066326133807169
B1,53,xy_bytype_r3,13,11,N-N,28,0.6793430808383694
B1,53,xy_bytype_r3,13,12,N-O,18,0.6662065171223573
B1,53,xy_bytype_r3,13,13,N=N,4,0.7543339520994091
B1,54,zz_bytype_r3,13,0,H-C,2909,0.08817320170509703
B1,54,zz_bytype_r3,13,1,C-C,1071,0.028966598324201304
B1,54,zz_bytype_r3,13,2,C-O,375,0.36791867420336194
B1,54,zz_bytype_r3,13,3,C=C,352,0.13125811374266985
B1,54,zz_bytype_r3,13,4,H-N,199,-0.06474487797067141
B1,54,zz_bytype_r3,13,5,C#C,197,-1.2343596265794952
B1,54,zz_bytype_r3,13,6,C-N,196,0.39424523218399105
B1,54,zz_bytype_r3,13,7,C=O,171,-0.0400574372425962
B1,54,zz_bytype_r3,13,8,C=N,118,-0.22221911280902795
B1,54,zz_bytype_r3,13,9,H-O,118,0.38494663025121006
B1,54,zz_bytype_r3,13,10,C#N,82,-0.4140448901495925
B1,54,zz_bytype_r3,13,11,N-O,32,0.9307961195628597
B1,54,zz_bytype_r3,13,12,N-N,14,0.9063470516751029
B1,54,xy_bytype_r3,13,0,H-C,2909,-0.1543140635929592
B1,54,xy_bytype_r3,13,1,C-C,1071,0.06735509288133963
B1,54,xy_bytype_r3,13,2,C-O,375,0.3345613229203982
B1,54,xy_bytype_r3,13,3,C=C,352,0.10067479456029213
B1,54,xy_bytype_r3,13,4,H-N,199,0.17800187593168623
B1,54,xy_bytype_r3,13,5,C#C,197,-0.9669727776411842
B1,54,xy_bytype_r3,13,6,C-N,196,0.2887764284492823
B1,54,xy_bytype_r3,13,7,C=O,171,0.049498094741460476
B1,54,xy_bytype_r3,13,8,C=N,118,-0.14971353208817653
B1,54,xy_bytype_r3,13,9,H-O,118,0.29050726045829595
B1,54,xy_bytype_r3,13,10,C#N,82,-0.13889538034917187
B1,54,xy_bytype_r3,13,11,N-O,32,0.8026072203956739
B1,54,xy_bytype_r3,13,12,N-N,14,0.7571715217968701
B1,55,zz_bytype_r3,13,0,H-C,2993,-0.20670667910894938
B1,55,zz_bytype_r3,13,1,C-C,1086,0.07061781940696162
B1,55,zz_bytype_r3,13,2,C=C,374,0.0017146840494372964
B1,55,zz_bytype_r3,13,3,C-O,371,0.16619699539128457
B1,55,zz_bytype_r3,13,4,H-N,212,-0.3288354734763415
B1,55,zz_bytype_r3,13,5,C-N,207,0.19881932799750293
B1,55,zz_bytype_r3,13,6,C#C,195,0.1561192667873392
B1,55,zz_bytype_r3,13,7,C=O,193,-0.07723252725755754
B1,55,zz_bytype_r3,13,8,H-O,109,-0.19741183877510254
B1,55,zz_bytype_r3,13,9,C=N,108,-0.22909480677087643
B1,55,zz_bytype_r3,13,10,C#N,82,-0.4132362606364085
B1,55,zz_bytype_r3,13,11,N-O,26,0.4433065297637634
B1,55,zz_bytype_r3,13,12,N-N,17,0.3930048562653988
B1,55,zz_bytype_r3,13,13,N=N,4,0.5328284916605838
B1,55,xy_bytype_r3,13,0,H-C,2993,-0.03756014280621298
B1,55,xy_bytype_r3,13,1,C-C,1086,0.1333420608156122
B1,55,xy_bytype_r3,13,2,C=C,374,0.35078412058069663
B1,55,xy_bytype_r3,13,3,C-O,371,-0.15236221363893773
B1,55,xy_bytype_r3,13,4,H-N,212,0.15462278047433956
B1,55,xy_bytype_r3,13,5,C-N,207,-0.1596816723763703
B1,55,xy_bytype_r3,13,6,C#C,195,-0.696956188048197
B1,55,xy_bytype_r3,13,7,C=O,193,0.4343135114511291
B1,55,xy_bytype_r3,13,8,H-O,109,0.4091785602222489
B1,55,xy_bytype_r3,13,9,C=N,108,0.4297407197289578
B1,55,xy_bytype_r3,13,10,C#N,82,0.8815324250460593
B1,55,xy_bytype_r3,13,11,N-O,26,-0.8729652896875616
B1,55,xy_bytype_r3,13,12,N-N,17,-0.566903981046637
B1,55,xy_bytype_r3,13,13,N=N,4,-1.457402111447901
B1,56,zz_bytype_r3,13,0,H-C,3082,-0.16308557257836237
B1,56,zz_bytype_r3,13,1,C-C,1147,-0.0010238325488188974
B1,56,zz_bytype_r3,13,2,C-O,369,0.25762247572151714
B1,56,zz_bytype_r3,13,3,C=C,361,-0.15519446762722847
B1,56,zz_bytype_r3,13,4,C-N,202,0.23618162249878363
B1,56,zz_bytype_r3,13,5,H-N,197,-0.11599035968635434
B1,56,zz_bytype_r3,13,6,C=O,187,-0.07702573004273346
B1,56,zz_bytype_r3,13,7,C#C,186,0.05225771841060439
B1,56,zz_bytype_r3,13,8,C=N,107,-0.19301064605948753
B1,56,zz_bytype_r3,13,9,H-O,106,-0.1246417172801071
B1,56,zz_bytype_r3,13,10,C#N,92,-0.4003959199498173
B1,56,zz_bytype_r3,13,11,N-O,30,0.7288726941775281
B1,56,zz_bytype_r3,13,12,N-N,16,0.5905905800301058
B1,56,zz_bytype_r3,13,13,N=N,4,0.7566465737838911
B1,56,xy_bytype_r3,13,0,H-C,3082,0.11552956601861215
B1,56,xy_bytype_r3,13,1,C-C,1147,0.17559361265766593
B1,56,xy_bytype_r3,13,2,C-O,369,0.4386289037496726
B1,56,xy_bytype_r3,13,3,C=C,361,-0.13452958991397665
B1,56,xy_bytype_r3,13,4,C-N,202,0.3965702133731486
B1,56,xy_bytype_r3,13,5,H-N,197,0.30562125220605446
B1,56,xy_bytype_r3,13,6,C=O,187,0.16378297828041125
B1,56,xy_bytype_r3,13,7,C#C,186,0.4447449062109873
B1,56,xy_bytype_r3,13,8,C=N,107,-0.16606285848735627
B1,56,xy_bytype_r3,13,9,H-O,106,0.2776087114630689
B1,56,xy_bytype_r3,13,10,C#N,92,-0.10985269981021273
B1,56,xy_bytype_r3,13,11,N-O,30,0.8254892802309635
B1,56,xy_bytype_r3,13,12,N-N,16,0.7269514891204547
B1,56,xy_bytype_r3,13,13,N=N,4,0.8969324036520289
B1,57,zz_bytype_r3,13,0,H-C,3174,-0.09516561267243007
B1,57,zz_bytype_r3,13,1,C-C,1148,0.017865847798076727
B1,57,zz_bytype_r3,13,2,C=C,388,-0.18689816763635994
B1,57,zz_bytype_r3,13,3,C-O,361,0.3331749684469104
B1,57,zz_bytype_r3,13,4,C-N,226,0.30928044054267867
B1,57,zz_bytype_r3,13,5,H-N,202,-0.07025348221411777
B1,57,zz_bytype_r3,13,6,C=O,190,-0.05958350137950362
B1,57,zz_bytype_r3,13,7,C#C,186,0.22748088531227606
B1,57,zz_bytype_r3,13,8,C=N,113,-0.22535716601360214
B1,57,zz_bytype_r3,13,9,C#N,100,-0.4365015366624046
B1,57,zz_bytype_r3,13,10,H-O,96,-0.10320115545552978
B1,57,zz_bytype_r3,13,11,N-O,29,0.9916907020363913
B1,57,zz_bytype_r3,13,12,N-N,20,0.7469105477028916
B1,57,zz_bytype_r3,13,13,N=N,4,1.0219252525052929
B1,57,xy_bytype_r3,13,0,H-C,3174,0.07052265670558622
B1,57,xy_bytype_r3,13,1,C-C,1148,0.11530319102354862
B1,57,xy_bytype_r3,13,2,C=C,388,0.17163158630440314
B1,57,xy_bytype_r3,13,3,C-O,361,0.4807642431696903
B1,57,xy_bytype_r3,13,4,C-N,226,0.44900673700382704
B1,57,xy_bytype_r3,13,5,H-N,202,0.2206335268533455
B1,57,xy_bytype_r3,13,6,C=O,190,0.1505613070598863
B1,57,xy_bytype_r3,13,7,C#C,186,-0.36087297777787464
B1,57,xy_bytype_r3,13,8,C=N,113,-0.3002393754259296
B1,57,xy_bytype_r3,13,9,C#N,100,-0.19037486759494796
B1,57,xy_bytype_r3,13,10,H-O,96,0.33721798440978334
B1,57,xy_bytype_r3,13,11,N-O,29,0.87582422294042
B1,57,xy_bytype_r3,13,12,N-N,20,0.7952098420431641
B1,57,xy_bytype_r3,13,13,N=N,4,1.0874111637537345
B1,58,zz_bytype_r3,13,0,H-C,2991,0.02535065367818801
B1,58,zz_bytype_r3,13,1,C-C,1091,0.02592128266159199
B1,58,zz_bytype_r3,13,2,C-O,373,0.2544345367551611
B1,58,zz_bytype_r3,13,3,C=C,360,0.09040703657281632
B1,58,zz_bytype_r3,13,4,C-N,194,0.2627909295981462
B1,58,zz_bytype_r3,13,5,C#C,194,-0.34866151159333836
B1,58,zz_bytype_r3,13,6,H-N,191,0.06690217755960853
B1,58,zz_bytype_r3,13,7,C=O,188,-0.08331313624897481
B1,58,zz_bytype_r3,13,8,H-O,111,0.003168119040803224
B1,58,zz_bytype_r3,13,9,C=N,107,-0.20520123178954672
B1,58,zz_bytype_r3,13,10,C#N,76,-0.43080982114341143
B1,58,zz_bytype_r3,13,11,N-O,28,0.8079562597284901
B1,58,zz_bytype_r3,13,12,N-N,14,0.7225832023086503
B1,58,zz_bytype_r3,13,13,N=N,4,1.0167647118616598
B1,58,xy_bytype_r3,13,0,H-C,2991,-0.03838292813710734
B1,58,xy_bytype_r3,13,1,C-C,1091,0.09317516790485218
B1,58,xy_bytype_r3,13,2,C-O,373,0.4780855546234248
B1,58,xy_bytype_r3,13,3,C=C,360,-0.094958915608736
B1,58,xy_bytype_r3,13,4,C-N,194,0.5076591598103846
B1,58,xy_bytype_r3,13,5,C#C,194,0.4005064480698595
B1,58,xy_bytype_r3,13,6,H-N,191,-0.3173512674270246
B1,58,xy_bytype_r3,13,7,C=O,188,0.0671840658093339
B1,58,xy_bytype_r3,13,8,H-O,111,0.6008093502437561
B1,58,xy_bytype_r3,13,9,C=N,107,-0.1568671089129036
B1,58,xy_bytype_r3,13,10,C#N,76,-0.3316049651903152
B1,58,xy_bytype_r3,13,11,N-O,28,1.164202452274445
B1,58,xy_bytype_r3,13,12,N-N,14,0.9802107093776041
B1,58,xy_bytype_r3,13,13,N=N,4,1.368061610765003
B1,59,zz_bytype_r3,13,0,H-C,3058,-0.39685955357250147
B1,59,zz_bytype_r3,13,1,C-C,1149,0.0006968276756584295
B1,59,zz_bytype_r3,13,2,C-O,371,0.26437946729225176
B1,59,zz_bytype_r3,13,3,C=C,359,-0.15115510465321602
B1,59,zz_bytype_r3,13,4,C-N,215,0.3071914602394379
B1,59,zz_bytype_r3,13,5,H-N,214,0.0017028200983225613
B1,59,zz_bytype_r3,13,6,C#C,195,0.6578312443938171
B1,59,zz_bytype_r3,13,7,C=O,178,-0.20165712213759182
B1,59,zz_bytype_r3,13,8,H-O,128,0.20186952924755525
B1,59,zz_bytype_r3,13,9,C=N,115,-0.35494158458091657
B1,59,zz_bytype_r3,13,10,C#N,87,-0.3469256816856926
B1,59,zz_bytype_r3,13,11,N-O,29,1.1380605757687439
B1,59,zz_bytype_r3,13,12,N-N,18,0.6346199682631779
B1,59,zz_bytype_r3,13,13,N=N,4,1.1903074774952231
B1,59,xy_bytype_r3,13,0,H-C,3058,0.060613502443119506
B1,59,xy_bytype_r3,13,1,C-C,1149,0.09696986831605525
B1,59,xy_bytype_r3,13,2,C-O,371,0.42201457567444867
B1,59,xy_bytype_r3,13,3,C=C,359,0.2161240814975378
B1,59,xy_bytype_r3,13,4,C-N,215,0.48058008750146486
B1,59,xy_bytype_r3,13,5,H-N,214,0.2605720762733983
B1,59,xy_bytype_r3,13,6,C#C,195,-0.348500413264622
B1,59,xy_bytype_r3,13,7,C=O,178,0.007970421142494842
B1,59,xy_bytype_r3,13,8,H-O,128,0.1152415651255474
B1,59,xy_bytype_r3,13,9,C=N,115,-0.30120371405644664
B1,59,xy_bytype_r3,13,10,C#N,87,-0.20690523610972608
B1,59,xy_bytype_r3,13,11,N-O,29,1.572372196172511
B1,59,xy_bytype_r3,13,12,N-N,18,0.8851314225049061
B1,59,xy_bytype_r3,13,13,N=N,4,1.50371414704889
B1,60,zz_bytype_r3,13,0,H-C,3041,-0.01138933771864133
B1,60,zz_bytype_r3,13,1,C-C,1115,0.02701728292109878
B1,60,zz_bytype_r3,13,2,C-O,376,0.24345975902319972
B1,60,zz_bytype_r3,13,3,C=C,342,-0.03423597475073783
B1,60,zz_bytype_r3,13,4,C-N,205,0.27119461605311995
B1,60,zz_bytype_r3,13,5,C=O,202,0.023370978504893693
B1,60,zz_bytype_r3,13,6,C#C,186,1.211640475681527
B1,60,zz_bytype_r3,13,7,H-N,178,-0.2726528788285726
B1,60,zz_bytype_r3,13,8,C=N,123,-0.21866810600690403
B1,60,zz_bytype_r3,13,9,H-O,111,-0.24877329729153647
B1,60,zz_bytype_r3,13,10,C#N,83,-0.2756671922638177
B1,60,zz_bytype_r3,13,11,N-O,36,0.7898425444049698
B1,60,zz_bytype_r3,13,12,N-N,19,0.5543737021108837
B1,60,xy_bytype_r3,13,0,H-C,3041,-0.056798550691201675
B1,60,xy_bytype_r3,13,1,C-C,1115,0.04695152120298282
B1,60,xy_bytype_r3,13,2,C-O,376,0.4012232089690927
B1,60,xy_bytype_r3,13,3,C=C,342,0.1352112059819763
B1,60,xy_bytype_r3,13,4,C-N,205,0.45452704498160756
B1,60,xy_bytype_r3,13,5,C=O,202,-0.02853430377241311
B1,60,xy_bytype_r3,13,6,C#C,186,-0.19168298050263918
B1,60,xy_bytype_r3,13,7,H-N,178,0.35935886997447014
B1,60,xy_bytype_r3,13,8,C=N,123,-0.4747049249081044
B1,60,xy_bytype_r3,13,9,H-O,111,0.2109190683387306
B1,60,xy_bytype_r3,13,10,C#N,83,-0.4372956061105824
B1,60,xy_bytype_r3,13,11,N-O,36,1.1648755078987205
B1,60,xy_bytype_r3,13,12,N-N,19,0.6943649016350285
B1,61,zz_bytype_r3,13,0,H-C,2996,0.06166658979096175
B1,61,zz_bytype_r3,13,1,C-C,1090,0.017938663018458822
B1,61,zz_bytype_r3,13,2,C=C,373,0.06232626285213763
B1,61,zz_bytype_r3,13,3,C-O,324,0.21168129208369665
B1,61,zz_bytype_r3,13,4,H-N,215,-0.37960355965198744
B1,61,zz_bytype_r3,13,5,C-N,205,0.2502301967889987
B1,61,zz_bytype_r3,13,6,C#C,201,-0.16622590264291773
B1,61,zz_bytype_r3,13,7,C=O,174,-0.13831239542198565
B1,61,zz_bytype_r3,13,8,C=N,127,-0.23731125338191117
B1,61,zz_bytype_r3,13,9,H-O,114,0.00287076313307135
B1,61,zz_bytype_r3,13,10,C#N,102,-0.426497597949955
B1,61,zz_bytype_r3,13,11,N-O,33,0.7645057666832271
B1,61,zz_bytype_r3,13,12,N-N,24,0.6681532727422267
B1,61,zz_bytype_r3,13,13,N=N,4,1.3512868586260494
B1,61,xy_bytype_r3,13,0,H-C,2996,-0.10095346126285881
B1,61,xy_bytype_r3,13,1,C-C,1090,0.08343316806595413
B1,61,xy_bytype_r3,13,2,C=C,373,0.08436404845148172
B1,61,xy_bytype_r3,13,3,C-O,324,0.19892058906027993
B1,61,xy_bytype_r3,13,4,H-N,215,-0.15118191902646466
B1,61,xy_bytype_r3,13,5,C-N,205,0.25216151741449633
B1,61,xy_bytype_r3,13,6,C#C,201,-0.3544889700860967
B1,61,xy_bytype_r3,13,7,C=O,174,-0.042864384957075535
B1,61,xy_bytype_r3,13,8,C=N,127,-0.27957315978252284
B1,61,xy_bytype_r3,13,9,H-O,114,0.3295712633821635
B1,61,xy_bytype_r3,13,10,C#N,102,-0.36630311095073376
B1,61,xy_bytype_r3,13,11,N-O,33,0.43072510218488724
B1,61,xy_bytype_r3,13,12,N-N,24,0.4287519513584694
B1,61,xy_bytype_r3,13,13,N=N,4,0.5942611880394855
B4,42,zz_bytype_r3,13,0,H-C,2300,-1.4451585571708978
B4,42,zz_bytype_r3,13,1,C-C,1138,-0.11809771252457157
B4,42,zz_bytype_r3,13,2,C=N,663,-0.033330398234322746
B4,42,zz_bytype_r3,13,3,H-N,568,0.30142252950121856
B4,42,zz_bytype_r3,13,4,C=C,457,0.20678399227639963
B4,42,zz_bytype_r3,13,5,C=O,387,-0.36966830293583736
B4,42,zz_bytype_r3,13,6,C-N,380,0.4088779336960324
B4,42,zz_bytype_r3,13,7,C-O,290,0.1262354187961824
B4,42,zz_bytype_r3,13,8,H-O,287,0.7324358949350218
B4,42,zz_bytype_r3,13,9,C#C,229,-1.2024456464331443
B4,42,zz_bytype_r3,13,10,N-O,209,0.67261856633895
B4,42,zz_bytype_r3,13,11,C#N,112,-0.07641140132380765
B4,42,zz_bytype_r3,13,12,N-N,75,0.55011000144209
B4,42,zz_bytype_r3,13,13,C-S,72,0.24551231377835994
B4,42,zz_bytype_r3,13,14,N-S,20,0.4417550378231284
B4,42,zz_bytype_r3,13,15,O=S,12,0.2376775096599396
B4,42,zz_bytype_r3,13,16,C-Cl,5,0.5796081268017307
B4,42,zz_bytype_r3,13,17,O-S,4,0.04779095385729433
B4,42,zz_bytype_r3,13,18,N=N,2,0.0938275593438413
B4,42,zz_bytype_r3,13,19,C#O,1,0.29172913426470176
B4,42,zz_bytype_r3,13,20,N=O,1,0.6593696139529136
B4,42,zz_bytype_r3,13,21,C=S,1,0.5329666706346364
B4,42,xy_bytype_r3,13,0,H-C,2300,-0.18330325515294688
B4,42,xy_bytype_r3,13,1,C-C,1138,0.1458713871796262
B4,42,xy_bytype_r3,13,2,C=N,663,-0.030792901274159845
B4,42,xy_bytype_r3,13,3,H-N,568,0.35616680622280095
B4,42,xy_bytype_r3,13,4,C=C,457,0.07682580096141182
B4,42,xy_bytype_r3,13,5,C=O,387,-0.16761277823102874
B4,42,xy_bytype_r3,13,6,C-N,380,0.43389928335065525
B4,42,xy_bytype_r3,13,7,C-O,290,-0.2057818397842291
B4,42,xy_bytype_r3,13,8,H-O,287,-0.6055702662354743
B4,42,xy_bytype_r3,13,9,C#C,229,-2.6456912094407423
B4,42,xy_bytype_r3,13,10,N-O,209,0.9029360331444106
B4,42,xy_bytype_r3,13,11,C#N,112,-0.38267042178395283
B4,42,xy_bytype_r3,13,12,N-N,75,0.6760461484885367
B4,42,xy_bytype_r3,13,13,C-S,72,0.1629002573615491
B4,42,xy_bytype_r3,13,14,N-S,20,0.5371707840227077
B4,42,xy_bytype_r3,13,15,O=S,12,0.026137797403224087
B4,42,xy_bytype_r3,13,16,C-Cl,5,0.029813717287727054
B4,42,xy_bytype_r3,13,17,O-S,4,-0.044319988042861386
B4,42,xy_bytype_r3,13,18,N=N,2,-0.3053613688807746
B4,42,xy_bytype_r3,13,19,C#O,1,0.2664436461169671
B4,42,xy_bytype_r3,13,20,N=O,1,0.9601125098577422
B4,42,xy_bytype_r3,13,21,C=S,1,0.07719860861064078
B4,43,zz_bytype_r3,13,0,H-C,2377,0.7890502707600674
B4,43,zz_bytype_r3,13,1,C-C,1144,0.10312430941656546
B4,43,zz_bytype_r3,13,2,H-N,679,-0.3969131770384146
B4,43,zz_bytype_r3,13,3,C=N,663,-0.2845667597717148
B4,43,zz_bytype_r3,13,4,C=C,466,-0.37789033061976735
B4,43,zz_bytype_r3,13,5,C-N,444,0.34144840384156033
B4,43,zz_bytype_r3,13,6,C=O,411,-0.3650108233271078
B4,43,zz_bytype_r3,13,7,C-O,300,0.057085249675770944
B4,43,zz_bytype_r3,13,8,H-O,256,0.02872410234297225
B4,43,zz_bytype_r3,13,9,C#C,221,1.8822110356712989
B4,43,zz_bytype_r3,13,10,N-O,195,0.5424095381772036
B4,43,zz_bytype_r3,13,11,C#N,145,-0.451825557324651
B4,43,zz_bytype_r3,13,12,N-N,67,0.8239805293060266
B4,43,zz_bytype_r3,13,13,C-S,64,0.1357537825444331
B4,43,zz_bytype_r3,13,14,N-S,20,0.3199061280033646
B4,43,zz_bytype_r3,13,15,O=S,12,0.244973093602457
B4,43,zz_bytype_r3,13,16,O-S,4,-0.05392646030471036
B4,43,zz_bytype_r3,13,17,C-Cl,4,0.23713403830472796
B4,43,zz_bytype_r3,13,18,N=N,2,0.16923880194956645
B4,43,zz_bytype_r3,13,19,N=O,1,0.4926437806606522
B4,43,zz_bytype_r3,13,20,C=S,1,0.3998908320974723
B4,43,xy_bytype_r3,13,0,H-C,2377,0.06237503359235683
B4,43,xy_bytype_r3,13,1,C-C,1144,0.09782376005213952
B4,43,xy_bytype_r3,13,2,H-N,679,0.5427895884903765
B4,43,xy_bytype_r3,13,3,C=N,663,0.18095109126662154
B4,43,xy_bytype_r3,13,4,C=C,466,0.2846655019253635
B4,43,xy_bytype_r3,13,5,C-N,444,-0.05573985288204318
B4,43,xy_bytype_r3,13,6,C=O,411,0.03361087815243254
B4,43,xy_bytype_r3,13,7,C-O,300,-0.03889154233724274
B4,43,xy_bytype_r3,13,8,H-O,256,-0.006427955021470952
B4,43,xy_bytype_r3,13,9,C#C,221,1.8857357187183326
B4,43,xy_bytype_r3,13,10,N-O,195,0.32920688462169856
B4,43,xy_bytype_r3,13,11,C#N,145,0.046747005818613865
B4,43,xy_bytype_r3,13,12,N-N,67,-0.6211590851260541
B4,43,xy_bytype_r3,13,13,C-S,64,-0.003982996772348253
B4,43,xy_bytype_r3,13,14,N-S,20,0.24166713646577842
B4,43,xy_bytype_r3,13,15,O=S,12,0.8042592414198346
B4,43,xy_bytype_r3,13,16,O-S,4,-0.32559392705416107
B4,43,xy_bytype_r3,13,17,C-Cl,4,-0.05626242556319922
B4,43,xy_bytype_r3,13,18,N=N,2,0.4993697369020767
B4,43,xy_bytype_r3,13,19,N=O,1,0.3859702194826485
B4,43,xy_bytype_r3,13,20,C=S,1,-0.4005893393706566
B4,44,zz_bytype_r3,13,0,H-C,2402,-0.19962927987129991
B4,44,zz_bytype_r3,13,1,C-C,1148,0.31432000589553655
B4,44,zz_bytype_r3,13,2,C=N,668,-0.0068630448095527395
B4,44,zz_bytype_r3,13,3,H-N,636,-0.6988388495021549
B4,44,zz_bytype_r3,13,4,C=C,485,-0.10369656899984281
B4,44,zz_bytype_r3,13,5,C-N,396,0.3913832256229417
B4,44,zz_bytype_r3,13,6,C=O,380,-0.4511227793273561
B4,44,zz_bytype_r3,13,7,C-O,336,0.18124858030107402
B4,44,zz_bytype_r3,13,8,H-O,267,0.12523101839940798
B4,44,zz_bytype_r3,13,9,C#C,221,-2.96033196000413
B4,44,zz_bytype_r3,13,10,N-O,201,0.75463925355325
B4,44,zz_bytype_r3,13,11,C#N,160,-0.09070423299658724
B4,44,zz_bytype_r3,13,12,C-S,73,0.24005394295043492
B4,44,zz_bytype_r3,13,13,N-N,64,0.615916939111638
B4,44,zz_bytype_r3,13,14,N-S,13,0.5408021635515237
B4,44,zz_bytype_r3,13,15,O=S,12,0.24490544691748
B4,44,zz_bytype_r3,13,16,C-Cl,4,0.5886266708961009
B4,44,zz_bytype_r3,13,17,O-S,4,-0.01597612414595452
B4,44,zz_bytype_r3,13,18,N=N,2,-0.14686864123615279
B4,44,zz_bytype_r3,13,19,C#O,1,0.34950915937114496
B4,44,zz_bytype_r3,13,20,N=O,1,0.6183628779230188
B4,44,zz_bytype_r3,13,21,C=S,1,0.5147176900748199
B4,44,xy_bytype_r3,13,0,H-C,2402,0.3968116505557551
B4,44,xy_bytype_r3,13,1,C-C,1148,0.40937847991821946
B4,44,xy_bytype_r3,13,2,C=N,668,-0.011447181377444377
B4,44,xy_bytype_r3,13,3,H-N,636,0.14833185613036887
B4,44,xy_bytype_r3,13,4,C=C,485,0.0139212481843763
B4,44,xy_bytype_r3,13,5,C-N,396,0.42534634031994073
B4,44,xy_bytype_r3,13,6,C=O,380,-0.2233680694197389
B4,44,xy_bytype_r3,13,7,C-O,336,0.10066318086030744
B4,44,xy_bytype_r3,13,8,H-O,267,-0.18389124179151917
B4,44,xy_bytype_r3,13,9,C#C,221,-2.182261655307385
B4,44,xy_bytype_r3,13,10,N-O,201,0.7603548759355823
B4,44,xy_bytype_r3,13,11,C#N,160,-0.13506192206906842
B4,44,xy_bytype_r3,13,12,C-S,73,0.19579952105401982
B4,44,xy_bytype_r3,13,13,N-N,64,0.5631921628220636
B4,44,xy_bytype_r3,13,14,N-S,13,0.576860354954786
B4,44,xy_bytype_r3,13,15,O=S,12,0.2664500341586855
B4,44,xy_bytype_r3,13,16,C-Cl,4,0.4556117877269734
B4,44,xy_bytype_r3,13,17,O-S,4,0.03464531410048618
B4,44,xy_bytype_r3,13,18,N=N,2,0.09419180578424809
B4,44,xy_bytype_r3,13,19,C#O,1,0.12466349637194007
B4,44,xy_bytype_r3,13,20,N=O,1,0.7405100128494119
B4,44,xy_bytype_r3,13,21,C=S,1,0.37290489828091744
B4,45,zz_bytype_r3,13,0,H-C,2286,0.48404262806583886
B4,45,zz_bytype_r3,13,1,C-C,1114,-0.11405573456893049
B4,45,zz_bytype_r3,13,2,C=N,634,-0.1340864584108839
B4,45,zz_bytype_r3,13,3,H-N,634,-0.4925544896633194
B4,45,zz_bytype_r3,13,4,C=C,436,-0.32677177924877265
B4,45,zz_bytype_r3,13,5,C-N,401,0.35033231553549615
B4,45,zz_bytype_r3,13,6,C=O,390,-0.4150027450472019
B4,45,zz_bytype_r3,13,7,C-O,316,0.14570451030789183
B4,45,zz_bytype_r3,13,8,H-O,264,0.1680257661239095
B4,45,zz_bytype_r3,13,9,C#C,228,1.374391517885382
B4,45,zz_bytype_r3,13,10,N-O,181,0.5383692931111017
B4,45,zz_bytype_r3,13,11,C#N,132,-0.045992776812657385
B4,45,zz_bytype_r3,13,12,N-N,76,0.46972189287791083
B4,45,zz_bytype_r3,13,13,C-S,74,0.30914721961720754
B4,45,zz_bytype_r3,13,14,N-S,18,0.39579020433229334
B4,45,zz_bytype_r3,13,15,O=S,8,0.0766824297160305
B4,45,zz_bytype_r3,13,16,N=N,4,0.13787212269909618
B4,45,zz_bytype_r3,13,17,C-Cl,4,0.5644875782638582
B4,45,zz_bytype_r3,13,18,O-S,2,0.15957707809152888
B4,45,zz_bytype_r3,13,19,C#O,1,0.3071153183912538
B4,45,zz_bytype_r3,13,20,N=O,1,0.46785948414774853
B4,45,zz_bytype_r3,13,21,C=S,1,0.6732669886072437
B4,45,xy_bytype_r3,13,0,H-C,2286,-0.21976224441922332
B4,45,xy_bytype_r3,13,1,C-C,1114,0.023594726826444257
B4,45,xy_bytype_r3,13,2,C=N,634,0.06013266943326974
B4,45,xy_bytype_r3,13,3,H-N,634,0.4463711595255476
B4,45,xy_bytype_r3,13,4,C=C,436,-0.25495635737987943
B4,45,xy_bytype_r3,13,5,C-N,401,-0.05958942154284824
B4,45,xy_bytype_r3,13,6,C=O,390,0.0363401927248285
B4,45,xy_bytype_r3,13,7,C-O,316,-0.024925387179448977
B4,45,xy_bytype_r3,13,8,H-O,264,-0.017588595709302022
B4,45,xy_bytype_r3,13,9,C#C,228,1.7809046121978402
B4,45,xy_bytype_r3,13,10,N-O,181,1.212433719577912
B4,45,xy_bytype_r3,13,11,C#N,132,0.005412469608989109
B4,45,xy_bytype_r3,13,12,N-N,76,0.9514665320819763
B4,45,xy_bytype_r3,13,13,C-S,74,-0.03344862163571724
B4,45,xy_bytype_r3,13,14,N-S,18,0.976892848950824
B4,45,xy_bytype_r3,13,15,O=S,8,-0.25563720222383657
B4,45,xy_bytype_r3,13,16,N=N,4,-0.901753734888578
B4,45,xy_bytype_r3,13,17,C-Cl,4,-0.11200868775935235
B4,45,xy_bytype_r3,13,18,O-S,2,-0.07319112679869813
B4,45,xy_bytype_r3,13,19,C#O,1,-0.8058530219011744
B4,45,xy_bytype_r3,13,20,N=O,1,1.4951754290636965
B4,45,xy_bytype_r3,13,21,C=S,1,-0.4944454733876712
B4,46,zz_bytype_r3,13,0,H-C,2389,0.5893683874480583
B4,46,zz_bytype_r3,13,1,C-C,1147,-0.005025514999226596
B4,46,zz_bytype_r3,13,2,C=N,660,-0.11226509146290482
B4,46,zz_bytype_r3,13,3,H-N,600,1.0115811728770185
B4,46,zz_bytype_r3,13,4,C=C,473,-0.2948566597097598
B4,46,zz_bytype_r3,13,5,C-N,419,0.1880192846051347
B4,46,zz_bytype_r3,13,6,C=O,388,-0.309839630635897
B4,46,zz_bytype_r3,13,7,H-O,301,0.6783174823092509
B4,46,zz_bytype_r3,13,8,C-O,293,0.08087393394641695
B4,46,zz_bytype_r3,13,9,C#C,227,1.1216780835365687
B4,46,zz_bytype_r3,13,10,N-O,215,0.5253044129807538
B4,46,zz_bytype_r3,13,11,C#N,142,-0.2617364468456883
B4,46,zz_bytype_r3,13,12,N-N,78,0.43387897294972194
B4,46,zz_bytype_r3,13,13,C-S,74,0.31878946601177716
B4,46,zz_bytype_r3,13,14,N-S,18,0.38435138014797954
B4,46,zz_bytype_r3,13,15,O=S,8,0.2015397516088625
B4,46,zz_bytype_r3,13,16,N=N,4,0.20814357217219612
B4,46,zz_bytype_r3,13,17,C-Cl,3,0.7932302049650387
B4,46,zz_bytype_r3,13,18,O-S,2,0.06354829170261717
B4,46,zz_bytype_r3,13,19,C#O,1,0.38305666630815943
B4,46,xy_bytype_r3,13,0,H-C,2389,-0.1893023055706914
B4,46,xy_bytype_r3,13,1,C-C,1147,0.07060160355287558
B4,46,xy_bytype_r3,13,2,C=N,660,0.02522218852566822
B4,46,xy_bytype_r3,13,3,H-N,600,0.8016747280322102
B4,46,xy_bytype_r3,13,4,C=C,473,-0.1288729705135083
B4,46,xy_bytype_r3,13,5,C-N,419,-0.10376417223696516
B4,46,xy_bytype_r3,13,6,C=O,388,0.05748701140722308
B4,46,xy_bytype_r3,13,7,H-O,301,-0.40414971869394584
B4,46,xy_bytype_r3,13,8,C-O,293,0.040466348661416664
B4,46,xy_bytype_r3,13,9,C#C,227,1.5455436174466821
B4,46,xy_bytype_r3,13,10,N-O,215,0.8608911587084721
B4,46,xy_bytype_r3,13,11,C#N,142,0.07372148763651205
B4,46,xy_bytype_r3,13,12,N-N,78,0.4908639372623424
B4,46,xy_bytype_r3,13,13,C-S,74,-0.311326303001467
B4,46,xy_bytype_r3,13,14,N-S,18,0.6390901114047672
B4,46,xy_bytype_r3,13,15,O=S,8,1.0391452847808693
B4,46,xy_bytype_r3,13,16,N=N,4,0.20359575843748773
B4,46,xy_bytype_r3,13,17,C-Cl,3,-0.9429737231176014
B4,46,xy_bytype_r3,13,18,O-S,2,-0.07353184798585544
B4,46,xy_bytype_r3,13,19,C#O,1,-0.8397835556291412
B4,47,zz_bytype_r3,13,0,H-C,2435,0.8341739436552857
B4,47,zz_bytype_r3,13,1,C-C,1238,0.0664011315418452
B4,47,zz_bytype_r3,13,2,C=N,635,-0.1428009411283508
B4,47,zz_bytype_r3,13,3,H-N,622,-1.0082184157609682
B4,47,zz_bytype_r3,13,4,C=C,452,-0.1793382957126459
B4,47,zz_bytype_r3,13,5,C-N,447,0.20294763677648303
B4,47,zz_bytype_r3,13,6,C=O,394,-0.32982990035759174
B4,47,zz_bytype_r3,13,7,C-O,316,-0.01245925458897504
B4,47,zz_bytype_r3,13,8,H-O,271,0.5926531195432179
B4,47,zz_bytype_r3,13,9,C#C,205,1.1654449205294866
B4,47,zz_bytype_r3,13,10,N-O,176,0.671032535800549
B4,47,zz_bytype_r3,13,11,C#N,176,-0.340086109921408
B4,47,zz_bytype_r3,13,12,N-N,75,0.44256130553449635
B4,47,zz_bytype_r3,13,13,C-S,69,0.10495959750377101
B4,47,zz_bytype_r3,13,14,N-S,19,0.4761296239278287
B4,47,zz_bytype_r3,13,15,O=S,8,0.34548599793746865
B4,47,zz_bytype_r3,13,16,C-Cl,4,0.3196580416658096
B4,47,zz_bytype_r3,13,17,N=N,3,0.14994722148422668
B4,47,zz_bytype_r3,13,18,O-S,2,-0.3056649293766789
B4,47,zz_bytype_r3,13,19,C#O,1,0.10872989969172525
B4,47,zz_bytype_r3,13,20,N=O,1,0.512837043301687
B4,47,zz_bytype_r3,13,21,C=S,1,0.3681334603521387
B4,47,xy_bytype_r3,13,0,H-C,2435,0.02984846775927799
B4,47,xy_bytype_r3,13,1,C-C,1238,0.016757753420674606
B4,47,xy_bytype_r3,13,2,C=N,635,-0.02853886703692192
B4,47,xy_bytype_r3,13,3,H-N,622,0.342184509067516
B4,47,xy_bytype_r3,13,4,C=C,452,0.11634501314533761
B4,47,xy_bytype_r3,13,5,C-N,447,0.2202224540785321
B4,47,xy_bytype_r3,13,6,C=O,394,-0.027296335983548175
B4,47,xy_bytype_r3,13,7,C-O,316,0.14154738931393157
B4,47,xy_bytype_r3,13,8,H-O,271,-0.5126848758025726
B4,47,xy_bytype_r3,13,9,C#C,205,-0.9272721531688425
B4,47,xy_bytype_r3,13,10,N-O,176,0.8341139116399355
B4,47,xy_bytype_r3,13,11,C#N,176,0.08864541252511571
B4,47,xy_bytype_r3,13,12,N-N,75,0.42073731334262543
B4,47,xy_bytype_r3,13,13,C-S,69,0.02686943126952635
B4,47,xy_bytype_r3,13,14,N-S,19,0.4857121964175127
B4,47,xy_bytype_r3,13,15,O=S,8,0.6212487052344502
B4,47,xy_bytype_r3,13,16,C-Cl,4,0.24724220884729806
B4,47,xy_bytype_r3,13,17,N=N,3,0.26423368619241727
B4,47,xy_bytype_r3,13,18,O-S,2,-0.10719652782098464
B4,47,xy_bytype_r3,13,19,C#O,1,0.722665613824516
B4,47,xy_bytype_r3,13,20,N=O,1,0.8748215593794928
B4,47,xy_bytype_r3,13,21,C=S,1,0.11887566347215517
B4,48,zz_bytype_r3,13,0,H-C,2278,0.9731331743615198
B4,48,zz_bytype_r3,13,1,C-C,1104,0.029596076615962197
B4,48,zz_bytype_r3,13,2,C=N,619,0.01359868063423767
B4,48,zz_bytype_r3,13,3,H-N,593,0.5350327194720161
B4,48,zz_bytype_r3,13,4,C=C,466,-0.3126952676047052
B4,48,zz_bytype_r3,13,5,C=O,381,-0.3941945094887652
B4,48,zz_bytype_r3,13,6,C-N,372,0.26534627646852005
B4,48,zz_bytype_r3,13,7,C-O,320,0.16261949742934376
B4,48,zz_bytype_r3,13,8,H-O,252,0.6712941708773129
B4,48,zz_bytype_r3,13,9,C#C,211,-0.07085986076333513
B4,48,zz_bytype_r3,13,10,N-O,201,0.46037323560532917
B4,48,zz_bytype_r3,13,11,C#N,152,-0.13412268401716498
B4,48,zz_bytype_r3,13,12,C-S,73,0.27512890306259563
B4,48,zz_bytype_r3,13,13,N-N,44,0.3246551384830429
B4,48,zz_bytype_r3,13,14,N-S,23,0.36653629479936334
B4,48,zz_bytype_r3,13,15,N=N,5,0.09824168567519068
B4,48,zz_bytype_r3,13,16,O=S,4,0.15324152361575105
B4,48,zz_bytype_r3,13,17,C-Cl,3,0.19980575492425506
B4,48,zz_bytype_r3,13,18,N=O,1,0.45871697327917893
B4,48,xy_bytype_r3,13,0,H-C,2278,-0.22306647375643127
B4,48,xy_bytype_r3,13,1,C-C,1104,-0.06994316810900711
B4,48,xy_bytype_r3,13,2,C=N,619,0.11827022869547993
B4,48,xy_bytype_r3,13,3,H-N,593,0.5822439739827739
B4,48,xy_bytype_r3,13,4,C=C,466,0.11210656989800885
B4,48,xy_bytype_r3,13,5,C=O,381,0.14888887562550468
B4,48,xy_bytype_r3,13,6,C-N,372,-0.22889042660908737
B4,48,xy_bytype_r3,13,7,C-O,320,-0.08306820553311
B4,48,xy_bytype_r3,13,8,H-O,252,-0.06033479176324304
B4,48,xy_bytype_r3,13,9,C#C,211,-1.1087720213834154
B4,48,xy_bytype_r3,13,10,N-O,201,1.3600730965728742
B4,48,xy_bytype_r3,13,11,C#N,152,0.0005678797098448092
B4,48,xy_bytype_r3,13,12,C-S,73,-0.24032213213779888
B4,48,xy_bytype_r3,13,13,N-N,44,0.9820920135122363
B4,48,xy_bytype_r3,13,14,N-S,23,0.8229181381964099
B4,48,xy_bytype_r3,13,15,N=N,5,0.4660545405314363
B4,48,xy_bytype_r3,13,16,O=S,4,1.1065272269599562
B4,48,xy_bytype_r3,13,17,C-Cl,3,-0.5320596176527685
B4,48,xy_bytype_r3,13,18,N=O,1,1.5213924470786322
B4,49,zz_bytype_r3,13,0,H-C,2296,1.900135920265365
B4,49,zz_bytype_r3,13,1,C-C,1133,0.09685407499032428
B4,49,zz_bytype_r3,13,2,C=N,649,-0.18075320882602947
B4,49,zz_bytype_r3,13,3,H-N,611,-0.2729795614127372
B4,49,zz_bytype_r3,13,4,C=C,452,0.4344733261423057
B4,49,zz_bytype_r3,13,5,C-N,403,-0.5439759289007079
B4,49,zz_bytype_r3,13,6,C=O,363,-0.23863463772063684
B4,49,zz_bytype_r3,13,7,C-O,341,0.08011795545796552
B4,49,zz_bytype_r3,13,8,H-O,261,-0.2998639291927239
B4,49,zz_bytype_r3,13,9,C#C,197,-0.6976762022535469
B4,49,zz_bytype_r3,13,10,N-O,181,0.682785838366775
B4,49,zz_bytype_r3,13,11,C#N,155,-0.45001648746947803
B4,49,zz_bytype_r3,13,12,C-S,69,0.14484306655330853
B4,49,zz_bytype_r3,13,13,N-N,67,-1.2380497933414973
B4,49,zz_bytype_r3,13,14,N-S,17,0.5876282476143861
B4,49,zz_bytype_r3,13,15,O=S,8,0.47558635359067525
B4,49,zz_bytype_r3,13,16,N=N,4,-0.9473186237333928
B4,49,zz_bytype_r3,13,17,C-Cl,3,0.49378038473077673
B4,49,zz_bytype_r3,13,18,O-S,2,-0.10611043753488286
B4,49,zz_bytype_r3,13,19,C#O,1,0.5295827814750624
B4,49,zz_bytype_r3,13,20,C=S,1,0.3748354229156971
B4,49,xy_bytype_r3,13,0,H-C,2296,-0.1727492287615443
B4,49,xy_bytype_r3,13,1,C-C,1133,-0.02207664168682694
B4,49,xy_bytype_r3,13,2,C=N,649,0.03492748257980687
B4,49,xy_bytype_r3,13,3,H-N,611,0.42341955542346754
B4,49,xy_bytype_r3,13,4,C=C,452,0.14849363890115416
B4,49,xy_bytype_r3,13,5,C-N,403,0.18457408911604353
B4,49,xy_bytype_r3,13,6,C=O,363,-0.05807527439771973
B4,49,xy_bytype_r3,13,7,C-O,341,0.07706926972818824
B4,49,xy_bytype_r3,13,8,H-O,261,0.20026892818713474
B4,49,xy_bytype_r3,13,9,C#C,197,-0.7846776777734551
B4,49,xy_bytype_r3,13,10,N-O,181,-1.0091722858185534
B4,49,xy_bytype_r3,13,11,C#N,155,0.10209955731244605
B4,49,xy_bytype_r3,13,12,C-S,69,0.17065946918818167
B4,49,xy_bytype_r3,13,13,N-N,67,-0.6657496885535729
B4,49,xy_bytype_r3,13,14,N-S,17,-1.0709233647266092
B4,49,xy_bytype_r3,13,15,O=S,8,0.22666938326015468
B4,49,xy_bytype_r3,13,16,N=N,4,-0.5139507411516759
B4,49,xy_bytype_r3,13,17,C-Cl,3,0.3765569340069214
B4,49,xy_bytype_r3,13,18,O-S,2,-0.1297105358185108
B4,49,xy_bytype_r3,13,19,C#O,1,0.47940758201218736
B4,49,xy_bytype_r3,13,20,C=S,1,0.280386497316905
B4,50,zz_bytype_r3,13,0,H-C,2313,0.7808828756852259
B4,50,zz_bytype_r3,13,1,C-C,1150,0.046149727563058525
B4,50,zz_bytype_r3,13,2,C=N,605,-0.1069798105128623
B4,50,zz_bytype_r3,13,3,H-N,552,-0.30129377753910325
B4,50,zz_bytype_r3,13,4,C=C,481,-0.2565164579456643
B4,50,zz_bytype_r3,13,5,C=O,407,-0.07606786532700043
B4,50,zz_bytype_r3,13,6,C-N,389,-0.7503214667946881
B4,50,zz_bytype_r3,13,7,C-O,289,0.05929924137619469
B4,50,zz_bytype_r3,13,8,H-O,268,0.03626652979756758
B4,50,zz_bytype_r3,13,9,C#C,207,1.9129101820372802
B4,50,zz_bytype_r3,13,10,N-O,196,0.6364760115538839
B4,50,zz_bytype_r3,13,11,C#N,152,-0.29897360317094485
B4,50,zz_bytype_r3,13,12,C-S,73,0.1098464603606432
B4,50,zz_bytype_r3,13,13,N-N,61,0.5829711577702622
B4,50,zz_bytype_r3,13,14,N-S,17,0.4657095088048555
B4,50,zz_bytype_r3,13,15,O=S,12,0.3056211670567854
B4,50,zz_bytype_r3,13,16,N=N,5,-0.8151886323522375
B4,50,zz_bytype_r3,13,17,O-S,4,-0.23365924001084185
B4,50,zz_bytype_r3,13,18,C-Cl,3,0.6953908122819724
B4,50,zz_bytype_r3,13,19,C#O,1,0.2662038333736112
B4,50,zz_bytype_r3,13,20,C=S,1,0.5402254302230868
B4,50,xy_bytype_r3,13,0,H-C,2313,0.3220847530536013
B4,50,xy_bytype_r3,13,1,C-C,1150,0.12244554655287247
B4,50,xy_bytype_r3,13,2,C=N,605,0.012205646999034312
B4,50,xy_bytype_r3,13,3,H-N,552,0.22278560295081357
B4,50,xy_bytype_r3,13,4,C=C,481,-0.1390421178139845
B4,50,xy_bytype_r3,13,5,C=O,407,-0.017212313375910837
B4,50,xy_bytype_r3,13,6,C-N,389,0.23979813778150288
B4,50,xy_bytype_r3,13,7,C-O,289,0.11123480765476489
B4,50,xy_bytype_r3,13,8,H-O,268,0.22067107283668322
B4,50,xy_bytype_r3,13,9,C#C,207,1.524988614312217
B4,50,xy_bytype_r3,13,10,N-O,196,0.5676944952161781
B4,50,xy_bytype_r3,13,11,C#N,152,0.11874567606739406
B4,50,xy_bytype_r3,13,12,C-S,73,0.24610282235137937
B4,50,xy_bytype_r3,13,13,N-N,61,0.4074311823350135
B4,50,xy_bytype_r3,13,14,N-S,17,0.4899260282896016
B4,50,xy_bytype_r3,13,15,O=S,12,0.12511164665736665
B4,50,xy_bytype_r3,13,16,N=N,5,0.23244656474935674
B4,50,xy_bytype_r3,13,17,O-S,4,0.02756089943387989
B4,50,xy_bytype_r3,13,18,C-Cl,3,1.006787693108019
B4,50,xy_bytype_r3,13,19,C#O,1,0.2027072975198332
B4,50,xy_bytype_r3,13,20,C=S,1,0.4696258403627095
B4,51,zz_bytype_r3,13,0,H-C,2434,-1.57403218939221
B4,51,zz_bytype_r3,13,1,C-C,1244,-0.02673300775952618
B4,51,zz_bytype_r3,13,2,C=N,648,-0.008989666639428
B4,51,zz_bytype_r3,13,3,H-N,643,-0.03830844166548399
B4,51,zz_bytype_r3,13,4,C-N,465,0.24615139470427064
B4,51,zz_bytype_r3,13,5,C=C,430,-0.6589963972977647
B4,51,zz_bytype_r3,13,6,C=O,404,-0.25348197693360697
B4,51,zz_bytype_r3,13,7,C-O,309,0.09227189659983195
B4,51,zz_bytype_r3,13,8,H-O,287,0.38796261133503795
B4,51,zz_bytype_r3,13,9,C#C,222,0.8933234982873973
B4,51,zz_bytype_r3,13,10,N-O,199,0.4637753296437747
B4,51,zz_bytype_r3,13,11,C#N,157,-0.31243592997748537
B4,51,zz_bytype_r3,13,12,C-S,65,0.3957768112365585
B4,51,zz_bytype_r3,13,13,N-N,62,0.41075783183619186
B4,51,zz_bytype_r3,13,14,N-S,21,0.41486483349219205
B4,51,zz_bytype_r3,13,15,O=S,4,0.1740322557586312
B4,51,zz_bytype_r3,13,16,N=N,3,0.18246083283909037
B4,51,zz_bytype_r3,13,17,C-Cl,2,0.5282829732314539
B4,51,zz_bytype_r3,13,18,C#O,1,0.1505273292626956
B4,51,zz_bytype_r3,13,19,N=O,1,0.5309276430210121
B4,51,xy_bytype_r3,13,0,H-C,2434,0.18953065039503358
B4,51,xy_bytype_r3,13,1,C-C,1244,-0.046474235403898674
B4,51,xy_bytype_r3,13,2,C=N,648,-0.07138500548144665
B4,51,xy_bytype_r3,13,3,H-N,643,0.4863308660060121
B4,51,xy_bytype_r3,13,4,C-N,465,0.35928200041763164
B4,51,xy_bytype_r3,13,5,C=C,430,0.14569959293012139
B4,51,xy_bytype_r3,13,6,C=O,404,-0.11334310635438781
B4,51,xy_bytype_r3,13,7,C-O,309,0.20497906701663707
B4,51,xy_bytype_r3,13,8,H-O,287,-0.27858665553491774
B4,51,xy_bytype_r3,13,9,C#C,222,-2.3631454667874756
B4,51,xy_bytype_r3,13,10,N-O,199,0.7610600571999598
B4,51,xy_bytype_r3,13,11,C#N,157,-0.19929267601969503
B4,51,xy_bytype_r3,13,12,C-S,65,0.04768117462889597
B4,51,xy_bytype_r3,13,13,N-N,62,0.6765938743443186
B4,51,xy_bytype_r3,13,14,N-S,21,0.5068528972955589
B4,51,xy_bytype_r3,13,15,O=S,4,0.3685138056880862
B4,51,xy_bytype_r3,13,16,N=N,3,-0.08813166264403048
B4,51,xy_bytype_r3,13,17,C-Cl,2,-0.11413125352965783
B4,51,xy_bytype_r3,13,18,C#O,1,0.33625837249741164
B4,51,xy_bytype_r3,13,19,N=O,1,1.1312576020181542
B4,52,zz_bytype_r3,13,0,H-C,2290,0.5759424214500641
B4,52,zz_bytype_r3,13,1,C-C,1173,0.15486345259915954
B4,52,zz_bytype_r3,13,2,H-N,658,1.592153902651798
B4,52,zz_bytype_r3,13,3,C=N,636,0.014869552662628648
B4,52,zz_bytype_r3,13,4,C-N,462,0.3459692079457849
B4,52,zz_bytype_r3,13,5,C=C,434,-0.4062460584262137
B4,52,zz_bytype_r3,13,6,C=O,389,-0.37555159319719533
B4,52,zz_bytype_r3,13,7,C-O,296,0.09860496830761593
B4,52,zz_bytype_r3,13,8,H-O,250,0.1636507009613946
B4,52,zz_bytype_r3,13,9,C#C,206,-0.12983156213792993
B4,52,zz_bytype_r3,13,10,N-O,160,0.4965900943280645
B4,52,zz_bytype_r3,13,11,C#N,159,-0.3911632045392258
B4,52,zz_bytype_r3,13,12,N-N,65,0.562782533657345
B4,52,zz_bytype_r3,13,13,C-S,57,0.14656964311384235
B4,52,zz_bytype_r3,13,14,N-S,19,0.2954174746632792
B4,52,zz_bytype_r3,13,15,O=S,8,0.21054819716002224
B4,52,zz_bytype_r3,13,16,N=N,3,0.3159870533163001
B4,52,zz_bytype_r3,13,17,C-Cl,3,0.5527913495720589
B4,52,zz_bytype_r3,13,18,O-S,2,-0.09441180605362351
B4,52,zz_bytype_r3,13,19,C#O,1,-0.4144527022135358
B4,52,zz_bytype_r3,13,20,N=O,1,0.39375149040653845
B4,52,zz_bytype_r3,13,21,C=S,1,0.5065466059319743
B4,52,xy_bytype_r3,13,0,H-C,2290,0.687849652429815
B4,52,xy_bytype_r3,13,1,C-C,1173,0.27090768269910775
B4,52,xy_bytype_r3,13,2,H-N,658,0.12416435353284304
B4,52,xy_bytype_r3,13,3,C=N,636,0.06749253239644931
B4,52,xy_bytype_r3,13,4,C-N,462,0.3193902217947817
B4,52,xy_bytype_r3,13,5,C=C,434,-0.1295423146185947
B4,52,xy_bytype_r3,13,6,C=O,389,-0.07032063255331186
B4,52,xy_bytype_r3,13,7,C-O,296,0.2110563249825561
B4,52,xy_bytype_r3,13,8,H-O,250,0.2686525838758625
B4,52,xy_bytype_r3,13,9,C#C,206,1.2278871330823353
B4,52,xy_bytype_r3,13,10,N-O,160,0.9658616649983611
B4,52,xy_bytype_r3,13,11,C#N,159,0.0428341413162166
B4,52,xy_bytype_r3,13,12,N-N,65,0.7896473865103891
B4,52,xy_bytype_r3,13,13,C-S,57,0.24414552489515912
B4,52,xy_bytype_r3,13,14,N-S,19,0.5503537068702473
B4,52,xy_bytype_r3,13,15,O=S,8,0.2215773682140645
B4,52,xy_bytype_r3,13,16,N=N,3,0.6013896245875504
B4,52,xy_bytype_r3,13,17,C-Cl,3,0.3329883371396531
B4,52,xy_bytype_r3,13,18,O-S,2,-0.1848562733232598
B4,52,xy_bytype_r3,13,19,C#O,1,0.575636098938173
B4,52,xy_bytype_r3,13,20,N=O,1,1.0612082037240451
B4,52,xy_bytype_r3,13,21,C=S,1,0.6508864995338103
B4,53,zz_bytype_r3,13,0,H-C,2289,-0.18674310499720267
B4,53,zz_bytype_r3,13,1,C-C,1114,-0.41645297156785205
B4,53,zz_bytype_r3,13,2,C=N,649,-0.515759331103347
B4,53,zz_bytype_r3,13,3,H-N,635,0.7397630545385675
B4,53,zz_bytype_r3,13,4,C=C,445,-0.5873637590905216
B4,53,zz_bytype_r3,13,5,C-N,414,-0.9386870982252703
B4,53,zz_bytype_r3,13,6,C=O,380,-0.07290201889857537
B4,53,zz_bytype_r3,13,7,C-O,291,0.1403484203655079
B4,53,zz_bytype_r3,13,8,H-O,266,0.12508580871008868
B4,53,zz_bytype_r3,13,9,C#C,223,0.9589516252376612
B4,53,zz_bytype_r3,13,10,N-O,200,0.7250235260779824
B4,53,zz_bytype_r3,13,11,C#N,140,0.07685802929432083
B4,53,zz_bytype_r3,13,12,N-N,63,0.7133130239483727
B4,53,zz_bytype_r3,13,13,C-S,59,0.25373224888573065
B4,53,zz_bytype_r3,13,14,N-S,17,0.4634367660247314
B4,53,zz_bytype_r3,13,15,O=S,8,0.13988942249391464
B4,53,zz_bytype_r3,13,16,N=N,5,0.28152122665002116
B4,53,zz_bytype_r3,13,17,O-S,4,0.06339997710231904
B4,53,zz_bytype_r3,13,18,C-Cl,4,0.3562391003805625
B4,53,zz_bytype_r3,13,19,C#O,1,0.4537100094532475
B4,53,zz_bytype_r3,13,20,N=O,1,0.7757812686616079
B4,53,zz_bytype_r3,13,21,C=S,1,0.3135347547451065
B4,53,xy_bytype_r3,13,0,H-C,2289,-0.09525685447000716
B4,53,xy_bytype_r3,13,1,C-C,1114,-0.09016724068551774
B4,53,xy_bytype_r3,13,2,C=N,649,-0.33985046185806306
B4,53,xy_bytype_r3,13,3,H-N,635,-0.7640041942158683
B4,53,xy_bytype_r3,13,4,C=C,445,0.07770441405928373
B4,53,xy_bytype_r3,13,5,C-N,414,0.3195137681152306
B4,53,xy_bytype_r3,13,6,C=O,380,0.09357554353919326
B4,53,xy_bytype_r3,13,7,C-O,291,-0.023568051710134718
B4,53,xy_bytype_r3,13,8,H-O,266,0.06080577296308029
B4,53,xy_bytype_r3,13,9,C#C,223,-2.5927568972385466
B4,53,xy_bytype_r3,13,10,N-O,200,0.6036641199643588
B4,53,xy_bytype_r3,13,11,C#N,140,-0.3422758155294555
B4,53,xy_bytype_r3,13,12,N-N,63,0.3779351918813945
B4,53,xy_bytype_r3,13,13,C-S,59,-0.12115796241346471
B4,53,xy_bytype_r3,13,14,N-S,17,0.38963284974159695
B4,53,xy_bytype_r3,13,15,O=S,8,0.4207953785241217
B4,53,xy_bytype_r3,13,16,N=N,5,0.07384352456450424
B4,53,xy_bytype_r3,13,17,O-S,4,0.18461501096245622
B4,53,xy_bytype_r3,13,18,C-Cl,4,-0.4903965619366303
B4,53,xy_bytype_r3,13,19,C#O,1,-0.28718184929307466
B4,53,xy_bytype_r3,13,20,N=O,1,0.8633012794592066
B4,53,xy_bytype_r3,13,21,C=S,1,-0.3223664249442452
B4,54,zz_bytype_r3,13,0,H-C,2301,0.7800558826792451
B4,54,zz_bytype_r3,13,1,C-C,1123,-0.2740010306184094
B4,54,zz_bytype_r3,13,2,C=N,644,0.011240382822117981
B4,54,zz_bytype_r3,13,3,H-N,634,0.013299780677685842
B4,54,zz_bytype_r3,13,4,C=C,482,0.11832323978891678
B4,54,zz_bytype_r3,13,5,C=O,371,-0.310098904931179
B4,54,zz_bytype_r3,13,6,C-N,362,0.4235335729448461
B4,54,zz_bytype_r3,13,7,C-O,344,0.23326696048274356
B4,54,zz_bytype_r3,13,8,H-O,258,0.38240840164117246
B4,54,zz_bytype_r3,13,9,C#C,206,-1.475349018962672
B4,54,zz_bytype_r3,13,10,N-O,188,0.6988223291893686
B4,54,zz_bytype_r3,13,11,C#N,156,-0.46753141214539456
B4,54,zz_bytype_r3,13,12,C-S,74,0.32462859676785827
B4,54,zz_bytype_r3,13,13,N-N,58,0.5486300271536705
B4,54,zz_bytype_r3,13,14,N-S,22,0.5057904518497013
B4,54,zz_bytype_r3,13,15,O=S,12,0.23923352425936387
B4,54,zz_bytype_r3,13,16,O-S,4,0.11515751562926385
B4,54,zz_bytype_r3,13,17,N=N,3,0.21410884247760206
B4,54,zz_bytype_r3,13,18,C-Cl,2,0.4427100194848294
B4,54,zz_bytype_r3,13,19,C#O,1,0.615492269594205
B4,54,zz_bytype_r3,13,20,C=S,1,0.7049245451637961
B4,54,xy_bytype_r3,13,0,H-C,2301,-0.13699517194936683
B4,54,xy_bytype_r3,13,1,C-C,1123,0.06107919455972313
B4,54,xy_bytype_r3,13,2,C=N,644,0.18306782023186904
B4,54,xy_bytype_r3,13,3,H-N,634,0.6285377362199062
B4,54,xy_bytype_r3,13,4,C=C,482,0.14498133615418135
B4,54,xy_bytype_r3,13,5,C=O,371,0.02767451798225962
B4,54,xy_bytype_r3,13,6,C-N,362,-0.25363695023445854
B4,54,xy_bytype_r3,13,7,C-O,344,0.04469753838412546
B4,54,xy_bytype_r3,13,8,H-O,258,-0.4362670367568779
B4,54,xy_bytype_r3,13,9,C#C,206,-1.3522111345860968
B4,54,xy_bytype_r3,13,10,N-O,188,1.165465914178867
B4,54,xy_bytype_r3,13,11,C#N,156,-0.22651772231991704
B4,54,xy_bytype_r3,13,12,C-S,74,0.42515639991821047
B4,54,xy_bytype_r3,13,13,N-N,58,0.917897770538256
B4,54,xy_bytype_r3,13,14,N-S,22,0.8287860598276304
B4,54,xy_bytype_r3,13,15,O=S,12,1.689273455529858
B4,54,xy_bytype_r3,13,16,O-S,4,-0.17224550996911453
B4,54,xy_bytype_r3,13,17,N=N,3,-0.1230355726140841
B4,54,xy_bytype_r3,13,18,C-Cl,2,-0.07277270948348163
B4,54,xy_bytype_r3,13,19,C#O,1,1.879727681044837
B4,54,xy_bytype_r3,13,20,C=S,1,1.639267719422407
B4,55,zz_bytype_r3,13,0,H-C,2318,-1.205993191607324
B4,55,zz_bytype_r3,13,1,C-C,1154,-0.10139984129783233
B4,55,zz_bytype_r3,13,2,C=N,621,-0.03466306979781372
B4,55,zz_bytype_r3,13,3,H-N,570,-1.2903708686671007
B4,55,zz_bytype_r3,13,4,C=C,451,-0.2797269145916308
B4,55,zz_bytype_r3,13,5,C-N,419,0.33041873704543473
B4,55,zz_bytype_r3,13,6,C=O,359,-0.5147373675135838
B4,55,zz_bytype_r3,13,7,C-O,328,0.12366639880576655
B4,55,zz_bytype_r3,13,8,H-O,290,0.4467979694038769
B4,55,zz_bytype_r3,13,9,C#C,207,1.2611818833610255
B4,55,zz_bytype_r3,13,10,N-O,185,0.6726761120687449
B4,55,zz_bytype_r3,13,11,C#N,153,0.05628203003098331
B4,55,zz_bytype_r3,13,12,C-S,69,0.38993327665448946
B4,55,zz_bytype_r3,13,13,N-N,64,0.6152702269660093
B4,55,zz_bytype_r3,13,14,N-S,19,0.5300727541534241
B4,55,zz_bytype_r3,13,15,O=S,8,0.2778445560725838
B4,55,zz_bytype_r3,13,16,C-Cl,5,0.7915413198560121
B4,55,zz_bytype_r3,13,17,N=N,4,0.27588724289678596
B4,55,zz_bytype_r3,13,18,O-S,4,0.010624098951935348
B4,55,zz_bytype_r3,13,19,C#O,1,0.3692263317888541
B4,55,zz_bytype_r3,13,20,N=O,1,0.6053747872573507
B4,55,zz_bytype_r3,13,21,C=S,1,0.8007359895870152
B4,55,xy_bytype_r3,13,0,H-C,2318,0.26758531511356387
B4,55,xy_bytype_r3,13,1,C-C,1154,0.09977522674533766
B4,55,xy_bytype_r3,13,2,C=N,621,0.3883657856906231
B4,55,xy_bytype_r3,13,3,H-N,570,0.5378356904585997
B4,55,xy_bytype_r3,13,4,C=C,451,-0.5638692051057429
B4,55,xy_bytype_r3,13,5,C-N,419,0.1490275503452191
B4,55,xy_bytype_r3,13,6,C=O,359,0.22093877616123195
B4,55,xy_bytype_r3,13,7,C-O,328,0.0424556579848258
B4,55,xy_bytype_r3,13,8,H-O,290,-0.6702076145223698
B4,55,xy_bytype_r3,13,9,C#C,207,1.078589710088425
B4,55,xy_bytype_r3,13,10,N-O,185,-0.23664948259295285
B4,55,xy_bytype_r3,13,11,C#N,153,0.310981371371224
B4,55,xy_bytype_r3,13,12,C-S,69,-0.02440743762680881
B4,55,xy_bytype_r3,13,13,N-N,64,0.902903207978725
B4,55,xy_bytype_r3,13,14,N-S,19,-0.2406281931252288
B4,55,xy_bytype_r3,13,15,O=S,8,0.3282535933151322
B4,55,xy_bytype_r3,13,16,C-Cl,5,-0.6320622045568545
B4,55,xy_bytype_r3,13,17,N=N,4,-0.7153635351793322
B4,55,xy_bytype_r3,13,18,O-S,4,-0.46310858062379956
B4,55,xy_bytype_r3,13,19,C#O,1,-0.4606662914910762
B4,55,xy_bytype_r3,13,20,N=O,1,-0.35783994717385753
B4,55,xy_bytype_r3,13,21,C=S,1,-0.6697828272441573
B4,56,zz_bytype_r3,13,0,H-C,2342,-0.7918490299536832
B4,56,zz_bytype_r3,13,1,C-C,1149,0.10385761547472591
B4,56,zz_bytype_r3,13,2,C=N,630,-0.014169618761689685
B4,56,zz_bytype_r3,13,3,H-N,565,-0.22299732008570083
B4,56,zz_bytype_r3,13,4,C=C,447,-0.2611146698039297
B4,56,zz_bytype_r3,13,5,C-N,403,0.2386255089295044
B4,56,zz_bytype_r3,13,6,C=O,379,-0.2777002573787014
B4,56,zz_bytype_r3,13,7,C-O,321,0.09477559121628552
B4,56,zz_bytype_r3,13,8,H-O,294,0.25494418857054757
B4,56,zz_bytype_r3,13,9,C#C,217,1.6601802325369428
B4,56,zz_bytype_r3,13,10,N-O,212,0.5650851787869579
B4,56,zz_bytype_r3,13,11,C#N,133,-0.008749301705576291
B4,56,zz_bytype_r3,13,12,C-S,72,0.31470344415872065
B4,56,zz_bytype_r3,13,13,N-N,60,0.478213344265177
B4,56,zz_bytype_r3,13,14,N-S,20,0.45847580268110927
B4,56,zz_bytype_r3,13,15,O=S,12,0.30316721822371867
B4,56,zz_bytype_r3,13,16,N=N,5,0.22151967133633482
B4,56,zz_bytype_r3,13,17,C-Cl,5,0.7260345208980777
B4,56,zz_bytype_r3,13,18,O-S,4,-0.09693333638666607
B4,56,zz_bytype_r3,13,19,C#O,1,0.19277033619285522
B4,56,zz_bytype_r3,13,20,N=O,1,0.5421925171696749
B4,56,zz_bytype_r3,13,21,C=S,1,1.0008006920864772
B4,56,xy_bytype_r3,13,0,H-C,2342,0.7876763842661262
B4,56,xy_bytype_r3,13,1,C-C,1149,0.029402456844634696
B4,56,xy_bytype_r3,13,2,C=N,630,0.412032821569838
B4,56,xy_bytype_r3,13,3,H-N,565,1.5457499458441843
B4,56,xy_bytype_r3,13,4,C=C,447,-0.13895627245156653
B4,56,xy_bytype_r3,13,5,C-N,403,0.1922552181264387
B4,56,xy_bytype_r3,13,6,C=O,379,-0.088256223306467
B4,56,xy_bytype_r3,13,7,C-O,321,0.018669544718281937
B4,56,xy_bytype_r3,13,8,H-O,294,-0.056520715445255214
B4,56,xy_bytype_r3,13,9,C#C,217,1.1163255246930501
B4,56,xy_bytype_r3,13,10,N-O,212,0.1910684034144922
B4,56,xy_bytype_r3,13,11,C#N,133,0.16248917553629508
B4,56,xy_bytype_r3,13,12,C-S,72,-0.2334003046209223
B4,56,xy_bytype_r3,13,13,N-N,60,-0.62610560232367
B4,56,xy_bytype_r3,13,14,N-S,20,0.17007919691669698
B4,56,xy_bytype_r3,13,15,O=S,12,0.09149842129368425
B4,56,xy_bytype_r3,13,16,N=N,5,1.5209239204739935
B4,56,xy_bytype_r3,13,17,C-Cl,5,0.18605632728385382
B4,56,xy_bytype_r3,13,18,O-S,4,-0.1528518921914188
B4,56,xy_bytype_r3,13,19,C#O,1,1.2308624768833811
B4,56,xy_bytype_r3,13,20,N=O,1,0.3807357126782763
B4,56,xy_bytype_r3,13,21,C=S,1,0.7137062827294558
B4,57,zz_bytype_r3,13,0,H-C,2447,0.966566988227743
B4,57,zz_bytype_r3,13,1,C-C,1179,0.06816643888497302
B4,57,zz_bytype_r3,13,2,C=N,642,-0.06455180038032249
B4,57,zz_bytype_r3,13,3,H-N,639,-0.8010275739690036
B4,57,zz_bytype_r3,13,4,C=C,470,0.2475121605989665
B4,57,zz_bytype_r3,13,5,C-N,438,-0.6980777964383477
B4,57,zz_bytype_r3,13,6,C=O,403,-0.1271932064369448
B4,57,zz_bytype_r3,13,7,C-O,310,0.22559126553358486
B4,57,zz_bytype_r3,13,8,H-O,258,0.23811840184104388
B4,57,zz_bytype_r3,13,9,C#C,211,-1.4241164002097728
B4,57,zz_bytype_r3,13,10,N-O,206,0.7590329800629536
B4,57,zz_bytype_r3,13,11,C#N,163,-0.17577793465511596
B4,57,zz_bytype_r3,13,12,C-S,74,0.25977014195144554
B4,57,zz_bytype_r3,13,13,N-N,69,0.7782383798505156
B4,57,zz_bytype_r3,13,14,N-S,20,0.5795100842689113
B4,57,zz_bytype_r3,13,15,O=S,8,0.4447290743142332
B4,57,zz_bytype_r3,13,16,N=N,2,-0.017222070027646846
B4,57,zz_bytype_r3,13,17,O-S,2,0.002876199850995425
B4,57,zz_bytype_r3,13,18,C-Cl,2,0.6863227052184232
B4,57,zz_bytype_r3,13,19,C#O,1,0.8744527347963817
B4,57,xy_bytype_r3,13,0,H-C,2447,-0.9464361474254489
B4,57,xy_bytype_r3,13,1,C-C,1179,-0.6490946828138012
B4,57,xy_bytype_r3,13,2,C=N,642,0.07560117726857236
B4,57,xy_bytype_r3,13,3,H-N,639,0.08309485488567395
B4,57,xy_bytype_r3,13,4,C=C,470,-0.5623442136040334
B4,57,xy_bytype_r3,13,5,C-N,438,-0.3725566325910612
B4,57,xy_bytype_r3,13,6,C=O,403,-0.11982747867165541
B4,57,xy_bytype_r3,13,7,C-O,310,0.12127768216524967
B4,57,xy_bytype_r3,13,8,H-O,258,0.05308224929550394
B4,57,xy_bytype_r3,13,9,C#C,211,1.5702458507721404
B4,57,xy_bytype_r3,13,10,N-O,206,0.7895770712620223
B4,57,xy_bytype_r3,13,11,C#N,163,0.10066707204123189
B4,57,xy_bytype_r3,13,12,C-S,74,0.14642559423692464
B4,57,xy_bytype_r3,13,13,N-N,69,-1.1714492666003873
B4,57,xy_bytype_r3,13,14,N-S,20,0.5787123824337778
B4,57,xy_bytype_r3,13,15,O=S,8,0.40949848622443313
B4,57,xy_bytype_r3,13,16,N=N,2,-0.13746974856086192
B4,57,xy_bytype_r3,13,17,O-S,2,-0.15422413434216492
B4,57,xy_bytype_r3,13,18,C-Cl,2,0.18842701420289396
B4,57,xy_bytype_r3,13,19,C#O,1,0.6316910629081135
B4,58,zz_bytype_r3,13,0,H-C,2347,-1.078534361766366
B4,58,zz_bytype_r3,13,1,C-C,1158,0.12466814085824204
B4,58,zz_bytype_r3,13,2,C=N,646,-0.05634112502851253
B4,58,zz_bytype_r3,13,3,H-N,571,0.2909616519371499
B4,58,zz_bytype_r3,13,4,C=C,446,-0.19048016275082638
B4,58,zz_bytype_r3,13,5,C-N,384,0.2803240407313131
B4,58,zz_bytype_r3,13,6,C=O,373,-0.338113733626773
B4,58,zz_bytype_r3,13,7,C-O,324,0.06837313580936737
B4,58,zz_bytype_r3,13,8,H-O,289,0.2935066351682532
B4,58,zz_bytype_r3,13,9,C#C,212,1.8235343816104188
B4,58,zz_bytype_r3,13,10,N-O,209,0.6042393755359672
B4,58,zz_bytype_r3,13,11,C#N,152,-0.08028735305658342
B4,58,zz_bytype_r3,13,12,N-N,80,0.5221613219853269
B4,58,zz_bytype_r3,13,13,C-S,61,0.17137597138696573
B4,58,zz_bytype_r3,13,14,N-S,19,0.4197337106223212
B4,58,zz_bytype_r3,13,15,O=S,8,0.2530907845412729
B4,58,zz_bytype_r3,13,16,C-Cl,4,0.4634222175145606
B4,58,zz_bytype_r3,13,17,N=N,3,0.051165069783045504
B4,58,zz_bytype_r3,13,18,O-S,2,-0.0631688595820498
B4,58,zz_bytype_r3,13,19,C#O,1,-0.027770645350514482
B4,58,zz_bytype_r3,13,20,C=S,1,0.5905345153083629
B4,58,xy_bytype_r3,13,0,H-C,2347,-1.0977934734404198
B4,58,xy_bytype_r3,13,1,C-C,1158,-0.050129827783136925
B4,58,xy_bytype_r3,13,2,C=N,646,0.08018193252225742
B4,58,xy_bytype_r3,13,3,H-N,571,0.12160853732482822
B4,58,xy_bytype_r3,13,4,C=C,446,0.37484714149060633
B4,58,xy_bytype_r3,13,5,C-N,384,-0.1312086730712195
B4,58,xy_bytype_r3,13,6,C=O,373,0.08019369770642593
B4,58,xy_bytype_r3,13,7,C-O,324,-0.03764017440478828
B4,58,xy_bytype_r3,13,8,H-O,289,0.5150847096278384
B4,58,xy_bytype_r3,13,9,C#C,212,-0.9602290515906404
B4,58,xy_bytype_r3,13,10,N-O,209,0.8336868579863423
B4,58,xy_bytype_r3,13,11,C#N,152,0.04800931365295749
B4,58,xy_bytype_r3,13,12,N-N,80,0.7778253374154093
B4,58,xy_bytype_r3,13,13,C-S,61,-0.01263338067935029
B4,58,xy_bytype_r3,13,14,N-S,19,0.6156062421878438
B4,58,xy_bytype_r3,13,15,O=S,8,0.4509509017683032
B4,58,xy_bytype_r3,13,16,C-Cl,4,0.2842255189696747
B4,58,xy_bytype_r3,13,17,N=N,3,0.29790068033384204
B4,58,xy_bytype_r3,13,18,O-S,2,-0.36847152548459444
B4,58,xy_bytype_r3,13,19,C#O,1,-0.5452248107018783
B4,58,xy_bytype_r3,13,20,C=S,1,-0.274866134294596
B4,59,zz_bytype_r3,13,0,H-C,2309,-0.21826980029005147
B4,59,zz_bytype_r3,13,1,C-C,1156,0.010166268734021088
B4,59,zz_bytype_r3,13,2,H-N,661,-0.8368124512671121
B4,59,zz_bytype_r3,13,3,C=N,656,-0.12742189297383244
B4,59,zz_bytype_r3,13,4,C=C,468,-0.2773853937898742
B4,59,zz_bytype_r3,13,5,C-N,424,0.22668613674242982
B4,59,zz_bytype_r3,13,6,C=O,378,-0.31949415183457913
B4,59,zz_bytype_r3,13,7,C-O,328,0.08318491587666263
B4,59,zz_bytype_r3,13,8,H-O,300,-0.011645402339016068
B4,59,zz_bytype_r3,13,9,C#C,229,1.1251484803881502
B4,59,zz_bytype_r3,13,10,N-O,189,0.5514652444191154
B4,59,zz_bytype_r3,13,11,C#N,147,-0.3008496241608564
B4,59,zz_bytype_r3,13,12,N-N,73,0.43018362558832113
B4,59,zz_bytype_r3,13,13,C-S,65,0.20725334690731712
B4,59,zz_bytype_r3,13,14,N-S,19,0.40825005203032616
B4,59,zz_bytype_r3,13,15,C-Cl,5,0.5169465003141194
B4,59,zz_bytype_r3,13,16,O=S,4,-0.052432527427548156
B4,59,zz_bytype_r3,13,17,N=N,3,0.232543179912787
B4,59,zz_bytype_r3,13,18,O-S,2,-0.01522452057003864
B4,59,zz_bytype_r3,13,19,C#O,1,0.31215507431719147
B4,59,xy_bytype_r3,13,0,H-C,2309,0.3556149384169957
B4,59,xy_bytype_r3,13,1,C-C,1156,0.06420704581140703
B4,59,xy_bytype_r3,13,2,H-N,661,-0.02520982103631494
B4,59,xy_bytype_r3,13,3,C=N,656,0.058022270430521244
B4,59,xy_bytype_r3,13,4,C=C,468,-0.14408016604307133
B4,59,xy_bytype_r3,13,5,C-N,424,-0.11604909403132634
B4,59,xy_bytype_r3,13,6,C=O,378,0.15351515224091705
B4,59,xy_bytype_r3,13,7,C-O,328,-0.014694088626274361
B4,59,xy_bytype_r3,13,8,H-O,300,-0.44778610438821836
B4,59,xy_bytype_r3,13,9,C#C,229,0.4970337641624678
B4,59,xy_bytype_r3,13,10,N-O,189,0.866611395651016
B4,59,xy_bytype_r3,13,11,C#N,147,0.12695098905699967
B4,59,xy_bytype_r3,13,12,N-N,73,0.6394448950471829
B4,59,xy_bytype_r3,13,13,C-S,65,-0.20862063194585867
B4,59,xy_bytype_r3,13,14,N-S,19,0.6298670653556836
B4,59,xy_bytype_r3,13,15,C-Cl,5,-0.6204757325709346
B4,59,xy_bytype_r3,13,16,O=S,4,0.06191673131498603
B4,59,xy_bytype_r3,13,17,N=N,3,0.4847173473585046
B4,59,xy_bytype_r3,13,18,O-S,2,0.05953838158788683
B4,59,xy_bytype_r3,13,19,C#O,1,-0.4462880391669155
B4,60,zz_bytype_r3,13,0,H-C,2353,-0.1676285986760889
B4,60,zz_bytype_r3,13,1,C-C,1216,-0.003222939779521301
B4,60,zz_bytype_r3,13,2,C=N,639,-0.22134090642175971
B4,60,zz_bytype_r3,13,3,H-N,620,0.828109660465806
B4,60,zz_bytype_r3,13,4,C-N,438,-0.7869490072484077
B4,60,zz_bytype_r3,13,5,C=C,406,-0.531660139850798
B4,60,zz_bytype_r3,13,6,C=O,398,-0.16081560657797786
B4,60,zz_bytype_r3,13,7,C-O,283,0.02973265669698431
B4,60,zz_bytype_r3,13,8,H-O,273,0.12750383026435888
B4,60,zz_bytype_r3,13,9,C#C,209,1.6249275213272278
B4,60,zz_bytype_r3,13,10,N-O,200,0.4218502508227582
B4,60,zz_bytype_r3,13,11,C#N,150,-0.13247115397975934
B4,60,zz_bytype_r3,13,12,C-S,67,0.08879720337783341
B4,60,zz_bytype_r3,13,13,N-N,66,-0.8709164405114054
B4,60,zz_bytype_r3,13,14,N-S,17,0.33905490306875663
B4,60,zz_bytype_r3,13,15,O=S,8,0.36519001777103266
B4,60,zz_bytype_r3,13,16,N=N,2,-0.11039853900568816
B4,60,zz_bytype_r3,13,17,C-Cl,2,0.41152309456226577
B4,60,zz_bytype_r3,13,18,O-S,2,-0.44911980179688343
B4,60,zz_bytype_r3,13,19,C#O,1,0.13689583783194778
B4,60,zz_bytype_r3,13,20,C=S,1,0.15055095076140537
B4,60,xy_bytype_r3,13,0,H-C,2353,0.4210530471105471
B4,60,xy_bytype_r3,13,1,C-C,1216,0.23231870919004424
B4,60,xy_bytype_r3,13,2,C=N,639,-0.1154147080387836
B4,60,xy_bytype_r3,13,3,H-N,620,-0.33772366713046553
B4,60,xy_bytype_r3,13,4,C-N,438,0.19937849618336975
B4,60,xy_bytype_r3,13,5,C=C,406,-0.1274614283033888
B4,60,xy_bytype_r3,13,6,C=O,398,-0.290575618481364
B4,60,xy_bytype_r3,13,7,C-O,283,0.07944439581586119
B4,60,xy_bytype_r3,13,8,H-O,273,-0.028587392650098367
B4,60,xy_bytype_r3,13,9,C#C,209,1.4431545251366282
B4,60,xy_bytype_r3,13,10,N-O,200,0.4600275594730841
B4,60,xy_bytype_r3,13,11,C#N,150,-0.27191417585552047
B4,60,xy_bytype_r3,13,12,C-S,67,0.16300478771472052
B4,60,xy_bytype_r3,13,13,N-N,66,-1.6826737303618422
B4,60,xy_bytype_r3,13,14,N-S,17,0.37605871071690056
B4,60,xy_bytype_r3,13,15,O=S,8,0.1494907722313955
B4,60,xy_bytype_r3,13,16,N=N,2,-0.00981722538855888
B4,60,xy_bytype_r3,13,17,C-Cl,2,0.5338639540611999
B4,60,xy_bytype_r3,13,18,O-S,2,-0.04159165459490979
B4,60,xy_bytype_r3,13,19,C#O,1,0.3206375275704305
B4,60,xy_bytype_r3,13,20,C=S,1,0.37137261859377074
B4,61,zz_bytype_r3,13,0,H-C,2333,-0.8757665278951295
B4,61,zz_bytype_r3,13,1,C-C,1161,-0.5129089339500253
B4,61,zz_bytype_r3,13,2,C=N,620,0.06881349181152477
B4,61,zz_bytype_r3,13,3,H-N,569,0.32878091535448717
B4,61,zz_bytype_r3,13,4,C=C,455,-0.04012421125186292
B4,61,zz_bytype_r3,13,5,C=O,372,-0.04354540722458091
B4,61,zz_bytype_r3,13,6,C-N,365,-0.41924474049888055
B4,61,zz_bytype_r3,13,7,C-O,350,0.10209287246434064
B4,61,zz_bytype_r3,13,8,H-O,294,0.3001558717798647
B4,61,zz_bytype_r3,13,9,C#C,227,-2.045859645884467
B4,61,zz_bytype_r3,13,10,N-O,220,0.5438892788146615
B4,61,zz_bytype_r3,13,11,C#N,154,-0.41804893550982236
B4,61,zz_bytype_r3,13,12,N-N,65,-1.0250827696717546
B4,61,zz_bytype_r3,13,13,C-S,61,0.20721775826185182
B4,61,zz_bytype_r3,13,14,N-S,17,0.4070579253418499
B4,61,zz_bytype_r3,13,15,O=S,12,0.43498371782561596
B4,61,zz_bytype_r3,13,16,N=N,5,-0.6570131118760982
B4,61,zz_bytype_r3,13,17,C-Cl,4,0.5735859929959592
B4,61,zz_bytype_r3,13,18,O-S,4,-0.2859453014089915
B4,61,zz_bytype_r3,13,19,C=S,1,0.7028782229421872
B4,61,xy_bytype_r3,13,0,H-C,2333,1.0725342634534167
B4,61,xy_bytype_r3,13,1,C-C,1161,0.22322211154503133
B4,61,xy_bytype_r3,13,2,C=N,620,0.00197620503399258
B4,61,xy_bytype_r3,13,3,H-N,569,0.08765679534067673
B4,61,xy_bytype_r3,13,4,C=C,455,0.26296840857916776
B4,61,xy_bytype_r3,13,5,C=O,372,-0.005040597121316507
B4,61,xy_bytype_r3,13,6,C-N,365,-0.5828893553553892
B4,61,xy_bytype_r3,13,7,C-O,350,0.240013464553036
B4,61,xy_bytype_r3,13,8,H-O,294,0.47027362020541064
B4,61,xy_bytype_r3,13,9,C#C,227,-1.6249168201074653
B4,61,xy_bytype_r3,13,10,N-O,220,1.0341160333071437
B4,61,xy_bytype_r3,13,11,C#N,154,0.22810294661880917
B4,61,xy_bytype_r3,13,12,N-N,65,-1.0363900782885433
B4,61,xy_bytype_r3,13,13,C-S,61,0.4083767984692117
B4,61,xy_bytype_r3,13,14,N-S,17,0.8139330596601322
B4,61,xy_bytype_r3,13,15,O=S,12,0.3838013577812102
B4,61,xy_bytype_r3,13,16,N=N,5,-0.5384809248692155
B4,61,xy_bytype_r3,13,17,C-Cl,4,0.5980341761139117
B4,61,xy_bytype_r3,13,18,O-S,4,-0.11304634711132515
B4,61,xy_bytype_r3,13,19,C=S,1,1.357899194103444
