config,arm,kind,seed,n_qubits,n_params,n_train,n_test,mae,mae_ridge,mae_krr,r2,isomer_mae,isomer_mae_krr,isomer_rho,isomer_rho_krr,n_isomer_groups,loss_drop,param_shift_rel,time_s,split,entangler,alpha,alpha_mode,n_rounds,bond_param_mode,encode_source,drop_q0,angle_range,rz_source,canonical,n_reupload,observable,readout,use_cnot,scaler,optimizer,diff_method,epochs,n_types,loss_first,loss_last,param_shift,grad_norm_last,alpha_mean,angle_max,comp_r2,isomer_mae_tr,r2_ridge,n_isomer_groups_ridge,isomer_mae_ridge,isomer_mae_tr_ridge,isomer_rho_ridge,r2_krr,n_isomer_groups_krr,isomer_mae_tr_krr
B5,zz_bytype_r3,quantum,42,13,114,150,54,0.5313330725104142,0.5313330725104142,0.4731880457325201,0.9705755112930551,0.45259466563046674,0.42188368067250936,0.326,0.32466666666666666,10,0.8824118887663894,2.534914807783947,108.5,molecule,zz,0.1,bytype,3,bytype,eig,0,"[0.000,3.142]",none,1,1,Z,ridge,1,1,adam,adjoint,100,22,0.5191733065159051,0.061048608516113656,6.3991859641891224,0.20452180183228527,0.195067708139859,0.5008996272962715,0.9625054122237194,0.551387509767793,0.9705755112930551,10,0.45259466563046674,0.551387509767793,0.326,0.9753992414173742,10,0.4925770981222611
B5,xy_bytype_r3,quantum,42,13,114,150,54,0.42568178361899006,0.42568178361899006,0.4132263790313302,0.9835420189822519,0.31743188845314235,0.31440350832166447,0.32899999999999996,0.35733333333333334,10,0.9090056937704397,2.667099569438503,115.3,molecule,xy,0.1,bytype,3,bytype,eig,0,"[0.000,3.142]",none,1,1,Z,ridge,1,1,adam,adjoint,100,22,0.5216622532499775,0.04746829482063084,6.732875628576303,0.02248569069560579,0.12510551716503965,0.8679010338111254,0.9625054122237194,0.45476485526862104,0.9835420189822519,10,0.31743188845314235,0.45476485526862104,0.32899999999999996,0.9842469607948686,10,0.44138336125158234
B5,none_r3,quantum,42,13,92,150,54,0.48130239274160863,0.48130239274160863,0.49722977342731844,0.9792785961634193,0.2852064853812691,0.30989718128049293,0.28833333333333333,0.15733333333333335,10,0.2775333979158776,1.3656838786355967,81.78,molecule,none,0.0,fixed,3,fixed,eig,0,"[0.000,3.142]",none,1,1,Z,ridge,1,1,adam,adjoint,100,22,0.5209261405157443,0.3763517386752058,2.8069951983385995,0.019731653952862444,0.0,0.0,0.9625054122237194,0.4812441188863296,0.9792785961634193,10,0.2852064853812691,0.4812441188863296,0.28833333333333333,0.9803923064086663,10,0.49723786201191944
B5,zz_fixed_r3,quantum,42,13,92,150,54,0.30954815824586535,0.30954815824586535,0.31208849925704,0.9887908565125332,0.22367277693292123,0.2212225793646735,0.6409999999999999,0.615,10,0.6716245297859076,1.8530584629853317,110.02,molecule,zz,0.1,fixed,3,fixed,eig,0,"[0.000,3.142]",none,1,1,Z,ridge,1,1,adam,adjoint,100,22,0.5191733065159051,0.17048377864976544,3.9940395431751345,1.32870190918139,0.1,0.06719368409052928,0.9625054122237194,0.31542715635319213,0.9887908565125332,10,0.22367277693292123,0.31542715635319213,0.6409999999999999,0.9884312893304892,10,0.31911099390050124
B5,xy_shuffled_r3,quantum,42,13,114,150,54,0.588909358471488,0.588909358471488,0.5844905148554139,0.9667441114203612,0.38919129284929027,0.4003943577433067,0.09866666666666667,0.09466666666666666,10,0.7218633845328025,2.8795941924807362,128.91,molecule,xy,0.1,bytype_shuffled,3,bytype_shuffled,eig,0,"[0.000,3.142]",none,1,1,Z,ridge,1,1,adam,adjoint,100,22,0.5216622532499775,0.14509337353594073,7.269300996822215,0.10561924740811464,0.33015800080703406,0.8142973037029165,0.9625054122237194,0.5795248191346494,0.9667441114203612,10,0.38919129284929027,0.5795248191346494,0.09866666666666667,0.9684515097171886,10,0.577737783674555
B5,krr_res,classical,42,13,150,150,54,0.41356483029430785,0.41356483029430785,0.41356483029430785,0.985044557636796,0.3047823975870112,0.3047823975870112,0.22966666666666666,0.22966666666666666,10,,,,,,,,,,,,,,,,,,,,,,,,,,,,,,,0.4224315369113337,,,0.3047823975870112,,0.22966666666666666,,,
B5,krr_cos_cl,classical,42,13,150,150,54,0.5194198033549468,0.5194198033549468,0.5194198033549468,0.9778328917987771,0.3217472729103632,0.3217472729103632,0.22466666666666668,0.22466666666666668,10,,,,,,,,,,,,,,,,,,,,,,,,,,,,,,,0.5186257938730826,,,0.3217472729103632,,0.22466666666666668,,,
B5,ridge_raw_eig,classical,42,13,14,150,54,0.5564991171059129,0.5564991171059129,0.5564991171059129,0.9745800336754127,0.3394662170540218,0.3394662170540218,0.16499999999999995,0.16499999999999995,10,,,,,,,,,,,,,,,,,,,,,,,,,,,,,,,0.5541056752182861,,,0.3394662170540218,,0.16499999999999995,,,
B5,composition,classical,42,13,0,150,54,0.741868137997619,0.741868137997619,0.741868137997619,0.9599949288716224,0.3400642723208013,0.3400642723208013,nan,nan,10,,,,,,,,,,,,,,,,,,,,,,,,,,,,,,,0.7776342905116852,,,0.3400642723208013,,nan,,,
B5,zz_bytype_r3,quantum,43,13,114,159,45,0.2190030596105621,0.2190030596105621,0.21896165722769245,0.9962770092388524,0.14507852391202397,0.14761113360113232,0.6033333333333333,0.5830952380952381,9,0.9108408040811968,2.9602843383662925,114.21,molecule,zz,0.1,bytype,3,bytype,eig,0,"[0.000,3.142]",none,1,1,Z,ridge,1,1,adam,adjoint,100,22,0.3756514265972381,0.03349277914116103,8.71238489452208,0.04830634401336562,0.1645675592407348,0.5395274267729538,0.957994129331869,0.21258948516681517,0.9962770092388524,9,0.14507852391202397,0.21258948516681517,0.6033333333333333,0.9962075523472459,9,0.2151937041925903
B5,xy_bytype_r3,quantum,43,13,114,159,45,0.3533014839636159,0.3533014839636159,0.36367259114534867,0.986339206327723,0.2588800782793683,0.26086052561373363,0.3533333333333334,0.3676190476190476,9,0.9223621204945165,2.1081142811642803,119.14,molecule,xy,0.1,bytype,3,bytype,eig,0,"[0.000,3.142]",none,1,1,Z,ridge,1,1,adam,adjoint,100,22,0.6918507473096225,0.05371382495540317,6.204371242688827,0.028074475716572934,0.19077992856767248,0.7244656798534406,0.957994129331869,0.3220704148360637,0.986339206327723,9,0.2588800782793683,0.3220704148360637,0.3533333333333334,0.9852006904810668,9,0.328065878915362
B5,none_r3,quantum,43,13,92,159,45,0.5689513312581158,0.5689513312581158,0.4968338752725084,0.9635690662173952,0.3256778748661512,0.31414759891608757,0.31059523809523815,0.2257142857142858,9,0.26844855289798303,1.3774191384460777,86.16,molecule,none,0.0,fixed,3,fixed,eig,0,"[0.000,3.142]",none,1,1,Z,ridge,1,1,adam,adjoint,100,22,0.48940938739052514,0.3580281455708503,3.4078024216025873,0.03016581420772872,0.0,0.0,0.957994129331869,0.43086749663150814,0.9635690662173952,9,0.3256778748661512,0.43086749663150814,0.31059523809523815,0.9800164574627893,9,0.43089378185358884
B5,zz_fixed_r3,quantum,43,13,92,159,45,0.4523708944243978,0.4523708944243978,0.4227026853577079,0.9842321492462575,0.3022607388412677,0.27712749431731093,0.31309523809523815,0.4026190476190477,9,0.2891722598779213,1.853354615601214,114.68,molecule,zz,0.1,fixed,3,fixed,eig,0,"[0.000,3.142]",none,1,1,Z,ridge,1,1,adam,adjoint,100,22,0.3756514265972381,0.2670234546417497,4.770625567416595,0.4422814403686233,0.1,0.06719368409052928,0.957994129331869,0.44000970307177134,0.9842321492462575,9,0.3022607388412677,0.44000970307177134,0.31309523809523815,0.9872569675773328,9,0.4206514187344503
B5,xy_shuffled_r3,quantum,43,13,114,159,45,0.6348833864360499,0.6348833864360499,0.6331420137940934,0.9680929768709232,0.35358250110359907,0.3541708784964793,0.3360714285714286,0.43607142857142855,9,0.7896348561755144,2.3477280565040277,136.04,molecule,xy,0.1,bytype_shuffled,3,bytype_shuffled,eig,0,"[0.000,3.142]",none,1,1,Z,ridge,1,1,adam,adjoint,100,22,0.6918507473096225,0.1455412819628666,6.909576283209199,0.026970440608927938,0.4181139850911095,1.703867924205043,0.957994129331869,0.5709342727298992,0.9680929768709232,9,0.35358250110359907,0.5709342727298992,0.3360714285714286,0.9678681216107152,9,0.5688639061868711
B5,krr_res,classical,43,13,159,159,45,0.5129304097574466,0.5129304097574466,0.5129304097574466,0.985125896048929,0.2998278904054759,0.2998278904054759,0.09976190476190476,0.09976190476190476,9,,,,,,,,,,,,,,,,,,,,,,,,,,,,,,,0.5413860276543971,,,0.2998278904054759,,0.09976190476190476,,,
B5,krr_cos_cl,classical,43,13,159,159,45,0.5092356701583465,0.5092356701583465,0.5092356701583465,0.9822940103730494,0.3019831694433144,0.3019831694433144,0.2800000000000001,0.2800000000000001,9,,,,,,,,,,,,,,,,,,,,,,,,,,,,,,,0.4688091727428846,,,0.3019831694433144,,0.2800000000000001,,,
B5,ridge_raw_eig,classical,43,13,14,159,45,0.5590254227325631,0.5590254227325631,0.5590254227325631,0.9793600746831262,0.26810429566642374,0.26810429566642374,0.45761904761904776,0.45761904761904776,9,,,,,,,,,,,,,,,,,,,,,,,,,,,,,,,0.5150191027693344,,,0.26810429566642374,,0.45761904761904776,,,
B5,composition,classical,43,13,0,159,45,0.6726005127621452,0.6726005127621452,0.6726005127621452,0.969431594887405,0.4162543412500003,0.4162543412500003,nan,nan,9,,,,,,,,,,,,,,,,,,,,,,,,,,,,,,,0.7273262002880159,,,0.4162543412500003,,nan,,,
B5,zz_bytype_r3,quantum,44,13,114,153,51,0.6500981171011806,0.6500981171011806,0.6078601374295163,0.9383527975644345,0.5261204810231059,0.472265421856598,0.12519426326802827,0.1841524002985842,7,0.9209726947449539,2.8074753090499027,111.42,molecule,zz,0.1,bytype,3,bytype,eig,0,"[0.000,3.142]",none,1,1,Z,ridge,1,1,adam,adjoint,100,22,0.4493649896771724,0.03551210421014857,8.110102051854739,0.18161680294980143,0.38470990711045816,0.9318255472672902,0.9671451656168382,0.5675407233688811,0.9383527975644345,7,0.5261204810231059,0.5675407233688811,0.12519426326802827,0.9473448641828481,7,0.5257604821237254
B5,xy_bytype_r3,quantum,44,13,114,153,51,0.4988350072877678,0.4988350072877678,0.4910184263152531,0.9694824603331432,0.34995418913989157,0.3574969907609503,0.3125472656297802,0.3117396199170328,7,0.8699356340062644,2.615149817241742,123.65,molecule,xy,0.1,bytype,3,bytype,eig,0,"[0.000,3.142]",none,1,1,Z,ridge,1,1,adam,adjoint,100,22,0.4697110537572199,0.06109267040718224,7.554521256287496,0.03019240216642843,0.4145530417258113,0.587968195852074,0.9671451656168382,0.3975606954282222,0.9694824603331432,7,0.34995418913989157,0.3975606954282222,0.3125472656297802,0.9730679297281684,7,0.40507838890811226
B5,none_r3,quantum,44,13,92,153,51,0.47313058486834975,0.47313058486834975,0.46059809437253324,0.9716476436874023,0.3317235664888546,0.32896387307359853,0.5820296789404341,0.5494209832882602,7,0.15740415017247128,0.9588513594603275,89.98,molecule,none,0.0,fixed,3,fixed,eig,0,"[0.000,3.142]",none,1,1,Z,ridge,1,1,adam,adjoint,100,22,0.4675584958529588,0.39396284815730487,2.320143359732837,0.007635606314662568,0.0,0.0,0.9671451656168382,0.39247763912529654,0.9716476436874023,7,0.3317235664888546,0.39247763912529654,0.5820296789404341,0.9741870734948256,7,0.38984499470537415
B5,zz_fixed_r3,quantum,44,13,92,153,51,0.48496232057306504,0.48496232057306504,0.49397276270687385,0.9748251216984715,0.3790126715854928,0.3924601076498252,0.5931995619133861,0.5796816937717463,7,0.4417071016834368,2.1010405866419988,115.24,molecule,zz,0.1,fixed,3,fixed,eig,0,"[0.000,3.142]",none,1,1,Z,ridge,1,1,adam,adjoint,100,22,0.4493649896771724,0.2508772824888611,5.29401546738376,0.4384834543883562,0.1,0.06719368409052928,0.9671451656168382,0.4263937888754251,0.9748251216984715,7,0.3790126715854928,0.4263937888754251,0.5931995619133861,0.9750224954989886,7,0.4380206778537874
B5,xy_shuffled_r3,quantum,44,13,114,153,51,0.8562185265776412,0.8562185265776412,0.8403386427401632,0.8977078743059966,0.692451727718155,0.6675393224983577,0.5126577050624701,0.5095984409990332,7,0.6876411861591463,1.9226152595967578,133.25,molecule,xy,0.1,bytype_shuffled,3,bytype_shuffled,eig,0,"[0.000,3.142]",none,1,1,Z,ridge,1,1,adam,adjoint,100,22,0.4697110537572199,0.14671838759954267,5.553960140457905,0.6840362461266773,0.16754755578855748,0.5996133439929013,0.9671451656168382,0.7570205018313227,0.8977078743059966,7,0.692451727718155,0.7570205018313227,0.5126577050624701,0.9004945591558169,7,0.7334942551177221
B5,krr_res,classical,44,13,153,153,51,0.6191792459149743,0.6191792459149743,0.6191792459149743,0.9631242385958594,0.4387368884280707,0.4387368884280707,0.08636282055988614,0.08636282055988614,7,,,,,,,,,,,,,,,,,,,,,,,,,,,,,,,0.6146521409595512,,,0.4387368884280707,,0.08636282055988614,,,
B5,krr_cos_cl,classical,44,13,153,153,51,0.469010347286765,0.469010347286765,0.469010347286765,0.9743302484241488,0.3129851219985312,0.3129851219985312,0.47696486333247673,0.47696486333247673,7,,,,,,,,,,,,,,,,,,,,,,,,,,,,,,,0.41447010884862423,,,0.3129851219985312,,0.47696486333247673,,,
B5,ridge_raw_eig,classical,44,13,14,153,51,0.5681235918911659,0.5681235918911659,0.5681235918911659,0.9678948573899169,0.3964424588758377,0.3964424588758377,0.6381507564540275,0.6381507564540275,7,,,,,,,,,,,,,,,,,,,,,,,,,,,,,,,0.5028031781681999,,,0.3964424588758377,,0.6381507564540275,,,
B5,composition,classical,44,13,0,153,51,0.7690302996922418,0.7690302996922418,0.7690302996922418,0.9447308755984314,0.48974084489303044,0.48974084489303044,nan,nan,7,,,,,,,,,,,,,,,,,,,,,,,,,,,,,,,0.7455295813556443,,,0.48974084489303044,,nan,,,
B5,zz_bytype_r3,quantum,45,13,114,153,51,0.38228674590137723,0.38228674590137723,0.3666139284369952,0.9784773520575697,0.2169782839858915,0.21148463373801982,0.3521739130434782,0.3521739130434782,12,0.9175456926940172,2.4135011734813414,116.74,molecule,zz,0.1,bytype,3,bytype,eig,0,"[0.000,3.142]",none,1,1,Z,ridge,1,1,adam,adjoint,100,22,0.5486743281599544,0.04524056166500456,6.806009066288585,0.014602045999556517,0.3533522026225336,0.5915156464658218,0.9625370453145851,0.2936317297080702,0.9784773520575697,12,0.2169782839858915,0.2936317297080702,0.3521739130434782,0.9803727502422908,12,0.2897224176115321
B5,xy_bytype_r3,quantum,45,13,114,153,51,0.41216347224870914,0.41216347224870914,0.400161339129497,0.9827033108746874,0.3167449855332659,0.30524126072346464,0.4993788819875776,0.5515527950310559,12,0.9603911308939354,2.4710909707242976,120.74,molecule,xy,0.1,bytype,3,bytype,eig,0,"[0.000,3.142]",none,1,1,Z,ridge,1,1,adam,adjoint,100,22,0.720974162745141,0.028556971241026824,6.968410761580039,0.01491831595218616,0.09818713987302498,0.6017543144262337,0.9625370453145851,0.4094279358300255,0.9827033108746874,12,0.3167449855332659,0.4094279358300255,0.4993788819875776,0.9831948001592298,12,0.3964290906108149
B5,none_r3,quantum,45,13,92,153,51,0.4707280162902139,0.4707280162902139,0.48176777469073506,0.9778465883508888,0.2768003458693919,0.2526384844350071,0.10341614906832296,0.33695652173913043,12,0.16456278790515916,1.2920174445631767,88.71,molecule,none,0.0,fixed,3,fixed,eig,0,"[0.000,3.142]",none,1,1,Z,ridge,1,1,adam,adjoint,100,22,0.4739303188597518,0.39593902431541,3.03744490416342,0.0032224201213643965,0.0,0.0,0.9625370453145851,0.40637146086223075,0.9778465883508888,12,0.2768003458693919,0.40637146086223075,0.10341614906832296,0.978648016333979,12,0.42324414405046284
B5,zz_fixed_r3,quantum,45,13,92,153,51,0.6176115931200341,0.6176115931200341,0.6054782357605504,0.9625289847312123,0.4449218601918204,0.44642155406489203,0.04565217391304347,0.04565217391304347,12,0.5934900114259022,2.511744212601266,115.25,molecule,zz,0.1,fixed,3,fixed,eig,0,"[0.000,3.142]",none,1,1,Z,ridge,1,1,adam,adjoint,100,22,0.5486743281599544,0.2230415948712039,6.156113778876225,1.4184205217332257,0.1,0.06719368409052928,0.9625370453145851,0.572306269740361,0.9625289847312123,12,0.4449218601918204,0.572306269740361,0.04565217391304347,0.96564930651279,12,0.5731669814434849
B5,xy_shuffled_r3,quantum,45,13,114,153,51,0.5488095170142862,0.5488095170142862,0.5394528905751673,0.9692028576129654,0.4186719362418674,0.42646862335105057,0.015527950310559013,0.011180124223602508,12,0.8098560429519105,3.282888048112664,133.85,molecule,xy,0.1,bytype_shuffled,3,bytype_shuffled,eig,0,"[0.000,3.142]",none,1,1,Z,ridge,1,1,adam,adjoint,100,22,0.720974162745141,0.1370888802337944,9.257656911281366,0.13865345425579334,0.34891301091624805,2.5944449805444436,0.9625370453145851,0.5154689171499711,0.9692028576129654,12,0.4186719362418674,0.5154689171499711,0.015527950310559013,0.9704453103184116,12,0.5057355565559373
B5,krr_res,classical,45,13,153,153,51,0.4782303541627071,0.4782303541627071,0.4782303541627071,0.9811713789323704,0.3114204055272894,0.3114204055272894,0.3248447204968944,0.3248447204968944,12,,,,,,,,,,,,,,,,,,,,,,,,,,,,,,,0.48518744787439344,,,0.3114204055272894,,0.3248447204968944,,,
B5,krr_cos_cl,classical,45,13,153,153,51,0.4652454411533156,0.4652454411533156,0.4652454411533156,0.9776230137721016,0.32687277476846754,0.32687277476846754,0.21211180124223605,0.21211180124223605,12,,,,,,,,,,,,,,,,,,,,,,,,,,,,,,,0.411928388908975,,,0.32687277476846754,,0.21211180124223605,,,
B5,ridge_raw_eig,classical,45,13,14,153,51,0.4637847087117523,0.4637847087117523,0.4637847087117523,0.9841320670812173,0.3024904104752315,0.3024904104752315,0.15248447204968943,0.15248447204968943,12,,,,,,,,,,,,,,,,,,,,,,,,,,,,,,,0.45053169491623574,,,0.3024904104752315,,0.15248447204968943,,,
B5,composition,classical,45,13,0,153,51,0.6799610715763171,0.6799610715763171,0.6799610715763171,0.960987456760548,0.34746805158102767,0.34746805158102767,nan,nan,12,,,,,,,,,,,,,,,,,,,,,,,,,,,,,,,0.6119671274453298,,,0.34746805158102767,,nan,,,
B5,zz_bytype_r3,quantum,46,13,114,150,54,0.5700603060532544,0.5700603060532544,0.5595289309179177,0.9727739096238794,0.29689417730579476,0.2970628935007533,0.3916666666666666,0.4229166666666666,11,0.8931596437870548,2.4216525308028127,113.63,molecule,zz,0.1,bytype,3,bytype,eig,0,"[0.000,3.142]",none,1,1,Z,ridge,1,1,adam,adjoint,100,22,0.4028317063887779,0.04303868300444557,7.530170283575066,0.011671319595461364,0.2139583662351874,0.759912994413689,0.9557740146845558,0.5030640877193439,0.9727739096238794,11,0.29689417730579476,0.5030640877193439,0.3916666666666666,0.9743262096389391,11,0.4984904702727902
B5,xy_bytype_r3,quantum,46,13,114,150,54,0.541013591634488,0.541013591634488,0.4537697791460644,0.9572786324209785,0.27087686471109,0.2688825025875426,0.44687499999999997,0.45208333333333334,11,0.9045091629227808,2.2415358954980062,118.97,molecule,xy,0.1,bytype,3,bytype,eig,0,"[0.000,3.142]",none,1,1,Z,ridge,1,1,adam,adjoint,100,22,0.530874001339696,0.05069360277046037,6.970094501646043,0.04038452577781756,0.08312419451248353,0.8184156784704926,0.9557740146845558,0.4174112902758651,0.9572786324209785,11,0.27087686471109,0.4174112902758651,0.44687499999999997,0.9817934997252278,11,0.4126354519763608
B5,none_r3,quantum,46,13,92,150,54,0.6146288256207738,0.6146288256207738,0.5849893706229177,0.9725302427797166,0.28585324686067937,0.2638856978338328,0.22336309523809528,0.22336309523809528,11,0.3461502554526148,1.0292314935342401,81.12,molecule,none,0.0,fixed,3,fixed,eig,0,"[0.000,3.142]",none,1,1,Z,ridge,1,1,adam,adjoint,100,22,0.48464012049415395,0.31688181898251655,2.7176607069630716,0.003852299123455347,0.0,0.0,0.9557740146845558,0.573797108193074,0.9725302427797166,11,0.28585324686067937,0.573797108193074,0.22336309523809528,0.9760862139488887,11,0.544584938579333
B5,zz_fixed_r3,quantum,46,13,92,150,54,0.5900816785487438,0.5900816785487438,0.6196570977455098,0.9705473672426149,0.23209309540134937,0.23463495322774705,0.22336309523809525,0.29732142857142857,11,0.5409982250633204,1.7172959596536097,109.38,molecule,zz,0.1,fixed,3,fixed,eig,0,"[0.000,3.142]",none,1,1,Z,ridge,1,1,adam,adjoint,100,22,0.4028317063887779,0.18490046823322046,4.706207778080758,0.3752252557933594,0.1,0.06719368409052928,0.9557740146845558,0.5165276325698493,0.9705473672426149,11,0.23209309540134937,0.5165276325698493,0.22336309523809525,0.9693938951341539,11,0.5581612835140511
B5,xy_shuffled_r3,quantum,46,13,114,150,54,0.4651193224628877,0.4651193224628877,0.45556307263850837,0.9808027523382716,0.3059033751524642,0.30095435409758275,0.4193452380952381,0.4297619047619048,11,0.8065293864244701,2.3955943011174705,128.25,molecule,xy,0.1,bytype_shuffled,3,bytype_shuffled,eig,0,"[0.000,3.142]",none,1,1,Z,ridge,1,1,adam,adjoint,100,22,0.530874001339696,0.10270851877048766,7.449141769234866,0.14600967995978664,-0.12101154940726934,1.1226854601297616,0.9557740146845558,0.3759930047979097,0.9808027523382716,11,0.3059033751524642,0.3759930047979097,0.4193452380952381,0.9823115115733814,11,0.3735330116504942
B5,krr_res,classical,46,13,150,150,54,0.413009987612639,0.413009987612639,0.413009987612639,0.9858931640537049,0.25101220815611214,0.25101220815611214,0.23482142857142854,0.23482142857142854,11,,,,,,,,,,,,,,,,,,,,,,,,,,,,,,,0.4099591233498067,,,0.25101220815611214,,0.23482142857142854,,,
B5,krr_cos_cl,classical,46,13,150,150,54,0.607400422468906,0.607400422468906,0.607400422468906,0.9767689547452555,0.27867934960573776,0.27867934960573776,0.05208333333333335,0.05208333333333335,11,,,,,,,,,,,,,,,,,,,,,,,,,,,,,,,0.5858002312936336,,,0.27867934960573776,,0.05208333333333335,,,
B5,ridge_raw_eig,classical,46,13,14,150,54,0.5622234438442226,0.5622234438442226,0.5622234438442226,0.9779740629039472,0.3021024779020931,0.3021024779020931,0.13660714285714284,0.13660714285714284,11,,,,,,,,,,,,,,,,,,,,,,,,,,,,,,,0.5313822924516521,,,0.3021024779020931,,0.13660714285714284,,,
B5,composition,classical,46,13,0,150,54,0.5891061891390414,0.5891061891390414,0.5891061891390414,0.9742663836279389,0.2951081552669552,0.2951081552669552,nan,nan,11,,,,,,,,,,,,,,,,,,,,,,,,,,,,,,,0.5825821579870549,,,0.2951081552669552,,nan,,,
B5,zz_bytype_r3,quantum,47,13,114,163,41,0.4508116798107492,0.4508116798107492,0.44939934915510027,0.9849918852865741,0.20476469542487719,0.21377817200752355,0.5515151515151515,0.5757575757575758,9,0.8896796606872691,2.6605553071262973,116.25,molecule,zz,0.1,bytype,3,bytype,eig,0,"[0.000,3.142]",none,1,1,Z,ridge,1,1,adam,adjoint,100,22,0.4726747690309314,0.05214564090405905,7.828232822228584,0.019894122530828787,0.32691885105710505,0.6058430919111393,0.9583282748595388,0.393865728390167,0.9849918852865741,9,0.20476469542487719,0.393865728390167,0.5515151515151515,0.9853076781281601,9,0.3959658292673155
B5,xy_bytype_r3,quantum,47,13,114,163,41,0.4225194245167317,0.4225194245167317,0.41583554636044223,0.9780772310693637,0.23978810401520026,0.23726688291720507,0.2454545454545454,0.26969696969696966,9,0.9391527390693001,2.9732696151254663,122.7,molecule,xy,0.1,bytype,3,bytype,eig,0,"[0.000,3.142]",none,1,1,Z,ridge,1,1,adam,adjoint,100,22,0.48825800374421596,0.029709162155327,8.748341644361552,0.014535205494684946,0.026224919703823048,0.7322797319712052,0.9583282748595388,0.32302570240064565,0.9780772310693637,9,0.23978810401520026,0.32302570240064565,0.2454545454545454,0.9789673741925321,9,0.32497545818666246
B5,none_r3,quantum,47,13,92,163,41,0.6694915009871272,0.6694915009871272,0.5038814650970389,0.9550444338293491,0.38301342512738584,0.3434158373840422,0.29999999999999993,0.12121212121212124,9,0.32372488172219654,1.3086091925911976,94.09,molecule,none,0.0,fixed,3,fixed,eig,0,"[0.000,3.142]",none,1,1,Z,ridge,1,1,adam,adjoint,100,22,0.5165330479251765,0.34931844807999307,3.236568521139002,0.0235027673006405,0.0,0.0,0.9583282748595388,0.5545764746622066,0.9550444338293491,9,0.38301342512738584,0.5545764746622066,0.29999999999999993,0.9835433984698065,9,0.5122333626722445
B5,zz_fixed_r3,quantum,47,13,92,163,41,0.7281861317159639,0.7281861317159639,0.698464646961086,0.9509944809587043,0.43673656484234114,0.43387304104028473,0.39999999999999997,0.4242424242424242,9,0.5965270274738842,2.1027221178591127,119.07,molecule,zz,0.1,fixed,3,fixed,eig,0,"[0.000,3.142]",none,1,1,Z,ridge,1,1,adam,adjoint,100,22,0.4726747690309314,0.19071149409900515,5.41091137426165,0.04525216839064478,0.1,0.06719368409052928,0.9583282748595388,0.6201654290941285,0.9509944809587043,9,0.43673656484234114,0.6201654290941285,0.39999999999999997,0.954493306405017,9,0.608746998005178
B5,xy_shuffled_r3,quantum,47,13,114,163,41,0.5038208350028917,0.5038208350028917,0.4964742035621602,0.9743565064109394,0.41505720856447464,0.40307886353122296,0.2848484848484848,0.2848484848484848,9,0.8306960691366271,2.83845037660521,140.12,molecule,xy,0.1,bytype_shuffled,3,bytype_shuffled,eig,0,"[0.000,3.142]",none,1,1,Z,ridge,1,1,adam,adjoint,100,22,0.48825800374421596,0.08266399930939922,8.351658897257872,0.12723280898777908,0.5363180381330866,1.4748043437904537,0.9583282748595388,0.4929859143452402,0.9743565064109394,9,0.41505720856447464,0.4929859143452402,0.2848484848484848,0.9749149729413061,9,0.48289816243039585
B5,krr_res,classical,47,13,163,163,41,0.5458135628271719,0.5458135628271719,0.5458135628271719,0.9794572691741541,0.2311843324743742,0.2311843324743742,0.490909090909091,0.490909090909091,9,,,,,,,,,,,,,,,,,,,,,,,,,,,,,,,0.48094384123341666,,,0.2311843324743742,,0.490909090909091,,,
B5,krr_cos_cl,classical,47,13,163,163,41,0.5026228166386497,0.5026228166386497,0.5026228166386497,0.9822431918450386,0.378649999960407,0.378649999960407,0.21515151515151515,0.21515151515151515,9,,,,,,,,,,,,,,,,,,,,,,,,,,,,,,,0.5228336425289754,,,0.378649999960407,,0.21515151515151515,,,
B5,ridge_raw_eig,classical,47,13,14,163,41,0.6306254207297574,0.6306254207297574,0.6306254207297574,0.9743467622690984,0.3421788370645212,0.3421788370645212,0.3242424242424242,0.3242424242424242,9,,,,,,,,,,,,,,,,,,,,,,,,,,,,,,,0.6115682479941693,,,0.3421788370645212,,0.3242424242424242,,,
B5,composition,classical,47,13,0,163,41,0.7216995506084545,0.7216995506084545,0.7216995506084545,0.9688319014550455,0.48546297676767686,0.48546297676767686,nan,nan,9,,,,,,,,,,,,,,,,,,,,,,,,,,,,,,,0.7407794279047966,,,0.48546297676767686,,nan,,,
B5,zz_bytype_r3,quantum,48,13,114,156,48,0.48978585042134853,0.48978585042134853,0.4806223488398655,0.9785209788206108,0.29442123106982904,0.28434507027381245,0.3261180679785331,0.35903398926654745,9,0.9170766496126372,2.299209477497915,111.77,molecule,zz,0.1,bytype,3,bytype,eig,0,"[0.000,3.142]",none,1,1,Z,ridge,1,1,adam,adjoint,100,22,0.4085592792613133,0.0338791042681943,6.918046516542636,0.010391425907138577,0.12961982777149264,0.5809731556595724,0.9630952339677498,0.5114129197817756,0.9785209788206108,9,0.29442123106982904,0.5114129197817756,0.3261180679785331,0.9796991707246349,9,0.5014006174813396
B5,xy_bytype_r3,quantum,48,13,114,156,48,0.3713540354817712,0.3713540354817712,0.36482917042143015,0.9862231512169358,0.24047089299939298,0.2321963441710915,0.47432915921288016,0.48005366726296966,9,0.8974636834782441,2.8834820303524227,117.85,molecule,xy,0.1,bytype,3,bytype,eig,0,"[0.000,3.142]",none,1,1,Z,ridge,1,1,adam,adjoint,100,22,0.4333754221155955,0.044436719454794264,8.676052795894476,0.016519440371320217,0.1385354147066274,1.1086266922027503,0.9630952339677498,0.3849082651037873,0.9862231512169358,9,0.24047089299939298,0.3849082651037873,0.47432915921288016,0.9861735966241726,9,0.38142018621472373
B5,none_r3,quantum,48,13,92,156,48,0.5449394917735776,0.5449394917735776,0.5602926721854186,0.9731898211687785,0.2987833962678582,0.3033125448778405,0.39132379248658317,0.39132379248658317,9,0.4615913018861374,0.9118220586401734,85.63,molecule,none,0.0,fixed,3,fixed,eig,0,"[0.000,3.142]",none,1,1,Z,ridge,1,1,adam,adjoint,100,22,0.5492852552764061,0.2957399591865105,2.315881138182129,0.00685411317145797,0.0,0.0,0.9630952339677498,0.5649183062975902,0.9731898211687785,9,0.2987833962678582,0.5649183062975902,0.39132379248658317,0.9729246997791078,9,0.5838215531618051
B5,zz_fixed_r3,quantum,48,13,92,156,48,0.42365115190285224,0.42365115190285224,0.4084416630965764,0.9778401926084668,0.2718870989177592,0.26459855821194117,0.5388193202146692,0.4415026833631486,9,0.5851843758362985,1.6879845935137288,114.73,molecule,zz,0.1,fixed,3,fixed,eig,0,"[0.000,3.142]",none,1,1,Z,ridge,1,1,adam,adjoint,100,22,0.4085592792613133,0.16947677243465373,4.456007399536844,1.0097393410492654,0.1,0.06719368409052928,0.9630952339677498,0.4122621694465031,0.9778401926084668,9,0.2718870989177592,0.4122621694465031,0.5388193202146692,0.9796239813857113,9,0.39468839268584927
B5,xy_shuffled_r3,quantum,48,13,114,156,48,0.5696218870550229,0.5696218870550229,0.5701509836876287,0.9710869176209068,0.3337790013795263,0.33411670840825514,0.48801431127012523,0.4923076923076923,9,0.758383804495787,2.362346667886373,133.33,molecule,xy,0.1,bytype_shuffled,3,bytype_shuffled,eig,0,"[0.000,3.142]",none,1,1,Z,ridge,1,1,adam,adjoint,100,22,0.4333754221155955,0.10471052071660253,7.108018776271874,0.025916557653003238,0.24739326265748443,0.44782793306961527,0.9630952339677498,0.501696737952686,0.9710869176209068,9,0.3337790013795263,0.501696737952686,0.48801431127012523,0.9702787887135093,9,0.500732042114633
B5,krr_res,classical,48,13,156,156,48,0.44127146529764333,0.44127146529764333,0.44127146529764333,0.9806764037257099,0.33716531859535304,0.33716531859535304,0.24320214669051876,0.24320214669051876,9,,,,,,,,,,,,,,,,,,,,,,,,,,,,,,,0.4289941211811068,,,0.33716531859535304,,0.24320214669051876,,,
B5,krr_cos_cl,classical,48,13,156,156,48,0.5440836140840123,0.5440836140840123,0.5440836140840123,0.9735318210512448,0.3363950790400354,0.3363950790400354,0.3040250447227192,0.3040250447227192,9,,,,,,,,,,,,,,,,,,,,,,,,,,,,,,,0.5602140874234547,,,0.3363950790400354,,0.3040250447227192,,,
B5,ridge_raw_eig,classical,48,13,14,156,48,0.5336021071205592,0.5336021071205592,0.5336021071205592,0.9735736415058466,0.2694430457300343,0.2694430457300343,0.5735241502683364,0.5735241502683364,9,,,,,,,,,,,,,,,,,,,,,,,,,,,,,,,0.5353846167286693,,,0.2694430457300343,,0.5735241502683364,,,
B5,composition,classical,48,13,0,156,48,0.6909050463002021,0.6909050463002021,0.6909050463002021,0.959185348699178,0.47453321705426316,0.47453321705426316,nan,nan,9,,,,,,,,,,,,,,,,,,,,,,,,,,,,,,,0.6940896176846315,,,0.47453321705426316,,nan,,,
B5,zz_bytype_r3,quantum,49,13,114,157,47,0.4894376312073836,0.4894376312073836,0.4939510310259796,0.978518578191604,0.3789614188189033,0.3770152637579947,0.5164451827242524,0.5164451827242524,11,0.9242778919215381,2.45751040524031,112.1,molecule,zz,0.1,bytype,3,bytype,eig,0,"[0.000,3.142]",none,1,1,Z,ridge,1,1,adam,adjoint,100,22,0.6339066554432771,0.04800074827513212,7.370246894441696,0.021602260720879365,0.19876438613524058,0.7259737905249496,0.9605883134480587,0.47792481606352594,0.978518578191604,11,0.3789614188189033,0.47792481606352594,0.5164451827242524,0.9781535710585721,11,0.478831303519255
B5,xy_bytype_r3,quantum,49,13,114,157,47,0.3508349137856385,0.3508349137856385,0.3382045707589338,0.9932308066056265,0.2322051068048955,0.22408824864795834,0.23737541528239203,0.24784053156146182,11,0.9360445447284363,2.60614110020952,117.37,molecule,xy,0.1,bytype,3,bytype,eig,0,"[0.000,3.142]",none,1,1,Z,ridge,1,1,adam,adjoint,100,22,0.6295233158086323,0.040261450266605416,7.816000823165514,0.1319325584384087,-0.006452645784738445,0.7936395483403494,0.9605883134480587,0.33724621631457447,0.9932308066056265,11,0.2322051068048955,0.33724621631457447,0.23737541528239203,0.9937303830872596,11,0.32366374258260255
B5,none_r3,quantum,49,13,92,157,47,0.5438000403547583,0.5438000403547583,0.43739597948604686,0.9574257963740349,0.22799525255472483,0.20546193483282213,0.431063122923588,0.5705980066445182,11,0.381851370600053,0.852467340556186,84.66,molecule,none,0.0,fixed,3,fixed,eig,0,"[0.000,3.142]",none,1,1,Z,ridge,1,1,adam,adjoint,100,22,0.6603205457375628,0.4081762403122995,2.1567670057161665,0.03839532456191076,0.0,0.0,0.9605883134480587,0.3587151789779954,0.9574257963740349,11,0.22799525255472483,0.3587151789779954,0.431063122923588,0.9862705781452978,11,0.38854039473580815
B5,zz_fixed_r3,quantum,49,13,92,157,47,0.3425649505664345,0.3425649505664345,0.3736826488490078,0.9897711596468285,0.1802737548368476,0.1836797974289264,0.7792358803986712,0.7978405315614618,11,0.6310616816008658,1.41984547094144,114.84,molecule,zz,0.1,fixed,3,fixed,eig,0,"[0.000,3.142]",none,1,1,Z,ridge,1,1,adam,adjoint,100,22,0.6339066554432771,0.23387245548126195,3.7342346184506265,0.5169959985410416,0.1,0.06719368409052928,0.9605883134480587,0.24539821833230682,0.9897711596468285,11,0.1802737548368476,0.24539821833230682,0.7792358803986712,0.9891054816560821,11,0.283316987392752
B5,xy_shuffled_r3,quantum,49,13,114,157,47,1.144582033051809,1.144582033051809,0.7157889716059518,0.608698612266023,1.1896774776253074,0.6151257975150269,0.16461794019933557,0.13189368770764118,11,0.7277966314727573,2.440520859085488,136.36,molecule,xy,0.1,bytype_shuffled,3,bytype_shuffled,eig,0,"[0.000,3.142]",none,1,1,Z,ridge,1,1,adam,adjoint,100,22,0.6295233158086323,0.17135836712954894,7.319294048212218,0.023644268739500658,0.34429053995647085,1.3737376858991537,0.9605883134480587,1.0978130484548219,0.608698612266023,11,1.1896774776253074,1.0978130484548219,0.16461794019933557,0.930821511281901,11,0.6345361599354056
B5,krr_res,classical,49,13,157,157,47,0.5406613067091416,0.5406613067091416,0.5406613067091416,0.980260232343753,0.3413679621388777,0.3413679621388777,0.012956810631229231,0.012956810631229231,11,,,,,,,,,,,,,,,,,,,,,,,,,,,,,,,0.5441379235064878,,,0.3413679621388777,,0.012956810631229231,,,
B5,krr_cos_cl,classical,49,13,157,157,47,0.32162904404797643,0.32162904404797643,0.32162904404797643,0.9926242267722382,0.21918335682889098,0.21918335682889098,0.0812292358803987,0.0812292358803987,11,,,,,,,,,,,,,,,,,,,,,,,,,,,,,,,0.28082668106424097,,,0.21918335682889098,,0.0812292358803987,,,
B5,ridge_raw_eig,classical,49,13,14,157,47,0.4760581643108983,0.4760581643108983,0.4760581643108983,0.9855159681403237,0.2496849605068521,0.2496849605068521,0.1833887043189369,0.1833887043189369,11,,,,,,,,,,,,,,,,,,,,,,,,,,,,,,,0.47282278243043946,,,0.2496849605068521,,0.1833887043189369,,,
B5,composition,classical,49,13,0,157,47,0.7177252629558729,0.7177252629558729,0.7177252629558729,0.9657966054808863,0.31482599612403067,0.31482599612403067,nan,nan,11,,,,,,,,,,,,,,,,,,,,,,,,,,,,,,,0.7083759208545863,,,0.31482599612403067,,nan,,,
B5,zz_bytype_r3,quantum,50,13,114,158,46,0.3669510153528686,0.3669510153528686,0.3645855791393673,0.9821164979614416,0.2379881113984233,0.2310668003651375,0.8595238095238096,0.8692918192918193,6,0.9217152753468912,2.412143144187225,113.36,molecule,zz,0.1,bytype,3,bytype,eig,0,"[0.000,3.142]",none,1,1,Z,ridge,1,1,adam,adjoint,100,22,0.5355694349927194,0.04192690575102607,7.587124474982961,0.015095097432063883,0.1985975455549351,0.4977534149012455,0.9614430051083583,0.3902109270490345,0.9821164979614416,6,0.2379881113984233,0.3902109270490345,0.8595238095238096,0.9825573281902272,6,0.38360082886388114
B5,xy_bytype_r3,quantum,50,13,114,158,46,0.30462609632088816,0.30462609632088816,0.3165178268622331,0.9879066204138707,0.2759603671496075,0.2828251833290922,0.7157509157509158,0.7157509157509158,6,0.9150832833702959,2.5849343652836017,118.36,molecule,xy,0.1,bytype,3,bytype,eig,0,"[0.000,3.142]",none,1,1,Z,ridge,1,1,adam,adjoint,100,22,0.5721463633078627,0.04858479060372956,8.130619791917914,0.011139921175822753,0.2836899540067394,1.3059303089459904,0.9614430051083583,0.30051000142800344,0.9879066204138707,6,0.2759603671496075,0.30051000142800344,0.7157509157509158,0.9872298113792066,6,0.31205282424359143
B5,none_r3,quantum,50,13,92,158,46,0.3589512160249444,0.3589512160249444,0.40020063005086115,0.9862230043619674,0.303843666896001,0.3060384953257804,0.44554334554334557,0.46880341880341875,6,0.2869136694629605,1.215584887574525,86.83,molecule,none,0.0,fixed,3,fixed,eig,0,"[0.000,3.142]",none,1,1,Z,ridge,1,1,adam,adjoint,100,22,0.5127431058003766,0.3656300998233556,3.2533254480280993,0.0010453223962658422,0.0,0.0,0.9614430051083583,0.3613571700444512,0.9862230043619674,6,0.303843666896001,0.3613571700444512,0.44554334554334557,0.9839810553429135,6,0.4001732928348938
B5,zz_fixed_r3,quantum,50,13,92,158,46,0.42725956953186933,0.42725956953186933,0.40235762203909614,0.9796029851331831,0.2572301121834503,0.22227825206689944,0.6864468864468865,0.7351648351648351,6,0.6228830817651299,1.6307320275750727,114.02,molecule,zz,0.1,fixed,3,fixed,eig,0,"[0.000,3.142]",none,1,1,Z,ridge,1,1,adam,adjoint,100,22,0.5355694349927194,0.2019722948252449,4.527475934688631,6.563962579866114,0.1,0.06719368409052928,0.9614430051083583,0.4470124307195276,0.9796029851331831,6,0.2572301121834503,0.4470124307195276,0.6864468864468865,0.9809875171752233,6,0.41284809135104783
B5,xy_shuffled_r3,quantum,50,13,114,158,46,0.6460625089614599,0.6460625089614599,0.6695595026326222,0.9513744990504145,0.4181514425476186,0.4187676072781591,0.28522588522588516,0.3035409035409035,6,0.827773355553212,3.435408823693323,134.56,molecule,xy,0.1,bytype_shuffled,3,bytype_shuffled,eig,0,"[0.000,3.142]",none,1,1,Z,ridge,1,1,adam,adjoint,100,22,0.5721463633078627,0.09853884828494607,10.805691374754058,0.1784203052929809,0.8433477841779043,1.683523131074346,0.9614430051083583,0.6094890573606226,0.9513744990504145,6,0.4181514425476186,0.6094890573606226,0.28522588522588516,0.947408082137145,6,0.6311110242558459
B5,krr_res,classical,50,13,158,158,46,0.4189902644407599,0.4189902644407599,0.4189902644407599,0.9744809000256608,0.3547263597456697,0.3547263597456697,0.27655677655677663,0.27655677655677663,6,,,,,,,,,,,,,,,,,,,,,,,,,,,,,,,0.43646718317973465,,,0.3547263597456697,,0.27655677655677663,,,
B5,krr_cos_cl,classical,50,13,158,158,46,0.5065158893511135,0.5065158893511135,0.5065158893511135,0.9662576500478195,0.4523732321865427,0.4523732321865427,0.3882173382173382,0.3882173382173382,6,,,,,,,,,,,,,,,,,,,,,,,,,,,,,,,0.5521559913409018,,,0.4523732321865427,,0.3882173382173382,,,
B5,ridge_raw_eig,classical,50,13,14,158,46,0.3764909598104941,0.3764909598104941,0.3764909598104941,0.9834837514058204,0.29247251375718464,0.29247251375718464,0.4617216117216118,0.4617216117216118,6,,,,,,,,,,,,,,,,,,,,,,,,,,,,,,,0.386821141826499,,,0.29247251375718464,,0.4617216117216118,,,
B5,composition,classical,50,13,0,158,46,0.5619858893666619,0.5619858893666619,0.5619858893666619,0.9656223691781873,0.3709228056729583,0.3709228056729583,nan,nan,6,,,,,,,,,,,,,,,,,,,,,,,,,,,,,,,0.5690653125954549,,,0.3709228056729583,,nan,,,
B5,zz_bytype_r3,quantum,51,13,114,154,50,0.2787203043084169,0.2787203043084169,0.2754290069368666,0.9925405808163105,0.19946393384775632,0.19617860268574297,0.7678571428571428,0.7678571428571428,11,0.9246020338830779,2.0949319093046976,109.99,molecule,zz,0.1,bytype,3,bytype,eig,0,"[0.000,3.142]",none,1,1,Z,ridge,1,1,adam,adjoint,100,22,0.5285462056890399,0.03985130890776994,7.207044748763522,0.10617336128565458,0.17108894447968365,0.8269617699285073,0.9666560679620392,0.25653269419818814,0.9925405808163105,11,0.19946393384775632,0.25653269419818814,0.7678571428571428,0.992689701544929,11,0.2530358854039913
B5,xy_bytype_r3,quantum,51,13,114,154,50,0.30404365963848223,0.30404365963848223,0.3123429390484664,0.9861274866047279,0.20573328524885515,0.20583520200483552,0.7735119047619046,0.7675595238095237,11,0.9471230084364629,2.008923734449374,117.13,molecule,xy,0.1,bytype,3,bytype,eig,0,"[0.000,3.142]",none,1,1,Z,ridge,1,1,adam,adjoint,100,22,0.6064027030414091,0.03206475061282664,6.911156962535889,0.01373313156006385,0.3709974965604132,0.4573286080288992,0.9666560679620392,0.2556215155490176,0.9861274866047279,11,0.20573328524885515,0.2556215155490176,0.7735119047619046,0.9853778254254237,11,0.2615616791291349
B5,none_r3,quantum,51,13,92,154,50,0.45376012333123256,0.45376012333123256,0.4924825936165089,0.9730840240606909,0.32880772936165803,0.32574142434713754,0.4505952380952381,0.4133928571428572,11,0.37695973175866626,0.9174688243836535,84.8,molecule,none,0.0,fixed,3,fixed,eig,0,"[0.000,3.142]",none,1,1,Z,ridge,1,1,adam,adjoint,100,22,0.5737096526770777,0.35744421589656894,2.7259715006877814,0.016571140574236105,0.0,0.0,0.9666560679620392,0.3961646020771397,0.9730840240606909,11,0.32880772936165803,0.3961646020771397,0.4505952380952381,0.9710238874045716,11,0.44090786059814696
B5,zz_fixed_r3,quantum,51,13,92,154,50,0.4831257093431172,0.4831257093431172,0.49753978089696443,0.966176466671019,0.33734992710554684,0.33234695204479775,0.6464285714285715,0.5895833333333332,11,0.596970536479213,1.3316401982289077,114.08,molecule,zz,0.1,fixed,3,fixed,eig,0,"[0.000,3.142]",none,1,1,Z,ridge,1,1,adam,adjoint,100,22,0.5285462056890399,0.21301969372480126,4.089716147881124,0.6091972652098644,0.1,0.06719368409052928,0.9666560679620392,0.3902892701581174,0.966176466671019,11,0.33734992710554684,0.3902892701581174,0.6464285714285715,0.9653225097414783,11,0.4017005050055259
B5,xy_shuffled_r3,quantum,51,13,114,154,50,0.6917474738295456,0.6917474738295456,0.6777174286878472,0.946711101360461,0.5802116672546943,0.5662614713685966,0.256547619047619,0.256547619047619,11,0.8056180898772799,2.0468318717536196,133.2,molecule,xy,0.1,bytype_shuffled,3,bytype_shuffled,eig,0,"[0.000,3.142]",none,1,1,Z,ridge,1,1,adam,adjoint,100,22,0.6064027030414091,0.11787371572076973,7.041569622098005,0.020186363255815094,0.2602813918673091,0.9634072460466206,0.9666560679620392,0.6845922186021307,0.946711101360461,11,0.5802116672546943,0.6845922186021307,0.256547619047619,0.9488526260063171,11,0.6685035109688074
B5,krr_res,classical,51,13,154,154,50,0.4789273590527083,0.4789273590527083,0.4789273590527083,0.9787635696360579,0.36192637330648675,0.36192637330648675,0.08035714285714284,0.08035714285714284,11,,,,,,,,,,,,,,,,,,,,,,,,,,,,,,,0.5043384108912213,,,0.36192637330648675,,0.08035714285714284,,,
B5,krr_cos_cl,classical,51,13,154,154,50,0.5054865940567416,0.5054865940567416,0.5054865940567416,0.96964959246091,0.3213639276580181,0.3213639276580181,0.44226190476190474,0.44226190476190474,11,,,,,,,,,,,,,,,,,,,,,,,,,,,,,,,0.4527790293917393,,,0.3213639276580181,,0.44226190476190474,,,
B5,ridge_raw_eig,classical,51,13,14,154,50,0.5438241452452642,0.5438241452452642,0.5438241452452642,0.9688561268918111,0.33128480377783953,0.33128480377783953,0.5372023809523809,0.5372023809523809,11,,,,,,,,,,,,,,,,,,,,,,,,,,,,,,,0.48666146069485905,,,0.33128480377783953,,0.5372023809523809,,,
B5,composition,classical,51,13,0,154,50,0.7217365226551843,0.7217365226551843,0.7217365226551843,0.9444785874957022,0.3947950554487171,0.3947950554487171,nan,nan,11,,,,,,,,,,,,,,,,,,,,,,,,,,,,,,,0.7074682383759833,,,0.3947950554487171,,nan,,,
B5,zz_bytype_r3,quantum,52,13,114,155,49,0.5124685967839706,0.5124685967839706,0.46062335135457905,0.9670687146846454,0.2413707606027323,0.2392593048390459,0.4764119601328904,0.5136212624584717,11,0.9160842272502326,3.2552486987429816,111.44,molecule,zz,0.1,bytype,3,bytype,eig,0,"[0.000,3.142]",none,1,1,Z,ridge,1,1,adam,adjoint,100,22,0.5815177007718194,0.04879850722793523,9.319684541203262,0.01174510726462739,0.03748504493003116,0.46699666300753057,0.9636189315208242,0.42878582756265154,0.9670687146846454,11,0.2413707606027323,0.42878582756265154,0.4764119601328904,0.9809799306665523,11,0.413360696311594
B5,xy_bytype_r3,quantum,52,13,114,155,49,0.6883921528521331,0.6883921528521331,0.6778025615236075,0.9608231026013765,0.40531336268148616,0.39911321554265305,0.5026578073089701,0.511517165005537,11,0.8966142941677557,4.112858637560993,116.4,molecule,xy,0.1,bytype,3,bytype,eig,0,"[0.000,3.142]",none,1,1,Z,ridge,1,1,adam,adjoint,100,22,0.5968767342216422,0.06170852246234937,11.77499743089764,0.028615138589455774,0.7491639460932564,1.5256104045884766,0.9636189315208242,0.6378097622953907,0.9608231026013765,11,0.40531336268148616,0.6378097622953907,0.5026578073089701,0.9608119430692209,11,0.6256899313967041
B5,none_r3,quantum,52,13,92,155,49,0.9436119471051615,0.9436119471051615,0.5976905617148578,0.6323971649688345,0.32141937809032267,0.32710874896405123,0.22535991140642303,0.21860465116279065,11,0.30065044215851666,1.3824046683948785,84.8,molecule,none,0.0,fixed,3,fixed,eig,0,"[0.000,3.142]",none,1,1,Z,ridge,1,1,adam,adjoint,100,22,0.4277786157375412,0.29916678577009126,3.309380026474178,0.004838323311348354,0.0,0.0,0.9636189315208242,0.48354575193215465,0.6323971649688345,11,0.32141937809032267,0.48354575193215465,0.22535991140642303,0.9768555585647877,11,0.5081223440460176
B5,zz_fixed_r3,quantum,52,13,92,155,49,1.0423174804544533,1.0423174804544533,0.5312936294364292,0.35572552462460794,0.34232340590142785,0.3406116224956405,0.11461794019933555,0.04994462901439645,11,0.6122884757433033,1.8441361884493654,114.27,molecule,zz,0.1,fixed,3,fixed,eig,0,"[0.000,3.142]",none,1,1,Z,ridge,1,1,adam,adjoint,100,22,0.5815177007718194,0.22546111414849182,4.599146589356916,0.2930288938866495,0.1,0.06719368409052928,0.9636189315208242,0.561871598648435,0.35572552462460794,11,0.34232340590142785,0.561871598648435,0.11461794019933555,0.9799354471534709,11,0.5581370242457789
B5,xy_shuffled_r3,quantum,52,13,114,155,49,0.9251207839350022,0.9251207839350022,0.9447241487438607,0.918170246703586,0.6128617994588081,0.6298173754977442,0.2944629014396456,0.1777408637873754,11,0.7076229745085219,2.6309105098518764,132.95,molecule,xy,0.1,bytype_shuffled,3,bytype_shuffled,eig,0,"[0.000,3.142]",none,1,1,Z,ridge,1,1,adam,adjoint,100,22,0.5968767342216422,0.1745130441367913,7.532222044178641,0.03468769527000419,0.4218158750616242,0.7775720031980656,0.9636189315208242,0.8517738989171043,0.918170246703586,11,0.6128617994588081,0.8517738989171043,0.2944629014396456,0.91572143497713,11,0.873086252542769
B5,krr_res,classical,52,13,155,155,49,0.599340213907529,0.599340213907529,0.599340213907529,0.9693298060168881,0.3364123586249475,0.3364123586249475,0.1163898117386489,0.1163898117386489,11,,,,,,,,,,,,,,,,,,,,,,,,,,,,,,,0.5923110525844708,,,0.3364123586249475,,0.1163898117386489,,,
B5,krr_cos_cl,classical,52,13,155,155,49,0.5710720720269238,0.5710720720269238,0.5710720720269238,0.9728495939110767,0.34227006116167974,0.34227006116167974,0.22834994462901437,0.22834994462901437,11,,,,,,,,,,,,,,,,,,,,,,,,,,,,,,,0.49527186747452157,,,0.34227006116167974,,0.22834994462901437,,,
B5,ridge_raw_eig,classical,52,13,14,155,49,0.8093936856313851,0.8093936856313851,0.8093936856313851,0.7774655903047092,0.3432413369591296,0.3432413369591296,0.22392026578073088,0.22392026578073088,11,,,,,,,,,,,,,,,,,,,,,,,,,,,,,,,0.4840257940124322,,,0.3432413369591296,,0.22392026578073088,,,
B5,composition,classical,52,13,0,155,49,0.7395693397268341,0.7395693397268341,0.7395693397268341,0.9554776383345222,0.3725917131782943,0.3725917131782943,nan,nan,11,,,,,,,,,,,,,,,,,,,,,,,,,,,,,,,0.6757954298332438,,,0.3725917131782943,,nan,,,
B5,zz_bytype_r3,quantum,53,13,114,157,47,0.48924254313647436,0.48924254313647436,0.4949230515672351,0.9619945939123538,0.259392961199743,0.26192516405069544,0.47073170731707326,0.5012195121951221,10,0.8803962346218296,2.0119547021661885,113.17,molecule,zz,0.1,bytype,3,bytype,eig,0,"[0.000,3.142]",none,1,1,Z,ridge,1,1,adam,adjoint,100,22,0.5738879057825143,0.06863915443658139,7.056684299940102,0.06465973074910156,-0.10442229695547721,0.6219707287792982,0.9716311660434237,0.4770232590014066,0.9619945939123538,10,0.259392961199743,0.4770232590014066,0.47073170731707326,0.9617349478423549,10,0.4815499100951238
B5,xy_bytype_r3,quantum,53,13,114,157,47,0.6606484255835733,0.6606484255835733,0.5207733201695354,0.8096653367950495,0.26783361015524115,0.26826186546116026,0.4646341463414635,0.4646341463414635,10,0.9229191009696053,2.0105456600638525,118.45,molecule,xy,0.1,bytype,3,bytype,eig,0,"[0.000,3.142]",none,1,1,Z,ridge,1,1,adam,adjoint,100,22,0.6414357130983996,0.049442441435826996,7.051742257621353,0.12688023363777934,-0.1392058334135548,0.8909289137773055,0.9716311660434237,0.5142335854571036,0.8096653367950495,10,0.26783361015524115,0.5142335854571036,0.4646341463414635,0.9460113578225005,10,0.5096598071413007
B5,none_r3,quantum,53,13,92,157,47,0.6620528084441855,0.6620528084441855,0.6784022599469696,0.9297189835464712,0.44253455010784826,0.437616585313175,-0.12804878048780485,-0.12804878048780485,10,0.3152390593395878,0.9855311323400231,86.05,molecule,none,0.0,fixed,3,fixed,eig,0,"[0.000,3.142]",none,1,1,Z,ridge,1,1,adam,adjoint,100,22,0.5320337032507445,0.3643158991010224,2.994374470490054,0.02889633628329805,0.0,0.0,0.9716311660434237,0.6027245568242171,0.9297189835464712,10,0.44253455010784826,0.6027245568242171,-0.12804878048780485,0.929129922600206,10,0.6267050758254055
B5,zz_fixed_r3,quantum,53,13,92,157,47,0.6345258669543321,0.6345258669543321,0.6206700879400344,0.9229110352221365,0.3728312572783343,0.38423320316204446,0.21951219512195122,0.23170731707317074,10,0.5331796811827675,1.3832103233112671,115.57,molecule,zz,0.1,fixed,3,fixed,eig,0,"[0.000,3.142]",none,1,1,Z,ridge,1,1,adam,adjoint,100,22,0.5738879057825143,0.2679025351427472,4.340978405119785,0.33687946097246885,0.1,0.06719368409052928,0.9716311660434237,0.555547100849075,0.9229110352221365,10,0.3728312572783343,0.555547100849075,0.21951219512195122,0.9273633782921142,10,0.5492301444235191
B5,xy_shuffled_r3,quantum,53,13,114,157,47,1.057532189544101,1.057532189544101,0.6794123764607484,0.4161478591235973,1.2368533139354008,0.599370271194223,-0.19634146341463407,-0.2695121951219511,10,0.807170181479577,1.9619565283343532,136.66,molecule,xy,0.1,bytype_shuffled,3,bytype_shuffled,eig,0,"[0.000,3.142]",none,1,1,Z,ridge,1,1,adam,adjoint,100,22,0.6414357130983996,0.12368793214928248,6.881321838784828,0.37704649974853693,0.3186056508355726,1.3982589854390997,0.9716311660434237,1.067934221110775,0.4161478591235973,10,1.2368533139354008,1.067934221110775,-0.19634146341463407,0.9053113857254957,10,0.6607094428104505
B5,krr_res,classical,53,13,157,157,47,0.4706139709593019,0.4706139709593019,0.4706139709593019,0.9722122457559266,0.3372795363219471,0.3372795363219471,0.33658536585365856,0.33658536585365856,10,,,,,,,,,,,,,,,,,,,,,,,,,,,,,,,0.4853407735158852,,,0.3372795363219471,,0.33658536585365856,,,
B5,krr_cos_cl,classical,53,13,157,157,47,0.6057548816365326,0.6057548816365326,0.6057548816365326,0.9518412199501096,0.4001172159151646,0.4001172159151646,0.019512195121951244,0.019512195121951244,10,,,,,,,,,,,,,,,,,,,,,,,,,,,,,,,0.6081013762160167,,,0.4001172159151646,,0.019512195121951244,,,
B5,ridge_raw_eig,classical,53,13,14,157,47,0.6348225329858442,0.6348225329858442,0.6348225329858442,0.9498115788407836,0.405996145237722,0.405996145237722,-0.028048780487804882,-0.028048780487804882,10,,,,,,,,,,,,,,,,,,,,,,,,,,,,,,,0.6054107194491534,,,0.405996145237722,,-0.028048780487804882,,,
B5,composition,classical,53,13,0,157,47,0.8402934813393702,0.8402934813393702,0.8402934813393702,0.9131659474583724,0.36732820696863966,0.36732820696863966,nan,nan,10,,,,,,,,,,,,,,,,,,,,,,,,,,,,,,,0.8744711701713547,,,0.36732820696863966,,nan,,,
B5,zz_bytype_r3,quantum,54,13,114,151,53,0.33121087442007013,0.33121087442007013,0.3313907387138761,0.9902757865949348,0.1669825656555102,0.16574676851758027,0.5363506493506494,0.5333506493506494,11,0.919428688919564,2.3312256811005976,108.77,molecule,zz,0.1,bytype,3,bytype,eig,0,"[0.000,3.142]",none,1,1,Z,ridge,1,1,adam,adjoint,100,22,0.5074698574917101,0.04088751175190911,6.848325059204585,0.041436728550679695,0.2144591765102806,0.5520748423934478,0.9689526964722991,0.3167170053193035,0.9902757865949348,11,0.1669825656555102,0.3167170053193035,0.5363506493506494,0.9898495600467162,11,0.31604240235553016
B5,xy_bytype_r3,quantum,54,13,114,151,53,0.4214378385473179,0.4214378385473179,0.40637287555495477,0.9837613765187108,0.21629779074618938,0.21295687830374704,0.4755670995670995,0.5022337662337663,11,0.925825579148871,2.374579019371796,113.47,molecule,xy,0.1,bytype,3,bytype,eig,0,"[0.000,3.142]",none,1,1,Z,ridge,1,1,adam,adjoint,100,22,0.5689480903073085,0.04220139509290048,6.975681992207593,0.11336856538621734,0.057097385775713445,0.704748773486692,0.9689526964722991,0.3832542664204288,0.9837613765187108,11,0.21629779074618938,0.3832542664204288,0.4755670995670995,0.9852081793674803,11,0.3746383463232517
B5,none_r3,quantum,54,13,92,151,53,0.6182529035827793,0.6182529035827793,0.6462550312714824,0.9722768491387906,0.33450536375188733,0.3462137350045208,0.239965367965368,0.222995670995671,11,0.4092653996359265,1.2563916799868022,81.57,molecule,none,0.0,fixed,3,fixed,eig,0,"[0.000,3.142]",none,1,1,Z,ridge,1,1,adam,adjoint,100,22,0.5970246686341737,0.352683129033102,3.101539051192229,0.04413100041037084,0.0,0.0,0.9689526964722991,0.5911158127590753,0.9722768491387906,11,0.33450536375188733,0.5911158127590753,0.239965367965368,0.9705307205309782,11,0.6233265607508819
B5,zz_fixed_r3,quantum,54,13,92,151,53,0.7436818067906987,0.7436818067906987,0.7000793784673393,0.9565778845113816,0.2587736139335475,0.2416933545412637,0.20391341991341988,0.18897835497835497,11,0.551797014102513,1.5362188390220604,110.99,molecule,zz,0.1,fixed,3,fixed,eig,0,"[0.000,3.142]",none,1,1,Z,ridge,1,1,adam,adjoint,100,22,0.5074698574917101,0.2274495053807567,3.9459446096099717,0.35962694817875335,0.1,0.06719368409052928,0.9689526964722991,0.6934193722516279,0.9565778845113816,11,0.2587736139335475,0.6934193722516279,0.20391341991341988,0.9593191028804395,11,0.6541423398602637
B5,xy_shuffled_r3,quantum,54,13,114,151,53,0.7766839510848379,0.7766839510848379,0.7650847490472754,0.9481827267293073,0.3446539443076189,0.3298600656169988,0.34883549783549783,0.34583549783549783,11,0.7490166734504248,3.81624429998337,128.32,molecule,xy,0.1,bytype_shuffled,3,bytype_shuffled,eig,0,"[0.000,3.142]",none,1,1,Z,ridge,1,1,adam,adjoint,100,22,0.5689480903073085,0.14279648433935646,11.210789964909877,0.007604983998687852,-0.00029153649070083485,2.259545528137289,0.9689526964722991,0.7192248182087005,0.9481827267293073,11,0.3446539443076189,0.7192248182087005,0.34883549783549783,0.9507812856793088,11,0.7088399382439182
B5,krr_res,classical,54,13,151,151,53,0.54212602441332,0.54212602441332,0.54212602441332,0.9731223982917229,0.30839398926412526,0.30839398926412526,-0.03591774891774891,-0.03591774891774891,11,,,,,,,,,,,,,,,,,,,,,,,,,,,,,,,0.49280325244716927,,,0.30839398926412526,,-0.03591774891774891,,,
B5,krr_cos_cl,classical,54,13,151,151,53,0.6697307212465052,0.6697307212465052,0.6697307212465052,0.9679752931700291,0.22151116542599325,0.22151116542599325,0.19663203463203463,0.19663203463203463,11,,,,,,,,,,,,,,,,,,,,,,,,,,,,,,,0.6181341792622077,,,0.22151116542599325,,0.19663203463203463,,,
B5,ridge_raw_eig,classical,54,13,14,151,53,0.6076317993235965,0.6076317993235965,0.6076317993235965,0.9721533274297652,0.2920628100560029,0.2920628100560029,0.092,0.092,11,,,,,,,,,,,,,,,,,,,,,,,,,,,,,,,0.5972216200823923,,,0.2920628100560029,,0.092,,,
B5,composition,classical,54,13,0,151,53,0.8946351265264394,0.8946351265264394,0.8946351265264394,0.9366459189522128,0.3151252540000006,0.3151252540000006,nan,nan,11,,,,,,,,,,,,,,,,,,,,,,,,,,,,,,,0.8366591828011911,,,0.3151252540000006,,nan,,,
B5,zz_bytype_r3,quantum,55,13,114,161,43,0.4743733869506146,0.4743733869506146,0.4796576979455981,0.9832007908477096,0.38262328234492,0.38462338976914734,0.17368421052631583,0.20000000000000004,10,0.9333044296406282,2.5765200663487384,115.53,molecule,zz,0.1,bytype,3,bytype,eig,0,"[0.000,3.142]",none,1,1,Z,ridge,1,1,adam,adjoint,100,22,0.8679665244738798,0.05788952240262705,9.225978041112391,0.03632989483193917,0.3903038306757139,0.6756475345188666,0.9616464682122158,0.470126565516385,0.9832007908477096,10,0.38262328234492,0.470126565516385,0.17368421052631583,0.9826929280854976,10,0.4774329792339026
B5,xy_bytype_r3,quantum,55,13,114,161,43,0.33366407648255386,0.33366407648255386,0.3283243186372538,0.9918818640550976,0.2327835921169336,0.2268638835168292,0.41578947368421043,0.41578947368421043,10,0.9413803877657889,2.0249328092026566,119.57,molecule,xy,0.1,bytype,3,bytype,eig,0,"[0.000,3.142]",none,1,1,Z,ridge,1,1,adam,adjoint,100,22,0.8685978973025792,0.05091687192732827,7.250859745449809,0.014795453666447363,-0.07631406298689654,0.822307684558005,0.9616464682122158,0.34164000060679006,0.9918818640550976,10,0.2327835921169336,0.34164000060679006,0.41578947368421043,0.9919360282434482,10,0.3394156424617552
B5,none_r3,quantum,55,13,92,161,43,0.48605422938732734,0.48605422938732734,0.4900604037251749,0.9834822694359614,0.32821245385156805,0.325327101280899,0.4734962406015037,0.4734962406015037,10,0.38708937655077735,0.9600613883612827,86.85,molecule,none,0.0,fixed,3,fixed,eig,0,"[0.000,3.142]",none,1,1,Z,ridge,1,1,adam,adjoint,100,22,0.5329916318233856,0.3266762333540898,2.9874697926757903,0.08263754176417851,0.0,0.0,0.9616464682122158,0.4708088201914194,0.9834822694359614,10,0.32821245385156805,0.4708088201914194,0.4734962406015037,0.9839541950209363,10,0.47015037350153294
B5,zz_fixed_r3,quantum,55,13,92,161,43,0.4157157798957741,0.4157157798957741,0.3905191146117035,0.9872837265933804,0.3060266150946217,0.2909945450528754,0.5116541353383459,0.5445488721804511,10,0.7257482431735557,1.4938315211555662,117.21,molecule,zz,0.1,fixed,3,fixed,eig,0,"[0.000,3.142]",none,1,1,Z,ridge,1,1,adam,adjoint,100,22,0.8679665244738798,0.23804134420350456,4.797811470242838,1.0788167238560755,0.1,0.06719368409052928,0.9616464682122158,0.37823054357191105,0.9872837265933804,10,0.3060266150946217,0.37823054357191105,0.5116541353383459,0.9887885198139728,10,0.3560922333781177
B5,xy_shuffled_r3,quantum,55,13,114,161,43,0.4644941766662754,0.4644941766662754,0.4686655249721276,0.9826014571746902,0.3844938079110557,0.39012075170906185,0.25977443609022555,0.2334586466165413,10,0.8153443037685912,2.721858234918681,139.1,molecule,xy,0.1,bytype_shuffled,3,bytype_shuffled,eig,0,"[0.000,3.142]",none,1,1,Z,ridge,1,1,adam,adjoint,100,22,0.8685978973025792,0.16039154947154546,9.746403544206567,0.049126363967701175,0.7399554860890859,1.5892822995781453,0.9616464682122158,0.43308632914436873,0.9826014571746902,10,0.3844938079110557,0.43308632914436873,0.25977443609022555,0.9817863834644968,10,0.4313481036430538
B5,krr_res,classical,55,13,161,161,43,0.4922919287568827,0.4922919287568827,0.4922919287568827,0.9834949238921684,0.3382840133319213,0.3382840133319213,0.5590225563909774,0.5590225563909774,10,,,,,,,,,,,,,,,,,,,,,,,,,,,,,,,0.5191230762272957,,,0.3382840133319213,,0.5590225563909774,,,
B5,krr_cos_cl,classical,55,13,161,161,43,0.3007076423604109,0.3007076423604109,0.3007076423604109,0.992539130420516,0.1866164076798249,0.1866164076798249,0.7321428571428572,0.7321428571428572,10,,,,,,,,,,,,,,,,,,,,,,,,,,,,,,,0.3061930713583234,,,0.1866164076798249,,0.7321428571428572,,,
B5,ridge_raw_eig,classical,55,13,14,161,43,0.5258141499967165,0.5258141499967165,0.5258141499967165,0.980553905307713,0.31818749648619576,0.31818749648619576,0.35507518796992477,0.35507518796992477,10,,,,,,,,,,,,,,,,,,,,,,,,,,,,,,,0.5248244321910621,,,0.31818749648619576,,0.35507518796992477,,,
B5,composition,classical,55,13,0,161,43,0.6887955210803587,0.6887955210803587,0.6887955210803587,0.9637122962176113,0.5165328832080206,0.5165328832080206,nan,nan,10,,,,,,,,,,,,,,,,,,,,,,,,,,,,,,,0.7032679445594091,,,0.5165328832080206,,nan,,,
B5,zz_bytype_r3,quantum,56,13,114,153,51,0.45001427469472416,0.45001427469472416,0.4386101713480138,0.9846636608841154,0.21626309676743688,0.20646486305685569,0.5823240589198035,0.6019639934533552,11,0.9160688213048943,2.337338478461915,110.01,molecule,zz,0.1,bytype,3,bytype,eig,0,"[0.000,3.142]",none,1,1,Z,ridge,1,1,adam,adjoint,100,22,0.5606820704097842,0.04705870704270547,7.70963531133126,0.05433173434855001,0.24960358801506974,0.5339496185717038,0.9621506178182391,0.42985136304655486,0.9846636608841154,11,0.21626309676743688,0.42985136304655486,0.5823240589198035,0.9848947031458809,11,0.41799229875166755
B5,xy_bytype_r3,quantum,56,13,114,153,51,0.5002019542664639,0.5002019542664639,0.49436988954302824,0.9596414983755038,0.22521390090171725,0.22649541887287242,0.6274959083469721,0.611783960720131,11,0.9007857273234924,2.7531903417968597,115.92,molecule,xy,0.1,bytype,3,bytype,eig,0,"[0.000,3.142]",none,1,1,Z,ridge,1,1,adam,adjoint,100,22,0.5208924935946636,0.05167996989464696,9.08130922137605,0.015167376226727638,0.2069806150447124,1.1496397465648949,0.9621506178182391,0.4150578759091544,0.9596414983755038,11,0.22521390090171725,0.4150578759091544,0.6274959083469721,0.960511446198996,11,0.4168862238498823
B5,none_r3,quantum,56,13,92,153,51,0.7252237654208358,0.7252237654208358,0.5316016575966125,0.8405099127635045,0.38909328966393153,0.38324156128330283,0.10621931260229132,0.10621931260229132,11,0.32287096544704585,1.0943306205124879,84.11,molecule,none,0.0,fixed,3,fixed,eig,0,"[0.000,3.142]",none,1,1,Z,ridge,1,1,adam,adjoint,100,22,0.48253042414360464,0.3267353602427865,3.0963275692802106,0.01493315623194452,0.0,0.0,0.9621506178182391,0.47573496824556855,0.8405099127635045,11,0.38909328966393153,0.47573496824556855,0.10621931260229132,0.9728610142832327,11,0.4702372365684703
B5,zz_fixed_r3,quantum,56,13,92,153,51,0.5199647543970501,0.5199647543970501,0.4747579922084547,0.9679003549888852,0.3167400753435752,0.32165724520451033,0.3220949263502455,0.2927986906710311,11,0.6609133749852995,1.3265298940626233,113.96,molecule,zz,0.1,fixed,3,fixed,eig,0,"[0.000,3.142]",none,1,1,Z,ridge,1,1,adam,adjoint,100,22,0.5606820704097842,0.19011979096150844,3.885971232970468,0.7052501771736641,0.1,0.06719368409052928,0.9621506178182391,0.4533054668231592,0.9679003549888852,11,0.3167400753435752,0.4533054668231592,0.3220949263502455,0.9767638079680536,11,0.44534442633228444
B5,xy_shuffled_r3,quantum,56,13,114,153,51,1.5045790893176947,1.5045790893176947,0.7513158230735411,0.05603708349429748,1.0461255207379885,0.4103394551384236,0.15728314238952537,0.15597381342062192,11,0.7286400657523752,3.9970360629918527,130.56,molecule,xy,0.1,bytype_shuffled,3,bytype_shuffled,eig,0,"[0.000,3.142]",none,1,1,Z,ridge,1,1,adam,adjoint,100,22,0.5208924935946636,0.1413493528119293,13.18409406932997,0.10774566888330352,0.44916546837078447,2.1670258451224718,0.9621506178182391,0.9520087406736601,0.05603708349429748,11,1.0461255207379885,0.9520087406736601,0.15728314238952537,0.9304612933791446,11,0.5702939804112787
B5,krr_res,classical,56,13,153,153,51,0.590705024129112,0.590705024129112,0.590705024129112,0.9689410776608145,0.3598604663900611,0.3598604663900611,0.1818330605564648,0.1818330605564648,11,,,,,,,,,,,,,,,,,,,,,,,,,,,,,,,0.5793763451871136,,,0.3598604663900611,,0.1818330605564648,,,
B5,krr_cos_cl,classical,56,13,153,153,51,0.5285778686682471,0.5285778686682471,0.5285778686682471,0.9739509420116331,0.37292903625467655,0.37292903625467655,-0.007855973813420607,-0.007855973813420607,11,,,,,,,,,,,,,,,,,,,,,,,,,,,,,,,0.47881287670689204,,,0.37292903625467655,,-0.007855973813420607,,,
B5,ridge_raw_eig,classical,56,13,14,153,51,0.6583778084218574,0.6583778084218574,0.6583778084218574,0.8874034059883011,0.3407006612223035,0.3407006612223035,0.2564648117839607,0.2564648117839607,11,,,,,,,,,,,,,,,,,,,,,,,,,,,,,,,0.45386458855944206,,,0.3407006612223035,,0.2564648117839607,,,
B5,composition,classical,56,13,0,153,51,0.7200777784492008,0.7200777784492008,0.7200777784492008,0.9606191765367271,0.4285906059777117,0.4285906059777117,nan,nan,11,,,,,,,,,,,,,,,,,,,,,,,,,,,,,,,0.6844269046702803,,,0.4285906059777117,,nan,,,
B5,zz_bytype_r3,quantum,57,13,114,145,59,0.3090462455809945,0.3090462455809945,0.3041994117138978,0.9912235851318761,0.18242520054888992,0.17906644126403654,0.6837412587412588,0.6837412587412588,10,0.9338355588052026,2.607283147151888,104.18,molecule,zz,0.1,bytype,3,bytype,eig,0,"[0.000,3.142]",none,1,1,Z,ridge,1,1,adam,adjoint,100,22,0.6684555825019756,0.04422799007978594,7.424161192002279,0.021534304724097304,0.16445868249275192,0.6418455786978269,0.9632044801028943,0.3056712980286292,0.9912235851318761,10,0.18242520054888992,0.3056712980286292,0.6837412587412588,0.9915480874991457,10,0.30135688499528696
B5,xy_bytype_r3,quantum,57,13,114,145,59,0.32566388337624363,0.32566388337624363,0.31990709345498575,0.9872632917720846,0.1769723622250816,0.17357976721001314,0.6335664335664336,0.6226689976689976,10,0.914149318868056,2.314182862238984,108.69,molecule,xy,0.1,bytype,3,bytype,eig,0,"[0.000,3.142]",none,1,1,Z,ridge,1,1,adam,adjoint,100,22,0.6451312248343904,0.05538495507151772,6.58956685076542,0.01717087107833762,0.25423621417742726,0.5714154118608711,0.9632044801028943,0.29761304424779217,0.9872632917720846,10,0.1769723622250816,0.29761304424779217,0.6335664335664336,0.9888187072317215,10,0.2905786834213876
B5,none_r3,quantum,57,13,92,145,59,0.6751865925229205,0.6751865925229205,0.4626826717404033,0.8055880528714502,0.30586988295169704,0.30897833498788485,0.3245337995337995,0.22703962703962705,10,0.34109004947932786,0.8262262088257245,77.99,molecule,none,0.0,fixed,3,fixed,eig,0,"[0.000,3.142]",none,1,1,Z,ridge,1,1,adam,adjoint,100,22,0.5095155546145079,0.33572486888055825,1.9651201053963183,0.004995619440797778,0.0,0.0,0.9632044801028943,0.46295818850825887,0.8055880528714502,10,0.30586988295169704,0.46295818850825887,0.3245337995337995,0.9803385974844157,10,0.466257182927304
B5,zz_fixed_r3,quantum,57,13,92,145,59,0.6948589819569864,0.6948589819569864,0.47350230984369873,0.6845970229685534,0.24001599523232053,0.23320189508125289,0.6813519813519814,0.686013986013986,10,0.7237405043143446,1.6018288633379796,106.9,molecule,zz,0.1,fixed,3,fixed,eig,0,"[0.000,3.142]",none,1,1,Z,ridge,1,1,adam,adjoint,100,22,0.6684555825019756,0.1846672021102568,3.9700185840217137,0.2248139303417581,0.1,0.06719368409052928,0.9632044801028943,0.42172793034096184,0.6845970229685534,10,0.24001599523232053,0.42172793034096184,0.6813519813519814,0.9652936733289169,10,0.41160275137370006
B5,xy_shuffled_r3,quantum,57,13,114,145,59,0.5954306030031365,0.5954306030031365,0.590780449386804,0.9655809468781632,0.3122378957075931,0.3117042830061473,0.23152680652680652,0.3224358974358974,10,0.8069437204987524,2.534839557640384,117.91,molecule,xy,0.1,bytype_shuffled,3,bytype_shuffled,eig,0,"[0.000,3.142]",none,1,1,Z,ridge,1,1,adam,adjoint,100,22,0.6451312248343904,0.12454663405661025,7.217880226143943,0.024441530436675792,0.2902663364034019,0.8965930794308995,0.9632044801028943,0.5658419668115126,0.9655809468781632,10,0.3122378957075931,0.5658419668115126,0.23152680652680652,0.9665491289585064,10,0.5656624760163288
B5,krr_res,classical,57,13,145,145,59,0.46751226359158804,0.46751226359158804,0.46751226359158804,0.9753813110461366,0.2956776750809564,0.2956776750809564,0.4488344988344988,0.4488344988344988,10,,,,,,,,,,,,,,,,,,,,,,,,,,,,,,,0.4671013348529065,,,0.2956776750809564,,0.4488344988344988,,,
B5,krr_cos_cl,classical,57,13,145,145,59,0.5932586322060682,0.5932586322060682,0.5932586322060682,0.9651658658073337,0.2887985740791237,0.2887985740791237,0.3635780885780886,0.3635780885780886,10,,,,,,,,,,,,,,,,,,,,,,,,,,,,,,,0.6010850112427187,,,0.2887985740791237,,0.3635780885780886,,,
B5,ridge_raw_eig,classical,57,13,14,145,59,0.5824970135148986,0.5824970135148986,0.5824970135148986,0.964955381389396,0.3043830248030804,0.3043830248030804,0.41165501165501167,0.41165501165501167,10,,,,,,,,,,,,,,,,,,,,,,,,,,,,,,,0.5867994130552352,,,0.3043830248030804,,0.41165501165501167,,,
B5,composition,classical,57,13,0,145,59,0.6495803032061866,0.6495803032061866,0.6495803032061866,0.9575299340089093,0.3260116271929829,0.3260116271929829,nan,nan,10,,,,,,,,,,,,,,,,,,,,,,,,,,,,,,,0.6519238083146259,,,0.3260116271929829,,nan,,,
B5,zz_bytype_r3,quantum,58,13,114,153,51,0.3467872630101833,0.3467872630101833,0.3321149989250371,0.9912359615061129,0.32680492287959145,0.3066827869679314,0.3235191637630662,0.39146341463414636,7,0.9126009926204296,3.0655761116979026,109.98,molecule,zz,0.1,bytype,3,bytype,eig,0,"[0.000,3.142]",none,1,1,Z,ridge,1,1,adam,adjoint,100,22,0.510728030456802,0.044637122902847486,9.383815683785437,0.1018624964990541,0.2419639880308383,1.052950815368108,0.9613239143401757,0.36086790523962403,0.9912359615061129,7,0.32680492287959145,0.36086790523962403,0.3235191637630662,0.9918154416872822,7,0.3450772458286069
B5,xy_bytype_r3,quantum,58,13,114,153,51,0.3793245821478343,0.3793245821478343,0.3788847659024301,0.9884524216763394,0.2596253415545228,0.2593901783455306,0.409581881533101,0.409581881533101,7,0.9439805736774277,2.48749542237454,115.2,molecule,xy,0.1,bytype,3,bytype,eig,0,"[0.000,3.142]",none,1,1,Z,ridge,1,1,adam,adjoint,100,22,0.6982242009930884,0.03911411918416914,7.61429424921189,0.02086190354330267,0.19684717151081133,0.8842070079347955,0.9613239143401757,0.39269112206077805,0.9884524216763394,7,0.2596253415545228,0.39269112206077805,0.409581881533101,0.9885130667327724,7,0.38953106701509543
B5,none_r3,quantum,58,13,92,153,51,0.500476938625396,0.500476938625396,0.46125485581403186,0.9819242085677929,0.368235210380462,0.3918361804114714,0.1841463414634146,0.02648083623693379,7,0.32593001790680914,1.1628229374488201,84.05,molecule,none,0.0,fixed,3,fixed,eig,0,"[0.000,3.142]",none,1,1,Z,ridge,1,1,adam,adjoint,100,22,0.5528490558426696,0.3726589531721058,3.014021786971028,0.05718347660321576,0.0,0.0,0.9613239143401757,0.5057849852497333,0.9819242085677929,7,0.368235210380462,0.5057849852497333,0.1841463414634146,0.9839039411506026,7,0.4593696445382368
B5,zz_fixed_r3,quantum,58,13,92,153,51,0.5277494175227403,0.5277494175227403,0.5309036402231047,0.9752841227262391,0.3847312552809397,0.34458053284680945,0.5048780487804878,0.49163763066202093,7,0.47343697019924846,1.768820153102851,112.88,molecule,zz,0.1,fixed,3,fixed,eig,0,"[0.000,3.142]",none,1,1,Z,ridge,1,1,adam,adjoint,100,22,0.510728030456802,0.2689304991215042,4.761640629018031,0.5712788285532365,0.1,0.06719368409052928,0.9613239143401757,0.5047570722914864,0.9752841227262391,7,0.3847312552809397,0.5047570722914864,0.5048780487804878,0.976273551601868,7,0.5245787691324176
B5,xy_shuffled_r3,quantum,58,13,114,153,51,0.5165828685517203,0.5165828685517203,0.5110450957026873,0.9756379151824947,0.41695929595800135,0.4105760996846214,0.24250871080139375,0.2616724738675959,7,0.8617121993346305,2.3478480336573595,131.68,molecule,xy,0.1,bytype_shuffled,3,bytype_shuffled,eig,0,"[0.000,3.142]",none,1,1,Z,ridge,1,1,adam,adjoint,100,22,0.6982242009930884,0.09655588912666914,7.186829619825096,0.02283435900396773,0.08871343006457912,0.9650616714845555,0.9613239143401757,0.442141197573007,0.9756379151824947,7,0.41695929595800135,0.442141197573007,0.24250871080139375,0.9758547152686224,7,0.432382026007696
B5,krr_res,classical,58,13,153,153,51,0.5634756689997557,0.5634756689997557,0.5634756689997557,0.9731496608968299,0.44822788819241066,0.44822788819241066,-0.08885017421602785,-0.08885017421602785,7,,,,,,,,,,,,,,,,,,,,,,,,,,,,,,,0.6011966420464494,,,0.44822788819241066,,-0.08885017421602785,,,
B5,krr_cos_cl,classical,58,13,153,153,51,0.39180576427226316,0.39180576427226316,0.39180576427226316,0.9860048061863746,0.3704473642519676,0.3704473642519676,0.245993031358885,0.245993031358885,7,,,,,,,,,,,,,,,,,,,,,,,,,,,,,,,0.4041451464497256,,,0.3704473642519676,,0.245993031358885,,,
B5,ridge_raw_eig,classical,58,13,14,153,51,0.5621999275952677,0.5621999275952677,0.5621999275952677,0.9775480661862846,0.35236463804654455,0.35236463804654455,0.2353658536585366,0.2353658536585366,7,,,,,,,,,,,,,,,,,,,,,,,,,,,,,,,0.5867460406623798,,,0.35236463804654455,,0.2353658536585366,,,
B5,composition,classical,58,13,0,153,51,0.7377808766552143,0.7377808766552143,0.7377808766552143,0.96311080240479,0.4131040680246588,0.4131040680246588,nan,nan,7,,,,,,,,,,,,,,,,,,,,,,,,,,,,,,,0.8036147560827268,,,0.4131040680246588,,nan,,,
B5,zz_bytype_r3,quantum,59,13,114,148,56,0.3783227657922716,0.3783227657922716,0.37427390944287237,0.9834638720760703,0.2753696528170792,0.2742108671149747,0.8448551448551449,0.8442957042957043,11,0.9476318834187861,2.2859409333563288,105.41,molecule,zz,0.1,bytype,3,bytype,eig,0,"[0.000,3.142]",none,1,1,Z,ridge,1,1,adam,adjoint,100,22,0.4617419870775349,0.024180558209717685,6.996829459390867,0.016837711895342156,0.31353799747464595,0.8488557110708248,0.9684665804406566,0.3777820632988264,0.9834638720760703,11,0.2753696528170792,0.3777820632988264,0.8448551448551449,0.9835889934570068,11,0.37339282718795797
B5,xy_bytype_r3,quantum,59,13,114,148,56,0.6872281973943465,0.6872281973943465,0.6609950833042552,0.8882304186501382,0.5933045079239974,0.56297165121842,0.47596403596403597,0.47596403596403597,11,0.9498326297759508,2.910533558586433,112.79,molecule,xy,0.1,bytype,3,bytype,eig,0,"[0.000,3.142]",none,1,1,Z,ridge,1,1,adam,adjoint,100,22,0.6442732797596831,0.03232149615116645,8.908588427682222,0.14126306567145488,0.12848302169500175,0.8166543300008716,0.9684665804406566,0.6978781243858537,0.8882304186501382,11,0.5933045079239974,0.6978781243858537,0.47596403596403597,0.9129502768021671,11,0.6713375151571828
B5,none_r3,quantum,59,13,92,148,56,0.46901435711973083,0.46901435711973083,0.4588147475290119,0.9723644894518856,0.351932822925896,0.3454262601266729,0.2634565434565435,0.27184815184815186,11,0.43962904972894284,1.0951544064949483,79.96,molecule,none,0.0,fixed,3,fixed,eig,0,"[0.000,3.142]",none,1,1,Z,ridge,1,1,adam,adjoint,100,22,0.6010696935527646,0.33682199535529583,2.8383859352288954,0.002685762478116264,0.0,0.0,0.9684665804406566,0.4707553893335659,0.9723644894518856,11,0.351932822925896,0.4707553893335659,0.2634565434565435,0.9736893648793309,11,0.4590927958113477
B5,zz_fixed_r3,quantum,59,13,92,148,56,0.55449795847451,0.55449795847451,0.5532152517361958,0.9651329178539121,0.3207314530971854,0.31704158928105647,0.23044955044955048,0.28835164835164834,11,0.5157941842055025,1.5742324337131703,108.44,molecule,zz,0.1,fixed,3,fixed,eig,0,"[0.000,3.142]",none,1,1,Z,ridge,1,1,adam,adjoint,100,22,0.4617419870775349,0.22357815553945012,4.237468186927162,0.14006101484592007,0.1,0.06719368409052928,0.9684665804406566,0.5524512212742583,0.9651329178539121,11,0.3207314530971854,0.5524512212742583,0.23044955044955048,0.9654684355166951,11,0.5484184495284953
B5,xy_shuffled_r3,quantum,59,13,114,148,56,0.5945844930311103,0.5945844930311103,0.5912232624839842,0.961817657588419,0.30290616250958624,0.29982891659825517,0.40785214785214785,0.40785214785214785,11,0.7812546587730256,1.7506492909485447,125.28,molecule,xy,0.1,bytype_shuffled,3,bytype_shuffled,eig,0,"[0.000,3.142]",none,1,1,Z,ridge,1,1,adam,adjoint,100,22,0.6442732797596831,0.14093177842445384,5.358403777295306,0.01687340033683275,0.2230099608404289,0.3090053530325409,0.9684665804406566,0.5803429922265253,0.961817657588419,11,0.30290616250958624,0.5803429922265253,0.40785214785214785,0.9626475395715177,11,0.5784232331875581
B5,krr_res,classical,59,13,148,148,56,0.49987933816218166,0.49987933816218166,0.49987933816218166,0.9702232591771869,0.3820358809961688,0.3820358809961688,0.22767232767232767,0.22767232767232767,11,,,,,,,,,,,,,,,,,,,,,,,,,,,,,,,0.5000882386486334,,,0.3820358809961688,,0.22767232767232767,,,
B5,krr_cos_cl,classical,59,13,148,148,56,0.5184831456849202,0.5184831456849202,0.5184831456849202,0.9695368183954965,0.3061999549588403,0.3061999549588403,0.14233766233766235,0.14233766233766235,11,,,,,,,,,,,,,,,,,,,,,,,,,,,,,,,0.5262438251054091,,,0.3061999549588403,,0.14233766233766235,,,
B5,ridge_raw_eig,classical,59,13,14,148,56,0.5276590533030897,0.5276590533030897,0.5276590533030897,0.9684857038171234,0.2822079822825523,0.2822079822825523,0.3991208791208792,0.3991208791208792,11,,,,,,,,,,,,,,,,,,,,,,,,,,,,,,,0.5330057689749336,,,0.2822079822825523,,0.3991208791208792,,,
B5,composition,classical,59,13,0,148,56,0.7652573188630403,0.7652573188630403,0.7652573188630403,0.9360599498628871,0.4498260861078295,0.4498260861078295,nan,nan,11,,,,,,,,,,,,,,,,,,,,,,,,,,,,,,,0.7598243555694352,,,0.4498260861078295,,nan,,,
B5,zz_bytype_r3,quantum,60,13,114,157,47,0.44660388653111965,0.44660388653111965,0.4255974079986833,0.9814668351473306,0.3314370316916791,0.3155702411588814,0.6357142857142857,0.6357142857142857,12,0.9117367077744399,2.482652965658077,112.73,molecule,zz,0.1,bytype,3,bytype,eig,0,"[0.000,3.142]",none,1,1,Z,ridge,1,1,adam,adjoint,100,22,0.41605034813795194,0.03672197345824606,7.665083340427977,0.011148409699695765,0.12423089311805731,0.4947696941971523,0.9508473577359782,0.37871291791747624,0.9814668351473306,12,0.3314370316916791,0.37871291791747624,0.6357142857142857,0.9833679220122861,12,0.360853276011877
B5,xy_bytype_r3,quantum,60,13,114,157,47,0.9384950311398098,0.9384950311398098,0.5226862377377213,0.6461776254140372,0.31555612745908435,0.31345297290870916,0.2859357696566999,0.240531561461794,12,0.9042750479604962,2.3168226408261834,118.49,molecule,xy,0.1,bytype,3,bytype,eig,0,"[0.000,3.142]",none,1,1,Z,ridge,1,1,adam,adjoint,100,22,0.535845703883685,0.05129380430483995,7.153089405798545,0.16174346243367851,0.26030864466801734,1.0458898538980528,0.9508473577359782,0.4651127459822805,0.6461776254140372,12,0.31555612745908435,0.4651127459822805,0.2859357696566999,0.9797708214536642,12,0.4652827395317738
B5,none_r3,quantum,60,13,92,157,47,0.6231080297354782,0.6231080297354782,0.6366688710524162,0.9629520948642497,0.39767418579917563,0.4111887269352665,0.19507198228128458,0.19507198228128458,12,0.28585505977736864,1.1696354777795164,86.39,molecule,none,0.0,fixed,3,fixed,eig,0,"[0.000,3.142]",none,1,1,Z,ridge,1,1,adam,adjoint,100,22,0.3804258717701165,0.27167921145441226,3.062591134070732,0.0030796297993313316,0.0,0.0,0.9508473577359782,0.5079620387335673,0.9629520948642497,12,0.39767418579917563,0.5079620387335673,0.19507198228128458,0.9625531459714617,12,0.501303415667973
B5,zz_fixed_r3,quantum,60,13,92,157,47,0.4729761247476707,0.4729761247476707,0.4605890098691364,0.9783832063331529,0.3025894854269008,0.3050141803240543,0.4201550387596899,0.39689922480620154,12,0.6100268168962877,1.6937491654816186,115.51,molecule,zz,0.1,fixed,3,fixed,eig,0,"[0.000,3.142]",none,1,1,Z,ridge,1,1,adam,adjoint,100,22,0.41605034813795194,0.16224847859476474,4.604313216634112,0.47561619431787033,0.1,0.06719368409052928,0.9508473577359782,0.40169180776590885,0.9783832063331529,12,0.3025894854269008,0.40169180776590885,0.4201550387596899,0.9779299105485659,12,0.38805443584156657
B5,xy_shuffled_r3,quantum,60,13,114,157,47,0.6543482058844875,0.6543482058844875,0.6326407659961476,0.9563969196252303,0.41721364418734147,0.4128776365709754,0.25049833887043194,0.23720930232558138,12,0.8366964056901165,2.4105609058686257,135.19,molecule,xy,0.1,bytype_shuffled,3,bytype_shuffled,eig,0,"[0.000,3.142]",none,1,1,Z,ridge,1,1,adam,adjoint,100,22,0.535845703883685,0.0875055294397153,7.4425022329944674,0.03753962707867457,0.3503005714866276,0.625432015995692,0.9508473577359782,0.5189396304480027,0.9563969196252303,12,0.41721364418734147,0.5189396304480027,0.25049833887043194,0.9618382953551569,12,0.5285968123092661
B5,krr_res,classical,60,13,157,157,47,0.37628754792891694,0.37628754792891694,0.37628754792891694,0.9888912068092827,0.23619202489494392,0.23619202489494392,0.44451827242524916,0.44451827242524916,12,,,,,,,,,,,,,,,,,,,,,,,,,,,,,,,0.3217056131702233,,,0.23619202489494392,,0.44451827242524916,,,
B5,krr_cos_cl,classical,60,13,157,157,47,0.5790294036643804,0.5790294036643804,0.5790294036643804,0.9685217614518431,0.33318610964097656,0.33318610964097656,0.3013842746400886,0.3013842746400886,12,,,,,,,,,,,,,,,,,,,,,,,,,,,,,,,0.43343920342278874,,,0.33318610964097656,,0.3013842746400886,,,
B5,ridge_raw_eig,classical,60,13,14,157,47,0.5380654197964915,0.5380654197964915,0.5380654197964915,0.9775801468125437,0.3171695054752274,0.3171695054752274,0.29778516057585824,0.29778516057585824,12,,,,,,,,,,,,,,,,,,,,,,,,,,,,,,,0.45794458883767764,,,0.3171695054752274,,0.29778516057585824,,,
B5,composition,classical,60,13,0,157,47,0.4647770031956186,0.4647770031956186,0.4647770031956186,0.9850120265912733,0.3066781688815063,0.3066781688815063,nan,nan,12,,,,,,,,,,,,,,,,,,,,,,,,,,,,,,,0.4881766752753773,,,0.3066781688815063,,nan,,,
B5,zz_bytype_r3,quantum,61,13,114,151,53,0.8641373633628312,0.8641373633628312,0.41277821762652395,0.45145394122847693,0.23223167778687584,0.22118741396920003,0.42705167173252273,0.44650455927051674,10,0.9198315028870591,1.6769415782588415,109.24,molecule,zz,0.1,bytype,3,bytype,eig,0,"[0.000,3.142]",none,1,1,Z,ridge,1,1,adam,adjoint,100,22,0.5971192296647915,0.04787015123946341,5.140185953382151,0.07625040546401514,0.034475958164752664,0.39048580760827645,0.9636547565058617,0.29804018586071723,0.45145394122847693,10,0.23223167778687584,0.29804018586071723,0.42705167173252273,0.9848070906280565,10,0.29755210526057313
B5,xy_bytype_r3,quantum,61,13,114,151,53,0.7362447532840806,0.7362447532840806,0.6563981409293548,0.8900798238790443,0.23515209780886406,0.23078782784877735,0.6382978723404256,0.6851063829787235,10,0.913775068620122,2.0603973339234924,113.65,molecule,xy,0.1,bytype,3,bytype,eig,0,"[0.000,3.142]",none,1,1,Z,ridge,1,1,adam,adjoint,100,22,0.500770457195627,0.04317889830876302,6.315560167108481,0.0421429904322313,0.10275638291388957,0.4144482230047468,0.9636547565058617,0.41773809947091245,0.8900798238790443,10,0.23515209780886406,0.41773809947091245,0.6382978723404256,0.9456610701015282,10,0.4170521577420274
B5,none_r3,quantum,61,13,92,151,53,0.7979266893269769,0.7979266893269769,0.5759358410089401,0.8234464853218652,0.27323345121346815,0.268565917699383,0.2468085106382979,0.239209726443769,10,0.3331869302399568,1.5135449839436532,82.56,molecule,none,0.0,fixed,3,fixed,eig,0,"[0.000,3.142]",none,1,1,Z,ridge,1,1,adam,adjoint,100,22,0.5375301669664604,0.358432140723534,3.9294247882421938,0.007369842349871972,0.0,0.0,0.9636547565058617,0.3924897112964841,0.8234464853218652,10,0.27323345121346815,0.3924897112964841,0.2468085106382979,0.9660392555432319,10,0.391320726405825
B5,zz_fixed_r3,quantum,61,13,92,151,53,1.0311510344001857,1.0311510344001857,0.5967624782014908,0.49341795690436596,0.26575718121624253,0.25668525426724176,0.47781155015197574,0.45896656534954405,10,0.6090207027552412,2.126056712452384,111.44,molecule,zz,0.1,fixed,3,fixed,eig,0,"[0.000,3.142]",none,1,1,Z,ridge,1,1,adam,adjoint,100,22,0.5971192296647915,0.23346125678567187,5.732216938663053,0.31049944414407576,0.1,0.06719368409052928,0.9636547565058617,0.37287840113909937,0.49341795690436596,10,0.26575718121624253,0.37287840113909937,0.47781155015197574,0.9505787630186391,10,0.364416399834758
B5,xy_shuffled_r3,quantum,61,13,114,151,53,1.1523138409572717,1.1523138409572717,0.7267409704726906,0.4997315661273172,0.9294966717200354,0.4769618238033089,0.36231003039513676,0.26899696048632216,10,0.7018633010708681,3.167820915096815,130.76,molecule,xy,0.1,bytype_shuffled,3,bytype_shuffled,eig,0,"[0.000,3.142]",none,1,1,Z,ridge,1,1,adam,adjoint,100,22,0.500770457195627,0.14929805102953636,9.710051191835543,0.016671120728885297,-0.019667124307766407,1.8379100506111123,0.9636547565058617,1.0175883145178395,0.4997315661273172,10,0.9294966717200354,1.0175883145178395,0.36231003039513676,0.9371835275175926,10,0.48777305684407335
B5,krr_res,classical,61,13,151,151,53,0.5173267092998759,0.5173267092998759,0.5173267092998759,0.9760264397657298,0.24464743095571514,0.24464743095571514,0.4814589665653495,0.4814589665653495,10,,,,,,,,,,,,,,,,,,,,,,,,,,,,,,,0.48068825235750146,,,0.24464743095571514,,0.4814589665653495,,,
B5,krr_cos_cl,classical,61,13,151,151,53,0.6014236648492249,0.6014236648492249,0.6014236648492249,0.9653000146109206,0.24456862981943603,0.24456862981943603,0.36626139817629183,0.36626139817629183,10,,,,,,,,,,,,,,,,,,,,,,,,,,,,,,,0.42295009957561025,,,0.24456862981943603,,0.36626139817629183,,,
B5,ridge_raw_eig,classical,61,13,14,151,53,0.7806015486187904,0.7806015486187904,0.7806015486187904,0.8733488934325697,0.2233861250551033,0.2233861250551033,0.3996960486322188,0.3996960486322188,10,,,,,,,,,,,,,,,,,,,,,,,,,,,,,,,0.49578230598971684,,,0.2233861250551033,,0.3996960486322188,,,
B5,composition,classical,61,13,0,151,53,0.7061375921627349,0.7061375921627349,0.7061375921627349,0.9590658295213429,0.2818467796558056,0.2818467796558056,nan,nan,10,,,,,,,,,,,,,,,,,,,,,,,,,,,,,,,0.730662973941444,,,0.2818467796558056,,nan,,,
B2,zz_bytype_r3,quantum,42,13,102,186,48,0.37410325266458183,0.37410325266458183,0.35180406045291307,0.9808949808324261,0.3702062400271852,0.35887562868855655,0.6225506241776579,0.6477726278727531,5,0.9300247442328441,3.7684200710727374,131.07,molecule,zz,0.1,bytype,3,bytype,eig,0,"[0.000,3.142]",none,1,1,Z,ridge,1,1,adam,adjoint,100,10,0.3163685860647564,0.0221379727265748,8.937202904111656,0.027763049115350918,0.30574086201296535,1.0210078041950947,0.9247372722389396,0.37075035669273176,0.9808949808324261,5,0.3702062400271852,0.37075035669273176,0.6225506241776579,0.9814354812297659,5,0.3493821749389926
B2,xy_bytype_r3,quantum,42,13,102,186,48,0.38778340177534076,0.38778340177534076,0.39669797497993403,0.9770983692901087,0.40621298646605336,0.41364790604261803,0.5304716976807089,0.5399450778674808,5,0.9317118565663154,2.715374504944675,138.62,molecule,xy,0.1,bytype,3,bytype,eig,0,"[0.000,3.142]",none,1,1,Z,ridge,1,1,adam,adjoint,100,10,0.46224398405633355,0.031565783484596696,6.439795047698621,0.015593069780960901,0.2762699002765647,0.6701840803145086,0.9247372722389396,0.3923271064187101,0.9770983692901087,5,0.40621298646605336,0.3923271064187101,0.5304716976807089,0.9770832723697971,5,0.4004113282687011
B2,none_r3,quantum,42,13,92,186,48,0.747559073748263,0.747559073748263,0.7852190836435341,0.9173792663660914,0.736258051797997,0.780020371233102,-0.15232181252206287,-0.11496742723275889,5,0.3025982120822032,1.2252173375233997,100.45,molecule,none,0.0,fixed,3,fixed,eig,0,"[0.000,3.142]",none,1,1,Z,ridge,1,1,adam,adjoint,100,10,0.47331339587494203,0.3300896085286285,2.5182835040751455,0.006136951929782935,0.0,0.0,0.9247372722389396,0.7559160312429591,0.9173792663660914,5,0.736258051797997,0.7559160312429591,-0.15232181252206287,0.903433710642936,5,0.8007497861799928
B2,zz_fixed_r3,quantum,42,13,92,186,48,0.35816198432268936,0.35816198432268936,0.3507915687791388,0.984308078980988,0.3257941087102497,0.3194604343044001,0.7678783461011246,0.7850243206939077,5,0.8291600509720549,2.4135051614828984,141.23,molecule,zz,0.1,fixed,3,fixed,eig,0,"[0.000,3.142]",none,1,1,Z,ridge,1,1,adam,adjoint,100,10,0.3163685860647564,0.05404839311734604,5.202013452446745,0.11023751907405602,0.1,0.03807498052542948,0.9247372722389396,0.3603667999227218,0.984308078980988,5,0.3257941087102497,0.3603667999227218,0.7678783461011246,0.9837450525702469,5,0.3504090667343582
B2,xy_shuffled_r3,quantum,42,13,102,186,48,0.5313309410117744,0.5313309410117744,0.5125115861189503,0.9600003408832698,0.5176504052091356,0.5057830944373808,0.4703966038133748,0.5150201488123891,5,0.8593984925197072,4.699080489668224,154.32,molecule,xy,0.1,bytype_shuffled,3,bytype_shuffled,eig,0,"[0.000,3.142]",none,1,1,Z,ridge,1,1,adam,adjoint,100,10,0.46224398405633355,0.06499220098201693,11.14436156449042,0.01238017351765156,0.7891709047000542,2.0823306716394057,0.9247372722389396,0.5363778261071935,0.9600003408832698,5,0.5176504052091356,0.5363778261071935,0.4703966038133748,0.9638498925508064,5,0.5189841410988751
B2,krr_res,classical,42,13,186,186,48,0.6811571597327397,0.6811571597327397,0.6811571597327397,0.9395774103351522,0.6390560073707323,0.6390560073707323,0.5852507942620583,0.5852507942620583,5,,,,,,,,,,,,,,,,,,,,,,,,,,,,,,,0.6950594074132722,,,0.6390560073707323,,0.5852507942620583,,,
B2,krr_cos_cl,classical,42,13,186,186,48,0.6361009351041863,0.6361009351041863,0.6361009351041863,0.9519416708433783,0.5406194706923164,0.5406194706923164,0.1986003566729474,0.1986003566729474,5,,,,,,,,,,,,,,,,,,,,,,,,,,,,,,,0.6478626699135099,,,0.5406194706923164,,0.1986003566729474,,,
B2,ridge_raw_eig,classical,42,13,14,186,48,0.7368428468203495,0.7368428468203495,0.7368428468203495,0.9296944840337931,0.6504060412509536,0.6504060412509536,0.14094953857156609,0.14094953857156609,5,,,,,,,,,,,,,,,,,,,,,,,,,,,,,,,0.7507673104932782,,,0.6504060412509536,,0.14094953857156609,,,
B2,composition,classical,42,13,0,186,48,0.6091131798716901,0.6091131798716901,0.6091131798716901,0.9482859377786128,0.5366802669706161,0.5366802669706161,nan,nan,5,,,,,,,,,,,,,,,,,,,,,,,,,,,,,,,0.5987068286763032,,,0.5366802669706161,,nan,,,
B2,zz_bytype_r3,quantum,43,13,102,169,65,0.2966151258902318,0.2966151258902318,0.3002889584971915,0.9863334130030625,0.2668587033385269,0.2713090561675845,0.7084340363300494,0.7376143866310892,5,0.8643322306141931,3.2278347184106932,119.62,molecule,zz,0.1,bytype,3,bytype,eig,0,"[0.000,3.142]",none,1,1,Z,ridge,1,1,adam,adjoint,100,10,0.28037675008796775,0.03803808827207644,9.00655217139961,0.034239989375228305,-0.1497260448253581,1.2263503103651614,0.9314588503605206,0.2970568553679326,0.9863334130030625,5,0.2668587033385269,0.2970568553679326,0.7084340363300494,0.9860416554662175,5,0.3008660543411791
B2,xy_bytype_r3,quantum,43,13,102,169,65,0.2744859717891433,0.2744859717891433,0.26833723049665154,0.9865847352090721,0.26659354713223893,0.2612065306282487,0.7684079091406678,0.7626736111111111,5,0.9046212507168854,1.7171095859395349,127.58,molecule,xy,0.1,bytype,3,bytype,eig,0,"[0.000,3.142]",none,1,1,Z,ridge,1,1,adam,adjoint,100,10,0.34410673560012817,0.032820470061435646,4.791210956857638,0.008502003814696405,0.36275859947898265,0.4113013865153385,0.9314588503605206,0.2765046363165018,0.9865847352090721,5,0.26659354713223893,0.2765046363165018,0.7684079091406678,0.9869391585930377,5,0.2698359035637524
B2,none_r3,quantum,43,13,92,169,65,0.5582219001164194,0.5582219001164194,0.5473090361648173,0.9536012573801887,0.49851730906622393,0.486406769507583,0.6146107006020798,0.6341750906540776,5,0.29039851653278625,0.9683889147466167,89.87,molecule,none,0.0,fixed,3,fixed,eig,0,"[0.000,3.142]",none,1,1,Z,ridge,1,1,adam,adjoint,100,10,0.4032780625483682,0.2861667114341059,2.3958416117621057,0.009167573586784857,0.0,0.0,0.9314588503605206,0.5614628356558506,0.9536012573801887,5,0.49851730906622393,0.5614628356558506,0.6146107006020798,0.956032273754704,5,0.5478300376428302
B2,zz_fixed_r3,quantum,43,13,92,169,65,0.3478133979335117,0.3478133979335117,0.27566863196955377,0.9825813280352946,0.31097561994553813,0.23341437168737067,0.6008744697591679,0.6760361076902025,5,0.6716004481592623,1.895537867117015,120.96,molecule,zz,0.1,fixed,3,fixed,eig,0,"[0.000,3.142]",none,1,1,Z,ridge,1,1,adam,adjoint,100,10,0.28037675008796775,0.0920755990754511,4.87920732317129,0.15336133241183306,0.1,0.03807498052542948,0.9314588503605206,0.34235873666543637,0.9825813280352946,5,0.31097561994553813,0.34235873666543637,0.6008744697591679,0.9894650765409859,5,0.27218001730009544
B2,xy_shuffled_r3,quantum,43,13,102,169,65,0.32762776860091936,0.32762776860091936,0.3362205457882839,0.9846284061335395,0.2795320965636635,0.2877301441614847,0.677499187534209,0.6715190116995073,5,0.8498952138266963,1.5161898887144185,144.05,molecule,xy,0.1,bytype_shuffled,3,bytype_shuffled,eig,0,"[0.000,3.142]",none,1,1,Z,ridge,1,1,adam,adjoint,100,10,0.34410673560012817,0.05165206796805075,4.23058939683835,0.019218620429267714,0.22058301775035502,0.12063184790524606,0.9314588503605206,0.3290689448673899,0.9846284061335395,5,0.2795320965636635,0.3290689448673899,0.677499187534209,0.9839657783673098,5,0.33775213338181775
B2,krr_res,classical,43,13,169,169,65,0.6047720141101277,0.6047720141101277,0.6047720141101277,0.949523165311856,0.49123013680082084,0.49123013680082084,0.5986637075807335,0.5986637075807335,5,,,,,,,,,,,,,,,,,,,,,,,,,,,,,,,0.6088856455316252,,,0.49123013680082084,,0.5986637075807335,,,
B2,krr_cos_cl,classical,43,13,169,169,65,0.6419241453647743,0.6419241453647743,0.6419241453647743,0.9422889027716322,0.6280785460972806,0.6280785460972806,0.5968305281882866,0.5968305281882866,5,,,,,,,,,,,,,,,,,,,,,,,,,,,,,,,0.6496727442230569,,,0.6280785460972806,,0.5968305281882866,,,
B2,ridge_raw_eig,classical,43,13,14,169,65,0.6021230462798086,0.6021230462798086,0.6021230462798086,0.9489307654953059,0.5077271492352396,0.5077271492352396,0.5925723522167488,0.5925723522167488,5,,,,,,,,,,,,,,,,,,,,,,,,,,,,,,,0.6109936214607954,,,0.5077271492352396,,0.5925723522167488,,,
B2,composition,classical,43,13,0,169,65,0.6624133951155353,0.6624133951155353,0.6624133951155353,0.9224203236303767,0.6565540891910129,0.6565540891910129,nan,nan,5,,,,,,,,,,,,,,,,,,,,,,,,,,,,,,,0.6553848184209322,,,0.6565540891910129,,nan,,,
B2,zz_bytype_r3,quantum,44,13,102,171,63,0.2372602117658722,0.2372602117658722,0.2229429845479823,0.9929755908474323,0.18791245184973407,0.19370123646548143,0.8146527624531149,0.8171955312779309,4,0.8939765651583771,3.065588734727837,122.54,molecule,zz,0.1,bytype,3,bytype,eig,0,"[0.000,3.142]",none,1,1,Z,ridge,1,1,adam,adjoint,100,10,0.4195960492371376,0.04448701438609603,8.387263628720431,0.02389542279856956,0.5929392575189467,0.3650566236494561,0.9295818641443715,0.22964626969635527,0.9929755908474323,4,0.18791245184973407,0.22964626969635527,0.8146527624531149,0.9932331629923818,4,0.21471204485528309
B2,xy_bytype_r3,quantum,44,13,102,171,63,0.38504612184537046,0.38504612184537046,0.3758817295937807,0.9776248620388744,0.34661861052303705,0.3388256127496002,0.7452993171162292,0.7445278609927962,4,0.9557814865607857,2.3789979007682485,126.67,molecule,xy,0.1,bytype,3,bytype,eig,0,"[0.000,3.142]",none,1,1,Z,ridge,1,1,adam,adjoint,100,10,0.5230538487876738,0.023128663642050528,6.5087930223253645,0.009296043862398918,0.1352653588803449,0.668917145853991,0.9295818641443715,0.38208071534797217,0.9776248620388744,4,0.34661861052303705,0.38208071534797217,0.7452993171162292,0.9786837846900617,4,0.3738835290904217
B2,none_r3,quantum,44,13,92,171,63,0.49634964299555856,0.49634964299555856,0.6307741655271845,0.9656177826248353,0.4741067639230196,0.578171422340086,0.5474491867768229,0.4165243194422192,4,0.3898721586631793,1.433846068711753,91.42,molecule,none,0.0,fixed,3,fixed,eig,0,"[0.000,3.142]",none,1,1,Z,ridge,1,1,adam,adjoint,100,10,0.5233159359587121,0.3192896223436469,3.4694933707691638,0.04767723344108028,0.0,0.0,0.9295818641443715,0.5080339105197048,0.9656177826248353,4,0.4741067639230196,0.5080339105197048,0.5474491867768229,0.9447436160501067,4,0.6266603032651902
B2,zz_fixed_r3,quantum,44,13,92,171,63,0.3012845821829935,0.3012845821829935,0.30550502634004534,0.9891506575538234,0.2738702316839072,0.28536160583700076,0.7697239578977351,0.7483515868961285,4,0.8185143934306044,2.060539233523022,123.03,molecule,zz,0.1,fixed,3,fixed,eig,0,"[0.000,3.142]",none,1,1,Z,ridge,1,1,adam,adjoint,100,10,0.4195960492371376,0.07615064350992393,5.191963754901364,0.28944969315040664,0.1,0.03807498052542948,0.9295818641443715,0.29871076648875117,0.9891506575538234,4,0.2738702316839072,0.29871076648875117,0.7697239578977351,0.9883894889069551,4,0.3036513247361922
B2,xy_shuffled_r3,quantum,44,13,102,171,63,0.5645563222165813,0.5645563222165813,0.5510892609087535,0.9608797391362506,0.47307292045379523,0.4662418334207327,0.5854652668405869,0.5560953867474667,4,0.8192434536132522,2.9815655424346135,147.11,molecule,xy,0.1,bytype_shuffled,3,bytype_shuffled,eig,0,"[0.000,3.142]",none,1,1,Z,ridge,1,1,adam,adjoint,100,10,0.5230538487876738,0.09454540728115612,8.157381304093315,0.018155087293693566,0.5363023313524649,0.2443155753139984,0.9295818641443715,0.5561929840314995,0.9608797391362506,4,0.47307292045379523,0.5561929840314995,0.5854652668405869,0.961226207496478,4,0.54018903917903
B2,krr_res,classical,44,13,171,171,63,0.5926413132892535,0.5926413132892535,0.5926413132892535,0.9548686543287882,0.5497412867235382,0.5497412867235382,0.5528596408671558,0.5528596408671558,4,,,,,,,,,,,,,,,,,,,,,,,,,,,,,,,0.595901031685486,,,0.5497412867235382,,0.5528596408671558,,,
B2,krr_cos_cl,classical,44,13,171,171,63,0.6412364987158371,0.6412364987158371,0.6412364987158371,0.9498132955568802,0.6127955173818641,0.6127955173818641,0.4511915618123845,0.4511915618123845,4,,,,,,,,,,,,,,,,,,,,,,,,,,,,,,,0.6420675946111787,,,0.6127955173818641,,0.4511915618123845,,,
B2,ridge_raw_eig,classical,44,13,14,171,63,0.6362925136697936,0.6362925136697936,0.6362925136697936,0.9509392254374132,0.4075452058271443,0.4075452058271443,0.5438031094034819,0.5438031094034819,4,,,,,,,,,,,,,,,,,,,,,,,,,,,,,,,0.6490906357285264,,,0.4075452058271443,,0.5438031094034819,,,
B2,composition,classical,44,13,0,171,63,0.8146456615229258,0.8146456615229258,0.8146456615229258,0.9259861212906645,0.7278707640515227,0.7278707640515227,nan,nan,4,,,,,,,,,,,,,,,,,,,,,,,,,,,,,,,0.8259985795683434,,,0.7278707640515227,,nan,,,
B2,zz_bytype_r3,quantum,45,13,102,162,72,0.28351691477224034,0.28351691477224034,0.28598045899383906,0.9880578524945098,0.22995042552950445,0.23343715043249658,0.7946078500086847,0.807041669045394,4,0.8462456301343023,2.7843670244864813,115.72,molecule,zz,0.1,bytype,3,bytype,eig,0,"[0.000,3.142]",none,1,1,Z,ridge,1,1,adam,adjoint,100,10,0.3514169913588076,0.054031898066472794,7.426351161007279,0.02480110101829477,0.09799797556645998,0.3332341483664303,0.9394922057911286,0.2863148629811552,0.9880578524945098,4,0.22995042552950445,0.2863148629811552,0.7946078500086847,0.9879000828157236,4,0.2881705662497989
B2,xy_bytype_r3,quantum,45,13,102,162,72,0.2302995884746075,0.2302995884746075,0.23839956653638764,0.9890381203998062,0.20323247299576427,0.20041549248743246,0.7667307197098362,0.8174872714039014,4,0.9083536947541547,2.0756277025840872,121.14,molecule,xy,0.1,bytype,3,bytype,eig,0,"[0.000,3.142]",none,1,1,Z,ridge,1,1,adam,adjoint,100,10,0.3973318551782498,0.03641399648356387,5.536030294622191,0.03747514449803864,0.26932673490957104,0.3219807319030546,0.9394922057911286,0.2053489532211186,0.9890381203998062,4,0.20323247299576427,0.2053489532211186,0.7667307197098362,0.988482161496923,4,0.2136763517298703
B2,none_r3,quantum,45,13,92,162,72,0.48449292214361706,0.48449292214361706,0.5342057554858504,0.9663631758373584,0.4136792246850521,0.4290329551576154,0.6632237270761219,0.679637435394211,4,0.3741740015797877,1.2836633858341453,86.8,molecule,none,0.0,fixed,3,fixed,eig,0,"[0.000,3.142]",none,1,1,Z,ridge,1,1,adam,adjoint,100,10,0.5022326714871501,0.3143102630726962,3.0178050817892275,0.01581400176670231,0.0,0.0,0.9394922057911286,0.48143532587054216,0.9663631758373584,4,0.4136792246850521,0.48143532587054216,0.6632237270761219,0.9619827045513029,4,0.5179093361621938
B2,zz_fixed_r3,quantum,45,13,92,162,72,0.30836192864071976,0.30836192864071976,0.3187333514926595,0.987693041223094,0.29116593264643825,0.3027483794006843,0.7950564460470452,0.8183716438178692,4,0.72945753929068,1.3756378037893235,116.78,molecule,zz,0.1,fixed,3,fixed,eig,0,"[0.000,3.142]",none,1,1,Z,ridge,1,1,adam,adjoint,100,10,0.3514169913588076,0.09507321757727767,3.3715944466654384,0.12880017751360237,0.1,0.03807498052542948,0.9394922057911286,0.30630390480323594,0.987693041223094,4,0.29116593264643825,0.30630390480323594,0.7950564460470452,0.9850048520588401,4,0.3221195805837121
B2,xy_shuffled_r3,quantum,45,13,102,162,72,0.3717173706685123,0.3717173706685123,0.3463656867108966,0.973792397894475,0.27922798514631453,0.272588746427724,0.830995832178731,0.8138309294565923,4,0.8122550792442694,2.7570770365893473,136.56,molecule,xy,0.1,bytype_shuffled,3,bytype_shuffled,eig,0,"[0.000,3.142]",none,1,1,Z,ridge,1,1,adam,adjoint,100,10,0.3973318551782498,0.07459703766416793,7.353564408570742,0.01762919258774842,0.5348927569453525,1.3513111270592904,0.9394922057911286,0.3323425368438822,0.973792397894475,4,0.27922798514631453,0.3323425368438822,0.830995832178731,0.9823157049690447,4,0.327359143537226
B2,krr_res,classical,45,13,162,162,72,0.8430975960861508,0.8430975960861508,0.8430975960861508,0.9167069179950337,0.709499651923689,0.709499651923689,0.39516504939887037,0.39516504939887037,4,,,,,,,,,,,,,,,,,,,,,,,,,,,,,,,0.8328115331216671,,,0.709499651923689,,0.39516504939887037,,,
B2,krr_cos_cl,classical,45,13,162,162,72,0.6193456029320586,0.6193456029320586,0.6193456029320586,0.946173781783346,0.5818707124360911,0.5818707124360911,0.49709547816105215,0.49709547816105215,4,,,,,,,,,,,,,,,,,,,,,,,,,,,,,,,0.610073669771221,,,0.5818707124360911,,0.49709547816105215,,,
B2,ridge_raw_eig,classical,45,13,14,162,72,0.7406755462186129,0.7406755462186129,0.7406755462186129,0.9366145508082981,0.5746760375529257,0.5746760375529257,0.5428391221572229,0.5428391221572229,4,,,,,,,,,,,,,,,,,,,,,,,,,,,,,,,0.7280712442789773,,,0.5746760375529257,,0.5428391221572229,,,
B2,composition,classical,45,13,0,162,72,0.8409051471152678,0.8409051471152678,0.8409051471152678,0.9019157184054577,0.7863098947350777,0.7863098947350777,nan,nan,4,,,,,,,,,,,,,,,,,,,,,,,,,,,,,,,0.834753770914757,,,0.7863098947350777,,nan,,,
B2,zz_bytype_r3,quantum,46,13,102,166,68,0.2394032648191569,0.2394032648191569,0.23995236467426515,0.9889878683856497,0.20975293970867806,0.21721004644374178,0.8815771349862258,0.8757329791420699,5,0.8474026905168308,2.024683150083937,118.39,molecule,zz,0.1,bytype,3,bytype,eig,0,"[0.000,3.142]",none,1,1,Z,ridge,1,1,adam,adjoint,100,10,0.2709556921554012,0.04134710961206408,5.986387606019871,0.0047515127118511295,0.26632974432348794,0.2484560930840443,0.9355219237672779,0.22109101775431333,0.9889878683856497,5,0.20975293970867806,0.22109101775431333,0.8815771349862258,0.9894283422848377,5,0.22275543375134726
B2,xy_bytype_r3,quantum,46,13,102,166,68,0.25827748289052826,0.25827748289052826,0.25690126985054224,0.988478376835987,0.24263282521346843,0.24570565082369444,0.8312524596615506,0.8314689098780007,5,0.9091472115031224,2.1747007841262986,125.69,molecule,xy,0.1,bytype,3,bytype,eig,0,"[0.000,3.142]",none,1,1,Z,ridge,1,1,adam,adjoint,100,10,0.5029217761815178,0.04569184576189343,6.429945258523864,0.013007013720426357,0.14084778674796772,0.6000400975100212,0.9355219237672779,0.25565825930869235,0.988478376835987,5,0.24263282521346843,0.25565825930869235,0.8312524596615506,0.9883186448271021,5,0.2552672318346678
B2,none_r3,quantum,46,13,92,166,68,0.4829434589571315,0.4829434589571315,0.47482706542126474,0.9607556509404459,0.3955952635299677,0.376469221276499,0.6394234553325462,0.619185360094451,5,0.5022794943085651,1.2326909813703275,90.57,molecule,none,0.0,fixed,3,fixed,eig,0,"[0.000,3.142]",none,1,1,Z,ridge,1,1,adam,adjoint,100,10,0.5554145065493846,0.2764411890681185,3.2548905323469284,0.018698755567652707,0.0,0.0,0.9355219237672779,0.46409693420372494,0.9607556509404459,5,0.3955952635299677,0.46409693420372494,0.6394234553325462,0.9638927859453759,5,0.4555713838962648
B2,zz_fixed_r3,quantum,46,13,92,166,68,0.294788056119334,0.294788056119334,0.28725029008365094,0.9869941290504235,0.23493266304361074,0.23120656176784785,0.7705545716909352,0.7878246753246753,5,0.7103310753251042,1.996613498639676,121.38,molecule,zz,0.1,fixed,3,fixed,eig,0,"[0.000,3.142]",none,1,1,Z,ridge,1,1,adam,adjoint,100,10,0.2709556921554012,0.07848744398119716,5.471670695023595,0.10546090342583651,0.1,0.03807498052542948,0.9355219237672779,0.2768994465157383,0.9869941290504235,5,0.23493266304361074,0.2768994465157383,0.7705545716909352,0.9877617623078986,5,0.270083739609907
B2,xy_shuffled_r3,quantum,46,13,102,166,68,0.2880854282770932,0.2880854282770932,0.28939533860025746,0.985385674194317,0.2568428856793807,0.2552071642193188,0.7818903318903319,0.7913239538239537,5,0.8692723522841893,2.899145384430952,140.7,molecule,xy,0.1,bytype_shuffled,3,bytype_shuffled,eig,0,"[0.000,3.142]",none,1,1,Z,ridge,1,1,adam,adjoint,100,10,0.5029217761815178,0.06574578078526729,8.571913090049506,0.011840682597734728,0.5526888654914444,1.1973640791671218,0.9355219237672779,0.27281361533411486,0.985385674194317,5,0.2568428856793807,0.27281361533411486,0.7818903318903319,0.9875209853039881,5,0.28143790994344037
B2,krr_res,classical,46,13,166,166,68,0.5892267486343638,0.5892267486343638,0.5892267486343638,0.9279397870555859,0.4656399651755584,0.4656399651755584,0.5452446543355634,0.5452446543355634,5,,,,,,,,,,,,,,,,,,,,,,,,,,,,,,,0.5380356371714282,,,0.4656399651755584,,0.5452446543355634,,,
B2,krr_cos_cl,classical,46,13,166,166,68,0.516950732541937,0.516950732541937,0.516950732541937,0.9570894652305659,0.4839888128860091,0.4839888128860091,0.5389905548996458,0.5389905548996458,5,,,,,,,,,,,,,,,,,,,,,,,,,,,,,,,0.517333152502383,,,0.4839888128860091,,0.5389905548996458,,,
B2,ridge_raw_eig,classical,46,13,14,166,68,0.5122160259890716,0.5122160259890716,0.5122160259890716,0.9540173552560806,0.40278336893376016,0.40278336893376016,0.6607765971402334,0.6607765971402334,5,,,,,,,,,,,,,,,,,,,,,,,,,,,,,,,0.46359036014770666,,,0.40278336893376016,,0.6607765971402334,,,
B2,composition,classical,46,13,0,166,68,0.8243920876980964,0.8243920876980964,0.8243920876980964,0.9066160588832575,0.6683035673443316,0.6683035673443316,nan,nan,5,,,,,,,,,,,,,,,,,,,,,,,,,,,,,,,0.8086996293420562,,,0.6683035673443316,,nan,,,
B2,zz_bytype_r3,quantum,47,13,102,168,66,0.28252343210820435,0.28252343210820435,0.2800408690536008,0.9890724598787773,0.25244893603699947,0.24989186910975794,0.8688811188811189,0.8688811188811189,6,0.860638848635594,2.075882702466977,118.36,molecule,zz,0.1,bytype,3,bytype,eig,0,"[0.000,3.142]",none,1,1,Z,ridge,1,1,adam,adjoint,100,10,0.28904073713598644,0.040281049918487695,5.790709285240057,0.3093740437926575,0.034434845122680934,0.2876265674006707,0.9373206415645479,0.2774006105087535,0.9890724598787773,6,0.25244893603699947,0.2774006105087535,0.8688811188811189,0.9891489661553993,6,0.2752203653701517
B2,xy_bytype_r3,quantum,47,13,102,168,66,0.3342000313693904,0.3342000313693904,0.3182220332631735,0.9826144505228745,0.3136425298613986,0.2965755569935356,0.6343356643356644,0.6506693306693306,6,0.8785152330863018,2.9285605128380587,127.58,molecule,xy,0.1,bytype,3,bytype,eig,0,"[0.000,3.142]",none,1,1,Z,ridge,1,1,adam,adjoint,100,10,0.37330179484338516,0.045350481535013844,8.169268202835031,0.01151054159964054,0.34972236011836105,1.208543504527106,0.9373206415645479,0.29677055071483915,0.9826144505228745,6,0.3136425298613986,0.29677055071483915,0.6343356643356644,0.9849821714226119,6,0.29082680440224534
B2,none_r3,quantum,47,13,92,168,66,1.3872714347925443,1.3872714347925443,0.6366604087665518,-0.8912277755878992,0.6361455602770877,0.4874739519048484,0.638011988011988,0.5547352647352647,6,0.42062367797977196,1.0432978744629586,92.27,molecule,none,0.0,fixed,3,fixed,eig,0,"[0.000,3.142]",none,1,1,Z,ridge,1,1,adam,adjoint,100,10,0.42934386674302527,0.24875167039551688,2.580376997025197,0.12053175074374144,0.0,0.0,0.9373206415645479,0.6036601405849216,-0.8912277755878992,6,0.6361455602770877,0.6036601405849216,0.638011988011988,0.9480921061952083,6,0.6046031045363903
B2,zz_fixed_r3,quantum,47,13,92,168,66,0.5661900820734199,0.5661900820734199,0.3520414591608547,0.682368573515691,0.2768250065212398,0.24019158552024267,0.8882917082917082,0.7747252747252746,6,0.7713802535060291,1.9407524272519674,121.92,molecule,zz,0.1,fixed,3,fixed,eig,0,"[0.000,3.142]",none,1,1,Z,ridge,1,1,adam,adjoint,100,10,0.28904073713598644,0.06608042005045969,4.994116575867579,0.1473252811043317,0.1,0.03807498052542948,0.9373206415645479,0.2354965685624712,0.682368573515691,6,0.2768250065212398,0.2354965685624712,0.8882917082917082,0.9539249508168076,6,0.23961692509487548
B2,xy_shuffled_r3,quantum,47,13,102,168,66,0.3251903580906724,0.3251903580906724,0.3121608092172672,0.9833025798983627,0.28738845357294607,0.27603646576260515,0.7294605394605395,0.7054045954045953,6,0.8648640485605705,2.2363610806090604,143.61,molecule,xy,0.1,bytype_shuffled,3,bytype_shuffled,eig,0,"[0.000,3.142]",none,1,1,Z,ridge,1,1,adam,adjoint,100,10,0.37330179484338516,0.05044649322020757,6.238366387100035,0.014399888069240764,0.5808009444604952,0.33609926496599707,0.9373206415645479,0.2921245268723402,0.9833025798983627,6,0.28738845357294607,0.2921245268723402,0.7294605394605395,0.9842662898988942,6,0.28274200482034273
B2,krr_res,classical,47,13,168,168,66,0.6094029190371606,0.6094029190371606,0.6094029190371606,0.923223748529312,0.5231541814283619,0.5231541814283619,0.4633866133866134,0.4633866133866134,6,,,,,,,,,,,,,,,,,,,,,,,,,,,,,,,0.5321447957804472,,,0.5231541814283619,,0.4633866133866134,,,
B2,krr_cos_cl,classical,47,13,168,168,66,0.6957952144823466,0.6957952144823466,0.6957952144823466,0.9355508315156392,0.517695107552985,0.517695107552985,0.4400099900099901,0.4400099900099901,6,,,,,,,,,,,,,,,,,,,,,,,,,,,,,,,0.6819757907525509,,,0.517695107552985,,0.4400099900099901,,,
B2,ridge_raw_eig,classical,47,13,14,168,66,1.1354193030741917,1.1354193030741917,1.1354193030741917,0.42426189376523904,0.6418238881335628,0.6418238881335628,0.6561338661338662,0.6561338661338662,6,,,,,,,,,,,,,,,,,,,,,,,,,,,,,,,0.719826574560302,,,0.6418238881335628,,0.6561338661338662,,,
B2,composition,classical,47,13,0,168,66,0.8399648482626734,0.8399648482626734,0.8399648482626734,0.900573293242947,0.7237326176108139,0.7237326176108139,nan,nan,6,,,,,,,,,,,,,,,,,,,,,,,,,,,,,,,0.8303548539853915,,,0.7237326176108139,,nan,,,
B2,zz_bytype_r3,quantum,48,13,102,177,57,0.30294257086773163,0.30294257086773163,0.29816631466251753,0.9829409266039049,0.28532184281543804,0.2845528142481581,0.6737592121028262,0.6481934319430527,5,0.8146842565156766,2.4318302436185246,127.26,molecule,zz,0.1,bytype,3,bytype,eig,0,"[0.000,3.142]",none,1,1,Z,ridge,1,1,adam,adjoint,100,10,0.22530859769169498,0.04175323029464678,6.945469306264362,0.013914866730682042,0.594667713714108,0.8564230652463914,0.933223180756244,0.3033321938333979,0.9829409266039049,5,0.28532184281543804,0.3033321938333979,0.6737592121028262,0.9835443829113145,5,0.2986762412237141
B2,xy_bytype_r3,quantum,48,13,102,177,57,0.40620350709351577,0.40620350709351577,0.3909917197617709,0.9335116789622204,0.35839330975731837,0.3491858413898293,0.9091979150387483,0.9095599334430358,5,0.8939379248949606,2.1004994632419898,132.67,molecule,xy,0.1,bytype,3,bytype,eig,0,"[0.000,3.142]",none,1,1,Z,ridge,1,1,adam,adjoint,100,10,0.39452647696403714,0.04184429683068632,5.999166507635778,0.008902630141431384,0.26421513855492396,0.7624254725630552,0.933223180756244,0.3998469057219142,0.9335116789622204,5,0.35839330975731837,0.3998469057219142,0.9091979150387483,0.944966710515469,5,0.38289036655667935
B2,none_r3,quantum,48,13,92,177,57,0.5898221350349198,0.5898221350349198,0.6812408685522695,0.9508941117549292,0.533136849599909,0.6148585058314897,0.5270353652819019,0.42119048713446533,5,0.47176563928398174,1.407443095696547,95.14,molecule,none,0.0,fixed,3,fixed,eig,0,"[0.000,3.142]",none,1,1,Z,ridge,1,1,adam,adjoint,100,10,0.48515912292505503,0.25627771914386055,3.5746787298052882,0.045272940819593564,0.0,0.0,0.933223180756244,0.5813047364151709,0.9508941117549292,5,0.533136849599909,0.5813047364151709,0.5270353652819019,0.9285348904890243,5,0.6557760251210925
B2,zz_fixed_r3,quantum,48,13,92,177,57,0.4985256129782742,0.4985256129782742,0.4718042649975956,0.9522803582282857,0.3225074356525702,0.3131300151175289,0.521850724864174,0.521850724864174,5,0.4885214011710265,2.0086698482903116,127.96,molecule,zz,0.1,fixed,3,fixed,eig,0,"[0.000,3.142]",none,1,1,Z,ridge,1,1,adam,adjoint,100,10,0.22530859769169498,0.11524052585146904,5.302564811078284,0.23772353587042808,0.1,0.03807498052542948,0.933223180756244,0.46734119208947067,0.9522803582282857,5,0.3225074356525702,0.46734119208947067,0.521850724864174,0.9558915517154373,5,0.44529367813114196
B2,xy_shuffled_r3,quantum,48,13,102,177,57,0.5203794326530912,0.5203794326530912,0.4940627287326828,0.9380988805250894,0.4228510652966085,0.4184324281386704,0.5013970833831285,0.5413970833831285,5,0.8441566100117949,2.175222635496566,152.49,molecule,xy,0.1,bytype_shuffled,3,bytype_shuffled,eig,0,"[0.000,3.142]",none,1,1,Z,ridge,1,1,adam,adjoint,100,10,0.39452647696403714,0.06148434361017906,6.212580869400034,0.013568036452259902,0.3366927899029405,0.16094867912321567,0.933223180756244,0.4610223822678647,0.9380988805250894,5,0.4228510652966085,0.4610223822678647,0.5013970833831285,0.9454520614918739,5,0.4480823784218366
B2,krr_res,classical,48,13,177,177,57,0.5116609991095478,0.5116609991095478,0.5116609991095478,0.9424660829382105,0.5084851253781437,0.5084851253781437,0.6229944505220064,0.6229944505220064,5,,,,,,,,,,,,,,,,,,,,,,,,,,,,,,,0.511826668884302,,,0.5084851253781437,,0.6229944505220064,,,
B2,krr_cos_cl,classical,48,13,177,177,57,0.5368590615833448,0.5368590615833448,0.5368590615833448,0.9584397178273609,0.43488532287752935,0.43488532287752935,0.707624878576441,0.707624878576441,5,,,,,,,,,,,,,,,,,,,,,,,,,,,,,,,0.5297017789718846,,,0.43488532287752935,,0.707624878576441,,,
B2,ridge_raw_eig,classical,48,13,14,177,57,0.601705867278963,0.601705867278963,0.601705867278963,0.9458885606330544,0.43183371290863204,0.43183371290863204,0.7011068925681121,0.7011068925681121,5,,,,,,,,,,,,,,,,,,,,,,,,,,,,,,,0.5804213041813561,,,0.43183371290863204,,0.7011068925681121,,,
B2,composition,classical,48,13,0,177,57,0.8685542701864432,0.8685542701864432,0.8685542701864432,0.9069730985533078,0.6458909170247913,0.6458909170247913,nan,nan,5,,,,,,,,,,,,,,,,,,,,,,,,,,,,,,,0.8666676629428126,,,0.6458909170247913,,nan,,,
B2,zz_bytype_r3,quantum,49,13,102,171,63,0.27093058733824094,0.27093058733824094,0.2715927977700533,0.9927338897013926,0.22005629799148804,0.21272330923358015,0.6442235013663586,0.6363683935112506,6,0.8772145188994794,1.8400581772090991,122.43,molecule,zz,0.1,bytype,3,bytype,eig,0,"[0.000,3.142]",none,1,1,Z,ridge,1,1,adam,adjoint,100,10,0.30181518699475945,0.037058522938595136,5.2372778479976745,0.006656867441116418,0.3817390618816681,0.27937604017344164,0.9095175273987626,0.2579806117211179,0.9927338897013926,6,0.22005629799148804,0.2579806117211179,0.6442235013663586,0.9925754905484314,6,0.2554454746688112
B2,xy_bytype_r3,quantum,49,13,102,171,63,0.23538061457641085,0.23538061457641085,0.2552367815909205,0.9945659453260051,0.19078352044458133,0.18774430407295073,0.7732717018431304,0.7777777777777777,6,0.9120639174203469,2.0721423105224774,128.09,molecule,xy,0.1,bytype,3,bytype,eig,0,"[0.000,3.142]",none,1,1,Z,ridge,1,1,adam,adjoint,100,10,0.4616462021940129,0.040595358558716,5.897848858919451,0.013503498042789615,-0.04451002473393549,0.5619596931279065,0.9095175273987626,0.23239144561183378,0.9945659453260051,6,0.19078352044458133,0.23239144561183378,0.7732717018431304,0.9917580870435709,6,0.2583250549471029
B2,none_r3,quantum,49,13,92,171,63,1.005509802689805,1.005509802689805,0.578174668589861,0.5755595127865555,0.5780269151219627,0.4391503546713833,0.5410895982324554,0.5428804000232571,6,0.4274288122347878,1.3611735743924593,91.7,molecule,none,0.0,fixed,3,fixed,eig,0,"[0.000,3.142]",none,1,1,Z,ridge,1,1,adam,adjoint,100,10,0.4754743782510822,0.2722429295071479,3.44380847762097,0.02895777518750011,0.0,0.0,0.9095175273987626,0.576802622006151,0.5755595127865555,6,0.5780269151219627,0.576802622006151,0.5410895982324554,0.9677411779847981,6,0.5718968610384064
B2,zz_fixed_r3,quantum,49,13,92,171,63,0.4303151065295601,0.4303151065295601,0.36015037491575935,0.9522715801928484,0.24572361419994074,0.1972310079991222,0.673167044595616,0.762178033606605,6,0.740971688509143,1.7219759230195666,124.69,molecule,zz,0.1,fixed,3,fixed,eig,0,"[0.000,3.142]",none,1,1,Z,ridge,1,1,adam,adjoint,100,10,0.30181518699475945,0.07817867826954981,4.528846438207461,0.10932970496745006,0.1,0.03807498052542948,0.9095175273987626,0.3074280993950935,0.9522715801928484,6,0.24572361419994074,0.3074280993950935,0.673167044595616,0.9777676688283902,6,0.2957620263864546
B2,xy_shuffled_r3,quantum,49,13,102,171,63,0.46559305923436645,0.46559305923436645,0.4540780691130261,0.9461845140025363,0.25316526057585725,0.25164008130495685,0.48954008954008954,0.4890865748008605,6,0.8712959497456297,1.9303872874786105,147.82,molecule,xy,0.1,bytype_shuffled,3,bytype_shuffled,eig,0,"[0.000,3.142]",none,1,1,Z,ridge,1,1,adam,adjoint,100,10,0.4616462021940129,0.05941573600691742,5.494377680004829,0.06035253065357535,0.4079787178612587,0.16823505890122822,0.9095175273987626,0.3215775684706171,0.9461845140025363,6,0.25316526057585725,0.3215775684706171,0.48954008954008954,0.9451355124490765,6,0.3067635844897047
B2,krr_res,classical,49,13,171,171,63,0.700208213226771,0.700208213226771,0.700208213226771,0.9365261909249964,0.39457096317094775,0.39457096317094775,0.6418803418803419,0.6418803418803419,6,,,,,,,,,,,,,,,,,,,,,,,,,,,,,,,0.5975030015452474,,,0.39457096317094775,,0.6418803418803419,,,
B2,krr_cos_cl,classical,49,13,171,171,63,0.5924118308283997,0.5924118308283997,0.5924118308283997,0.9689742946208555,0.4454350152036859,0.4454350152036859,0.5016453491863327,0.5016453491863327,6,,,,,,,,,,,,,,,,,,,,,,,,,,,,,,,0.5825839430409516,,,0.4454350152036859,,0.5016453491863327,,,
B2,ridge_raw_eig,classical,49,13,14,171,63,0.816626424030244,0.816626424030244,0.816626424030244,0.9074498186171418,0.4540038879320288,0.4540038879320288,0.6430257573114717,0.6430257573114717,6,,,,,,,,,,,,,,,,,,,,,,,,,,,,,,,0.674427549778966,,,0.4540038879320288,,0.6430257573114717,,,
B2,composition,classical,49,13,0,171,63,0.692139150547343,0.692139150547343,0.692139150547343,0.9526125291070264,0.5755997222251483,0.5755997222251483,nan,nan,6,,,,,,,,,,,,,,,,,,,,,,,,,,,,,,,0.6855810109474015,,,0.5755997222251483,,nan,,,
B2,zz_bytype_r3,quantum,50,13,102,173,61,0.23494200296243523,0.23494200296243523,0.23832008684088496,0.9927782672082566,0.20590982586972378,0.20139916554787346,0.8181684981684981,0.8179304029304028,5,0.8805973375897247,1.852695096704452,137.64,molecule,zz,0.1,bytype,3,bytype,eig,0,"[0.000,3.142]",none,1,1,Z,ridge,1,1,adam,adjoint,100,10,0.38309524876510503,0.04574259265928029,5.544326280267424,0.015582665516570051,0.07454160082183114,0.4404447642570217,0.9422382626055539,0.23429379386582608,0.9927782672082566,5,0.20590982586972378,0.23429379386582608,0.8181684981684981,0.9925142443728511,5,0.24162051438924667
B2,xy_bytype_r3,quantum,50,13,102,173,61,0.24268525858249188,0.24268525858249188,0.24782073215952657,0.9903317867909783,0.23011584307026223,0.23278289200883176,0.8210989010989009,0.8210989010989009,5,0.918154330417882,1.9238669616588195,143.37,molecule,xy,0.1,bytype,3,bytype,eig,0,"[0.000,3.142]",none,1,1,Z,ridge,1,1,adam,adjoint,100,10,0.5241226091997547,0.04289716589308065,5.757313318439033,0.005750822825803873,0.2857425431164403,0.6760678298806712,0.9422382626055539,0.24442436148632574,0.9903317867909783,5,0.23011584307026223,0.24442436148632574,0.8210989010989009,0.9901245527447123,5,0.24951073074826766
B2,none_r3,quantum,50,13,92,173,61,0.459611879387665,0.459611879387665,0.48959885561330047,0.9703913538033555,0.34896077268355263,0.37986847107481364,0.69003663003663,0.6805311355311353,5,0.5090856855174266,0.9997384443715644,99.86,molecule,none,0.0,fixed,3,fixed,eig,0,"[0.000,3.142]",none,1,1,Z,ridge,1,1,adam,adjoint,100,10,0.5302859674992841,0.26032497221463924,2.67564573703754,0.011384842193564644,0.0,0.0,0.9422382626055539,0.4477623933121657,0.9703913538033555,5,0.34896077268355263,0.4477623933121657,0.69003663003663,0.9682513478643914,5,0.4787964823575545
B2,zz_fixed_r3,quantum,50,13,92,173,61,0.2604258322931018,0.2604258322931018,0.2527323282407316,0.9901748848523926,0.2335097232052392,0.22148044163776698,0.8996703296703296,0.8994322344322343,5,0.7870037327955941,1.6430650302524286,132.31,molecule,zz,0.1,fixed,3,fixed,eig,0,"[0.000,3.142]",none,1,1,Z,ridge,1,1,adam,adjoint,100,10,0.38309524876510503,0.08159785797071069,4.561716614260743,0.17051918432229551,0.1,0.03807498052542948,0.9422382626055539,0.25041487889095915,0.9901748848523926,5,0.2335097232052392,0.25041487889095915,0.8996703296703296,0.9907567620775269,5,0.24145938660047553
B2,xy_shuffled_r3,quantum,50,13,102,173,61,0.36203864303246236,0.36203864303246236,0.35108345030733196,0.9816746232382411,0.3074674248749139,0.3017096598283313,0.7284432234432233,0.7309706959706959,5,0.8828666950161408,1.4028815845568154,155.53,molecule,xy,0.1,bytype_shuffled,3,bytype_shuffled,eig,0,"[0.000,3.142]",none,1,1,Z,ridge,1,1,adam,adjoint,100,10,0.5241226091997547,0.06139221343233095,4.19822627651847,0.02097496687886384,0.25607922747600476,0.0995423439485798,0.9422382626055539,0.359713031027317,0.9816746232382411,5,0.3074674248749139,0.359713031027317,0.7284432234432233,0.9818112772486856,5,0.34935705575567816
B2,krr_res,classical,50,13,173,173,61,0.6647292064398534,0.6647292064398534,0.6647292064398534,0.9441409234011179,0.5514309055728867,0.5514309055728867,0.6318681318681318,0.6318681318681318,5,,,,,,,,,,,,,,,,,,,,,,,,,,,,,,,0.6750470407692049,,,0.5514309055728867,,0.6318681318681318,,,
B2,krr_cos_cl,classical,50,13,173,173,61,0.6459634207269468,0.6459634207269468,0.6459634207269468,0.9509243139007029,0.522887412521252,0.522887412521252,0.5079853479853479,0.5079853479853479,5,,,,,,,,,,,,,,,,,,,,,,,,,,,,,,,0.6298395702513327,,,0.522887412521252,,0.5079853479853479,,,
B2,ridge_raw_eig,classical,50,13,14,173,61,0.7481829372907705,0.7481829372907705,0.7481829372907705,0.9402903087345241,0.6020821892774474,0.6020821892774474,0.43650183150183147,0.43650183150183147,5,,,,,,,,,,,,,,,,,,,,,,,,,,,,,,,0.7284424328028916,,,0.6020821892774474,,0.43650183150183147,,,
B2,composition,classical,50,13,0,173,61,0.9989042910954603,0.9989042910954603,0.9989042910954603,0.8929240826042955,0.8405894439269523,0.8405894439269523,nan,nan,5,,,,,,,,,,,,,,,,,,,,,,,,,,,,,,,0.9820807605091278,,,0.8405894439269523,,nan,,,
B2,zz_bytype_r3,quantum,51,13,102,182,52,0.2810740436691039,0.2810740436691039,0.2736997781864939,0.9927527528563097,0.2565628745209675,0.25274421283606413,0.8496363636363636,0.8526363636363636,5,0.8049450917037612,2.3947225676049664,140.17,molecule,zz,0.1,bytype,3,bytype,eig,0,"[0.000,3.142]",none,1,1,Z,ridge,1,1,adam,adjoint,100,10,0.1774229085937926,0.034607209165414196,7.8724464774458855,0.08284578876485882,0.10947884667945038,0.8269692658757627,0.9149241125955874,0.28092005728691516,0.9927527528563097,5,0.2565628745209675,0.28092005728691516,0.8496363636363636,0.9928724963496937,5,0.27483279040481234
B2,xy_bytype_r3,quantum,51,13,102,182,52,0.3516750401569937,0.3516750401569937,0.3242452510873174,0.9826655263184063,0.3717848230628216,0.3437425169409376,0.5230909090909092,0.6355714285714287,5,0.9165884657420836,1.7726638065225204,149.28,molecule,xy,0.1,bytype,3,bytype,eig,0,"[0.000,3.142]",none,1,1,Z,ridge,1,1,adam,adjoint,100,10,0.4342351334062148,0.03622021870610337,5.827481282439763,0.02342644812143433,0.04958117865073375,0.4576510009733638,0.9149241125955874,0.3334164209637834,0.9826655263184063,5,0.3717848230628216,0.3334164209637834,0.5230909090909092,0.9844537335714865,5,0.3130207387256455
B2,none_r3,quantum,51,13,92,182,52,0.4597073087605806,0.4597073087605806,0.45064061306259834,0.9789046578774261,0.4067490118318054,0.3927720572657066,0.6982857142857142,0.6931601731601731,5,0.45794910245220893,1.2205283225253751,100.75,molecule,none,0.0,fixed,3,fixed,eig,0,"[0.000,3.142]",none,1,1,Z,ridge,1,1,adam,adjoint,100,10,0.46203311512468587,0.25044546475013785,3.6264179605465805,0.027825760834963884,0.0,0.0,0.9149241125955874,0.46400228937078436,0.9789046578774261,5,0.4067490118318054,0.46400228937078436,0.6982857142857142,0.9793296648248327,5,0.454172552583005
B2,zz_fixed_r3,quantum,51,13,92,182,52,0.44419634764202903,0.44419634764202903,0.46538836465480177,0.9774411540957022,0.3398191278919354,0.3546805604503461,0.7633073593073593,0.7573073593073592,5,0.5807311766638609,1.364139671447131,136.44,molecule,zz,0.1,fixed,3,fixed,eig,0,"[0.000,3.142]",none,1,1,Z,ridge,1,1,adam,adjoint,100,10,0.1774229085937926,0.07438789411899478,4.189528109546877,0.10167985393665066,0.1,0.03807498052542948,0.9149241125955874,0.44030769008504095,0.9774411540957022,5,0.3398191278919354,0.44030769008504095,0.7633073593073593,0.978256473564252,5,0.46665965082377
B2,xy_shuffled_r3,quantum,51,13,102,182,52,0.44316849741550723,0.44316849741550723,0.4106344348037079,0.9736018476664541,0.33941784805370045,0.31549643013770434,0.7259047619047618,0.7349047619047618,5,0.8610633707107488,1.5522131868469917,157.62,molecule,xy,0.1,bytype_shuffled,3,bytype_shuffled,eig,0,"[0.000,3.142]",none,1,1,Z,ridge,1,1,adam,adjoint,100,10,0.4342351334062148,0.06033116575442782,5.102768646499187,0.03126682093074166,0.16953080753889252,0.07201197260958747,0.9149241125955874,0.3790274939696273,0.9736018476664541,5,0.33941784805370045,0.3790274939696273,0.7259047619047618,0.9781337737687281,5,0.35385766616571956
B2,krr_res,classical,51,13,182,182,52,0.7209540653045566,0.7209540653045566,0.7209540653045566,0.9268945754848927,0.46189540522062245,0.46189540522062245,0.5171212121212122,0.5171212121212122,5,,,,,,,,,,,,,,,,,,,,,,,,,,,,,,,0.7219470307081499,,,0.46189540522062245,,0.5171212121212122,,,
B2,krr_cos_cl,classical,51,13,182,182,52,0.4689389532919343,0.4689389532919343,0.4689389532919343,0.9804909776216103,0.3919000129895657,0.3919000129895657,0.7334848484848484,0.7334848484848484,5,,,,,,,,,,,,,,,,,,,,,,,,,,,,,,,0.48086873558611015,,,0.3919000129895657,,0.7334848484848484,,,
B2,ridge_raw_eig,classical,51,13,14,182,52,0.6068946754185987,0.6068946754185987,0.6068946754185987,0.9579013279155336,0.5722046583827456,0.5722046583827456,0.5842337662337662,0.5842337662337662,5,,,,,,,,,,,,,,,,,,,,,,,,,,,,,,,0.5836288372431302,,,0.5722046583827456,,0.5842337662337662,,,
B2,composition,classical,51,13,0,182,52,0.5997807912694306,0.5997807912694306,0.5997807912694306,0.9609164783129888,0.5242715154920594,0.5242715154920594,nan,nan,5,,,,,,,,,,,,,,,,,,,,,,,,,,,,,,,0.6040192955744242,,,0.5242715154920594,,nan,,,
B2,zz_bytype_r3,quantum,52,13,102,185,49,0.3438374354439628,0.3438374354439628,0.34416924477147437,0.9780985475937123,0.3449385478023586,0.3437669858610666,0.716940306070741,0.716940306070741,4,0.7913519719199784,2.688205689814935,143.05,molecule,zz,0.1,bytype,3,bytype,eig,0,"[0.000,3.142]",none,1,1,Z,ridge,1,1,adam,adjoint,100,10,0.15543126077393107,0.03243042606247233,7.285461563195636,0.026854482806859235,0.6421135506972178,0.9856995452611262,0.9297330621307068,0.3497834499039884,0.9780985475937123,4,0.3449385478023586,0.3497834499039884,0.716940306070741,0.9780206488290446,4,0.35068328143053235
B2,xy_bytype_r3,quantum,52,13,102,185,49,0.3971387629264454,0.3971387629264454,0.38842774930899276,0.9699841854475819,0.36956298420814493,0.36601428050261925,0.8102247390290869,0.8089287524070133,4,0.9229025180215762,2.4253528913797973,153.05,molecule,xy,0.1,bytype,3,bytype,eig,0,"[0.000,3.142]",none,1,1,Z,ridge,1,1,adam,adjoint,100,10,0.4293702895395178,0.0331033681598436,6.573089006648655,0.011997519362131115,0.46125329785205815,1.0132148038335373,0.9297330621307068,0.3894488336026914,0.9699841854475819,4,0.36956298420814493,0.3894488336026914,0.8102247390290869,0.9706852850696497,4,0.3840519243923762
B2,none_r3,quantum,52,13,92,185,49,0.7617860160960765,0.7617860160960765,0.7329028173408845,0.905349852185984,0.6336096383679627,0.6097983245409229,0.10948363230971929,0.17300597952771862,4,0.40632268421170104,1.0115567040777145,105.19,molecule,none,0.0,fixed,3,fixed,eig,0,"[0.000,3.142]",none,1,1,Z,ridge,1,1,adam,adjoint,100,10,0.42270703783587843,0.25095157958722725,2.4215959542496295,0.005308941553941648,0.0,0.0,0.9297330621307068,0.6982562903792382,0.905349852185984,4,0.6336096383679627,0.6982562903792382,0.10948363230971929,0.9202510309360565,4,0.683640299666941
B2,zz_fixed_r3,quantum,52,13,92,185,49,0.4075180847898954,0.4075180847898954,0.3853576446073921,0.9728629803882405,0.2860907315426386,0.2942152547774124,0.8143305969392927,0.7990967365967366,4,0.5584966578505285,2.319440527821855,136.2,molecule,zz,0.1,fixed,3,fixed,eig,0,"[0.000,3.142]",none,1,1,Z,ridge,1,1,adam,adjoint,100,10,0.15543126077393107,0.06862342110619662,5.784522346865158,0.3007305691553647,0.1,0.03807498052542948,0.9297330621307068,0.354174243827518,0.9728629803882405,4,0.2860907315426386,0.354174243827518,0.8143305969392927,0.9789367470691429,4,0.3689159285217265
B2,xy_shuffled_r3,quantum,52,13,102,185,49,0.5817662934275021,0.5817662934275021,0.510995289127372,0.9101306621677003,0.42977223238754225,0.4173897481118743,0.7113471673254282,0.7131587615283267,4,0.8466772418932245,1.9148644899112732,163.63,molecule,xy,0.1,bytype_shuffled,3,bytype_shuffled,eig,0,"[0.000,3.142]",none,1,1,Z,ridge,1,1,adam,adjoint,100,10,0.4293702895395178,0.06583223704130367,5.18958489405519,0.014573386841479019,0.24276580936659156,0.2508655868455056,0.9297330621307068,0.4642741051239112,0.9101306621677003,4,0.42977223238754225,0.4642741051239112,0.7113471673254282,0.9459320983580367,4,0.43781021620610433
B2,krr_res,classical,52,13,185,185,49,0.850064605158846,0.850064605158846,0.850064605158846,0.8366147589044617,0.8378343377885303,0.8378343377885303,0.2172114117766292,0.2172114117766292,4,,,,,,,,,,,,,,,,,,,,,,,,,,,,,,,0.8406990661392508,,,0.8378343377885303,,0.2172114117766292,,,
B2,krr_cos_cl,classical,52,13,185,185,49,0.6523236768468361,0.6523236768468361,0.6523236768468361,0.9325008373610741,0.6705059550322423,0.6705059550322423,0.3379003243133678,0.3379003243133678,4,,,,,,,,,,,,,,,,,,,,,,,,,,,,,,,0.655137405001884,,,0.6705059550322423,,0.3379003243133678,,,
B2,ridge_raw_eig,classical,52,13,14,185,49,0.8529436096819751,0.8529436096819751,0.8529436096819751,0.89263809288501,0.6749854034816337,0.6749854034816337,0.3027477956825783,0.3027477956825783,4,,,,,,,,,,,,,,,,,,,,,,,,,,,,,,,0.7891080637856477,,,0.6749854034816337,,0.3027477956825783,,,
B2,composition,classical,52,13,0,185,49,0.7554036187962064,0.7554036187962064,0.7554036187962064,0.9187219436152076,0.7154706932407763,0.7154706932407763,nan,nan,4,,,,,,,,,,,,,,,,,,,,,,,,,,,,,,,0.7400843435553341,,,0.7154706932407763,,nan,,,
B2,zz_bytype_r3,quantum,53,13,102,170,64,0.24832271978415077,0.24832271978415077,0.24875621617519472,0.9901716608676913,0.228516127307412,0.2203006315872541,0.8514927019119094,0.8534861353077816,5,0.8873339136458561,1.283863198853342,130.33,molecule,zz,0.1,bytype,3,bytype,eig,0,"[0.000,3.142]",none,1,1,Z,ridge,1,1,adam,adjoint,100,10,0.4596751332803755,0.05178979826101937,4.306800644298049,0.016444692801044106,0.09008935787844383,0.3468607831607889,0.9349358538044198,0.24832271978415077,0.9901716608676913,5,0.228516127307412,0.24832271978415077,0.8514927019119094,0.9903520552304642,5,0.24875621617519472
B2,xy_bytype_r3,quantum,53,13,102,170,64,0.25002073197229135,0.25002073197229135,0.24240175786701657,0.9893120000517245,0.20087071715850802,0.2005913927846812,0.8634470902573037,0.8637988726212813,5,0.931237070074264,2.2591980373580864,142.24,molecule,xy,0.1,bytype,3,bytype,eig,0,"[0.000,3.142]",none,1,1,Z,ridge,1,1,adam,adjoint,100,10,0.4887134151210267,0.03360536631773426,7.578623307826552,0.16708429016990592,0.5588035042465659,1.256662509807229,0.9349358538044198,0.25002073197229135,0.9893120000517245,5,0.20087071715850802,0.25002073197229135,0.8634470902573037,0.9901768952418105,5,0.24240175786701657
B2,none_r3,quantum,53,13,92,170,64,0.5972268177224416,0.5972268177224416,0.5755044888902426,0.9488621813660113,0.5251053237819869,0.5042871249527551,0.699727857254534,0.7170545346421872,5,0.5008401555672538,0.9992548708188873,98.81,molecule,none,0.0,fixed,3,fixed,eig,0,"[0.000,3.142]",none,1,1,Z,ridge,1,1,adam,adjoint,100,10,0.5544507219821658,0.2767595361302417,3.0360717957112477,0.017832480750024474,0.0,0.0,0.9349358538044198,0.5972268177224416,0.9488621813660113,5,0.5251053237819869,0.5972268177224416,0.699727857254534,0.9510234848832685,5,0.5755044888902426
B2,zz_fixed_r3,quantum,53,13,92,170,64,0.38235622962601423,0.38235622962601423,0.37868310181484877,0.973245464105138,0.3151868160525283,0.31178736755910663,0.8231448366166355,0.8178681011569733,5,0.7498104539359269,1.3131926877633653,126.82,molecule,zz,0.1,fixed,3,fixed,eig,0,"[0.000,3.142]",none,1,1,Z,ridge,1,1,adam,adjoint,100,10,0.4596751332803755,0.11500591293235943,4.121239556465608,0.2414894489131241,0.1,0.03807498052542948,0.9349358538044198,0.38235622962601423,0.973245464105138,5,0.3151868160525283,0.38235622962601423,0.8231448366166355,0.9734345396546707,5,0.37868310181484877
B2,xy_shuffled_r3,quantum,53,13,102,170,64,0.39523734634122365,0.39523734634122365,0.37373162242775115,0.9735148123383895,0.3234823468797151,0.31514696335545656,0.6809135034173144,0.7198235643929242,5,0.8051084305833348,1.3494825687767655,151.19,molecule,xy,0.1,bytype_shuffled,3,bytype_shuffled,eig,0,"[0.000,3.142]",none,1,1,Z,ridge,1,1,adam,adjoint,100,10,0.4887134151210267,0.09524612446791511,4.526924988478207,0.015410814120395347,0.1954815291608933,0.09339742487075109,0.9349358538044198,0.39523734634122365,0.9735148123383895,5,0.3234823468797151,0.39523734634122365,0.6809135034173144,0.9750420127186209,5,0.37373162242775115
B2,krr_res,classical,53,13,170,170,64,0.6491629752953193,0.6491629752953193,0.6491629752953193,0.9298281907152391,0.5739322760735152,0.5739322760735152,0.5280894727731619,0.5280894727731619,5,,,,,,,,,,,,,,,,,,,,,,,,,,,,,,,0.6491629752953193,,,0.5739322760735152,,0.5280894727731619,,,
B2,krr_cos_cl,classical,53,13,170,170,64,0.5800067213716015,0.5800067213716015,0.5800067213716015,0.9515549682992084,0.49235001361511677,0.49235001361511677,0.7309851162556955,0.7309851162556955,5,,,,,,,,,,,,,,,,,,,,,,,,,,,,,,,0.5800067213716015,,,0.49235001361511677,,0.7309851162556955,,,
B2,ridge_raw_eig,classical,53,13,14,170,64,0.6033833589944305,0.6033833589944305,0.6033833589944305,0.9431462359024018,0.46246386375360105,0.46246386375360105,0.7105076135754489,0.7105076135754489,5,,,,,,,,,,,,,,,,,,,,,,,,,,,,,,,0.6033833589944305,,,0.46246386375360105,,0.7105076135754489,,,
B2,composition,classical,53,13,0,170,64,0.8239778485739417,0.8239778485739417,0.8239778485739417,0.8996766177351222,0.7557943560763885,0.7557943560763885,nan,nan,5,,,,,,,,,,,,,,,,,,,,,,,,,,,,,,,0.8239778485739417,,,0.7557943560763885,,nan,,,
B2,zz_bytype_r3,quantum,54,13,102,167,67,0.6190708313180932,0.6190708313180932,0.5511387988754171,0.892098133736368,0.4684927103380924,0.4100956139883529,0.735790679908327,0.7372761225702402,5,0.8568815514586056,2.0910163666542476,128.35,molecule,zz,0.1,bytype,3,bytype,eig,0,"[0.000,3.142]",none,1,1,Z,ridge,1,1,adam,adjoint,100,10,0.24905524019541972,0.03564439957787279,5.8231379954118125,0.021368691122094566,0.3050992168339396,0.5975934988846193,0.9159389850059289,0.46411324827338796,0.892098133736368,5,0.4684927103380924,0.46411324827338796,0.735790679908327,0.9494905199670155,5,0.47823882385864114
B2,xy_bytype_r3,quantum,54,13,102,167,67,0.3331302345639051,0.3331302345639051,0.3423592859778343,0.9856186885412144,0.21904982017503416,0.22626152009195513,0.7371509209744505,0.7880167218402514,5,0.9183088883084055,2.110791176790251,138.45,molecule,xy,0.1,bytype,3,bytype,eig,0,"[0.000,3.142]",none,1,1,Z,ridge,1,1,adam,adjoint,100,10,0.3877428413217349,0.031675143758030024,5.878207601796227,0.015645845384655396,0.12959888758087104,0.2511253607937506,0.9159389850059289,0.27546427637973003,0.9856186885412144,5,0.21904982017503416,0.27546427637973003,0.7371509209744505,0.985795844875604,5,0.2869385483370469
B2,none_r3,quantum,54,13,92,167,67,1.137288449278258,1.137288449278258,0.6019218798864746,0.3014969173532829,0.5075012020756521,0.39096883130376164,0.6990493166963755,0.7152215431627196,5,0.3907159218578102,1.0590369743799009,95.46,molecule,none,0.0,fixed,3,fixed,eig,0,"[0.000,3.142]",none,1,1,Z,ridge,1,1,adam,adjoint,100,10,0.4026086888893353,0.24530306386197437,2.614347567734793,0.007785958162747548,0.0,0.0,0.9159389850059289,0.5666387581526302,0.3014969173532829,5,0.5075012020756521,0.5666387581526302,0.6990493166963755,0.9705896719168645,5,0.593964154638251
B2,zz_fixed_r3,quantum,54,13,92,167,67,0.849595983272925,0.849595983272925,0.6643702109683521,0.661937094995817,0.49979947181364914,0.36314309933165856,0.6949303964009848,0.7643748408454292,5,0.6579953670663513,1.7705514324581975,129.12,molecule,zz,0.1,fixed,3,fixed,eig,0,"[0.000,3.142]",none,1,1,Z,ridge,1,1,adam,adjoint,100,10,0.24905524019541972,0.08517804600323621,4.547853276811241,0.17228078203305802,0.1,0.03807498052542948,0.9159389850059289,0.4682805013181113,0.661937094995817,5,0.49979947181364914,0.4682805013181113,0.6949303964009848,0.9060405173141286,5,0.48648286290193177
B2,xy_shuffled_r3,quantum,54,13,102,167,67,0.44811983471307626,0.44811983471307626,0.45521754627789396,0.9796048789490723,0.3263237271435047,0.31336466579164085,0.6908178422884305,0.7315762668703845,5,0.862503466329246,1.5419445205233724,150.53,molecule,xy,0.1,bytype_shuffled,3,bytype_shuffled,eig,0,"[0.000,3.142]",none,1,1,Z,ridge,1,1,adam,adjoint,100,10,0.3877428413217349,0.053313296637387785,4.294062862187717,0.007314674746285461,0.16586600449248678,0.1168943371250798,0.9159389850059289,0.44096008830544253,0.9796048789490723,5,0.3263237271435047,0.44096008830544253,0.6908178422884305,0.9782738381490168,5,0.4672947612879176
B2,krr_res,classical,54,13,167,167,67,0.7292899861771875,0.7292899861771875,0.7292899861771875,0.9382513962035252,0.5611144428504404,0.5611144428504404,0.5395530939648587,0.5395530939648587,5,,,,,,,,,,,,,,,,,,,,,,,,,,,,,,,0.6469779270476796,,,0.5611144428504404,,0.5395530939648587,,,
B2,krr_cos_cl,classical,54,13,167,167,67,0.5699692296264796,0.5699692296264796,0.5699692296264796,0.9721872172871735,0.49714695051220603,0.49714695051220603,0.5689031862745099,0.5689031862745099,5,,,,,,,,,,,,,,,,,,,,,,,,,,,,,,,0.5690654500077248,,,0.49714695051220603,,0.5689031862745099,,,
B2,ridge_raw_eig,classical,54,13,14,167,67,0.6982063397659708,0.6982063397659708,0.6982063397659708,0.9574533632671863,0.5560508106917215,0.5560508106917215,0.6636342415754181,0.6636342415754181,5,,,,,,,,,,,,,,,,,,,,,,,,,,,,,,,0.6794643988124623,,,0.5560508106917215,,0.6636342415754181,,,
B2,composition,classical,54,13,0,167,67,0.7874374776618848,0.7874374776618848,0.7874374776618848,0.949650243828704,0.744453151589152,0.744453151589152,nan,nan,5,,,,,,,,,,,,,,,,,,,,,,,,,,,,,,,0.7896881901022025,,,0.744453151589152,,nan,,,
B2,zz_bytype_r3,quantum,55,13,102,180,54,0.4884420271312421,0.4884420271312421,0.4933771289138679,0.9633841781078425,0.38175864695910977,0.37801616090293816,0.5411754911754911,0.5088161838161839,5,0.8702768595128143,2.501569993978899,136.2,molecule,zz,0.1,bytype,3,bytype,eig,0,"[0.000,3.142]",none,1,1,Z,ridge,1,1,adam,adjoint,100,10,0.36669003492176977,0.047568182915407736,8.575323107899196,0.024521873918843293,0.6702569439589532,1.0799922276173073,0.9181416847681644,0.48477416701045395,0.9633841781078425,5,0.38175864695910977,0.48477416701045395,0.5411754911754911,0.9611560440475384,5,0.4891384164960588
B2,xy_bytype_r3,quantum,55,13,102,180,54,0.41511498953169756,0.41511498953169756,0.4027313229325584,0.9794846914511284,0.35499049516914466,0.3468417658593541,0.6343573093573093,0.6325840825840825,5,0.9165150355920422,1.8934315590537423,148.7,molecule,xy,0.1,bytype,3,bytype,eig,0,"[0.000,3.142]",none,1,1,Z,ridge,1,1,adam,adjoint,100,10,0.5503323442132817,0.045944476169193886,6.490638855063,0.009310996608972784,0.007544416409979933,0.27767285341791154,0.9181416847681644,0.3933863261759489,0.9794846914511284,5,0.35499049516914466,0.3933863261759489,0.6343573093573093,0.9807589304932293,5,0.3840171884284078
B2,none_r3,quantum,55,13,92,180,54,0.6135952306876157,0.6135952306876157,0.6692230279243657,0.9687890445664656,0.40936194585632985,0.4265246290474186,0.5203463203463203,0.4451132201132201,5,0.43099827179659905,1.1417976061720605,103.7,molecule,none,0.0,fixed,3,fixed,eig,0,"[0.000,3.142]",none,1,1,Z,ridge,1,1,adam,adjoint,100,10,0.4220511611889568,0.24014784010676857,3.5529872351297254,0.019685596804252397,0.0,0.0,0.9181416847681644,0.6175285749514707,0.9687890445664656,5,0.40936194585632985,0.6175285749514707,0.5203463203463203,0.96301245061174,5,0.6611419965707325
B2,zz_fixed_r3,quantum,55,13,92,180,54,0.34807650144861113,0.34807650144861113,0.337996568230623,0.9885674969220667,0.3084803730597282,0.32224660672733363,0.8087912087912087,0.8003163503163504,5,0.8403852054350678,1.4193060899052434,133.91,molecule,zz,0.1,fixed,3,fixed,eig,0,"[0.000,3.142]",none,1,1,Z,ridge,1,1,adam,adjoint,100,10,0.36669003492176977,0.05852915459304609,4.558454512102739,0.13286495006764962,0.1,0.03807498052542948,0.9181416847681644,0.3550582226662841,0.9885674969220667,5,0.3084803730597282,0.3550582226662841,0.8087912087912087,0.9868737461137193,5,0.3432129423614877
B2,xy_shuffled_r3,quantum,55,13,102,180,54,0.5238341720368166,0.5238341720368166,0.5278207385153957,0.9677033225267841,0.5016073023724064,0.5130597518380106,0.5626956376956377,0.5316766566766566,5,0.9018919267845608,1.6584630087068621,159.8,molecule,xy,0.1,bytype_shuffled,3,bytype_shuffled,eig,0,"[0.000,3.142]",none,1,1,Z,ridge,1,1,adam,adjoint,100,10,0.5503323442132817,0.053992045918900916,5.685172190420806,0.06928685804539556,0.1644817627983473,0.06924350381138109,0.9181416847681644,0.5170534189777218,0.9677033225267841,5,0.5016073023724064,0.5170534189777218,0.5626956376956377,0.9687951363810108,5,0.5249523428440814
B2,krr_res,classical,55,13,180,180,54,0.7326307695719201,0.7326307695719201,0.7326307695719201,0.9487378143933302,0.5856754349898292,0.5856754349898292,0.4558275058275058,0.4558275058275058,5,,,,,,,,,,,,,,,,,,,,,,,,,,,,,,,0.741720669909596,,,0.5856754349898292,,0.4558275058275058,,,
B2,krr_cos_cl,classical,55,13,180,180,54,0.7220337029299034,0.7220337029299034,0.7220337029299034,0.9577992494082107,0.43465624091546123,0.43465624091546123,0.416042291042291,0.416042291042291,5,,,,,,,,,,,,,,,,,,,,,,,,,,,,,,,0.7212111983095919,,,0.43465624091546123,,0.416042291042291,,,
B2,ridge_raw_eig,classical,55,13,14,180,54,0.7034176349382771,0.7034176349382771,0.7034176349382771,0.9572376187460285,0.4543506652332159,0.4543506652332159,0.6258741258741259,0.6258741258741259,5,,,,,,,,,,,,,,,,,,,,,,,,,,,,,,,0.6665190930574194,,,0.4543506652332159,,0.6258741258741259,,,
B2,composition,classical,55,13,0,180,54,0.6850755703022929,0.6850755703022929,0.6850755703022929,0.9478050601774797,0.6252942240912946,0.6252942240912946,nan,nan,5,,,,,,,,,,,,,,,,,,,,,,,,,,,,,,,0.689242793984109,,,0.6252942240912946,,nan,,,
B2,zz_bytype_r3,quantum,56,13,102,172,62,0.3291546169442293,0.3291546169442293,0.3299183736515229,0.982499530086908,0.28660532357077456,0.29069669964223094,0.6543572044866265,0.6503451251078516,4,0.8638966816287338,1.7267866710499047,132.13,molecule,zz,0.1,bytype,3,bytype,eig,0,"[0.000,3.142]",none,1,1,Z,ridge,1,1,adam,adjoint,100,10,0.3101542936143175,0.04221302856800466,5.4318730880037345,0.01162149266573974,0.3266235922370613,0.20407937681506874,0.9344862747723459,0.3291046503721338,0.982499530086908,4,0.28660532357077456,0.3291046503721338,0.6543572044866265,0.9823459418261212,4,0.3294563394657421
B2,xy_bytype_r3,quantum,56,13,102,172,62,0.3831537679013225,0.3831537679013225,0.37587531670902385,0.9727633217797256,0.3615491249179232,0.3560280256300248,0.5869715271786022,0.6194564279551338,4,0.9060998324762888,2.2107403720133587,144.26,molecule,xy,0.1,bytype,3,bytype,eig,0,"[0.000,3.142]",none,1,1,Z,ridge,1,1,adam,adjoint,100,10,0.2596080526114061,0.024377239630715468,6.954223896111877,0.018519871116502648,0.4194964339410391,0.6193749812680772,0.9344862747723459,0.38840312556003664,0.9727633217797256,4,0.3615491249179232,0.38840312556003664,0.5869715271786022,0.9737105880100356,4,0.3809503021221244
B2,none_r3,quantum,56,13,92,172,62,0.541620234084932,0.541620234084932,0.5531808160732299,0.9529331168563254,0.5384117634024571,0.5486941982193291,0.39421915444348576,0.37631578947368427,4,0.5181329755935382,1.1652938753149502,101.84,molecule,none,0.0,fixed,3,fixed,eig,0,"[0.000,3.142]",none,1,1,Z,ridge,1,1,adam,adjoint,100,10,0.5491395092359213,0.2646122212995381,3.2971128512892443,0.008151110558045495,0.0,0.0,0.9344862747723459,0.5453920204460996,0.9529331168563254,4,0.5384117634024571,0.5453920204460996,0.39421915444348576,0.9511629880199625,4,0.5576131524119179
B2,zz_fixed_r3,quantum,56,13,92,172,62,0.320453021963991,0.320453021963991,0.31404563608968167,0.982147295105282,0.265707339015137,0.2649567801107732,0.768809318377912,0.7712683347713546,4,0.7240528250968726,1.4463926209893028,132.78,molecule,zz,0.1,fixed,3,fixed,eig,0,"[0.000,3.142]",none,1,1,Z,ridge,1,1,adam,adjoint,100,10,0.3101542936143175,0.08558620110694598,4.237100228123352,0.16447527876708093,0.1,0.03807498052542948,0.9344862747723459,0.3209445844608995,0.982147295105282,4,0.265707339015137,0.3209445844608995,0.768809318377912,0.9829893505550356,4,0.31423420221605913
B2,xy_shuffled_r3,quantum,56,13,102,172,62,0.4186586147879416,0.4186586147879416,0.4083293685432601,0.9684406994464331,0.41060001409244007,0.4066550208136137,0.6433563416738569,0.6491803278688525,4,0.8135450036050222,1.8243708777870808,154.62,molecule,xy,0.1,bytype_shuffled,3,bytype_shuffled,eig,0,"[0.000,3.142]",none,1,1,Z,ridge,1,1,adam,adjoint,100,10,0.2596080526114061,0.04840521851376691,5.738839220692015,0.02561846306981325,0.43208629561968703,0.1822124320887937,0.9344862747723459,0.42380383526215964,0.9684406994464331,4,0.41060001409244007,0.42380383526215964,0.6433563416738569,0.9699105952409137,4,0.4129886317446393
B2,krr_res,classical,56,13,172,172,62,0.9227977870376656,0.9227977870376656,0.9227977870376656,0.846101134838026,0.9518253843678428,0.9518253843678428,0.044866264020707515,0.044866264020707515,4,,,,,,,,,,,,,,,,,,,,,,,,,,,,,,,0.937582909663014,,,0.9518253843678428,,0.044866264020707515,,,
B2,krr_cos_cl,classical,56,13,172,172,62,0.45570367230704845,0.45570367230704845,0.45570367230704845,0.9657284819045707,0.43193083272614297,0.43193083272614297,0.5357204486626401,0.5357204486626401,4,,,,,,,,,,,,,,,,,,,,,,,,,,,,,,,0.4582975238050709,,,0.43193083272614297,,0.5357204486626401,,,
B2,ridge_raw_eig,classical,56,13,14,172,62,0.6020915876715476,0.6020915876715476,0.6020915876715476,0.934500324946813,0.5290091093466349,0.5290091093466349,0.4710094909404659,0.4710094909404659,4,,,,,,,,,,,,,,,,,,,,,,,,,,,,,,,0.6063034587847307,,,0.5290091093466349,,0.4710094909404659,,,
B2,composition,classical,56,13,0,172,62,0.761651350923576,0.761651350923576,0.761651350923576,0.8946785273631336,0.6328931059141235,0.6328931059141235,nan,nan,4,,,,,,,,,,,,,,,,,,,,,,,,,,,,,,,0.7723885069437834,,,0.6328931059141235,,nan,,,
B2,zz_bytype_r3,quantum,57,13,102,176,58,0.3659582564017507,0.3659582564017507,0.3537280950305895,0.9838201603171277,0.3541260976618324,0.3506485733613012,0.6290665273423894,0.6239707419017763,6,0.938556064750961,1.903228680064952,135.37,molecule,zz,0.1,bytype,3,bytype,eig,0,"[0.000,3.142]",none,1,1,Z,ridge,1,1,adam,adjoint,100,10,0.6352757310797403,0.03903384088574942,5.128547417522931,0.025820402480259692,0.2163194005606121,0.15179591874632667,0.9231435594512458,0.3659582564017507,0.9838201603171277,6,0.3541260976618324,0.3659582564017507,0.6290665273423894,0.9843595317690421,6,0.3537280950305895
B2,xy_bytype_r3,quantum,57,13,102,176,58,0.4000101103909277,0.4000101103909277,0.4094424988879523,0.9796484294090785,0.2660938017014016,0.25898917773762775,0.8205503308951584,0.8205503308951584,6,0.9126902716152544,2.314518785461583,146.72,molecule,xy,0.1,bytype,3,bytype,eig,0,"[0.000,3.142]",none,1,1,Z,ridge,1,1,adam,adjoint,100,10,0.4669893381293818,0.040772712270648444,6.2368329483045715,0.010091373994154263,0.3435702377279427,0.74474413436009,0.9231435594512458,0.4000101103909277,0.9796484294090785,6,0.2660938017014016,0.4000101103909277,0.8205503308951584,0.9772847676831818,6,0.4094424988879523
B2,none_r3,quantum,57,13,92,176,58,0.5738841170776193,0.5738841170776193,0.5979325459379597,0.9622456735931304,0.4852316151599259,0.46889777029376073,0.7836920933472659,0.7625113200975271,6,0.2794641279604631,1.3063391086972111,102.1,molecule,none,0.0,fixed,3,fixed,eig,0,"[0.000,3.142]",none,1,1,Z,ridge,1,1,adam,adjoint,100,10,0.47270092577265194,0.34059797376549417,3.107034392693631,0.03056206131399993,0.0,0.0,0.9231435594512458,0.5738841170776193,0.9622456735931304,6,0.4852316151599259,0.5738841170776193,0.7836920933472659,0.9583730253540224,6,0.5979325459379597
B2,zz_fixed_r3,quantum,57,13,92,176,58,0.3735991815607065,0.3735991815607065,0.3561816916808609,0.9827157276450946,0.2690287772577237,0.2735094520646454,0.8567781260884708,0.8592302333681644,6,0.908058026167219,1.5415921147495089,131.01,molecule,zz,0.1,fixed,3,fixed,eig,0,"[0.000,3.142]",none,1,1,Z,ridge,1,1,adam,adjoint,100,10,0.6352757310797403,0.05840850464353427,3.8207260991560474,0.06673351361294177,0.1,0.03807498052542948,0.9231435594512458,0.3735991815607065,0.9827157276450946,6,0.2690287772577237,0.3735991815607065,0.8567781260884708,0.9854145524566305,6,0.3561816916808609
B2,xy_shuffled_r3,quantum,57,13,102,176,58,0.3153503776378089,0.3153503776378089,0.31020195565863173,0.9884475294488921,0.2716067222609427,0.2672709614184415,0.7807593173110413,0.7755102751654475,6,0.9153252193464382,1.80597344754069,156.42,molecule,xy,0.1,bytype_shuffled,3,bytype_shuffled,eig,0,"[0.000,3.142]",none,1,1,Z,ridge,1,1,adam,adjoint,100,10,0.4669893381293818,0.03954221977365742,4.866477978980278,0.06578573679616934,0.22267087018290885,0.09379354175946651,0.9231435594512458,0.3153503776378089,0.9884475294488921,6,0.2716067222609427,0.3153503776378089,0.7807593173110413,0.9884886574684828,6,0.31020195565863173
B2,krr_res,classical,57,13,176,176,58,0.7909495918041128,0.7909495918041128,0.7909495918041128,0.9251724239860114,0.7183757083563139,0.7183757083563139,0.26616161616161615,0.26616161616161615,6,,,,,,,,,,,,,,,,,,,,,,,,,,,,,,,0.7909495918041128,,,0.7183757083563139,,0.26616161616161615,,,
B2,krr_cos_cl,classical,57,13,176,176,58,0.5209110152706898,0.5209110152706898,0.5209110152706898,0.967412667256915,0.5082684760031401,0.5082684760031401,0.45013235806339247,0.45013235806339247,6,,,,,,,,,,,,,,,,,,,,,,,,,,,,,,,0.5209110152706898,,,0.5082684760031401,,0.45013235806339247,,,
B2,ridge_raw_eig,classical,57,13,14,176,58,0.6325088720934653,0.6325088720934653,0.6325088720934653,0.954700985832822,0.4804034058413135,0.4804034058413135,0.628571926158133,0.628571926158133,6,,,,,,,,,,,,,,,,,,,,,,,,,,,,,,,0.6325088720934653,,,0.4804034058413135,,0.628571926158133,,,
B2,composition,classical,57,13,0,176,58,0.7179945283391487,0.7179945283391487,0.7179945283391487,0.943555358023355,0.6453726863756941,0.6453726863756941,nan,nan,6,,,,,,,,,,,,,,,,,,,,,,,,,,,,,,,0.7179945283391487,,,0.6453726863756941,,nan,,,
B2,zz_bytype_r3,quantum,58,13,102,182,52,0.32592480059509915,0.32592480059509915,0.3316024674032135,0.978928635242933,0.24907381539256115,0.2523310006718255,0.6839177275715737,0.6913984519753751,6,0.8365231515578532,2.31465193845498,138.53,molecule,zz,0.1,bytype,3,bytype,eig,0,"[0.000,3.142]",none,1,1,Z,ridge,1,1,adam,adjoint,100,10,0.20779375774746664,0.03396946864250678,6.731504646628068,0.020986176166175527,0.2996893716796911,0.6771708705628283,0.9448165838876652,0.32592480059509915,0.978928635242933,6,0.24907381539256115,0.32592480059509915,0.6839177275715737,0.9783654674286868,6,0.3316024674032135
B2,xy_bytype_r3,quantum,58,13,102,182,52,0.3226999177350489,0.3226999177350489,0.3341535927931251,0.9763602151592049,0.2169781295213321,0.22040222429794826,0.660426752734445,0.660426752734445,6,0.9152124827815958,1.8507238064799418,148.22,molecule,xy,0.1,bytype,3,bytype,eig,0,"[0.000,3.142]",none,1,1,Z,ridge,1,1,adam,adjoint,100,10,0.534550185762427,0.045323183079432915,5.382302062771769,0.009935721095660292,0.22105713425538925,0.44945406541633487,0.9448165838876652,0.3226999177350489,0.9763602151592049,6,0.2169781295213321,0.3226999177350489,0.660426752734445,0.97577257504848,6,0.3341535927931251
B2,none_r3,quantum,58,13,92,182,52,0.605534257022414,0.605534257022414,0.6280196029442197,0.939464228984951,0.3903216061923681,0.3888398370398788,0.6206948180025103,0.6388624409778256,6,0.35421500544234363,1.074826276959597,102.8,molecule,none,0.0,fixed,3,fixed,eig,0,"[0.000,3.142]",none,1,1,Z,ridge,1,1,adam,adjoint,100,10,0.44187506574965923,0.28535628693030773,2.785935598305796,0.008859227129709763,0.0,0.0,0.9448165838876652,0.605534257022414,0.939464228984951,6,0.3903216061923681,0.605534257022414,0.6206948180025103,0.9348660822478766,6,0.6280196029442197
B2,zz_fixed_r3,quantum,58,13,92,182,52,0.4276862981803813,0.4276862981803813,0.44105130237654416,0.9648860633255861,0.34551152052577166,0.3703959041912377,0.6875179307871615,0.6611931444623753,6,0.6562896284756756,1.5703401896901794,136.02,molecule,zz,0.1,fixed,3,fixed,eig,0,"[0.000,3.142]",none,1,1,Z,ridge,1,1,adam,adjoint,100,10,0.20779375774746664,0.07142086967581719,4.227335173387668,0.17208364293052064,0.1,0.03807498052542948,0.9448165838876652,0.4276862981803813,0.9648860633255861,6,0.34551152052577166,0.4276862981803813,0.6875179307871615,0.9611587479051883,6,0.44105130237654416
B2,xy_shuffled_r3,quantum,58,13,102,182,52,0.6626987362491208,0.6626987362491208,0.6550569651520652,0.9178648881210908,0.47210213854902794,0.46107904593330673,0.6070899826669057,0.6146113501882732,6,0.7187659530898135,2.0117447072008523,161.1,molecule,xy,0.1,bytype_shuffled,3,bytype_shuffled,eig,0,"[0.000,3.142]",none,1,1,Z,ridge,1,1,adam,adjoint,100,10,0.534550185762427,0.15033371201855925,5.850585403087097,0.023177200375600795,-0.08078770665428975,0.1464615951742887,0.9448165838876652,0.6626987362491208,0.9178648881210908,6,0.47210213854902794,0.6626987362491208,0.6070899826669057,0.9180064171150554,6,0.6550569651520652
B2,krr_res,classical,58,13,182,182,52,0.66611751556199,0.66611751556199,0.66611751556199,0.9083830284393412,0.5432340406621244,0.5432340406621244,0.48461254557408395,0.48461254557408395,6,,,,,,,,,,,,,,,,,,,,,,,,,,,,,,,0.66611751556199,,,0.5432340406621244,,0.48461254557408395,,,
B2,krr_cos_cl,classical,58,13,182,182,52,0.6515303873588079,0.6515303873588079,0.6515303873588079,0.9278633366319873,0.3859155550542767,0.3859155550542767,0.6040182894029047,0.6040182894029047,6,,,,,,,,,,,,,,,,,,,,,,,,,,,,,,,0.6515303873588079,,,0.3859155550542767,,0.6040182894029047,,,
B2,ridge_raw_eig,classical,58,13,14,182,52,0.700595474841665,0.700595474841665,0.700595474841665,0.9035133448045009,0.4931557001509033,0.4931557001509033,0.5175775506544738,0.5175775506544738,6,,,,,,,,,,,,,,,,,,,,,,,,,,,,,,,0.700595474841665,,,0.4931557001509033,,0.5175775506544738,,,
B2,composition,classical,58,13,0,182,52,0.9568669545089494,0.9568669545089494,0.9568669545089494,0.8234716873941126,0.6818719915821363,0.6818719915821363,nan,nan,6,,,,,,,,,,,,,,,,,,,,,,,,,,,,,,,0.9568669545089494,,,0.6818719915821363,,nan,,,
B2,zz_bytype_r3,quantum,59,13,102,170,64,0.3141729158341884,0.3141729158341884,0.3120838475675478,0.9835253150255431,0.20054545251926198,0.2054944843906667,0.8390497011615023,0.8408044221708819,6,0.9015879475931674,2.265276518702274,130.34,molecule,zz,0.1,bytype,3,bytype,eig,0,"[0.000,3.142]",none,1,1,Z,ridge,1,1,adam,adjoint,100,10,0.3822442879744554,0.03761744490035453,6.58741408966087,0.008638489436614199,0.2361971170138324,0.4740809086651279,0.9285045486303167,0.28502581466125826,0.9835253150255431,6,0.20054545251926198,0.28502581466125826,0.8390497011615023,0.9853490099136587,6,0.28906722972451343
B2,xy_bytype_r3,quantum,59,13,102,170,64,0.3000737536690219,0.3000737536690219,0.2977970329059688,0.9889546492299378,0.2507574084521412,0.25531750105867,0.7780651830341272,0.7656245066182955,6,0.903065405995942,2.015854995671829,140.99,molecule,xy,0.1,bytype,3,bytype,eig,0,"[0.000,3.142]",none,1,1,Z,ridge,1,1,adam,adjoint,100,10,0.40953075663073396,0.03969769762617487,5.862097404695324,0.00724434906858124,-0.06792735317392287,0.6449653142069044,0.9285045486303167,0.2917307327651993,0.9889546492299378,6,0.2507574084521412,0.2917307327651993,0.7780651830341272,0.9891999298970443,6,0.2893478605632621
B2,none_r3,quantum,59,13,92,170,64,0.5018312791007966,0.5018312791007966,0.49284924038844335,0.9682687336213698,0.4615235401360226,0.4523414246968777,0.5590334441266118,0.5825698341226292,6,0.4845630662826198,1.4906538131874032,98.23,molecule,none,0.0,fixed,3,fixed,eig,0,"[0.000,3.142]",none,1,1,Z,ridge,1,1,adam,adjoint,100,10,0.4723225942957975,0.24345250972926402,3.863428565464082,0.11534689356260079,0.0,0.0,0.9285045486303167,0.4982189932107152,0.9682687336213698,6,0.4615235401360226,0.4982189932107152,0.5590334441266118,0.970516048798053,6,0.48868938539679596
B2,zz_fixed_r3,quantum,59,13,92,170,64,0.28816637200938067,0.28816637200938067,0.2826682180943555,0.9907780289041037,0.22725666388725735,0.24680913237376076,0.814838324776213,0.8305729467220151,6,0.7768669046517591,1.5094406995481031,127.17,molecule,zz,0.1,fixed,3,fixed,eig,0,"[0.000,3.142]",none,1,1,Z,ridge,1,1,adam,adjoint,100,10,0.3822442879744554,0.08529135115492462,4.0630638826957215,0.09979120155520223,0.1,0.03807498052542948,0.9285045486303167,0.2877798400223404,0.9907780289041037,6,0.22725666388725735,0.2877798400223404,0.814838324776213,0.9912477172079251,6,0.28561828104769443
B2,xy_shuffled_r3,quantum,59,13,102,170,64,0.5462515501153646,0.5462515501153646,0.5364364862149763,0.9527462490663271,0.49027421634825014,0.4783425056099833,0.583901605640736,0.5746152628140206,6,0.8098711356993903,1.9111873064116867,153.15,molecule,xy,0.1,bytype_shuffled,3,bytype_shuffled,eig,0,"[0.000,3.142]",none,1,1,Z,ridge,1,1,adam,adjoint,100,10,0.40953075663073396,0.07786361765437086,5.557724227614275,0.0259969426022928,0.23960970139454538,0.09802626904646251,0.9285045486303167,0.5417227184980452,0.9527462490663271,6,0.49027421634825014,0.5417227184980452,0.583901605640736,0.9565579302361997,6,0.5296620784999125
B2,krr_res,classical,59,13,170,170,64,0.520184198687155,0.520184198687155,0.520184198687155,0.9615964514656417,0.4798689444019285,0.4798689444019285,0.6479371100489113,0.6479371100489113,6,,,,,,,,,,,,,,,,,,,,,,,,,,,,,,,0.5250175113027066,,,0.4798689444019285,,0.6479371100489113,,,
B2,krr_cos_cl,classical,59,13,170,170,64,0.5574406054242461,0.5574406054242461,0.5574406054242461,0.9603476672707956,0.5433412895233325,0.5433412895233325,0.6702051801430684,0.6702051801430684,6,,,,,,,,,,,,,,,,,,,,,,,,,,,,,,,0.5602212347946003,,,0.5433412895233325,,0.6702051801430684,,,
B2,ridge_raw_eig,classical,59,13,14,170,64,0.6336808484349414,0.6336808484349414,0.6336808484349414,0.9537593137407605,0.5401400516934588,0.5401400516934588,0.6390033936617788,0.6390033936617788,6,,,,,,,,,,,,,,,,,,,,,,,,,,,,,,,0.6285820294908456,,,0.5401400516934588,,0.6390033936617788,,,
B2,composition,classical,59,13,0,170,64,0.816630865286161,0.816630865286161,0.816630865286161,0.929677977211076,0.7119300157996016,0.7119300157996016,nan,nan,6,,,,,,,,,,,,,,,,,,,,,,,,,,,,,,,0.8213602094707217,,,0.7119300157996016,,nan,,,
B2,zz_bytype_r3,quantum,60,13,102,160,74,0.5964823191080402,0.5964823191080402,0.41445947782949394,0.8256201872955123,0.30791381375875465,0.2653852378869524,0.5888809820316668,0.6417528878235439,6,0.9232265285207577,2.119557076848955,123.39,molecule,zz,0.1,bytype,3,bytype,eig,0,"[0.000,3.142]",none,1,1,Z,ridge,1,1,adam,adjoint,100,10,0.2942857202440979,0.022593336349908493,6.2201429415343314,0.0688496245822628,0.07711399966242036,0.28171382824343527,0.9201183938957355,0.33930200533478944,0.8256201872955123,6,0.30791381375875465,0.33930200533478944,0.5888809820316668,0.9745856571533995,6,0.3414451144841196
B2,xy_bytype_r3,quantum,60,13,102,160,74,0.3865886246166703,0.3865886246166703,0.3755336990811605,0.9606149431285916,0.25762991314700706,0.2583907893689551,0.6545131508721992,0.6353385019210542,6,0.9310580462079671,1.9247389730379874,134.65,molecule,xy,0.1,bytype,3,bytype,eig,0,"[0.000,3.142]",none,1,1,Z,ridge,1,1,adam,adjoint,100,10,0.4820268861760558,0.03323187531326717,5.648421393415224,0.009643551178207385,0.21313727112845973,0.47174560599699755,0.9201183938957355,0.2709324897348966,0.9606149431285916,6,0.25762991314700706,0.2709324897348966,0.6545131508721992,0.9614282496184986,6,0.25999853497971415
B2,none_r3,quantum,60,13,92,160,74,0.7522846432480013,0.7522846432480013,0.5972947570961878,0.8614191748817591,0.5440635248024223,0.45815616576894586,0.4770015012624962,0.4932454111617773,6,0.32178930396819416,1.2364240148046124,92.5,molecule,none,0.0,fixed,3,fixed,eig,0,"[0.000,3.142]",none,1,1,Z,ridge,1,1,adam,adjoint,100,10,0.4400851894256322,0.2984704826336471,3.2374712443585394,0.024183650580293464,0.0,0.0,0.9201183938957355,0.569299532621148,0.8614191748817591,6,0.5440635248024223,0.569299532621148,0.4770015012624962,0.9606809564814726,6,0.5507611952408626
B2,zz_fixed_r3,quantum,60,13,92,160,74,0.47767381440204504,0.47767381440204504,0.5272580789835171,0.9437453240078413,0.3033694076392431,0.307190122881966,0.5046696754339147,0.46157907221353506,6,0.7994457169589516,1.4501117031675541,122.37,molecule,zz,0.1,fixed,3,fixed,eig,0,"[0.000,3.142]",none,1,1,Z,ridge,1,1,adam,adjoint,100,10,0.2942857202440979,0.05902026163277361,3.942005473160855,0.1958652026348806,0.1,0.03807498052542948,0.9201183938957355,0.3602532275700892,0.9437453240078413,6,0.3033694076392431,0.3602532275700892,0.5046696754339147,0.9354423767442419,6,0.4020219465517772
B2,xy_shuffled_r3,quantum,60,13,102,160,74,0.3790787615051993,0.3790787615051993,0.3578404993017308,0.9771249623615614,0.28219877087269046,0.2843995456220391,0.5319650308835601,0.5359038942312194,6,0.8953061445566282,1.9261413267623735,143.07,molecule,xy,0.1,bytype_shuffled,3,bytype_shuffled,eig,0,"[0.000,3.142]",none,1,1,Z,ridge,1,1,adam,adjoint,100,10,0.4820268861760558,0.05046525314113467,5.652536800693259,0.0611903030313549,0.4208235400381598,0.18740518517913315,0.9201183938957355,0.3445630985805836,0.9771249623615614,6,0.28219877087269046,0.3445630985805836,0.5319650308835601,0.9787712927847233,6,0.33919568495414065
B2,krr_res,classical,60,13,160,160,74,0.63505469623286,0.63505469623286,0.63505469623286,0.9437644492907111,0.4671673669370679,0.4671673669370679,0.3821196827685653,0.3821196827685653,6,,,,,,,,,,,,,,,,,,,,,,,,,,,,,,,0.5819034687815297,,,0.4671673669370679,,0.3821196827685653,,,
B2,krr_cos_cl,classical,60,13,160,160,74,0.5768384891700217,0.5768384891700217,0.5768384891700217,0.9659254405598047,0.3818722489553411,0.3818722489553411,0.3807681816577294,0.3807681816577294,6,,,,,,,,,,,,,,,,,,,,,,,,,,,,,,,0.5591289175299236,,,0.3818722489553411,,0.3807681816577294,,,
B2,ridge_raw_eig,classical,60,13,14,160,74,0.7937080608193661,0.7937080608193661,0.7937080608193661,0.8938178043273086,0.5205291636822855,0.5205291636822855,0.41509595907577157,0.41509595907577157,6,,,,,,,,,,,,,,,,,,,,,,,,,,,,,,,0.6600490186597275,,,0.5205291636822855,,0.41509595907577157,,,
B2,composition,classical,60,13,0,160,74,0.6796414525134068,0.6796414525134068,0.6796414525134068,0.9451577333851447,0.5050921995760642,0.5050921995760642,nan,nan,6,,,,,,,,,,,,,,,,,,,,,,,,,,,,,,,0.6617270526248262,,,0.5050921995760642,,nan,,,
B2,zz_bytype_r3,quantum,61,13,102,163,71,0.3552977409500118,0.3552977409500118,0.35241496263198385,0.9869604588512859,0.28534340808135955,0.2710753069347141,0.6963760049474333,0.7023129251700679,6,0.9119666733575571,2.515089769214991,124.48,molecule,zz,0.1,bytype,3,bytype,eig,0,"[0.000,3.142]",none,1,1,Z,ridge,1,1,adam,adjoint,100,10,0.36451630693318166,0.032089583114745725,7.3249496473758064,0.023820489236461403,0.16574649918775997,0.5304697238716397,0.9209275257418831,0.3494603254303227,0.9869604588512859,6,0.28534340808135955,0.3494603254303227,0.6963760049474333,0.9867791453206812,6,0.3501675832779132
B2,xy_bytype_r3,quantum,61,13,102,163,71,0.36242649472107097,0.36242649472107097,0.32057409277394844,0.9882522554232281,0.28055688809468793,0.27123141761966707,0.6281508967223252,0.6270191713048856,6,0.8925648112494277,2.346790385377553,132.86,molecule,xy,0.1,bytype,3,bytype,eig,0,"[0.000,3.142]",none,1,1,Z,ridge,1,1,adam,adjoint,100,10,0.4260854255463048,0.045776568117435204,6.834794374437623,0.013648245046116534,0.07508501563229789,0.2554814218678321,0.9209275257418831,0.3623245590672266,0.9882522554232281,6,0.28055688809468793,0.3623245590672266,0.6281508967223252,0.9905778084346396,6,0.32019992748995796
B2,none_r3,quantum,61,13,92,163,71,0.45971295979312926,0.45971295979312926,0.45499023272571115,0.9729453694897084,0.41453538222295927,0.389963351002156,0.5441372912801484,0.5842980828695115,6,0.3348540923170303,0.9466571723584206,93.63,molecule,none,0.0,fixed,3,fixed,eig,0,"[0.000,3.142]",none,1,1,Z,ridge,1,1,adam,adjoint,100,10,0.4669087712083215,0.31056245843049907,2.457685895360824,0.003740956317212045,0.0,0.0,0.9209275257418831,0.4359396186083536,0.9729453694897084,6,0.41453538222295927,0.4359396186083536,0.5441372912801484,0.9758067250877019,6,0.4526517785390998
B2,zz_fixed_r3,quantum,61,13,92,163,71,0.3580217899049247,0.3580217899049247,0.33659589385909033,0.981686363460623,0.21817760508512052,0.2355383725868076,0.7642486085343229,0.7729560915275201,6,0.7988494801173769,1.439473738230329,122.97,molecule,zz,0.1,fixed,3,fixed,eig,0,"[0.000,3.142]",none,1,1,Z,ridge,1,1,adam,adjoint,100,10,0.36451630693318166,0.07332264464530329,3.881070385712639,0.10143494930792922,0.1,0.03807498052542948,0.9209275257418831,0.33691314297064984,0.981686363460623,6,0.21817760508512052,0.33691314297064984,0.7642486085343229,0.9867411314913396,6,0.33106685056737656
B2,xy_shuffled_r3,quantum,61,13,102,163,71,0.423557945380593,0.423557945380593,0.4235197374037781,0.9804974445285701,0.33640894616441963,0.3369461349982706,0.5567099567099567,0.5165244279529994,6,0.8319207977987428,2.361969687580319,138.23,molecule,xy,0.1,bytype_shuffled,3,bytype_shuffled,eig,0,"[0.000,3.142]",none,1,1,Z,ridge,1,1,adam,adjoint,100,10,0.4260854255463048,0.07161609839540606,6.879002587471811,0.014011678039706587,0.46561626434632747,0.20508625995654695,0.9209275257418831,0.4165972810540422,0.9804974445285701,6,0.33640894616441963,0.4165972810540422,0.5567099567099567,0.9807155948150285,6,0.4135586470059656
B2,krr_res,classical,61,13,163,163,71,0.7944776314688886,0.7944776314688886,0.7944776314688886,0.9257884961255132,0.6161442056678372,0.6161442056678372,0.36048237476808903,0.36048237476808903,6,,,,,,,,,,,,,,,,,,,,,,,,,,,,,,,0.7511808292769566,,,0.6161442056678372,,0.36048237476808903,,,
B2,krr_cos_cl,classical,61,13,163,163,71,0.5075548066522638,0.5075548066522638,0.5075548066522638,0.9687965613987075,0.43351004093348816,0.43351004093348816,0.48251700680272114,0.48251700680272114,6,,,,,,,,,,,,,,,,,,,,,,,,,,,,,,,0.492636822498569,,,0.43351004093348816,,0.48251700680272114,,,
B2,ridge_raw_eig,classical,61,13,14,163,71,0.571934411251857,0.571934411251857,0.571934411251857,0.9643531389200473,0.37778562100499086,0.37778562100499086,0.6011317254174398,0.6011317254174398,6,,,,,,,,,,,,,,,,,,,,,,,,,,,,,,,0.554802277902998,,,0.37778562100499086,,0.6011317254174398,,,
B2,composition,classical,61,13,0,163,71,0.8207339872859799,0.8207339872859799,0.8207339872859799,0.9388181802538629,0.6972822428355969,0.6972822428355969,nan,nan,6,,,,,,,,,,,,,,,,,,,,,,,,,,,,,,,0.8099775347975356,,,0.6972822428355969,,nan,,,
B3,zz_bytype_r3,quantum,42,13,107,352,134,0.4529149340628412,0.4529149340628412,0.4493621520903639,0.9769753262606626,0.4024467366737416,0.3997642962568764,0.7783605580397024,0.78092188560103,8,0.7443632151889966,2.6497022835626534,270.77,molecule,zz,0.1,bytype,3,bytype,eig,0,"[0.000,3.142]",none,1,1,Z,ridge,1,1,adam,adjoint,100,15,0.6377402363707142,0.16302986357041868,6.472362344084863,0.10431051880268002,0.038071091569446554,0.5675877632967763,0.9457454409377412,0.44061849989066276,0.9769753262606626,8,0.4024467366737416,0.44061849989066276,0.7783605580397024,0.9776429728788103,8,0.4374127036981155
B3,xy_bytype_r3,quantum,42,13,107,352,134,0.3844940498143573,0.3844940498143573,0.38492617537375945,0.9822472637961637,0.3889747668987295,0.3916707078365603,0.7287437606956324,0.7231245433117091,8,0.794027199066884,2.471449880205737,268.56,molecule,xy,0.1,bytype,3,bytype,eig,0,"[0.000,3.142]",none,1,1,Z,ridge,1,1,adam,adjoint,100,15,0.7303469324965749,0.15043160333922884,6.036949599646756,0.01748548956983825,0.2696625595877909,0.7646641304825307,0.9457454409377412,0.3859149194558657,0.9822472637961637,8,0.3889747668987295,0.3859149194558657,0.7287437606956324,0.982493885876684,8,0.38638805220664185
B3,none_r3,quantum,42,13,92,352,134,0.6555109420422922,0.6555109420422922,0.664144739830493,0.9549187447445442,0.6095868863178813,0.5867855873010708,0.41636304871598984,0.5594480608518042,8,0.12237414701687421,1.4341935300001096,206.56,molecule,none,0.0,fixed,3,fixed,eig,0,"[0.000,3.142]",none,1,1,Z,ridge,1,1,adam,adjoint,100,15,0.6921417799874824,0.6074415200467732,2.947808358271457,0.0026159830261412655,0.0,0.0,0.9457454409377412,0.6536135638383322,0.9549187447445442,8,0.6095868863178813,0.6536135638383322,0.41636304871598984,0.9509614248909585,8,0.6558035560600661
B3,zz_fixed_r3,quantum,42,13,92,352,134,0.5696228069358239,0.5696228069358239,0.552068119552155,0.9474632107839464,0.5227275086293707,0.514096824413925,0.44720094225441814,0.45313528568876155,8,0.43053451832783557,2.4465330994932253,250.28,molecule,zz,0.1,fixed,3,fixed,eig,0,"[0.000,3.142]",none,1,1,Z,ridge,1,1,adam,adjoint,100,15,0.6377402363707142,0.36317105088656876,5.273201109543254,0.28547194493674305,0.1,0.04148148148148149,0.9457454409377412,0.5378837058434888,0.9474632107839464,8,0.5227275086293707,0.5378837058434888,0.44720094225441814,0.9534256693475225,8,0.5249224397175887
B3,xy_shuffled_r3,quantum,42,13,107,352,134,0.5279631173519795,0.5279631173519795,0.5375522800589221,0.9598555085303719,0.4582046814937605,0.46145005172277614,0.7249847374847374,0.7315526125686552,8,0.6979972768434107,2.600711687169788,264.12,molecule,xy,0.1,bytype_shuffled,3,bytype_shuffled,eig,0,"[0.000,3.142]",none,1,1,Z,ridge,1,1,adam,adjoint,100,15,0.7303469324965749,0.22056676246302728,6.352694223906053,0.019621305253180368,0.34455284236429146,0.22009783386314039,0.9457454409377412,0.5082543505900692,0.9598555085303719,8,0.4582046814937605,0.5082543505900692,0.7249847374847374,0.9582187621058537,8,0.5182298594528392
B3,krr_res,classical,42,13,352,352,134,0.5509370728998685,0.5509370728998685,0.5509370728998685,0.9635723967767892,0.4823367149706077,0.4823367149706077,0.6744225768289938,0.6744225768289938,8,,,,,,,,,,,,,,,,,,,,,,,,,,,,,,,0.5550215604045607,,,0.4823367149706077,,0.6744225768289938,,,
B3,krr_cos_cl,classical,42,13,352,352,134,0.6635130196284772,0.6635130196284772,0.6635130196284772,0.9529965131723497,0.6016657291636748,0.6016657291636748,0.605301501825566,0.605301501825566,8,,,,,,,,,,,,,,,,,,,,,,,,,,,,,,,0.6542954955197272,,,0.6016657291636748,,0.605301501825566,,,
B3,ridge_raw_eig,classical,42,13,14,352,134,0.7900560918012477,0.7900560918012477,0.7900560918012477,0.9352017494346871,0.7393665104999624,0.7393665104999624,0.2765176816647404,0.2765176816647404,8,,,,,,,,,,,,,,,,,,,,,,,,,,,,,,,0.7763428099280769,,,0.7393665104999624,,0.2765176816647404,,,
B3,composition,classical,42,13,0,352,134,0.8659567807988756,0.8659567807988756,0.8659567807988756,0.9183861341830745,0.7591031701306815,0.7591031701306815,nan,nan,8,,,,,,,,,,,,,,,,,,,,,,,,,,,,,,,0.8577153648347199,,,0.7591031701306815,,nan,,,
B3,zz_bytype_r3,quantum,43,13,107,333,153,0.4635866583937824,0.4635866583937824,0.43591225749703255,0.9771929592247752,0.3882905877159367,0.37503106167905415,0.7103562236088954,0.7026434146927267,8,0.7940694285738393,2.5424112771583354,256.84,molecule,zz,0.1,bytype,3,bytype,eig,0,"[0.000,3.142]",none,1,1,Z,ridge,1,1,adam,adjoint,100,15,0.6712013920375569,0.13822088620432862,7.274721693659075,0.019745188004602048,-0.01839613599177113,0.30985254245457644,0.9328994816003787,0.4635328815050048,0.9771929592247752,8,0.3882905877159367,0.4635328815050048,0.7103562236088954,0.9799797185736048,8,0.43614542709208376
B3,xy_bytype_r3,quantum,43,13,107,333,153,0.41722164377145315,0.41722164377145315,0.41439169612490667,0.9821207847907972,0.369413302400469,0.3533654625565828,0.7235450088017082,0.7223606645048586,8,0.8131852235630237,2.5033948151549126,258.74,molecule,xy,0.1,bytype,3,bytype,eig,0,"[0.000,3.142]",none,1,1,Z,ridge,1,1,adam,adjoint,100,15,0.7625784230021049,0.1424609176088002,7.163082044678535,0.03152760882146323,-0.0668300833245498,0.6683149306404926,0.9328994816003787,0.41653202526490324,0.9821207847907972,8,0.369413302400469,0.41653202526490324,0.7235450088017082,0.9816037053779624,8,0.41307057816021137
B3,none_r3,quantum,43,13,92,333,153,0.5631909633502274,0.5631909633502274,0.5198700954949319,0.9701119301665455,0.48978793011722016,0.46139818735138366,0.5892421272379595,0.6211046467061265,8,0.24866730069378326,1.1938190804168245,194.35,molecule,none,0.0,fixed,3,fixed,eig,0,"[0.000,3.142]",none,1,1,Z,ridge,1,1,adam,adjoint,100,15,0.7670485708646901,0.5763086732467435,2.9535668843613148,0.006120672007096597,0.0,0.0,0.9328994816003787,0.5643350502877191,0.9701119301665455,8,0.48978793011722016,0.5643350502877191,0.5892421272379595,0.9734795477327021,8,0.5196675027938598
B3,zz_fixed_r3,quantum,43,13,92,333,153,0.46019036481517867,0.46019036481517867,0.4656095153796956,0.9764107924020928,0.43375672321538605,0.4367301103481073,0.6823295661598341,0.6857564814770496,8,0.4930051475620552,1.921831619755696,238.87,molecule,zz,0.1,fixed,3,fixed,eig,0,"[0.000,3.142]",none,1,1,Z,ridge,1,1,adam,adjoint,100,15,0.6712013920375569,0.3402956507122243,4.946888730466745,0.27360022724609095,0.1,0.04148148148148149,0.9328994816003787,0.46048186000913255,0.9764107924020928,8,0.43375672321538605,0.46048186000913255,0.6823295661598341,0.9768015433837766,8,0.46582732576135355
B3,xy_shuffled_r3,quantum,43,13,107,333,153,0.58497053759681,0.58497053759681,0.5440799245558967,0.9540653399762522,0.504156096344316,0.4949958212448645,0.7382872931709302,0.7380395390692471,8,0.6947669287164051,2.090732935888767,250.25,molecule,xy,0.1,bytype_shuffled,3,bytype_shuffled,eig,0,"[0.000,3.142]",none,1,1,Z,ridge,1,1,adam,adjoint,100,15,0.7625784230021049,0.23276415414753285,5.982313082467629,0.5762346728193526,0.4588568995540439,0.30240207587276624,0.9328994816003787,0.5853132418384952,0.9540653399762522,8,0.504156096344316,0.5853132418384952,0.7382872931709302,0.9622977305148588,8,0.5465372354133823
B3,krr_res,classical,43,13,333,333,153,0.5906005588453971,0.5906005588453971,0.5906005588453971,0.9673614064793071,0.5532918182063252,0.5532918182063252,0.4927143566537463,0.4927143566537463,8,,,,,,,,,,,,,,,,,,,,,,,,,,,,,,,0.5975842768970687,,,0.5532918182063252,,0.4927143566537463,,,
B3,krr_cos_cl,classical,43,13,333,333,153,0.48369336596319285,0.48369336596319285,0.48369336596319285,0.9755776533820604,0.444378898151069,0.444378898151069,0.6284173138433894,0.6284173138433894,8,,,,,,,,,,,,,,,,,,,,,,,,,,,,,,,0.4837582916589956,,,0.444378898151069,,0.6284173138433894,,,
B3,ridge_raw_eig,classical,43,13,14,333,153,0.5790539897601542,0.5790539897601542,0.5790539897601542,0.9635049701035008,0.5085965832237838,0.5085965832237838,0.5405410909145982,0.5405410909145982,8,,,,,,,,,,,,,,,,,,,,,,,,,,,,,,,0.5756103405996149,,,0.5085965832237838,,0.5405410909145982,,,
B3,composition,classical,43,13,0,333,153,0.6681600210559228,0.6681600210559228,0.6681600210559228,0.9565615890961796,0.6647049485648038,0.6647049485648038,nan,nan,8,,,,,,,,,,,,,,,,,,,,,,,,,,,,,,,0.6709452168747625,,,0.6647049485648038,,nan,,,
B3,zz_bytype_r3,quantum,44,13,107,367,119,0.4331773454761066,0.4331773454761066,0.4162577022881357,0.9820272636473836,0.40617469424893043,0.3903861067353265,0.7137293348629344,0.7425765000050822,8,0.7826344906147152,2.225029272490863,280.67,molecule,zz,0.1,bytype,3,bytype,eig,0,"[0.000,3.142]",none,1,1,Z,ridge,1,1,adam,adjoint,100,15,0.7178654762425932,0.15603919491358131,6.245678350463527,0.017477333276203492,0.11355648527301333,0.661695219174372,0.9425865545779384,0.43439780633826647,0.9820272636473836,8,0.40617469424893043,0.43439780633826647,0.7137293348629344,0.9827029734851546,8,0.41633461370056296
B3,xy_bytype_r3,quantum,44,13,107,367,119,0.38672615017320144,0.38672615017320144,0.38038357826902547,0.983390130732723,0.3704394897599688,0.36755590399908394,0.7690318753998416,0.775795512566343,8,0.8366712204678547,2.3003124081452495,280.32,molecule,xy,0.1,bytype,3,bytype,eig,0,"[0.000,3.142]",none,1,1,Z,ridge,1,1,adam,adjoint,100,15,0.8048183681612147,0.13145000181682398,6.456998828951094,0.018479496997089624,0.3582066624274516,0.8344451999520311,0.9425865545779384,0.3886752759515232,0.983390130732723,8,0.3704394897599688,0.3886752759515232,0.7690318753998416,0.9833732039340155,8,0.3823315087485439
B3,none_r3,quantum,44,13,92,367,119,0.6602476130628346,0.6602476130628346,0.6040766643543553,0.9594996923779683,0.5847940880437279,0.5155925875176971,0.5326848159903944,0.6004601050001962,8,0.19637977257113198,1.4709315341488778,210.84,molecule,none,0.0,fixed,3,fixed,eig,0,"[0.000,3.142]",none,1,1,Z,ridge,1,1,adam,adjoint,100,15,0.7917172687861371,0.6362400116012777,3.559229486307421,0.056644909158755585,0.0,0.0,0.9425865545779384,0.6647190606686655,0.9594996923779683,8,0.5847940880437279,0.6647190606686655,0.5326848159903944,0.9656947828660185,8,0.6072716298230296
B3,zz_fixed_r3,quantum,44,13,92,367,119,0.6357652438415868,0.6357652438415868,0.6022923455347085,0.9607416609344236,0.5145858686736525,0.49140934052272894,0.6555449124726377,0.6590929674871538,8,0.5160930573063568,1.4894790633986976,261.52,molecule,zz,0.1,fixed,3,fixed,eig,0,"[0.000,3.142]",none,1,1,Z,ridge,1,1,adam,adjoint,100,15,0.7178654762425932,0.3473800878738694,3.753057056636755,0.14417768284990914,0.1,0.04148148148148149,0.9425865545779384,0.635703886460965,0.9607416609344236,8,0.5145858686736525,0.635703886460965,0.6555449124726377,0.9654396299120056,8,0.6015098102789154
B3,xy_shuffled_r3,quantum,44,13,107,367,119,0.5612751896867028,0.5612751896867028,0.5083887106441025,0.9577786561763391,0.4580055599327432,0.4197722824495647,0.7124369746595255,0.7040129896843711,8,0.7048470719033276,2.347709739167612,275.08,molecule,xy,0.1,bytype_shuffled,3,bytype_shuffled,eig,0,"[0.000,3.142]",none,1,1,Z,ridge,1,1,adam,adjoint,100,15,0.8048183681612147,0.23754449794876814,6.5900435883599116,0.036190279753598266,0.47017280309425863,0.21940848833922233,0.9425865545779384,0.5628439879364839,0.9577786561763391,8,0.4580055599327432,0.5628439879364839,0.7124369746595255,0.9691488100126462,8,0.5096679868988537
B3,krr_res,classical,44,13,367,367,119,0.5179166319445481,0.5179166319445481,0.5179166319445481,0.9698889349623442,0.46991377817711233,0.46991377817711233,0.7127744271951547,0.7127744271951547,8,,,,,,,,,,,,,,,,,,,,,,,,,,,,,,,0.5220878204777294,,,0.46991377817711233,,0.7127744271951547,,,
B3,krr_cos_cl,classical,44,13,367,367,119,0.6164080912674005,0.6164080912674005,0.6164080912674005,0.9624043189610387,0.5360697507582749,0.5360697507582749,0.49250900803737097,0.49250900803737097,8,,,,,,,,,,,,,,,,,,,,,,,,,,,,,,,0.6214593156552747,,,0.5360697507582749,,0.49250900803737097,,,
B3,ridge_raw_eig,classical,44,13,14,367,119,0.7296062819473834,0.7296062819473834,0.7296062819473834,0.9504215266136267,0.6307806642273589,0.6307806642273589,0.4941053375219761,0.4941053375219761,8,,,,,,,,,,,,,,,,,,,,,,,,,,,,,,,0.7348142929677512,,,0.6307806642273589,,0.4941053375219761,,,
B3,composition,classical,44,13,0,367,119,0.8827604859400948,0.8827604859400948,0.8827604859400948,0.9328492981639867,0.8066688020121989,0.8066688020121989,nan,nan,8,,,,,,,,,,,,,,,,,,,,,,,,,,,,,,,0.889002819054272,,,0.8066688020121989,,nan,,,
B3,zz_bytype_r3,quantum,45,13,107,361,125,0.5004641308772864,0.5004641308772864,0.4773291410208968,0.9726250449690877,0.4676082150405661,0.4465927951433923,0.5356327575018277,0.5578689100273542,9,0.7824998017069305,2.4612890662873568,279.88,molecule,zz,0.1,bytype,3,bytype,eig,0,"[0.000,3.142]",none,1,1,Z,ridge,1,1,adam,adjoint,100,15,0.737337126066585,0.16037097112832416,6.7395759057702,0.034641557555078424,0.07749116969294553,0.3732574202302205,0.9346144364898379,0.4845581765831312,0.9726250449690877,9,0.4676082150405661,0.4845581765831312,0.5356327575018277,0.9761121631132291,9,0.4640208752388626
B3,xy_bytype_r3,quantum,45,13,107,361,125,0.4869093460912869,0.4869093460912869,0.48457293393434414,0.9724810674283334,0.428040675411904,0.42276873122932485,0.6531273359783796,0.6831417317660201,9,0.8381131203762398,2.5918696051995744,277.22,molecule,xy,0.1,bytype,3,bytype,eig,0,"[0.000,3.142]",none,1,1,Z,ridge,1,1,adam,adjoint,100,15,0.8447415758395005,0.1367525778011147,7.097135473181256,0.02147612280568173,-0.019870965626576656,0.5991783851840026,0.9346144364898379,0.4758548625982591,0.9724810674283334,9,0.428040675411904,0.4758548625982591,0.6531273359783796,0.9739418555289894,9,0.47388793372851634
B3,none_r3,quantum,45,13,92,361,125,0.5792660407187513,0.5792660407187513,0.574606798595181,0.9705080864733074,0.5566876689470802,0.5282426823018389,0.38978083902182575,0.519561636971504,9,0.24683696383986958,1.3081373145997641,210.88,molecule,none,0.0,fixed,3,fixed,eig,0,"[0.000,3.142]",none,1,1,Z,ridge,1,1,adam,adjoint,100,15,0.7718797247614382,0.5813512770517706,3.075341619338936,0.007054262325840993,0.0,0.0,0.9346144364898379,0.5808155352983972,0.9705080864733074,9,0.5566876689470802,0.5808155352983972,0.38978083902182575,0.9743965482065092,9,0.5762688917779032
B3,zz_fixed_r3,quantum,45,13,92,361,125,0.5013921847074142,0.5013921847074142,0.5435229083736185,0.9763428674301082,0.4779806758632872,0.5017706615445355,0.5734110213000155,0.5137900761477612,9,0.5193736111548616,2.734118046338747,259.06,molecule,zz,0.1,fixed,3,fixed,eig,0,"[0.000,3.142]",none,1,1,Z,ridge,1,1,adam,adjoint,100,15,0.737337126066585,0.3543836802628353,6.701136880776831,0.3060591565548147,0.1,0.04148148148148149,0.9346144364898379,0.5040608184564401,0.9763428674301082,9,0.4779806758632872,0.5040608184564401,0.5734110213000155,0.9680049190205359,9,0.5470009703751673
B3,xy_shuffled_r3,quantum,45,13,107,361,125,0.5532571317151838,0.5532571317151838,0.5260278466959626,0.9649622958525162,0.4332333067947014,0.4194747336377357,0.7234414146890427,0.7288753624617001,9,0.7445725285248467,2.608237503975644,272.08,molecule,xy,0.1,bytype_shuffled,3,bytype_shuffled,eig,0,"[0.000,3.142]",none,1,1,Z,ridge,1,1,adam,adjoint,100,15,0.8447415758395005,0.21577020476662012,7.141954546946403,0.11357515464034373,0.5074533794932357,0.6836603449085287,0.9346144364898379,0.5504038828605442,0.9649622958525162,9,0.4332333067947014,0.5504038828605442,0.7234414146890427,0.9694978700798159,9,0.523688882831903
B3,krr_res,classical,45,13,361,361,125,0.6724689818113412,0.6724689818113412,0.6724689818113412,0.9310220629554404,0.6120792548971155,0.6120792548971155,0.40530970452697207,0.40530970452697207,9,,,,,,,,,,,,,,,,,,,,,,,,,,,,,,,0.6744468954449585,,,0.6120792548971155,,0.40530970452697207,,,
B3,krr_cos_cl,classical,45,13,361,361,125,0.5847795285030616,0.5847795285030616,0.5847795285030616,0.9722456623223912,0.5271330321996162,0.5271330321996162,0.524326930185564,0.524326930185564,9,,,,,,,,,,,,,,,,,,,,,,,,,,,,,,,0.5864750871580607,,,0.5271330321996162,,0.524326930185564,,,
B3,ridge_raw_eig,classical,45,13,14,361,125,0.6416599716537432,0.6416599716537432,0.6416599716537432,0.9632939960010045,0.5979517433804971,0.5979517433804971,0.3482515586879913,0.3482515586879913,9,,,,,,,,,,,,,,,,,,,,,,,,,,,,,,,0.6442917725894014,,,0.5979517433804971,,0.3482515586879913,,,
B3,composition,classical,45,13,0,361,125,0.7611201901144896,0.7611201901144896,0.7611201901144896,0.9530277278406297,0.7067695522980623,0.7067695522980623,nan,nan,9,,,,,,,,,,,,,,,,,,,,,,,,,,,,,,,0.7587929955542252,,,0.7067695522980623,,nan,,,
B3,zz_bytype_r3,quantum,46,13,107,358,128,0.4575752720487547,0.4575752720487547,0.44495466856259663,0.9769785448079298,0.43451694828832066,0.4224913054474203,0.6394810745160417,0.6258419902510124,11,0.8283239866811494,2.867473128954559,277.67,molecule,zz,0.1,bytype,3,bytype,eig,0,"[0.000,3.142]",none,1,1,Z,ridge,1,1,adam,adjoint,100,15,0.6331424231047451,0.1086953670616596,8.682060569510746,0.10338228853696989,0.3398307414021101,0.44763155093971124,0.9334585963868824,0.4575752720487547,0.9769785448079298,11,0.43451694828832066,0.4575752720487547,0.6394810745160417,0.9800153818947489,11,0.44495466856259663
B3,xy_bytype_r3,quantum,46,13,107,358,128,0.39307061172891883,0.39307061172891883,0.39493904715322914,0.9827854332581201,0.3434582755525988,0.35319758205424884,0.802627193140361,0.7728985632353198,11,0.7971362263124521,2.1993580988019246,271.92,molecule,xy,0.1,bytype,3,bytype,eig,0,"[0.000,3.142]",none,1,1,Z,ridge,1,1,adam,adjoint,100,15,0.746160610426595,0.15136895720814336,6.659159255941857,0.023839451302234867,-0.003193176201685688,0.6315332055914444,0.9334585963868824,0.39307061172891883,0.9827854332581201,11,0.3434582755525988,0.39307061172891883,0.802627193140361,0.9845012808237936,11,0.39493904715322914
B3,none_r3,quantum,46,13,92,358,128,0.5496481609608377,0.5496481609608377,0.5159945474692773,0.9759770889728632,0.4661765250373986,0.47993682478280386,0.5554834918525695,0.4774418630974201,11,0.18697280854329282,1.2334636972429267,211.33,molecule,none,0.0,fixed,3,fixed,eig,0,"[0.000,3.142]",none,1,1,Z,ridge,1,1,adam,adjoint,100,15,0.7569626018047764,0.6154311781830991,3.2569308698004575,0.0030661179246335695,0.0,0.0,0.9334585963868824,0.5496481609608377,0.9759770889728632,11,0.4661765250373986,0.5496481609608377,0.5554834918525695,0.979555861322483,11,0.5159945474692773
B3,zz_fixed_r3,quantum,46,13,92,358,128,0.6120215747884676,0.6120215747884676,0.5235748804144854,0.9688608528179846,0.5262812843396536,0.47869642356183734,0.528645233294931,0.5597523423317274,11,0.45719066138318654,2.118987931442828,255.51,molecule,zz,0.1,fixed,3,fixed,eig,0,"[0.000,3.142]",none,1,1,Z,ridge,1,1,adam,adjoint,100,15,0.6331424231047451,0.34367561993573337,5.807034849500836,0.2698600308267939,0.1,0.04148148148148149,0.9334585963868824,0.6120215747884676,0.9688608528179846,11,0.5262812843396536,0.6120215747884676,0.528645233294931,0.9757718797375391,11,0.5235748804144854
B3,xy_shuffled_r3,quantum,46,13,107,358,128,0.5132391410870415,0.5132391410870415,0.5062282950315149,0.975478109922465,0.504445747294062,0.494425956523125,0.7154589530093562,0.6992249140308616,11,0.7260988977960773,2.0816488508097883,269.13,molecule,xy,0.1,bytype_shuffled,3,bytype_shuffled,eig,0,"[0.000,3.142]",none,1,1,Z,ridge,1,1,adam,adjoint,100,15,0.746160610426595,0.20437421361699612,6.302762255970011,0.06311120738526534,0.33683065386778493,0.22726586543266677,0.9334585963868824,0.5132391410870415,0.975478109922465,11,0.504445747294062,0.5132391410870415,0.7154589530093562,0.9767051928504318,11,0.5062282950315149
B3,krr_res,classical,46,13,358,358,128,0.5498981542142292,0.5498981542142292,0.5498981542142292,0.9724626662186946,0.48670285912506217,0.48670285912506217,0.7010087191034773,0.7010087191034773,11,,,,,,,,,,,,,,,,,,,,,,,,,,,,,,,0.5498981542142292,,,0.48670285912506217,,0.7010087191034773,,,
B3,krr_cos_cl,classical,46,13,358,358,128,0.5274327616929373,0.5274327616929373,0.5274327616929373,0.9766585142271597,0.48701687004361105,0.48701687004361105,0.5428453261917854,0.5428453261917854,11,,,,,,,,,,,,,,,,,,,,,,,,,,,,,,,0.5274327616929373,,,0.48701687004361105,,0.5428453261917854,,,
B3,ridge_raw_eig,classical,46,13,14,358,128,0.6041159606063367,0.6041159606063367,0.6041159606063367,0.9681827487162041,0.5272361099373983,0.5272361099373983,0.48868933066261694,0.48868933066261694,11,,,,,,,,,,,,,,,,,,,,,,,,,,,,,,,0.6041159606063367,,,0.5272361099373983,,0.48868933066261694,,,
B3,composition,classical,46,13,0,358,128,0.7859441074928271,0.7859441074928271,0.7859441074928271,0.9534154792750181,0.6959334254879057,0.6959334254879057,nan,nan,11,,,,,,,,,,,,,,,,,,,,,,,,,,,,,,,0.7859441074928271,,,0.6959334254879057,,nan,,,
B3,zz_bytype_r3,quantum,47,13,107,355,131,0.5037993618627667,0.5037993618627667,0.49183971220057626,0.9749433981186846,0.4752148826094174,0.4638125279828864,0.7289538344407531,0.7168595999446292,8,0.8089283421081269,2.7913364327432593,272.58,molecule,zz,0.1,bytype,3,bytype,eig,0,"[0.000,3.142]",none,1,1,Z,ridge,1,1,adam,adjoint,100,15,0.6822954798068319,0.13036732849882235,7.984861219142234,0.012872186673472261,0.2966303068003531,0.7058112201773334,0.9379172428279707,0.4915551925639941,0.9749433981186846,8,0.4752148826094174,0.4915551925639941,0.7289538344407531,0.976207737073455,8,0.48142168712817823
B3,xy_bytype_r3,quantum,47,13,107,355,131,0.4989234133738124,0.4989234133738124,0.44978064912833393,0.9540324131234528,0.41882152943737044,0.4062284390865349,0.7520145521871541,0.7582385970376523,8,0.8558707575710734,2.438446485422758,271.6,molecule,xy,0.1,bytype,3,bytype,eig,0,"[0.000,3.142]",none,1,1,Z,ridge,1,1,adam,adjoint,100,15,0.765884218708108,0.11038631223066984,6.975388759308586,0.018463359120702662,0.1515473333757864,0.5400200908819625,0.9379172428279707,0.4280599981878253,0.9540324131234528,8,0.41882152943737044,0.4280599981878253,0.7520145521871541,0.9777320686584674,8,0.41848860966269746
B3,none_r3,quantum,47,13,92,355,131,0.699934480362811,0.699934480362811,0.7082291305977789,0.95460437811811,0.6035797263299603,0.6344624888607515,0.4991746262458472,0.4351627387873754,8,0.28707720049474794,1.1105074012893434,207.83,molecule,none,0.0,fixed,3,fixed,eig,0,"[0.000,3.142]",none,1,1,Z,ridge,1,1,adam,adjoint,100,15,0.7690567922879173,0.5482781213364312,2.746605570138147,0.003851974540178062,0.0,0.0,0.9379172428279707,0.6943982036491229,0.95460437811811,8,0.6035797263299603,0.6943982036491229,0.4991746262458472,0.9513363838817853,8,0.7047070367976842
B3,zz_fixed_r3,quantum,47,13,92,355,131,0.6754693676454258,0.6754693676454258,0.6952354847307995,0.9076840524448822,0.5010319653400557,0.5129062114722186,0.6679808624031008,0.668999602021041,8,0.49653347880222576,1.6376351376541212,254.88,molecule,zz,0.1,fixed,3,fixed,eig,0,"[0.000,3.142]",none,1,1,Z,ridge,1,1,adam,adjoint,100,15,0.6822954798068319,0.3435129316473119,4.214108235207588,0.6016614310898949,0.1,0.04148148148148149,0.9379172428279707,0.5732613345907078,0.9076840524448822,8,0.5010319653400557,0.5732613345907078,0.6679808624031008,0.8959023413901515,8,0.5900177840423849
B3,xy_shuffled_r3,quantum,47,13,107,355,131,0.667312249899398,0.667312249899398,0.6325401647118126,0.9415289080699585,0.5942590610780568,0.570501992973137,0.7156769102990033,0.6895989064230341,8,0.7503522699150654,2.3967731272159423,266.99,molecule,xy,0.1,bytype_shuffled,3,bytype_shuffled,eig,0,"[0.000,3.142]",none,1,1,Z,ridge,1,1,adam,adjoint,100,15,0.765884218708108,0.19120125670835275,6.856178485006395,0.02475217259501378,0.3655506072360437,0.3036384859662018,0.9379172428279707,0.6656378557094405,0.9415289080699585,8,0.5942590610780568,0.6656378557094405,0.7156769102990033,0.9548528189422842,8,0.6306089592774997
B3,krr_res,classical,47,13,355,355,131,0.6443748340663583,0.6443748340663583,0.6443748340663583,0.9550750631339625,0.6204821439613426,0.6204821439613426,0.4636424591638981,0.4636424591638981,8,,,,,,,,,,,,,,,,,,,,,,,,,,,,,,,0.6322492968269418,,,0.6204821439613426,,0.4636424591638981,,,
B3,krr_cos_cl,classical,47,13,355,355,131,0.6717283860047605,0.6717283860047605,0.6717283860047605,0.9583626323187949,0.601514620982851,0.601514620982851,0.4397083506367663,0.4397083506367663,8,,,,,,,,,,,,,,,,,,,,,,,,,,,,,,,0.6693340290953551,,,0.601514620982851,,0.4397083506367663,,,
B3,ridge_raw_eig,classical,47,13,14,355,131,0.7612472404411321,0.7612472404411321,0.7612472404411321,0.9494699790058256,0.6340939462837947,0.6340939462837947,0.4411146871539313,0.4411146871539313,8,,,,,,,,,,,,,,,,,,,,,,,,,,,,,,,0.7502443639830257,,,0.6340939462837947,,0.4411146871539313,,,
B3,composition,classical,47,13,0,355,131,0.8149821406877351,0.8149821406877351,0.8149821406877351,0.9425785939439011,0.7331239112078638,0.7331239112078638,nan,nan,8,,,,,,,,,,,,,,,,,,,,,,,,,,,,,,,0.8188363178352731,,,0.7331239112078638,,nan,,,
B3,zz_bytype_r3,quantum,48,13,107,352,134,0.5351721832937061,0.5351721832937061,0.5437130277267838,0.9418733804654853,0.5189073232720384,0.5264157876275014,0.7290864892165644,0.7262050209567955,7,0.7871416557996113,2.8151659296263496,271.94,molecule,zz,0.1,bytype,3,bytype,eig,0,"[0.000,3.142]",none,1,1,Z,ridge,1,1,adam,adjoint,100,15,0.7049082850110722,0.1500456103605925,8.24037702588371,0.035441946423709667,0.07920669715956191,0.659438771003681,0.947697971554528,0.5393036706540643,0.9418733804654853,7,0.5189073232720384,0.5393036706540643,0.7290864892165644,0.9386422568862587,7,0.5479079799196516
B3,xy_bytype_r3,quantum,48,13,107,352,134,0.4485628855748806,0.4485628855748806,0.4220257702674283,0.9729590573325184,0.40619940489878037,0.3711783051255249,0.7697686255310995,0.7803896357633451,7,0.7820345417182354,2.5210755240285936,269.23,molecule,xy,0.1,bytype,3,bytype,eig,0,"[0.000,3.142]",none,1,1,Z,ridge,1,1,adam,adjoint,100,15,0.8023465765504247,0.1748838392586183,7.379534048097947,0.02120031426953931,0.22614948391754738,0.24651168854742156,0.947697971554528,0.4485334485328921,0.9729590573325184,7,0.40619940489878037,0.4485334485328921,0.7697686255310995,0.97658649281607,7,0.4222977609788631
B3,none_r3,quantum,48,13,92,352,134,0.68802327897462,0.68802327897462,0.6729357572608132,0.9272607861081889,0.589372692888182,0.5863328442208467,0.6193955044452352,0.642616008132294,7,0.2563897504384712,1.1299975452459765,207.56,molecule,none,0.0,fixed,3,fixed,eig,0,"[0.000,3.142]",none,1,1,Z,ridge,1,1,adam,adjoint,100,15,0.7854127554099535,0.5840409750592035,2.870011726991977,0.009050283986492628,0.0,0.0,0.947697971554528,0.6556151227485061,0.9272607861081889,7,0.589372692888182,0.6556151227485061,0.6193955044452352,0.9314075089495408,7,0.6454636110757752
B3,zz_fixed_r3,quantum,48,13,92,352,134,0.5714312105390895,0.5714312105390895,0.5632962222537687,0.9554236576412035,0.5536426507439203,0.5636013904269213,0.6833170968588587,0.6593213206916885,7,0.4361746347955756,2.2846702493044075,251.45,molecule,zz,0.1,fixed,3,fixed,eig,0,"[0.000,3.142]",none,1,1,Z,ridge,1,1,adam,adjoint,100,15,0.7049082850110722,0.39744517123199224,6.031161407231958,0.29348032874099295,0.1,0.04148148148148149,0.947697971554528,0.577790798006011,0.9554236576412035,7,0.5536426507439203,0.577790798006011,0.6833170968588587,0.9549077090987647,7,0.5669818525803545
B3,xy_shuffled_r3,quantum,48,13,107,352,134,0.6198790877764887,0.6198790877764887,0.6206461105948838,0.9413888198152254,0.5826668740346138,0.5792553837798984,0.6846928106830327,0.7038816698082587,7,0.7275667998008125,2.717946640109752,264.09,molecule,xy,0.1,bytype_shuffled,3,bytype_shuffled,eig,0,"[0.000,3.142]",none,1,1,Z,ridge,1,1,adam,adjoint,100,15,0.8023465765504247,0.2185858455184946,7.95580282321437,0.018428109782128704,0.6037198465615493,0.3335417256919879,0.947697971554528,0.6155822905745216,0.9413888198152254,7,0.5826668740346138,0.6155822905745216,0.6846928106830327,0.9419274651505856,7,0.6158038475209195
B3,krr_res,classical,48,13,352,352,134,0.5778243954965284,0.5778243954965284,0.5778243954965284,0.9505543120903287,0.521143700620343,0.521143700620343,0.6413397031025512,0.6413397031025512,7,,,,,,,,,,,,,,,,,,,,,,,,,,,,,,,0.5717059179304794,,,0.521143700620343,,0.6413397031025512,,,
B3,krr_cos_cl,classical,48,13,352,352,134,0.6878798142576449,0.6878798142576449,0.6878798142576449,0.9406988332723496,0.6354649985258755,0.6354649985258755,0.6299608415070761,0.6299608415070761,7,,,,,,,,,,,,,,,,,,,,,,,,,,,,,,,0.6884894858212638,,,0.6354649985258755,,0.6299608415070761,,,
B3,ridge_raw_eig,classical,48,13,14,352,134,0.7816826408350859,0.7816826408350859,0.7816826408350859,0.9214472628483736,0.7336288974721897,0.7336288974721897,0.23836072973907688,0.23836072973907688,7,,,,,,,,,,,,,,,,,,,,,,,,,,,,,,,0.7782472570067016,,,0.7336288974721897,,0.23836072973907688,,,
B3,composition,classical,48,13,0,352,134,0.8418661745764338,0.8418661745764338,0.8418661745764338,0.9096805367650693,0.8142416863545352,0.8142416863545352,nan,nan,7,,,,,,,,,,,,,,,,,,,,,,,,,,,,,,,0.850787707067889,,,0.8142416863545352,,nan,,,
B3,zz_bytype_r3,quantum,49,13,107,362,124,0.48287719098141724,0.48287719098141724,0.4718997442812704,0.9656164193371874,0.41772710232982085,0.4021685487722489,0.7412038121259433,0.7503862542284673,7,0.7459482434768225,2.2759541759747615,279.1,molecule,zz,0.1,bytype,3,bytype,eig,0,"[0.000,3.142]",none,1,1,Z,ridge,1,1,adam,adjoint,100,15,0.7168460752580055,0.1821160045760421,6.639703096453997,0.4133350331730941,-0.20416919433172934,0.34441665496139223,0.9479916563766306,0.4689314291697736,0.9656164193371874,7,0.41772710232982085,0.4689314291697736,0.7412038121259433,0.9650817467147507,7,0.45209762248928737
B3,xy_bytype_r3,quantum,49,13,107,362,124,0.4416513772228215,0.4416513772228215,0.4286609084331147,0.9723327707611988,0.413577307693327,0.40516469586261156,0.7594582682799896,0.7810138563622171,7,0.8165555104202751,2.1436875329219105,280.05,molecule,xy,0.1,bytype,3,bytype,eig,0,"[0.000,3.142]",none,1,1,Z,ridge,1,1,adam,adjoint,100,15,0.8168151359710115,0.14984023569919583,6.253838016784956,0.01579729540168508,0.28691349949288164,0.6492085044272092,0.9479916563766306,0.4239481880280621,0.9723327707611988,7,0.413577307693327,0.4239481880280621,0.7594582682799896,0.9739397491218559,7,0.41824300071486115
B3,none_r3,quantum,49,13,92,362,124,0.7415573832763188,0.7415573832763188,0.6943702122873631,0.9147056091657744,0.7024147629390168,0.6674567670364496,0.2719646109810044,0.3531924928441322,7,0.29371768591240033,1.3429885323278725,209.87,molecule,none,0.0,fixed,3,fixed,eig,0,"[0.000,3.142]",none,1,1,Z,ridge,1,1,adam,adjoint,100,15,0.792750662202463,0.5599057721948326,3.3977997956967196,0.0036876841870318237,0.0,0.0,0.9479916563766306,0.7173303831439166,0.9147056091657744,7,0.7024147629390168,0.7173303831439166,0.2719646109810044,0.9340935967570503,7,0.6882788080393045
B3,zz_fixed_r3,quantum,49,13,92,362,124,0.6774623426231831,0.6774623426231831,0.6753349478305885,0.9273848458103136,0.6489320187507199,0.6589370884337552,0.28430604345563365,0.27493104345563363,7,0.5182685932842025,1.6501632021142343,258.26,molecule,zz,0.1,fixed,3,fixed,eig,0,"[0.000,3.142]",none,1,1,Z,ridge,1,1,adam,adjoint,100,15,0.7168460752580055,0.3453272682327374,4.339976907023892,0.31052658148531986,0.1,0.04148148148148149,0.9479916563766306,0.6560473350335279,0.9273848458103136,7,0.6489320187507199,0.6560473350335279,0.28430604345563365,0.9298952536516351,7,0.6737027975962614
B3,xy_shuffled_r3,quantum,49,13,107,362,124,0.6595611603448495,0.6595611603448495,0.5857070412163831,0.8845920537875968,0.5424084074969094,0.5409029068050181,0.5449360850897736,0.5437465846994536,7,0.7518496275637501,2.066718008218506,272.05,molecule,xy,0.1,bytype_shuffled,3,bytype_shuffled,eig,0,"[0.000,3.142]",none,1,1,Z,ridge,1,1,adam,adjoint,100,15,0.8168151359710115,0.20269298020277263,6.0292927263302785,0.19377750614645833,0.2935764299390527,0.1584457676126558,0.9479916563766306,0.5731497335635608,0.8845920537875968,7,0.5424084074969094,0.5731497335635608,0.5449360850897736,0.942236670237666,7,0.558910893545767
B3,krr_res,classical,49,13,362,362,124,0.43666144842048177,0.43666144842048177,0.43666144842048177,0.9680019691571609,0.410556088344268,0.410556088344268,0.7218836195680457,0.7218836195680457,7,,,,,,,,,,,,,,,,,,,,,,,,,,,,,,,0.4334460801415314,,,0.410556088344268,,0.7218836195680457,,,
B3,krr_cos_cl,classical,49,13,362,362,124,0.6214226212513589,0.6214226212513589,0.6214226212513589,0.9469743337665605,0.6091049080205099,0.6091049080205099,0.4755056271142338,0.4755056271142338,7,,,,,,,,,,,,,,,,,,,,,,,,,,,,,,,0.6234388450439802,,,0.6091049080205099,,0.4755056271142338,,,
B3,ridge_raw_eig,classical,49,13,14,362,124,0.6866324853382834,0.6866324853382834,0.6866324853382834,0.9358403529833699,0.6034419119504235,0.6034419119504235,0.6137021857923498,0.6137021857923498,7,,,,,,,,,,,,,,,,,,,,,,,,,,,,,,,0.6697918416587022,,,0.6034419119504235,,0.6137021857923498,,,
B3,composition,classical,49,13,0,362,124,0.876247319554235,0.876247319554235,0.876247319554235,0.9031328629814706,0.7749564393757692,0.7749564393757692,nan,nan,7,,,,,,,,,,,,,,,,,,,,,,,,,,,,,,,0.8869268202704106,,,0.7749564393757692,,nan,,,
B3,zz_bytype_r3,quantum,50,13,107,345,141,0.40441990436714037,0.40441990436714037,0.39891844300049767,0.9784130973223463,0.3356626185329821,0.3290423088714389,0.8020070743262635,0.8078500572467523,9,0.822087562815986,2.417191617225225,266.0,molecule,zz,0.1,bytype,3,bytype,eig,0,"[0.000,3.142]",none,1,1,Z,ridge,1,1,adam,adjoint,100,15,0.7644568354946217,0.13600637872482702,7.4054148003098454,0.029002009293496524,0.18297527052913348,0.5190278802612902,0.9420000555879576,0.3902178544130643,0.9784130973223463,9,0.3356626185329821,0.3902178544130643,0.8020070743262635,0.979542431650235,9,0.3847959372961736
B3,xy_bytype_r3,quantum,50,13,107,345,141,0.39614616415405335,0.39614616415405335,0.38238994097735457,0.9800296347379264,0.36543718658463376,0.35593022049277,0.7346296056059379,0.7324421536646591,9,0.7819563949195826,2.6283297981253555,263.93,molecule,xy,0.1,bytype,3,bytype,eig,0,"[0.000,3.142]",none,1,1,Z,ridge,1,1,adam,adjoint,100,15,0.6681405540737859,0.14568377511067584,8.05226703933225,0.026970615961131112,-0.09391996868546269,0.6198305419177469,0.9420000555879576,0.39202847361375914,0.9800296347379264,9,0.36543718658463376,0.39202847361375914,0.7346296056059379,0.9811369900913691,9,0.37797355915308234
B3,none_r3,quantum,50,13,92,345,141,0.6584942183624828,0.6584942183624828,0.6529665958771815,0.9439449698641342,0.5942886874706116,0.6020949034566931,0.5452821591875915,0.512540711493056,9,0.2498305103719477,0.8840036463147423,201.64,molecule,none,0.0,fixed,3,fixed,eig,0,"[0.000,3.142]",none,1,1,Z,ridge,1,1,adam,adjoint,100,15,0.7460353339662178,0.5596529457259312,2.365899402092611,0.007617777112856133,0.0,0.0,0.9420000555879576,0.6528709118172769,0.9439449698641342,9,0.5942886874706116,0.6528709118172769,0.5452821591875915,0.9440760443464603,9,0.6491259735153708
B3,zz_fixed_r3,quantum,50,13,92,345,141,0.5037667146002184,0.5037667146002184,0.4848358451399927,0.9686786720503416,0.4393135443168542,0.4223267431221141,0.6346644530391935,0.6362290751234116,9,0.49843479503394167,2.27892500397233,242.99,molecule,zz,0.1,fixed,3,fixed,eig,0,"[0.000,3.142]",none,1,1,Z,ridge,1,1,adam,adjoint,100,15,0.7644568354946217,0.3834249493825643,6.327083750104324,0.36535676733519223,0.1,0.04148148148148149,0.9420000555879576,0.5042073600064577,0.9686786720503416,9,0.4393135443168542,0.5042073600064577,0.6346644530391935,0.9707742538540849,9,0.4863758221447065
B3,xy_shuffled_r3,quantum,50,13,107,345,141,0.8429122041361532,0.8429122041361532,0.7074190303756537,0.6340775104873686,0.8013565893833527,0.6581757351290428,0.5851587705050129,0.6196488482049416,9,0.5399407003479175,2.7468749677280484,258.59,molecule,xy,0.1,bytype_shuffled,3,bytype_shuffled,eig,0,"[0.000,3.142]",none,1,1,Z,ridge,1,1,adam,adjoint,100,15,0.6681405540737859,0.3073842753763403,8.41544724698528,0.010037937895788157,0.33943452372858335,1.0640453770030895,0.9420000555879576,0.8462035382226903,0.6340775104873686,9,0.8013565893833527,0.8462035382226903,0.5851587705050129,0.8217001221634253,9,0.7115764383269423
B3,krr_res,classical,50,13,345,345,141,0.5909360972632736,0.5909360972632736,0.5909360972632736,0.9581783005451131,0.4947501002904286,0.4947501002904286,0.6528719889257859,0.6528719889257859,9,,,,,,,,,,,,,,,,,,,,,,,,,,,,,,,0.590858862188578,,,0.4947501002904286,,0.6528719889257859,,,
B3,krr_cos_cl,classical,50,13,345,345,141,0.6399578022918985,0.6399578022918985,0.6399578022918985,0.9518647232961719,0.5840665747662276,0.5840665747662276,0.47728867989388407,0.47728867989388407,9,,,,,,,,,,,,,,,,,,,,,,,,,,,,,,,0.6393212174206603,,,0.5840665747662276,,0.47728867989388407,,,
B3,ridge_raw_eig,classical,50,13,14,345,141,0.6571913639793043,0.6571913639793043,0.6571913639793043,0.944318380612199,0.5883510894062225,0.5883510894062225,0.4439115959062699,0.4439115959062699,9,,,,,,,,,,,,,,,,,,,,,,,,,,,,,,,0.66393893051521,,,0.5883510894062225,,0.4439115959062699,,,
B3,composition,classical,50,13,0,345,141,0.7431903469902689,0.7431903469902689,0.7431903469902689,0.9339386803874749,0.6836380510339399,0.6836380510339399,nan,nan,9,,,,,,,,,,,,,,,,,,,,,,,,,,,,,,,0.7446003430513457,,,0.6836380510339399,,nan,,,
B3,zz_bytype_r3,quantum,51,13,107,373,113,0.4783882682664141,0.4783882682664141,0.4800449599585106,0.9758686072603253,0.41975378688789466,0.4148478580446333,0.7402016081261363,0.7306842004955213,9,0.8205558850032239,1.7847263602895018,284.98,molecule,zz,0.1,bytype,3,bytype,eig,0,"[0.000,3.142]",none,1,1,Z,ridge,1,1,adam,adjoint,100,15,0.6733958512795051,0.1208369225753515,5.993977417783801,0.016765560093429024,0.21833049682845018,0.37727373430911926,0.9406610343454501,0.45766295080785396,0.9758686072603253,9,0.41975378688789466,0.45766295080785396,0.7402016081261363,0.9760910000196985,9,0.46063219078779366
B3,xy_bytype_r3,quantum,51,13,107,373,113,0.530494981431916,0.530494981431916,0.5103647269927796,0.9748304883043721,0.47703251545901537,0.4529752501800493,0.6576561123730933,0.7070392862845692,9,0.84618088562106,2.8505711906263134,303.24,molecule,xy,0.1,bytype,3,bytype,eig,0,"[0.000,3.142]",none,1,1,Z,ridge,1,1,adam,adjoint,100,15,0.8155894675357145,0.12545324959313486,9.573601715406742,0.02055086867046772,-0.07781467670373997,1.0836671302733472,0.9406610343454501,0.5176382040066796,0.9748304883043721,9,0.47703251545901537,0.5176382040066796,0.6576561123730933,0.9756236102087646,9,0.49693353675618096
B3,none_r3,quantum,51,13,92,373,113,0.7765326882737925,0.7765326882737925,0.7620419361229126,0.9494550451244383,0.6516162917541412,0.6147548988368301,0.4559466597202445,0.5880922579035786,9,0.33333667271539946,0.8883485502397366,194.81,molecule,none,0.0,fixed,3,fixed,eig,0,"[0.000,3.142]",none,1,1,Z,ridge,1,1,adam,adjoint,100,15,0.8033572117056492,0.5355687917537674,2.639449718912951,0.0033201092114334527,0.0,0.0,0.9406610343454501,0.7781023496219186,0.9494550451244383,9,0.6516162917541412,0.7781023496219186,0.4559466597202445,0.9527567950171164,9,0.7574026208395591
B3,zz_fixed_r3,quantum,51,13,92,373,113,0.7017198892397182,0.7017198892397182,0.5508986985170841,0.9590910453402064,0.5680885887479942,0.4585795472510888,0.6614645765589162,0.7635412182581993,9,0.46388602747757285,1.5187606685474164,266.61,molecule,zz,0.1,fixed,3,fixed,eig,0,"[0.000,3.142]",none,1,1,Z,ridge,1,1,adam,adjoint,100,15,0.6733958512795051,0.36101692490957704,4.664398115336396,0.3598967931762369,0.1,0.04148148148148149,0.9406610343454501,0.6852564651366624,0.9590910453402064,9,0.5680885887479942,0.6852564651366624,0.6614645765589162,0.9725764420808573,9,0.5486127732794556
B3,xy_shuffled_r3,quantum,51,13,107,373,113,0.6597341598840362,0.6597341598840362,0.616620801216926,0.9472766190007246,0.5416160083105164,0.4996929593228993,0.7077525454883945,0.7141010895727877,9,0.7681548155643657,1.9706711939672243,278.8,molecule,xy,0.1,bytype_shuffled,3,bytype_shuffled,eig,0,"[0.000,3.142]",none,1,1,Z,ridge,1,1,adam,adjoint,100,15,0.8155894675357145,0.1890904905245785,6.618470426245357,0.0908195214717886,0.35770183892028945,0.26250899223915664,0.9406610343454501,0.6228961826440232,0.9472766190007246,9,0.5416160083105164,0.6228961826440232,0.7077525454883945,0.9549150095723583,9,0.5812163678512096
B3,krr_res,classical,51,13,373,373,113,0.6472032550773605,0.6472032550773605,0.6472032550773605,0.9606155284892425,0.5581226087585017,0.5581226087585017,0.6117333456956099,0.6117333456956099,9,,,,,,,,,,,,,,,,,,,,,,,,,,,,,,,0.6427031320465566,,,0.5581226087585017,,0.6117333456956099,,,
B3,krr_cos_cl,classical,51,13,373,373,113,0.7540659490967067,0.7540659490967067,0.7540659490967067,0.9526215783064419,0.6543934752464597,0.6543934752464597,0.47087661049925195,0.47087661049925195,9,,,,,,,,,,,,,,,,,,,,,,,,,,,,,,,0.7530800974686754,,,0.6543934752464597,,0.47087661049925195,,,
B3,ridge_raw_eig,classical,51,13,14,373,113,0.8123594399527757,0.8123594399527757,0.8123594399527757,0.9454693994178665,0.6883608015896173,0.6883608015896173,0.4995406089745712,0.4995406089745712,9,,,,,,,,,,,,,,,,,,,,,,,,,,,,,,,0.7968890491463868,,,0.6883608015896173,,0.4995406089745712,,,
B3,composition,classical,51,13,0,373,113,0.846361682161751,0.846361682161751,0.846361682161751,0.9385819642423275,0.7428926084854074,0.7428926084854074,nan,nan,9,,,,,,,,,,,,,,,,,,,,,,,,,,,,,,,0.8448202513891901,,,0.7428926084854074,,nan,,,
B3,zz_bytype_r3,quantum,52,13,107,345,141,0.5125192799493311,0.5125192799493311,0.494084376374197,0.962694120924011,0.46267854387326485,0.44469926763209416,0.7357865401789723,0.7488941747014898,8,0.7990295031841904,2.4417477842048556,265.9,molecule,zz,0.1,bytype,3,bytype,eig,0,"[0.000,3.142]",none,1,1,Z,ridge,1,1,adam,adjoint,100,15,0.6706958742875107,0.13479008306787477,6.791058156393606,0.033614871632036185,0.19046019850619392,0.668100035341174,0.9394177646566397,0.5158886792253581,0.962694120924011,8,0.46267854387326485,0.5158886792253581,0.7357865401789723,0.9647830998115943,8,0.4967280470738693
B3,xy_bytype_r3,quantum,52,13,107,345,141,0.4361794852161867,0.4361794852161867,0.4266182446750207,0.9748636833514179,0.3744563914273439,0.3695825434492725,0.8094140305206358,0.7997130485486647,8,0.8503815884493161,2.47839773795985,263.33,molecule,xy,0.1,bytype,3,bytype,eig,0,"[0.000,3.142]",none,1,1,Z,ridge,1,1,adam,adjoint,100,15,0.7506843619002124,0.11231620180344842,6.892990046734342,0.011534170819375827,0.35501049379960353,0.8236761483182655,0.9394177646566397,0.43688033953372524,0.9748636833514179,8,0.3744563914273439,0.43688033953372524,0.8094140305206358,0.9743818011393508,8,0.4286577633988401
B3,none_r3,quantum,52,13,92,345,141,0.6394613706082493,0.6394613706082493,0.5734968561147568,0.9500330252201323,0.6259071840462948,0.549121152402333,0.45368575956109597,0.5933673716061033,8,0.20467668829021932,1.2225746579022487,203.98,molecule,none,0.0,fixed,3,fixed,eig,0,"[0.000,3.142]",none,1,1,Z,ridge,1,1,adam,adjoint,100,15,0.709539265242295,0.5643131182206266,2.926758167297717,0.006833608214989773,0.0,0.0,0.9394177646566397,0.6444741508546915,0.9500330252201323,8,0.6259071840462948,0.6444741508546915,0.45368575956109597,0.9580496241171255,8,0.5744437713026721
B3,zz_fixed_r3,quantum,52,13,92,345,141,0.5386132075006659,0.5386132075006659,0.47441548595778277,0.9657839650838649,0.5053558069926147,0.4537559996248717,0.6357762291206717,0.6619098173813862,8,0.44132265479872085,2.3924768863444297,248.97,molecule,zz,0.1,fixed,3,fixed,eig,0,"[0.000,3.142]",none,1,1,Z,ridge,1,1,adam,adjoint,100,15,0.6706958742875107,0.3747025904843973,5.9666699134614145,0.17709710835940737,0.1,0.04148148148148149,0.9394177646566397,0.5421719821761651,0.9657839650838649,8,0.5053558069926147,0.5421719821761651,0.6357762291206717,0.9712352851183104,8,0.47593384559024837
B3,xy_shuffled_r3,quantum,52,13,107,345,141,0.6362225122018391,0.6362225122018391,0.6461268242825841,0.918921453776077,0.5845949454436519,0.5873035747283375,0.6992648963404998,0.684066195493502,8,0.7151823224651508,2.8288347752301175,260.89,molecule,xy,0.1,bytype_shuffled,3,bytype_shuffled,eig,0,"[0.000,3.142]",none,1,1,Z,ridge,1,1,adam,adjoint,100,15,0.7506843619002124,0.21380817651814882,7.86763546902215,0.034695075560615934,0.6792370949929977,0.9573060892650118,0.9394177646566397,0.6402046256903907,0.918921453776077,8,0.5845949454436519,0.6402046256903907,0.6992648963404998,0.9194337309244057,8,0.6508060365275585
B3,krr_res,classical,52,13,345,345,141,0.6242004623023856,0.6242004623023856,0.6242004623023856,0.9495370725085349,0.6150306291750754,0.6150306291750754,0.48969327623303405,0.48969327623303405,8,,,,,,,,,,,,,,,,,,,,,,,,,,,,,,,0.6287279909268013,,,0.6150306291750754,,0.48969327623303405,,,
B3,krr_cos_cl,classical,52,13,345,345,141,0.5763376555491826,0.5763376555491826,0.5763376555491826,0.9635056272705257,0.5494684307103114,0.5494684307103114,0.6447980561601605,0.6447980561601605,8,,,,,,,,,,,,,,,,,,,,,,,,,,,,,,,0.5816243363589892,,,0.5494684307103114,,0.6447980561601605,,,
B3,ridge_raw_eig,classical,52,13,14,345,141,0.6597428490042896,0.6597428490042896,0.6597428490042896,0.9457799978085893,0.6308378874670556,0.6308378874670556,0.383011524872953,0.383011524872953,8,,,,,,,,,,,,,,,,,,,,,,,,,,,,,,,0.6632445266233477,,,0.6308378874670556,,0.383011524872953,,,
B3,composition,classical,52,13,0,345,141,0.7626458488230431,0.7626458488230431,0.7626458488230431,0.9414906434724408,0.7440210223788908,0.7440210223788908,nan,nan,8,,,,,,,,,,,,,,,,,,,,,,,,,,,,,,,0.7684462718436886,,,0.7440210223788908,,nan,,,
B3,zz_bytype_r3,quantum,53,13,107,381,105,0.44147826473578533,0.44147826473578533,0.4205962341999387,0.9833318031366153,0.40765948012467373,0.38173334286573746,0.6241394242536448,0.6288722414079352,8,0.736364086329499,2.288664391436064,290.86,molecule,zz,0.1,bytype,3,bytype,eig,0,"[0.000,3.142]",none,1,1,Z,ridge,1,1,adam,adjoint,100,15,0.7088045162362372,0.18686632625171787,7.840126743760504,0.01635063056167653,0.012373141045304879,0.6154559811326514,0.9371266206033132,0.43696963976294545,0.9833318031366153,8,0.40765948012467373,0.43696963976294545,0.6241394242536448,0.98430542696,8,0.41150520407633456
B3,xy_bytype_r3,quantum,53,13,107,381,105,0.3835481957341364,0.3835481957341364,0.3684819555931552,0.9873258588346963,0.3628211580987594,0.35782559875301523,0.737551269404496,0.7268773630709666,8,0.8368189469132703,2.529334527304651,310.87,molecule,xy,0.1,bytype,3,bytype,eig,0,"[0.000,3.142]",none,1,1,Z,ridge,1,1,adam,adjoint,100,15,0.7139826630852603,0.11650844284792047,8.664574563942573,0.018474909416819545,0.37996209540315445,1.1941534948390595,0.9371266206033132,0.385636918658723,0.9873258588346963,8,0.3628211580987594,0.385636918658723,0.737551269404496,0.9879229084936629,8,0.3693084187407002
B3,none_r3,quantum,53,13,92,381,105,0.7153396841470709,0.7153396841470709,0.6514639143141945,0.9540942039998259,0.6324799843544034,0.6170213949216828,0.5276011538433012,0.5516649113308164,8,0.15372656358323888,1.0134024187882906,202.0,molecule,none,0.0,fixed,3,fixed,eig,0,"[0.000,3.142]",none,1,1,Z,ridge,1,1,adam,adjoint,100,15,0.7093333303390894,0.6002899550310068,3.0790567964580315,0.0071300548950030945,0.0,0.0,0.9371266206033132,0.7079872256080216,0.9540942039998259,8,0.6324799843544034,0.7079872256080216,0.5276011538433012,0.964820998364237,8,0.6425375650240114
B3,zz_fixed_r3,quantum,53,13,92,381,105,0.6651148230841205,0.6651148230841205,0.5982595081981454,0.959545480842748,0.5521517450854788,0.5148629550550486,0.5704301124346812,0.6238414070224464,8,0.5221276808662685,1.6028676648678521,274.14,molecule,zz,0.1,fixed,3,fixed,eig,0,"[0.000,3.142]",none,1,1,Z,ridge,1,1,adam,adjoint,100,15,0.7088045162362372,0.3387180579862733,5.030336892512002,0.3287466925765076,0.1,0.04148148148148149,0.9371266206033132,0.6471836570255713,0.959545480842748,8,0.5521517450854788,0.6471836570255713,0.5704301124346812,0.9674828288876482,8,0.5850689200917465
B3,xy_shuffled_r3,quantum,53,13,107,381,105,0.6315551390462376,0.6315551390462376,0.6353480176388386,0.9656410229059413,0.5452557862717669,0.5448275375967196,0.6345625819069566,0.6272348439681392,8,0.6142291568358936,1.9922444574657205,287.88,molecule,xy,0.1,bytype_shuffled,3,bytype_shuffled,eig,0,"[0.000,3.142]",none,1,1,Z,ridge,1,1,adam,adjoint,100,15,0.7139826630852603,0.2754336939429549,6.824700515082915,0.021568972018638832,0.5229304383326588,0.304126239855336,0.9371266206033132,0.6254807493504363,0.9656410229059413,8,0.5452557862717669,0.6254807493504363,0.6345625819069566,0.9657491663311816,8,0.6283936802598601
B3,krr_res,classical,53,13,381,381,105,0.48723996224373217,0.48723996224373217,0.48723996224373217,0.9758638428845295,0.41999487592883983,0.41999487592883983,0.6714945534191679,0.6714945534191679,8,,,,,,,,,,,,,,,,,,,,,,,,,,,,,,,0.46306783154289377,,,0.41999487592883983,,0.6714945534191679,,,
B3,krr_cos_cl,classical,53,13,381,381,105,0.622304317607449,0.622304317607449,0.622304317607449,0.9671761740704505,0.580349260523993,0.580349260523993,0.5953105432545751,0.5953105432545751,8,,,,,,,,,,,,,,,,,,,,,,,,,,,,,,,0.6138092179441434,,,0.580349260523993,,0.5953105432545751,,,
B3,ridge_raw_eig,classical,53,13,14,381,105,0.7735467070578064,0.7735467070578064,0.7735467070578064,0.948079515351172,0.723018120607979,0.723018120607979,0.3735534026225059,0.3735534026225059,8,,,,,,,,,,,,,,,,,,,,,,,,,,,,,,,0.7749829786411475,,,0.723018120607979,,0.3735534026225059,,,
B3,composition,classical,53,13,0,381,105,0.8142525093382613,0.8142525093382613,0.8142525093382613,0.9455483133794393,0.7892726912580771,0.7892726912580771,nan,nan,8,,,,,,,,,,,,,,,,,,,,,,,,,,,,,,,0.8124643386994402,,,0.7892726912580771,,nan,,,
B3,zz_bytype_r3,quantum,54,13,107,363,123,0.38605462539318747,0.38605462539318747,0.3958249067224694,0.9817581929447904,0.39069348457934966,0.3953822658858577,0.7343872919826566,0.7304245590919276,8,0.7853070905935225,2.225372407110784,278.66,molecule,zz,0.1,bytype,3,bytype,eig,0,"[0.000,3.142]",none,1,1,Z,ridge,1,1,adam,adjoint,100,15,0.6633099720456371,0.14240794773680715,6.355456037929704,0.0198626664844123,0.19282463887768722,0.40771248090396245,0.9433240495324327,0.3882093198276555,0.9817581929447904,8,0.39069348457934966,0.3882093198276555,0.7343872919826566,0.9807226267664156,8,0.3974838609342616
B3,xy_bytype_r3,quantum,54,13,107,363,123,0.40547396855758866,0.40547396855758866,0.40333524507617385,0.9763633355931277,0.36745337711153003,0.3753275103292249,0.7351388505057425,0.6975852602643922,8,0.7895213706634041,2.971292515847403,294.75,molecule,xy,0.1,bytype,3,bytype,eig,0,"[0.000,3.142]",none,1,1,Z,ridge,1,1,adam,adjoint,100,15,0.775000741500884,0.16312109380595155,8.485734297755062,0.06959342539749408,0.43099085349564054,1.0896582435805005,0.9433240495324327,0.40371968963769117,0.9763633355931277,8,0.36745337711153003,0.40371968963769117,0.7351388505057425,0.9772518949312589,8,0.4043397409641145
B3,none_r3,quantum,54,13,92,363,123,0.9518965264079897,0.9518965264079897,0.9219049539059575,0.7795104074577305,0.6929792964347109,0.6756622666351376,0.40114602298641133,0.44400288201245214,8,0.29277937080432903,1.0434409439084062,189.58,molecule,none,0.0,fixed,3,fixed,eig,0,"[0.000,3.142]",none,1,1,Z,ridge,1,1,adam,adjoint,100,15,0.726850608597015,0.5140437447432373,2.5758470759523,0.008827295798083314,0.0,0.0,0.9433240495324327,0.9559616412265739,0.7795104074577305,8,0.6929792964347109,0.9559616412265739,0.40114602298641133,0.8569195221351896,8,0.9260848414308165
B3,zz_fixed_r3,quantum,54,13,92,363,123,0.6746266345113678,0.6746266345113678,0.6014776728645594,0.9419786685502539,0.5905209787341313,0.5322796447785054,0.5228128095324956,0.5989694259086175,8,0.4270776953052235,1.4673810544917145,257.71,molecule,zz,0.1,fixed,3,fixed,eig,0,"[0.000,3.142]",none,1,1,Z,ridge,1,1,adam,adjoint,100,15,0.6633099720456371,0.3800250779114142,3.7691272982313873,0.10071626501415046,0.1,0.04148148148148149,0.9433240495324327,0.6785921676179736,0.9419786685502539,8,0.5905209787341313,0.6785921676179736,0.5228128095324956,0.9613354352088744,8,0.6068810525701719
B3,xy_shuffled_r3,quantum,54,13,107,363,123,0.683243976350588,0.683243976350588,0.5795026929165086,0.9409354036161797,0.5604070093406055,0.5148972032277006,0.6091298405223142,0.6044668952440176,8,0.6073388743090153,2.012313760974974,271.76,molecule,xy,0.1,bytype_shuffled,3,bytype_shuffled,eig,0,"[0.000,3.142]",none,1,1,Z,ridge,1,1,adam,adjoint,100,15,0.775000741500884,0.30431266356908493,5.7469804161909686,0.198223000212776,0.2659130747769545,0.17924430872768138,0.9433240495324327,0.6871089427554841,0.9409354036161797,8,0.5604070093406055,0.6871089427554841,0.6091298405223142,0.9610912041934875,8,0.5825477724146904
B3,krr_res,classical,54,13,363,363,123,0.6505639066747669,0.6505639066747669,0.6505639066747669,0.9545626818925126,0.6236362189900376,0.6236362189900376,0.5888208140571032,0.5888208140571032,8,,,,,,,,,,,,,,,,,,,,,,,,,,,,,,,0.6589061969193043,,,0.6236362189900376,,0.5888208140571032,,,
B3,krr_cos_cl,classical,54,13,363,363,123,0.7364165088261183,0.7364165088261183,0.7364165088261183,0.9488240541607526,0.589320101419852,0.589320101419852,0.43677249171646804,0.43677249171646804,8,,,,,,,,,,,,,,,,,,,,,,,,,,,,,,,0.7414983388395224,,,0.589320101419852,,0.43677249171646804,,,
B3,ridge_raw_eig,classical,54,13,14,363,123,0.8023148516140924,0.8023148516140924,0.8023148516140924,0.9388335084402348,0.6933294939544956,0.6933294939544956,0.37457637299307395,0.37457637299307395,8,,,,,,,,,,,,,,,,,,,,,,,,,,,,,,,0.8047726252603408,,,0.6933294939544956,,0.37457637299307395,,,
B3,composition,classical,54,13,0,363,123,0.8863785124906521,0.8863785124906521,0.8863785124906521,0.9298753783912179,0.810908654159064,0.810908654159064,nan,nan,8,,,,,,,,,,,,,,,,,,,,,,,,,,,,,,,0.884467965613075,,,0.810908654159064,,nan,,,
B3,zz_bytype_r3,quantum,55,13,107,370,116,0.39475349634129164,0.39475349634129164,0.3648165233742759,0.9865238023929938,0.32332393694796246,0.30523949904201086,0.7392066484110642,0.7413638908933842,9,0.8105735948371454,1.9728823210901096,283.13,molecule,zz,0.1,bytype,3,bytype,eig,0,"[0.000,3.142]",none,1,1,Z,ridge,1,1,adam,adjoint,100,15,0.7283687747836826,0.13797227864014583,6.903208067163803,0.07774536520461546,0.1423669510479462,0.37357502666463965,0.9377365512613767,0.3844807092896846,0.9865238023929938,9,0.32332393694796246,0.3844807092896846,0.7392066484110642,0.9884743589023552,9,0.3586028950395889
B3,xy_bytype_r3,quantum,55,13,107,370,116,0.565471413428114,0.565471413428114,0.5413150819360404,0.9654552159324992,0.48800097567169076,0.48805544025938113,0.6134971393913059,0.5965190882027285,9,0.7542003512824826,1.9121710412972075,296.0,molecule,xy,0.1,bytype,3,bytype,eig,0,"[0.000,3.142]",none,1,1,Z,ridge,1,1,adam,adjoint,100,15,0.80082897919914,0.19684348176995653,6.690776442654832,0.42433289771028904,-0.027452676436668724,0.2525077990186853,0.9377365512613767,0.5516341876927162,0.9654552159324992,9,0.48800097567169076,0.5516341876927162,0.6134971393913059,0.9688247663258034,9,0.5279193114769078
B3,none_r3,quantum,55,13,92,370,116,0.6901263533890001,0.6901263533890001,0.615963290578082,0.9567267703887525,0.6311754627810026,0.5255057758106279,0.2786270518448293,0.4161650931672929,9,0.24918445870399958,1.0466187992011642,193.4,molecule,none,0.0,fixed,3,fixed,eig,0,"[0.000,3.142]",none,1,1,Z,ridge,1,1,adam,adjoint,100,15,0.7752742742065784,0.582087973841276,3.2568147047316267,0.03900107719041207,0.0,0.0,0.9377365512613767,0.6829731875354546,0.9567267703887525,9,0.6311754627810026,0.6829731875354546,0.2786270518448293,0.9662374967088446,9,0.6045662075876562
B3,zz_fixed_r3,quantum,55,13,92,370,116,0.6477609339135729,0.6477609339135729,0.5715058609578879,0.9618265981042591,0.585445310156806,0.5268319818941971,0.5212996429999852,0.5724352571549899,9,0.5240867997270479,2.188857195856748,263.06,molecule,zz,0.1,fixed,3,fixed,eig,0,"[0.000,3.142]",none,1,1,Z,ridge,1,1,adam,adjoint,100,15,0.7283687747836826,0.3466403145861915,7.03005928866823,0.5347788967029872,0.1,0.04148148148148149,0.9377365512613767,0.6461525335699558,0.9618265981042591,9,0.585445310156806,0.6461525335699558,0.5212996429999852,0.9690978576559032,9,0.561724584138573
B3,xy_shuffled_r3,quantum,55,13,107,370,116,0.5818210587295429,0.5818210587295429,0.5770955741723709,0.9668263912539534,0.5556617621253086,0.5543251902833112,0.556020363320347,0.5713278381947928,9,0.6188958895694914,1.8350861300550165,276.46,molecule,xy,0.1,bytype_shuffled,3,bytype_shuffled,eig,0,"[0.000,3.142]",none,1,1,Z,ridge,1,1,adam,adjoint,100,15,0.80082897919914,0.3051992157246606,6.421052711312524,0.05203790300431408,0.14152310877458713,0.07857948279717958,0.9377365512613767,0.5800482434577525,0.9668263912539534,9,0.5556617621253086,0.5800482434577525,0.556020363320347,0.9667459627728561,9,0.5786403235346215
B3,krr_res,classical,55,13,370,370,116,0.5359691979759219,0.5359691979759219,0.5359691979759219,0.9682182939357594,0.45487755506611366,0.45487755506611366,0.6767638970303138,0.6767638970303138,9,,,,,,,,,,,,,,,,,,,,,,,,,,,,,,,0.5228602896043971,,,0.45487755506611366,,0.6767638970303138,,,
B3,krr_cos_cl,classical,55,13,370,370,116,0.6170694540333802,0.6170694540333802,0.6170694540333802,0.96678370034928,0.5376800957116351,0.5376800957116351,0.3263570080092811,0.3263570080092811,9,,,,,,,,,,,,,,,,,,,,,,,,,,,,,,,0.6063819296809266,,,0.5376800957116351,,0.3263570080092811,,,
B3,ridge_raw_eig,classical,55,13,14,370,116,0.7489745811766096,0.7489745811766096,0.7489745811766096,0.9503075189861354,0.697485229607425,0.697485229607425,0.1423892519317809,0.1423892519317809,9,,,,,,,,,,,,,,,,,,,,,,,,,,,,,,,0.7420501479203393,,,0.697485229607425,,0.1423892519317809,,,
B3,composition,classical,55,13,0,370,116,0.7836727152064703,0.7836727152064703,0.7836727152064703,0.946588337586295,0.6820687679999887,0.6820687679999887,nan,nan,9,,,,,,,,,,,,,,,,,,,,,,,,,,,,,,,0.7727505724285787,,,0.6820687679999887,,nan,,,
B3,zz_bytype_r3,quantum,56,13,107,367,119,0.4459985755625903,0.4459985755625903,0.4435052002227835,0.9783809753909843,0.37210036008216724,0.3669296778250307,0.8530686964626246,0.8329419924153807,8,0.813822664844582,2.4695118609602416,281.27,molecule,zz,0.1,bytype,3,bytype,eig,0,"[0.000,3.142]",none,1,1,Z,ridge,1,1,adam,adjoint,100,15,0.7690268759314233,0.14317537442380865,7.943739030940849,0.08493717416510578,-0.11603463833014604,0.8239053049120891,0.9464498385334918,0.44204730686544985,0.9783809753909843,8,0.37210036008216724,0.44204730686544985,0.8530686964626246,0.9787687512252916,8,0.4384574209802129
B3,xy_bytype_r3,quantum,56,13,107,367,119,0.38620072413364886,0.38620072413364886,0.3907203976929291,0.9829354317395361,0.3442806669204212,0.347439286449982,0.8624735209817669,0.8499937832865119,8,0.7062954314861055,2.1621243272560973,299.72,molecule,xy,0.1,bytype,3,bytype,eig,0,"[0.000,3.142]",none,1,1,Z,ridge,1,1,adam,adjoint,100,15,0.5893975736561926,0.17310876005382836,6.954958054541413,0.19387853519139026,0.07398507651367685,0.8312063941198032,0.9464498385334918,0.3885310209210288,0.9829354317395361,8,0.3442806669204212,0.3885310209210288,0.8624735209817669,0.9838956635762226,8,0.39511862629228434
B3,none_r3,quantum,56,13,92,367,119,0.690530691540546,0.690530691540546,0.6939124597059579,0.9517807216331713,0.6306149449328942,0.6305492741011997,0.45594366798452257,0.4594406728121121,8,0.12896762278709734,1.0371804496574912,192.03,molecule,none,0.0,fixed,3,fixed,eig,0,"[0.000,3.142]",none,1,1,Z,ridge,1,1,adam,adjoint,100,15,0.660721496171637,0.5755098154860467,2.934625386877118,0.006531179482927749,0.0,0.0,0.9464498385334918,0.6927835849262374,0.9517807216331713,8,0.6306149449328942,0.6927835849262374,0.45594366798452257,0.9517163087607142,8,0.6854086368620963
B3,zz_fixed_r3,quantum,56,13,92,367,119,0.5783646452961838,0.5783646452961838,0.5315249288178981,0.9640629345065734,0.5373750480861451,0.5095302054785308,0.6813406941218036,0.7087837720333973,8,0.5189644725881044,2.0271606066007237,261.58,molecule,zz,0.1,fixed,3,fixed,eig,0,"[0.000,3.142]",none,1,1,Z,ridge,1,1,adam,adjoint,100,15,0.7690268759314233,0.3699292488575946,5.938417096455946,0.8131864331670391,0.1,0.04148148148148149,0.9464498385334918,0.5822892384657077,0.9640629345065734,8,0.5373750480861451,0.5822892384657077,0.6813406941218036,0.9684295097504231,8,0.5292758567692912
B3,xy_shuffled_r3,quantum,56,13,107,367,119,0.5940074480369046,0.5940074480369046,0.5817433783565933,0.9619006304680161,0.5417516914253241,0.5274891895425456,0.6374673188297626,0.6686339283322044,8,0.6251265577227225,1.7411375622968577,274.5,molecule,xy,0.1,bytype_shuffled,3,bytype_shuffled,eig,0,"[0.000,3.142]",none,1,1,Z,ridge,1,1,adam,adjoint,100,15,0.5893975736561926,0.2209494973063721,5.600759660444259,0.21745742149247038,0.271827495689046,0.15268319472578307,0.9464498385334918,0.587778327159707,0.9619006304680161,8,0.5417516914253241,0.587778327159707,0.6374673188297626,0.9642852903795168,8,0.5744568769376033
B3,krr_res,classical,56,13,367,367,119,0.49870954633994113,0.49870954633994113,0.49870954633994113,0.9736700478808883,0.4522147021138322,0.4522147021138322,0.6778167682309362,0.6778167682309362,8,,,,,,,,,,,,,,,,,,,,,,,,,,,,,,,0.5009468328443929,,,0.4522147021138322,,0.6778167682309362,,,
B3,krr_cos_cl,classical,56,13,367,367,119,0.7332146666123558,0.7332146666123558,0.7332146666123558,0.9479599258012413,0.6473257647542229,0.6473257647542229,0.5920775709381406,0.5920775709381406,8,,,,,,,,,,,,,,,,,,,,,,,,,,,,,,,0.7329775117852434,,,0.6473257647542229,,0.5920775709381406,,,
B3,ridge_raw_eig,classical,56,13,14,367,119,0.8177300677397775,0.8177300677397775,0.8177300677397775,0.9345275968907301,0.7006742211225977,0.7006742211225977,0.5663074931065936,0.5663074931065936,8,,,,,,,,,,,,,,,,,,,,,,,,,,,,,,,0.8251274759003523,,,0.7006742211225977,,0.5663074931065936,,,
B3,composition,classical,56,13,0,367,119,0.9716043162338689,0.9716043162338689,0.9716043162338689,0.9180879757037371,0.8582003369627612,0.8582003369627612,nan,nan,8,,,,,,,,,,,,,,,,,,,,,,,,,,,,,,,0.9828036223443694,,,0.8582003369627612,,nan,,,
B3,zz_bytype_r3,quantum,57,13,107,361,125,0.5825563944545309,0.5825563944545309,0.5440330567613911,0.9705477450497333,0.542296882533714,0.512567536852568,0.5991343811781155,0.6276623012535545,9,0.7710804079455376,2.7733211258302286,278.56,molecule,zz,0.1,bytype,3,bytype,eig,0,"[0.000,3.142]",none,1,1,Z,ridge,1,1,adam,adjoint,100,15,0.7637614056572181,0.1748399494099932,7.67024913831622,0.34172722789936794,0.11520949487780216,0.3979483858407114,0.9390349886970051,0.5637552992129948,0.9705477450497333,9,0.542296882533714,0.5637552992129948,0.5991343811781155,0.9743613814539829,9,0.5288352552483016
B3,xy_bytype_r3,quantum,57,13,107,361,125,0.5223785069086482,0.5223785069086482,0.49537870186718713,0.9774353174849167,0.47228333329343936,0.45731860376370165,0.6455568541354917,0.7011983951008343,9,0.8057474791606795,2.305284634905275,294.21,molecule,xy,0.1,bytype,3,bytype,eig,0,"[0.000,3.142]",none,1,1,Z,ridge,1,1,adam,adjoint,100,15,0.7640627235690619,0.1484211101326472,6.375787974846384,0.012885716908019207,-0.14450682012235797,0.494464807114024,0.9390349886970051,0.512776412002311,0.9774353174849167,9,0.47228333329343936,0.512776412002311,0.6455568541354917,0.9790114188077488,9,0.4869860510259135
B3,none_r3,quantum,57,13,92,361,125,0.7558067928429739,0.7558067928429739,0.7520410164136565,0.9547819720349012,0.6385287879721339,0.6439170015912891,0.3686831671272378,0.3744572360636281,9,0.20611559137771018,1.1173695763777698,190.14,molecule,none,0.0,fixed,3,fixed,eig,0,"[0.000,3.142]",none,1,1,Z,ridge,1,1,adam,adjoint,100,15,0.6935814943684043,0.5506235344880247,2.6575838387151363,0.008980364605907967,0.0,0.0,0.9390349886970051,0.7542266552513052,0.9547819720349012,9,0.6385287879721339,0.7542266552513052,0.3686831671272378,0.955077261056477,9,0.7564030660532911
B3,zz_fixed_r3,quantum,57,13,92,361,125,0.7381152964437092,0.7381152964437092,0.7088917211373168,0.9538698169289557,0.6256074937366106,0.6291449588604234,0.5807590503132977,0.5582312977182616,9,0.5499219482002661,1.9992632398491312,259.35,molecule,zz,0.1,fixed,3,fixed,eig,0,"[0.000,3.142]",none,1,1,Z,ridge,1,1,adam,adjoint,100,15,0.7637614056572181,0.34375224549802696,4.9550313383745115,0.15456528078214463,0.1,0.04148148148148149,0.9390349886970051,0.7264603809465371,0.9538698169289557,9,0.6256074937366106,0.7264603809465371,0.5807590503132977,0.9575424539420516,9,0.7045049346003583
B3,xy_shuffled_r3,quantum,57,13,107,361,125,0.7138520888481725,0.7138520888481725,0.7008997827423268,0.9606235721045285,0.5923880223274198,0.5866854036656171,0.6608190519881018,0.6612344762050396,9,0.739500218048251,2.3689053232381254,273.32,molecule,xy,0.1,bytype_shuffled,3,bytype_shuffled,eig,0,"[0.000,3.142]",none,1,1,Z,ridge,1,1,adam,adjoint,100,15,0.7640627235690619,0.19903817288720013,6.551745430807436,0.11026578234983579,0.4642785651645514,0.33397581637379314,0.9390349886970051,0.7057347473620363,0.9606235721045285,9,0.5923880223274198,0.7057347473620363,0.6608190519881018,0.9625457865941913,9,0.6928028499460601
B3,krr_res,classical,57,13,361,361,125,0.7373748176972338,0.7373748176972338,0.7373748176972338,0.9565392595656445,0.6580713759107824,0.6580713759107824,0.4323513884489495,0.4323513884489495,9,,,,,,,,,,,,,,,,,,,,,,,,,,,,,,,0.7459551408398348,,,0.6580713759107824,,0.4323513884489495,,,
B3,krr_cos_cl,classical,57,13,361,361,125,0.738001583469658,0.738001583469658,0.738001583469658,0.9556593058323286,0.6501245671755576,0.6501245671755576,0.32180303576434793,0.32180303576434793,9,,,,,,,,,,,,,,,,,,,,,,,,,,,,,,,0.7326918012378363,,,0.6501245671755576,,0.32180303576434793,,,
B3,ridge_raw_eig,classical,57,13,14,361,125,0.8206885947007418,0.8206885947007418,0.8206885947007418,0.9485221607001979,0.7166592911873697,0.7166592911873697,0.24322924062200768,0.24322924062200768,9,,,,,,,,,,,,,,,,,,,,,,,,,,,,,,,0.8078626439777369,,,0.7166592911873697,,0.24322924062200768,,,
B3,composition,classical,57,13,0,361,125,0.8749869112799366,0.8749869112799366,0.8749869112799366,0.9424282047827564,0.7823043167666829,0.7823043167666829,nan,nan,9,,,,,,,,,,,,,,,,,,,,,,,,,,,,,,,0.8701688444435355,,,0.7823043167666829,,nan,,,
B3,zz_bytype_r3,quantum,58,13,107,378,108,0.4185318005025896,0.4185318005025896,0.41155531141480006,0.9821766450074417,0.3667109504545049,0.36237730542032165,0.7658766233766232,0.7821224146224145,9,0.7726740657688298,2.2608219545344523,270.21,molecule,zz,0.1,bytype,3,bytype,eig,0,"[0.000,3.142]",none,1,1,Z,ridge,1,1,adam,adjoint,100,15,0.6847331986103978,0.15565761407320608,6.73563340130994,0.030936976098563003,0.3944169841630656,0.5284485842880443,0.9364474605481561,0.4185318005025896,0.9821766450074417,9,0.3667109504545049,0.4185318005025896,0.7658766233766232,0.9763393625227789,9,0.41155531141480006
B3,xy_bytype_r3,quantum,58,13,107,378,108,0.4618407116495441,0.4618407116495441,0.4492451126944876,0.9743368570773308,0.3953809485517123,0.3810479852365758,0.8317795013628347,0.8397130030463363,9,0.7935596900373513,2.6532319548545016,278.02,molecule,xy,0.1,bytype,3,bytype,eig,0,"[0.000,3.142]",none,1,1,Z,ridge,1,1,adam,adjoint,100,15,0.6908727572158387,0.1426239861443875,7.904734709735636,0.02640530587986755,0.3788208575423559,0.5203225105974048,0.9364474605481561,0.4618407116495441,0.9743368570773308,9,0.3953809485517123,0.4618407116495441,0.8317795013628347,0.9785261665744245,9,0.4492451126944876
B3,none_r3,quantum,58,13,92,378,108,0.6331366707271746,0.6331366707271746,0.6260652633653789,0.9682531455042274,0.5658664888397679,0.5496159071461582,0.5712169312169313,0.5322689193522527,9,0.16065891309108374,0.9710081139367127,198.33,molecule,none,0.0,fixed,3,fixed,eig,0,"[0.000,3.142]",none,1,1,Z,ridge,1,1,adam,adjoint,100,15,0.7257807697695678,0.609177620155979,2.5168402827964598,0.061419535264884195,0.0,0.0,0.9364474605481561,0.6331366707271747,0.9682531455042274,9,0.5658664888397679,0.6331366707271747,0.5712169312169313,0.9716386434220917,9,0.6260652633653789
B3,zz_fixed_r3,quantum,58,13,92,378,108,0.5701310154160169,0.5701310154160169,0.4390219647706643,0.9753322490341911,0.4809902456401264,0.41174849605584013,0.603111872695206,0.7345155924322591,9,0.45109023652779356,2.474216743094494,270.48,molecule,zz,0.1,fixed,3,fixed,eig,0,"[0.000,3.142]",none,1,1,Z,ridge,1,1,adam,adjoint,100,15,0.6847331986103978,0.37585673809080083,6.66055898800604,0.18022723308356048,0.1,0.04148148148148149,0.9364474605481561,0.5701310154160169,0.9753322490341911,9,0.4809902456401264,0.5701310154160169,0.603111872695206,0.9851920968600374,9,0.4390219647706643
B3,xy_shuffled_r3,quantum,58,13,107,378,108,0.650851247206356,0.650851247206356,0.6506883799736504,0.9558612037057663,0.5509336303354017,0.5598181780765246,0.6690560365560366,0.6629912217412217,9,0.6704390773971178,2.0639397867237173,283.23,molecule,xy,0.1,bytype_shuffled,3,bytype_shuffled,eig,0,"[0.000,3.142]",none,1,1,Z,ridge,1,1,adam,adjoint,100,15,0.6908727572158387,0.22768466326924883,6.149065271533718,0.2549426113011481,0.5455635281318593,0.48606066057902475,0.9364474605481561,0.6508512472063562,0.9558612037057663,9,0.5509336303354017,0.6508512472063562,0.6690560365560366,0.9563941503822746,9,0.6506883799736501
B3,krr_res,classical,58,13,378,378,108,0.7081169871381692,0.7081169871381692,0.7081169871381692,0.9599601525225865,0.6238135954684183,0.6238135954684183,0.5126565255731923,0.5126565255731923,9,,,,,,,,,,,,,,,,,,,,,,,,,,,,,,,0.708116987138169,,,0.6238135954684183,,0.5126565255731923,,,
B3,krr_cos_cl,classical,58,13,378,378,108,0.6649920525601523,0.6649920525601523,0.6649920525601523,0.9668030014253906,0.5914150277164469,0.5914150277164469,0.5428988295654962,0.5428988295654962,9,,,,,,,,,,,,,,,,,,,,,,,,,,,,,,,0.6649920525601523,,,0.5914150277164469,,0.5428988295654962,,,
B3,ridge_raw_eig,classical,58,13,14,378,108,0.7649218119746729,0.7649218119746729,0.7649218119746729,0.9568481335442334,0.7183249983503543,0.7183249983503543,0.22249859708193037,0.22249859708193037,9,,,,,,,,,,,,,,,,,,,,,,,,,,,,,,,0.7649218119746729,,,0.7183249983503543,,0.22249859708193037,,,
B3,composition,classical,58,13,0,378,108,0.8428567985104023,0.8428567985104023,0.8428567985104023,0.9494055858244828,0.7695407602939076,0.7695407602939076,nan,nan,9,,,,,,,,,,,,,,,,,,,,,,,,,,,,,,,0.8428567985104025,,,0.7695407602939076,,nan,,,
B3,zz_bytype_r3,quantum,59,13,107,341,145,0.4627237489238545,0.4627237489238545,0.44879876842821104,0.9745345297647522,0.4210665693582861,0.4005813968395777,0.6485034928672698,0.6369228945344104,8,0.7869770777751499,2.63794622975132,245.15,molecule,zz,0.1,bytype,3,bytype,eig,0,"[0.000,3.142]",none,1,1,Z,ridge,1,1,adam,adjoint,100,15,0.5616748531173499,0.1196496185512713,7.858616298349709,0.03281048296787786,0.18861662168391147,0.3521485203566117,0.9394126667969397,0.45385963613618224,0.9745345297647522,8,0.4210665693582861,0.45385963613618224,0.6485034928672698,0.976156864235478,8,0.4401065907677966
B3,xy_bytype_r3,quantum,59,13,107,341,145,0.5672398387856623,0.5672398387856623,0.5539093667283218,0.9671874998198994,0.5033230403194812,0.4973169873777192,0.4631179785085248,0.5115668886245698,8,0.752975036491968,2.2277185622927322,251.61,molecule,xy,0.1,bytype,3,bytype,eig,0,"[0.000,3.142]",none,1,1,Z,ridge,1,1,adam,adjoint,100,15,0.6646045061102612,0.16417390386916098,6.63652094357519,0.024607606364752063,-0.10300919875097377,0.628283486565142,0.9394126667969397,0.5562578426045549,0.9671874998198994,8,0.5033230403194812,0.5562578426045549,0.4631179785085248,0.9679927674650308,8,0.5414570159008558
B3,none_r3,quantum,59,13,92,341,145,0.7121848523810413,0.7121848523810413,0.7241672230616738,0.9343784184493481,0.5795914736856899,0.5717279305370726,0.412979957772652,0.4478183466092792,8,0.23284228747586208,1.0526602810747334,176.15,molecule,none,0.0,fixed,3,fixed,eig,0,"[0.000,3.142]",none,1,1,Z,ridge,1,1,adam,adjoint,100,15,0.6567149033028968,0.5038039029983608,2.7282510289478537,0.041682695304653815,0.0,0.0,0.9394126667969397,0.6809497433151536,0.9343784184493481,8,0.5795914736856899,0.6809497433151536,0.412979957772652,0.94534805243922,8,0.7092615286491482
B3,zz_fixed_r3,quantum,59,13,92,341,145,0.6313763717772201,0.6313763717772201,0.6101773485289455,0.9440728060056399,0.5490992297062205,0.5266218246975399,0.5137367814775479,0.5298829213331768,8,0.4352043327329013,1.561184509236469,241.2,molecule,zz,0.1,fixed,3,fixed,eig,0,"[0.000,3.142]",none,1,1,Z,ridge,1,1,adam,adjoint,100,15,0.5616748531173499,0.31723152345356326,4.202346203863304,0.19643860011578032,0.1,0.04148148148148149,0.9394126667969397,0.61316428529305,0.9440728060056399,8,0.5490992297062205,0.61316428529305,0.5137367814775479,0.9533970909512366,8,0.598324063234914
B3,xy_shuffled_r3,quantum,59,13,107,341,145,0.6034581824782055,0.6034581824782055,0.5836750053053429,0.9539899638545694,0.5447230866878142,0.5311112616867779,0.5625004233891314,0.5720341632770198,8,0.6491605258307218,1.4718786358116736,255.42,molecule,xy,0.1,bytype_shuffled,3,bytype_shuffled,eig,0,"[0.000,3.142]",none,1,1,Z,ridge,1,1,adam,adjoint,100,15,0.6646045061102612,0.23316949545425694,4.38482380957127,0.02290782499369819,0.2936414403451615,0.16843379671073513,0.9394126667969397,0.5689539718605596,0.9539899638545694,8,0.5447230866878142,0.5689539718605596,0.5625004233891314,0.9585487944926088,8,0.5531643537659595
B3,krr_res,classical,59,13,341,341,145,0.7305844976354499,0.7305844976354499,0.7305844976354499,0.9392864237353141,0.7110740034542556,0.7110740034542556,0.11793638088751596,0.11793638088751596,8,,,,,,,,,,,,,,,,,,,,,,,,,,,,,,,0.7321563137699835,,,0.7110740034542556,,0.11793638088751596,,,
B3,krr_cos_cl,classical,59,13,341,341,145,0.6847291890703232,0.6847291890703232,0.6847291890703232,0.9557941265423898,0.5938822002080445,0.5938822002080445,0.35945375225135034,0.35945375225135034,8,,,,,,,,,,,,,,,,,,,,,,,,,,,,,,,0.6916819233601746,,,0.5938822002080445,,0.35945375225135034,,,
B3,ridge_raw_eig,classical,59,13,14,341,145,0.7669059500590483,0.7669059500590483,0.7669059500590483,0.9406959891610237,0.651904949334625,0.651904949334625,0.2913754472334109,0.2913754472334109,8,,,,,,,,,,,,,,,,,,,,,,,,,,,,,,,0.7680228110917812,,,0.651904949334625,,0.2913754472334109,,,
B3,composition,classical,59,13,0,341,145,0.7800865017446446,0.7800865017446446,0.7800865017446446,0.941058707483558,0.6704470730693454,0.6704470730693454,nan,nan,8,,,,,,,,,,,,,,,,,,,,,,,,,,,,,,,0.7897294944920181,,,0.6704470730693454,,nan,,,
B3,zz_bytype_r3,quantum,60,13,107,368,118,0.5180592015957598,0.5180592015957598,0.5045484170920472,0.9654047525435128,0.4712293415905269,0.4631138852177521,0.7300960879313404,0.7185710925254492,7,0.8220823972419252,2.1850772763978807,263.13,molecule,zz,0.1,bytype,3,bytype,eig,0,"[0.000,3.142]",none,1,1,Z,ridge,1,1,adam,adjoint,100,15,0.6329020876796914,0.11260442222055156,6.56771600869975,0.023246674232770832,0.25509241090306295,0.660403954239191,0.9431792014700365,0.5180592015957598,0.9654047525435128,7,0.4712293415905269,0.5180592015957598,0.7300960879313404,0.9671542931507208,7,0.5045484170920472
B3,xy_bytype_r3,quantum,60,13,107,368,118,0.5586595714716164,0.5586595714716164,0.571146380754567,0.9591981346757222,0.48057383971307244,0.4826578136127874,0.7055157679089806,0.7141849893146259,7,0.8188603198839169,2.287917919594415,271.49,molecule,xy,0.1,bytype,3,bytype,eig,0,"[0.000,3.142]",none,1,1,Z,ridge,1,1,adam,adjoint,100,15,0.6481438046856435,0.11740456144997842,6.876825506090299,0.014670239807758157,0.2497730189615595,0.3376600921765934,0.9431792014700365,0.5586595714716164,0.9591981346757222,7,0.48057383971307244,0.5586595714716164,0.7055157679089806,0.9575060675829092,7,0.5711463807545671
B3,none_r3,quantum,60,13,92,368,118,0.7432287460925332,0.7432287460925332,0.7184787823181216,0.9371229976899389,0.6841520989631974,0.6596591679171635,0.23064407973833215,0.34714581000503125,7,0.24027213571078662,1.35590681949144,191.14,molecule,none,0.0,fixed,3,fixed,eig,0,"[0.000,3.142]",none,1,1,Z,ridge,1,1,adam,adjoint,100,15,0.6617474832910242,0.5027480021794517,3.550326817962098,0.008152584971840593,0.0,0.0,0.9431792014700365,0.7432287460925332,0.9371229976899389,7,0.6841520989631974,0.7432287460925332,0.23064407973833215,0.9401385182629631,7,0.7184787823181215
B3,zz_fixed_r3,quantum,60,13,92,368,118,0.5740133612728764,0.5740133612728764,0.5580479979617567,0.9564028981834525,0.5574886478583878,0.5293411918631952,0.6016232106415151,0.6109123900004559,7,0.45612119287485225,1.840303205839846,260.15,molecule,zz,0.1,fixed,3,fixed,eig,0,"[0.000,3.142]",none,1,1,Z,ridge,1,1,adam,adjoint,100,15,0.6329020876796914,0.3442220324742462,5.002707925085904,0.3197035248385184,0.1,0.04148148148148149,0.9431792014700365,0.5740133612728764,0.9564028981834525,7,0.5574886478583878,0.5740133612728764,0.6016232106415151,0.9605553958348011,7,0.5580479979617567
B3,xy_shuffled_r3,quantum,60,13,107,368,118,0.44282977408512714,0.44282977408512714,0.4356949509710625,0.9753689951918609,0.4044464659154021,0.4008502779709606,0.7968157348866651,0.7966958587489693,7,0.655831556190937,3.550809184882763,277.24,molecule,xy,0.1,bytype_shuffled,3,bytype_shuffled,eig,0,"[0.000,3.142]",none,1,1,Z,ridge,1,1,adam,adjoint,100,15,0.6481438046856435,0.22307064462314316,10.672714681211195,0.42856836663185593,0.8021794671000861,1.4835159837615837,0.9431792014700365,0.44282977408512714,0.9753689951918609,7,0.4044464659154021,0.44282977408512714,0.7968157348866651,0.9762366311848456,7,0.4356949509710625
B3,krr_res,classical,60,13,368,368,118,0.6247553173310213,0.6247553173310213,0.6247553173310213,0.9507325877899289,0.546663284810866,0.546663284810866,0.579127278722358,0.579127278722358,7,,,,,,,,,,,,,,,,,,,,,,,,,,,,,,,0.6247553173310213,,,0.546663284810866,,0.579127278722358,,,
B3,krr_cos_cl,classical,60,13,368,368,118,0.7041042204749873,0.7041042204749873,0.7041042204749873,0.9424776489590353,0.6846261967005183,0.6846261967005183,0.3238184356896818,0.3238184356896818,7,,,,,,,,,,,,,,,,,,,,,,,,,,,,,,,0.7041042204749874,,,0.6846261967005183,,0.3238184356896818,,,
B3,ridge_raw_eig,classical,60,13,14,368,118,0.7382769062782762,0.7382769062782762,0.7382769062782762,0.9317822423514001,0.7114933462536581,0.7114933462536581,0.27320242788038773,0.27320242788038773,7,,,,,,,,,,,,,,,,,,,,,,,,,,,,,,,0.7382769062782762,,,0.7114933462536581,,0.27320242788038773,,,
B3,composition,classical,60,13,0,368,118,0.7828915489712811,0.7828915489712811,0.7828915489712811,0.9278764457323793,0.7601199885464817,0.7601199885464817,nan,nan,7,,,,,,,,,,,,,,,,,,,,,,,,,,,,,,,0.7828915489712811,,,0.7601199885464817,,nan,,,
B3,zz_bytype_r3,quantum,61,13,107,385,101,0.43279243361135444,0.43279243361135444,0.42164931307843584,0.9772295578312672,0.4033729489737464,0.39456741624660285,0.7719579729149106,0.7912066668047529,8,0.8559612750020607,2.3518338761442568,272.86,molecule,zz,0.1,bytype,3,bytype,eig,0,"[0.000,3.142]",none,1,1,Z,ridge,1,1,adam,adjoint,100,15,0.7309949640241045,0.1052915825979466,7.016629212204757,0.10590944645181137,0.37641729780138583,0.46485260611433105,0.9415492082081074,0.44116535653937894,0.9772295578312672,8,0.4033729489737464,0.44116535653937894,0.7719579729149106,0.9787161997699527,8,0.4273007579853075
B3,xy_bytype_r3,quantum,61,13,107,385,101,0.43978813860483046,0.43978813860483046,0.4501899845322365,0.980375848726575,0.3938771015449937,0.41746430795229883,0.697868744758697,0.6993692113309338,8,0.8185982643109022,2.848134719145316,282.86,molecule,xy,0.1,bytype,3,bytype,eig,0,"[0.000,3.142]",none,1,1,Z,ridge,1,1,adam,adjoint,100,15,0.688614532946848,0.12491587149729566,8.497328605289558,0.021110464959903916,0.05760458045540986,0.7204637100264693,0.9415492082081074,0.4336330915548093,0.980375848726575,8,0.3938771015449937,0.4336330915548093,0.697868744758697,0.9797064785663764,8,0.4455687244498555
B3,none_r3,quantum,61,13,92,385,101,0.7082606841209108,0.7082606841209108,0.6926565718443906,0.9496364451269718,0.6249135146975651,0.6067221949845946,0.41222852993187914,0.4986400096447944,8,0.2152700497468087,0.9669698605819845,199.46,molecule,none,0.0,fixed,3,fixed,eig,0,"[0.000,3.142]",none,1,1,Z,ridge,1,1,adam,adjoint,100,15,0.7106676140913994,0.557682161452498,2.510421150320698,0.005960839068870851,0.0,0.0,0.9415492082081074,0.7166216285350021,0.9496364451269718,8,0.6249135146975651,0.7166216285350021,0.41222852993187914,0.9559297505066907,8,0.6995375608016701
B3,zz_fixed_r3,quantum,61,13,92,385,101,0.6166964075905742,0.6166964075905742,0.542420133451385,0.9595234699771844,0.5872685078120368,0.524723594118431,0.5320742344665789,0.6037826076103587,8,0.5214824308120983,2.010742225236909,274.11,molecule,zz,0.1,fixed,3,fixed,eig,0,"[0.000,3.142]",none,1,1,Z,ridge,1,1,adam,adjoint,100,15,0.7309949640241045,0.3497939332734121,5.421309119027648,0.41002550741608945,0.1,0.04148148148148149,0.9415492082081074,0.6130134974586232,0.9595234699771844,8,0.5872685078120368,0.6130134974586232,0.5320742344665789,0.9648376221474056,8,0.5469090425719818
B3,xy_shuffled_r3,quantum,61,13,107,385,101,0.7062296693876355,0.7062296693876355,0.703550398253418,0.9510131130260573,0.6139444237464632,0.6069515710603015,0.6007653077031067,0.586325104985392,8,0.5950998874178784,2.088709432617846,287.24,molecule,xy,0.1,bytype_shuffled,3,bytype_shuffled,eig,0,"[0.000,3.142]",none,1,1,Z,ridge,1,1,adam,adjoint,100,15,0.688614532946848,0.2788201019158638,6.2316049485355105,0.11962762296681556,0.2785748917079457,0.1576255982566909,0.9415492082081074,0.7123285227339557,0.9510131130260573,8,0.6139444237464632,0.7123285227339557,0.6007653077031067,0.9484696618663182,8,0.6966877472173292
B3,krr_res,classical,61,13,385,385,101,0.470263249377676,0.470263249377676,0.470263249377676,0.9783188230943165,0.46296590997745624,0.46296590997745624,0.6833081857005302,0.6833081857005302,8,,,,,,,,,,,,,,,,,,,,,,,,,,,,,,,0.47110799088584293,,,0.46296590997745624,,0.6833081857005302,,,
B3,krr_cos_cl,classical,61,13,385,385,101,0.7020293998098057,0.7020293998098057,0.7020293998098057,0.9540296270289413,0.6165807199439785,0.6165807199439785,0.46983068322781235,0.46983068322781235,8,,,,,,,,,,,,,,,,,,,,,,,,,,,,,,,0.7124734209399802,,,0.6165807199439785,,0.46983068322781235,,,
B3,ridge_raw_eig,classical,61,13,14,385,101,0.8227323526346089,0.8227323526346089,0.8227323526346089,0.9405619272904369,0.7228817569109145,0.7228817569109145,0.26956187530350206,0.26956187530350206,8,,,,,,,,,,,,,,,,,,,,,,,,,,,,,,,0.8314163843166863,,,0.7228817569109145,,0.26956187530350206,,,
B3,composition,classical,61,13,0,385,101,0.92021308385164,0.92021308385164,0.92021308385164,0.9312957135037587,0.8516411122140315,0.8516411122140315,nan,nan,8,,,,,,,,,,,,,,,,,,,,,,,,,,,,,,,0.9272245763221094,,,0.8516411122140315,,nan,,,
A1,zz_bytype_r3,quantum,42,11,102,530,160,0.3833159345655718,0.3833159345655718,0.3783917343511141,0.9943500068528522,0.28954081341457016,0.2908200306300911,0.587482663292099,0.5941431628295644,28,0.8432933115572883,2.916873526151215,236.01,molecule,zz,0.1,bytype,3,bytype,eig,0,"[0.000,3.142]",none,1,1,Z,ridge,1,1,adam,adjoint,100,24,0.7915778195022859,0.1240455387389058,7.040473006006551,0.010786816574931668,0.20760966519974344,0.5681617664567262,0.9664562442919681,0.35127933529931094,0.9943500068528522,28,0.28954081341457016,0.35127933529931094,0.587482663292099,0.9944514175420727,28,0.35045377727049437
A1,xy_bytype_r3,quantum,42,11,102,530,160,0.45387247649735646,0.45387247649735646,0.4506722175768805,0.9916943982624584,0.31880823379326706,0.32218801524103785,0.6246677158795568,0.5839013900068479,28,0.8133064557885256,3.1889008442273594,237.38,molecule,xy,0.1,bytype,3,bytype,eig,0,"[0.000,3.142]",none,1,1,Z,ridge,1,1,adam,adjoint,100,24,0.8539038461486991,0.15941833545331024,7.697066777605055,0.017851959743238322,0.33567795793752536,0.8536129559047949,0.9664562442919681,0.414435869117626,0.9916943982624584,28,0.31880823379326706,0.414435869117626,0.6246677158795568,0.9918494842326954,28,0.41362166791652133
A1,none_r3,quantum,42,11,78,530,160,0.8160884335799772,0.8160884335799772,0.7583100038583431,0.9755497193156031,0.5429546168239412,0.4713547368429734,0.2106946964023745,0.35972611004988436,28,0.08748281160783462,1.45743072886867,182.83,molecule,none,0.0,fixed,3,fixed,eig,0,"[0.000,3.142]",none,1,1,Z,ridge,1,1,adam,adjoint,100,24,0.9229056796756236,0.8421672959687605,2.803815908698643,0.005098090669880891,0.0,0.0,0.9664562442919681,0.7667519065685016,0.9755497193156031,28,0.5429546168239412,0.7667519065685016,0.2106946964023745,0.9805841907009397,28,0.7218354741322505
A1,zz_fixed_r3,quantum,42,11,78,530,160,0.630769692187914,0.630769692187914,0.6001901288980723,0.9858110288863676,0.39219180738240406,0.3879733205516628,0.48373212767292323,0.48524113875640235,28,0.41458718586003734,2.6287091298600425,238.83,molecule,zz,0.1,fixed,3,fixed,eig,0,"[0.000,3.142]",none,1,1,Z,ridge,1,1,adam,adjoint,100,24,0.7915778195022859,0.4633997989256086,5.320000786571308,0.19529417291423087,0.1,0.06719368409052928,0.9664562442919681,0.6070315478189071,0.9858110288863676,28,0.39219180738240406,0.6070315478189071,0.48373212767292323,0.9869935875890732,28,0.5860720527796008
A1,xy_shuffled_r3,quantum,42,11,102,530,160,0.710314604082823,0.710314604082823,0.6112753572808456,0.975260283789541,0.4139332018885028,0.3878934932550871,0.5100448785462661,0.5275142064226246,28,0.5932245859697176,2.8160004337323157,244.41,molecule,xy,0.1,bytype_shuffled,3,bytype_shuffled,eig,0,"[0.000,3.142]",none,1,1,Z,ridge,1,1,adam,adjoint,100,24,0.8539038461486991,0.34734709055918767,6.796995091095116,0.2907222395665772,0.3103586483619893,0.5522016892850297,0.9664562442919681,0.6237633350621299,0.975260283789541,28,0.4139332018885028,0.6237633350621299,0.5100448785462661,0.9865464893249065,28,0.5608441613322221
A1,krr_res,classical,42,11,530,530,160,0.6030709825155436,0.6030709825155436,0.6030709825155436,0.9868011276679085,0.400719865345754,0.400719865345754,0.6796895878301984,0.6796895878301984,28,,,,,,,,,,,,,,,,,,,,,,,,,,,,,,,0.5630989077798726,,,0.400719865345754,,0.6796895878301984,,,
A1,krr_cos_cl,classical,42,11,530,530,160,0.7440516747184939,0.7440516747184939,0.7440516747184939,0.9823336516117797,0.5024966381490634,0.5024966381490634,0.4294794115330656,0.4294794115330656,28,,,,,,,,,,,,,,,,,,,,,,,,,,,,,,,0.7242545402390118,,,0.5024966381490634,,0.4294794115330656,,,
A1,ridge_raw_eig,classical,42,11,12,530,160,0.7925901995241688,0.7925901995241688,0.7925901995241688,0.9799017757289635,0.5445092538298361,0.5445092538298361,0.42871472755839085,0.42871472755839085,28,,,,,,,,,,,,,,,,,,,,,,,,,,,,,,,0.7637120228383366,,,0.5445092538298361,,0.42871472755839085,,,
A1,composition,classical,42,11,0,530,160,0.8119606070377037,0.8119606070377037,0.8119606070377037,0.978501549312803,0.5841829137315395,0.5841829137315395,nan,nan,28,,,,,,,,,,,,,,,,,,,,,,,,,,,,,,,0.7930282674333771,,,0.5841829137315395,,nan,,,
A1,zz_bytype_r3,quantum,43,11,102,520,170,0.35542919150307173,0.35542919150307173,0.3389806593456265,0.9941678649537352,0.2517276285212306,0.2374741362916577,0.7103442098836836,0.705692998521946,27,0.8637721062771921,2.2057885039246434,231.14,molecule,zz,0.1,bytype,3,bytype,eig,0,"[0.000,3.142]",none,1,1,Z,ridge,1,1,adam,adjoint,100,24,0.7427725943698706,0.10118634604603308,6.036311540490296,0.014268586248188303,0.08899920383432271,0.40047938023209834,0.9719785663420953,0.3503328459727207,0.9941678649537352,27,0.2517276285212306,0.3503328459727207,0.7103442098836836,0.9945942956683015,27,0.332127216334897
A1,xy_bytype_r3,quantum,43,11,102,520,170,0.5248126242730045,0.5248126242730045,0.4731686110001421,0.9850030236585763,0.3956539688587395,0.3765687430454874,0.5263796510507037,0.5378621232568601,27,0.8016636759009257,3.561162237251606,229.66,molecule,xy,0.1,bytype,3,bytype,eig,0,"[0.000,3.142]",none,1,1,Z,ridge,1,1,adam,adjoint,100,24,0.8068120187743758,0.16002013004266305,9.74539701881341,0.015964993662999964,0.2960784386271981,1.2093838890852948,0.9719785663420953,0.508109308221357,0.9850030236585763,27,0.3956539688587395,0.508109308221357,0.5263796510507037,0.9872099644764886,27,0.45420574919827156
A1,none_r3,quantum,43,11,78,520,170,0.7292940739502504,0.7292940739502504,0.7035054388110101,0.9751232383321665,0.5115173657892013,0.5052114771491378,0.16300920570657415,0.16929639804639807,27,0.14352658593115922,0.8243508379212291,174.32,molecule,none,0.0,fixed,3,fixed,eig,0,"[0.000,3.142]",none,1,1,Z,ridge,1,1,adam,adjoint,100,24,0.8401380836702086,0.719555932810277,1.8520523019085493,0.05403496323158607,0.0,0.0,0.9719785663420953,0.7322331536187946,0.9751232383321665,27,0.5115173657892013,0.7322331536187946,0.16300920570657415,0.9762386899230542,27,0.7100531137901872
A1,zz_fixed_r3,quantum,43,11,78,520,170,0.6070498206887864,0.6070498206887864,0.5243797342101271,0.9805746410253354,0.4504459604653665,0.41908866546901724,0.3691799209562367,0.46851246706509864,27,0.3947699880804861,2.051545373108663,231.61,molecule,zz,0.1,fixed,3,fixed,eig,0,"[0.000,3.142]",none,1,1,Z,ridge,1,1,adam,adjoint,100,24,0.7427725943698706,0.4495482661439651,4.814319902287182,0.2132310959707067,0.1,0.06719368409052928,0.9719785663420953,0.6203603565263641,0.9805746410253354,27,0.4504459604653665,0.6203603565263641,0.3691799209562367,0.9859670169513257,27,0.5396919630020408
A1,xy_shuffled_r3,quantum,43,11,102,520,170,0.6116490446282162,0.6116490446282162,0.5591420930428113,0.9776388775152196,0.4689902480990552,0.4259422941892155,0.48909469185784976,0.4859461152882205,27,0.5183483242684555,2.8704076362533186,236.74,molecule,xy,0.1,bytype_shuffled,3,bytype_shuffled,eig,0,"[0.000,3.142]",none,1,1,Z,ridge,1,1,adam,adjoint,100,24,0.8068120187743758,0.3886023608430285,7.855093409816462,0.009909299196913985,0.4994357328688912,0.6685355098620026,0.9719785663420953,0.6221289920610299,0.9776388775152196,27,0.4689902480990552,0.6221289920610299,0.48909469185784976,0.9825494940648474,27,0.5723580587017216
A1,krr_res,classical,43,11,520,520,170,0.6823644167121616,0.6823644167121616,0.6823644167121616,0.977029259722816,0.45070646668537845,0.45070646668537845,0.4772492931045562,0.4772492931045562,27,,,,,,,,,,,,,,,,,,,,,,,,,,,,,,,0.6792944195336192,,,0.45070646668537845,,0.4772492931045562,,,
A1,krr_cos_cl,classical,43,11,520,520,170,0.6945014540203642,0.6945014540203642,0.6945014540203642,0.9787722961655873,0.5077204007302313,0.5077204007302313,0.19783545401966457,0.19783545401966457,27,,,,,,,,,,,,,,,,,,,,,,,,,,,,,,,0.7187268449909424,,,0.5077204007302313,,0.19783545401966457,,,
A1,ridge_raw_eig,classical,43,11,12,520,170,0.7687908952561058,0.7687908952561058,0.7687908952561058,0.9735396774319843,0.5483703941933639,0.5483703941933639,0.10532999164578116,0.10532999164578116,27,,,,,,,,,,,,,,,,,,,,,,,,,,,,,,,0.7855418548299571,,,0.5483703941933639,,0.10532999164578116,,,
A1,composition,classical,43,11,0,520,170,0.8449750642990489,0.8449750642990489,0.8449750642990489,0.9673574472283062,0.5822422700515498,0.5822422700515498,nan,nan,27,,,,,,,,,,,,,,,,,,,,,,,,,,,,,,,0.8722477758073107,,,0.5822422700515498,,nan,,,
A1,zz_bytype_r3,quantum,44,11,102,523,167,0.3008211854297758,0.3008211854297758,0.2964633702159189,0.9955623820250318,0.21402248448683006,0.2016059725441664,0.7119002247105151,0.7188070283526881,27,0.8554812523308296,2.1710621838220905,231.38,molecule,zz,0.1,bytype,3,bytype,eig,0,"[0.000,3.142]",none,1,1,Z,ridge,1,1,adam,adjoint,100,24,0.8645579816352463,0.12494483679331132,5.924749328018569,0.17693390256477773,0.18338660507237983,0.41361351034729005,0.9719349387373429,0.30220728561875304,0.9955623820250318,27,0.21402248448683006,0.30220728561875304,0.7119002247105151,0.995677802954328,27,0.29384232014522055
A1,xy_bytype_r3,quantum,44,11,102,523,167,0.3426013319097117,0.3426013319097117,0.3203811560595356,0.9934655219151943,0.2548410357060968,0.2429052136561832,0.6915598635020931,0.6858378645575877,27,0.8290583058600806,2.4288238698657025,232.23,molecule,xy,0.1,bytype,3,bytype,eig,0,"[0.000,3.142]",none,1,1,Z,ridge,1,1,adam,adjoint,100,24,0.7859051468462411,0.13434395723517872,6.628171545749468,0.016437918196660153,0.3139317326812934,0.5423960307865322,0.9719349387373429,0.3186633518833741,0.9934655219151943,27,0.2548410357060968,0.3186633518833741,0.6915598635020931,0.993873381509848,27,0.2996084473064686
A1,none_r3,quantum,44,11,78,523,167,0.8035867211555567,0.8035867211555567,0.7062194960573055,0.9703635099740591,0.6016184180749806,0.5888878458581295,0.2141681054348423,0.271429884826906,27,0.1838170267292651,1.0592078001959668,176.47,molecule,none,0.0,fixed,3,fixed,eig,0,"[0.000,3.142]",none,1,1,Z,ridge,1,1,adam,adjoint,100,24,0.9470822124603372,0.7729923760977039,2.3716356348580723,0.009204562699788518,0.0,0.0,0.9719349387373429,0.7872168000775615,0.9703635099740591,27,0.6016184180749806,0.7872168000775615,0.2141681054348423,0.9763116813746997,27,0.7258777819321566
A1,zz_fixed_r3,quantum,44,11,78,523,167,0.5999213156225518,0.5999213156225518,0.5944254796832562,0.9822339332467537,0.5135093598700962,0.5037108684985889,0.35277962847543115,0.4065694990698752,27,0.49103405825527424,2.8038175376214713,234.09,molecule,zz,0.1,fixed,3,fixed,eig,0,"[0.000,3.142]",none,1,1,Z,ridge,1,1,adam,adjoint,100,24,0.8645579816352463,0.44003056731590245,6.55831284965554,0.3465380528016561,0.1,0.06719368409052928,0.9719349387373429,0.6180727012392865,0.9822339332467537,27,0.5135093598700962,0.6180727012392865,0.35277962847543115,0.982826519985205,27,0.6072306140951872
A1,xy_shuffled_r3,quantum,44,11,102,523,167,0.6684597389681144,0.6684597389681144,0.6005178256685741,0.9767510372532393,0.5237067937699809,0.49492259425570595,0.42863733728785636,0.4742012747127836,27,0.5269734701810036,2.3014955925184983,237.63,molecule,xy,0.1,bytype_shuffled,3,bytype_shuffled,eig,0,"[0.000,3.142]",none,1,1,Z,ridge,1,1,adam,adjoint,100,24,0.7859051468462411,0.37175398437956625,6.2806973318499235,0.018351156991178022,0.5294056722366935,0.8048038815028549,0.9719349387373429,0.6586249592621951,0.9767510372532393,27,0.5237067937699809,0.6586249592621951,0.42863733728785636,0.9827960781039586,27,0.608784273417317
A1,krr_res,classical,44,11,523,523,167,0.6301685102043566,0.6301685102043566,0.6301685102043566,0.9792245254111678,0.5488176760117381,0.5488176760117381,0.3938080432514012,0.3938080432514012,27,,,,,,,,,,,,,,,,,,,,,,,,,,,,,,,0.6346612835453475,,,0.5488176760117381,,0.3938080432514012,,,
A1,krr_cos_cl,classical,44,11,523,523,167,0.824791662892436,0.824791662892436,0.824791662892436,0.9690781977389433,0.651111407658257,0.651111407658257,0.27400044416743685,0.27400044416743685,27,,,,,,,,,,,,,,,,,,,,,,,,,,,,,,,0.8416989343392524,,,0.651111407658257,,0.27400044416743685,,,
A1,ridge_raw_eig,classical,44,11,12,523,167,0.7831639710447671,0.7831639710447671,0.7831639710447671,0.9720953864084545,0.6155533914836089,0.6155533914836089,0.2565046649520848,0.2565046649520848,27,,,,,,,,,,,,,,,,,,,,,,,,,,,,,,,0.795097855982335,,,0.6155533914836089,,0.2565046649520848,,,
A1,composition,classical,44,11,0,523,167,0.8356789360529894,0.8356789360529894,0.8356789360529894,0.9683912987753213,0.6578175414367767,0.6578175414367767,nan,nan,27,,,,,,,,,,,,,,,,,,,,,,,,,,,,,,,0.8538656355691623,,,0.6578175414367767,,nan,,,
A1,zz_bytype_r3,quantum,45,11,102,516,174,0.3304526840374429,0.3304526840374429,0.31409479473503393,0.9949477792817639,0.2298277440537186,0.2308577029027596,0.4730753181037811,0.47943830995064385,30,0.8608613973218109,2.1262037385620274,226.99,molecule,zz,0.1,bytype,3,bytype,eig,0,"[0.000,3.142]",none,1,1,Z,ridge,1,1,adam,adjoint,100,24,0.831198220164791,0.11565175890232683,5.675745130694279,0.013543104192070072,0.19616305509852386,0.38159735821714086,0.9699092661525454,0.3266446813209479,0.9949477792817639,30,0.2298277440537186,0.3266446813209479,0.4730753181037811,0.9956011605309013,30,0.31703342554294617
A1,xy_bytype_r3,quantum,45,11,102,516,174,0.35397777486597237,0.35397777486597237,0.3475904511010738,0.9933053962308172,0.21450251834169634,0.20998190250474533,0.5691414025569622,0.5732773741122887,30,0.842992504629964,3.2445201054408077,228.97,molecule,xy,0.1,bytype,3,bytype,eig,0,"[0.000,3.142]",none,1,1,Z,ridge,1,1,adam,adjoint,100,24,0.8074390004181183,0.12677397511973418,8.661008752787561,0.018941966708991745,0.1849912990542564,0.9826346691586911,0.9699092661525454,0.32205812046032173,0.9933053962308172,30,0.21450251834169634,0.32205812046032173,0.5691414025569622,0.9920301645727692,30,0.30546106376397253
A1,none_r3,quantum,45,11,78,516,174,0.7663962734102086,0.7663962734102086,0.6932155189012705,0.9622963178310089,0.4539781067645677,0.44852138781064366,0.14225923349263006,0.1836638946126612,30,0.12044658629583263,1.088581213043035,174.99,molecule,none,0.0,fixed,3,fixed,eig,0,"[0.000,3.142]",none,1,1,Z,ridge,1,1,adam,adjoint,100,24,0.8824955911799675,0.7762020098012177,2.3725941039912515,0.0053769889078315114,0.0,0.0,0.9699092661525454,0.7059939799788565,0.9622963178310089,30,0.4539781067645677,0.7059939799788565,0.14225923349263006,0.9796323547100034,30,0.6736640808848521
A1,zz_fixed_r3,quantum,45,11,78,516,174,0.5877282521965485,0.5877282521965485,0.5388824043971714,0.9718791032241763,0.3611886677555671,0.3550749825650667,0.36941981484675984,0.3857129524491953,30,0.39598458454973595,2.0896133075807404,232.17,molecule,zz,0.1,fixed,3,fixed,eig,0,"[0.000,3.142]",none,1,1,Z,ridge,1,1,adam,adjoint,100,24,0.831198220164791,0.5020565382743563,4.7633337136220115,0.18504056943731892,0.1,0.06719368409052928,0.9699092661525454,0.49466983691137006,0.9718791032241763,30,0.3611886677555671,0.49466983691137006,0.36941981484675984,0.9853021775358831,30,0.4846669156779982
A1,xy_shuffled_r3,quantum,45,11,102,516,174,0.532706548068383,0.532706548068383,0.5269699984663436,0.9856984505476777,0.3690832180399575,0.3594609499999112,0.341514753431262,0.32734459089297796,30,0.5476929109049957,4.080750742892883,236.96,molecule,xy,0.1,bytype_shuffled,3,bytype_shuffled,eig,0,"[0.000,3.142]",none,1,1,Z,ridge,1,1,adam,adjoint,100,24,0.8074390004181183,0.36521038390089905,10.893265183615735,0.027585854667777913,0.9173390224648864,1.0903552754310126,0.9699092661525454,0.49398599967273293,0.9856984505476777,30,0.3690832180399575,0.49398599967273293,0.341514753431262,0.9860416181027757,30,0.47869232199250034
A1,krr_res,classical,45,11,516,516,174,0.6416930113229312,0.6416930113229312,0.6416930113229312,0.9807962508142727,0.4475282903592096,0.4475282903592096,0.30869032295977267,0.30869032295977267,30,,,,,,,,,,,,,,,,,,,,,,,,,,,,,,,0.5960934690121409,,,0.4475282903592096,,0.30869032295977267,,,
A1,krr_cos_cl,classical,45,11,516,516,174,0.6680733732546393,0.6680733732546393,0.6680733732546393,0.9806518763759853,0.4415812869188532,0.4415812869188532,0.24845782933069455,0.24845782933069455,30,,,,,,,,,,,,,,,,,,,,,,,,,,,,,,,0.6448452796956525,,,0.4415812869188532,,0.24845782933069455,,,
A1,ridge_raw_eig,classical,45,11,12,516,174,0.7413388406801134,0.7413388406801134,0.7413388406801134,0.9754299856076354,0.45347011737885057,0.45347011737885057,0.1431543409152517,0.1431543409152517,30,,,,,,,,,,,,,,,,,,,,,,,,,,,,,,,0.7090083350407446,,,0.45347011737885057,,0.1431543409152517,,,
A1,composition,classical,45,11,0,516,174,0.7637284340852475,0.7637284340852475,0.7637284340852475,0.9748938492080734,0.47884694631651464,0.47884694631651464,nan,nan,30,,,,,,,,,,,,,,,,,,,,,,,,,,,,,,,0.7548248981240467,,,0.47884694631651464,,nan,,,
A1,zz_bytype_r3,quantum,46,11,102,503,187,0.3173641323502739,0.3173641323502739,0.3139269296766761,0.9909137767432946,0.24898463475445,0.2487543294058099,0.768015561436614,0.7688623754413229,26,0.873410596409191,2.315699978735174,225.18,molecule,zz,0.1,bytype,3,bytype,eig,0,"[0.000,3.142]",none,1,1,Z,ridge,1,1,adam,adjoint,100,24,0.7999876225362139,0.1012699560168885,6.757273536392675,0.021980935930198082,0.13313745159491966,0.477427939275173,0.9737324512422088,0.31764604686366765,0.9909137767432946,26,0.24898463475445,0.31764604686366765,0.768015561436614,0.9910719230066227,26,0.31537125921429393
A1,xy_bytype_r3,quantum,46,11,102,503,187,0.36510657859114637,0.36510657859114637,0.36543205423112374,0.9881351127667003,0.28489102459453336,0.29105990489089506,0.7087026034394456,0.6562210206947049,26,0.8350416479165376,3.60153562101983,223.49,molecule,xy,0.1,bytype,3,bytype,eig,0,"[0.000,3.142]",none,1,1,Z,ridge,1,1,adam,adjoint,100,24,0.8505476823625858,0.1403049440509404,10.509375811103727,0.013251463066736137,0.5783011759620625,1.0883058830082633,0.9737324512422088,0.3652589903497024,0.9881351127667003,26,0.28489102459453336,0.3652589903497024,0.7087026034394456,0.9878535528209833,26,0.3615891755963073
A1,none_r3,quantum,46,11,78,503,187,0.7014170237363304,0.7014170237363304,0.6723601856287406,0.9627061810340072,0.5266932581168298,0.4743619301095731,0.3230389493547388,0.3859686122844017,26,0.0763723523080688,0.8308251180998025,169.8,molecule,none,0.0,fixed,3,fixed,eig,0,"[0.000,3.142]",none,1,1,Z,ridge,1,1,adam,adjoint,100,24,0.8745708523876968,0.8077778191307756,2.0173500586250284,0.08590933779342183,0.0,0.0,0.9737324512422088,0.700587093533979,0.9627061810340072,26,0.5266932581168298,0.700587093533979,0.3230389493547388,0.9662098595246117,26,0.662711910521604
A1,zz_fixed_r3,quantum,46,11,78,503,187,0.5596605420694092,0.5596605420694092,0.5652583217577779,0.9737329475184191,0.4358475498256452,0.4286124225974297,0.4039340776182882,0.41307493675914725,26,0.45298304442398357,2.449941480158631,224.82,molecule,zz,0.1,fixed,3,fixed,eig,0,"[0.000,3.142]",none,1,1,Z,ridge,1,1,adam,adjoint,100,24,0.7999876225362139,0.4376067937782551,6.193766616438274,0.4628812327767994,0.1,0.06719368409052928,0.9737324512422088,0.5675870539623593,0.9737329475184191,26,0.4358475498256452,0.5675870539623593,0.4039340776182882,0.9736856633599947,26,0.5761892554309145
A1,xy_shuffled_r3,quantum,46,11,102,503,187,0.5759786932799328,0.5759786932799328,0.5639299075974422,0.972939254797883,0.40441863820420604,0.39435245836247024,0.512195163510953,0.5132967422441107,26,0.5657045904337817,2.358395044627432,229.29,molecule,xy,0.1,bytype_shuffled,3,bytype_shuffled,eig,0,"[0.000,3.142]",none,1,1,Z,ridge,1,1,adam,adjoint,100,24,0.8505476823625858,0.36938895406725697,6.881858863307898,0.01060498908745427,0.302406587090756,0.6899648950874572,0.9737324512422088,0.583209757753052,0.972939254797883,26,0.40441863820420604,0.583209757753052,0.512195163510953,0.9728855224336411,26,0.5660564594048477
A1,krr_res,classical,46,11,503,503,187,0.5799127885163734,0.5799127885163734,0.5799127885163734,0.9740273992981692,0.4606606966649588,0.4606606966649588,0.5088388706809759,0.5088388706809759,26,,,,,,,,,,,,,,,,,,,,,,,,,,,,,,,0.5601503212741837,,,0.4606606966649588,,0.5088388706809759,,,
A1,krr_cos_cl,classical,46,11,503,503,187,0.672307538157478,0.672307538157478,0.672307538157478,0.9660905467596411,0.48617611979339664,0.48617611979339664,0.5069206134995607,0.5069206134995607,26,,,,,,,,,,,,,,,,,,,,,,,,,,,,,,,0.6693926953212651,,,0.48617611979339664,,0.5069206134995607,,,
A1,ridge_raw_eig,classical,46,11,12,503,187,0.7068318989804272,0.7068318989804272,0.7068318989804272,0.9612925777279565,0.523585469837658,0.523585469837658,0.40430685299106345,0.40430685299106345,26,,,,,,,,,,,,,,,,,,,,,,,,,,,,,,,0.7060898547414952,,,0.523585469837658,,0.40430685299106345,,,
A1,composition,classical,46,11,0,503,187,0.7628504359253849,0.7628504359253849,0.7628504359253849,0.9547074394573226,0.5712122982639953,0.5712122982639953,nan,nan,26,,,,,,,,,,,,,,,,,,,,,,,,,,,,,,,0.7605110218121302,,,0.5712122982639953,,nan,,,
A1,zz_bytype_r3,quantum,47,11,102,505,185,0.38016867299806417,0.38016867299806417,0.33602440205546724,0.9892089969603884,0.27557523143187795,0.263497503810501,0.6894753001958014,0.7520920777795126,26,0.8519604874838682,2.63606586192785,224.19,molecule,zz,0.1,bytype,3,bytype,eig,0,"[0.000,3.142]",none,1,1,Z,ridge,1,1,adam,adjoint,100,24,0.7017960056105332,0.10389353855635185,7.6187483451006655,0.05815272166714568,0.0145002771076648,0.34559892230329087,0.9719921344234639,0.3632844541164245,0.9892089969603884,26,0.27557523143187795,0.3632844541164245,0.6894753001958014,0.992524783191718,26,0.3341702232702644
A1,xy_bytype_r3,quantum,47,11,102,505,185,0.5042580721253578,0.5042580721253578,0.48878348133568433,0.9646342993247987,0.34551297530972025,0.34448583639973657,0.7329081465002106,0.7726848855982167,26,0.828629342138627,1.822582928112162,223.55,molecule,xy,0.1,bytype,3,bytype,eig,0,"[0.000,3.142]",none,1,1,Z,ridge,1,1,adam,adjoint,100,24,0.8861616315517614,0.15186210177053297,5.267622811672874,0.013872898823496939,0.03594847980243721,0.35360089174201836,0.9719921344234639,0.4492081121414366,0.9646342993247987,26,0.34551297530972025,0.4492081121414366,0.7329081465002106,0.9643591244384828,26,0.44001337505757737
A1,none_r3,quantum,47,11,78,505,185,0.7303558679121201,0.7303558679121201,0.667932216800413,0.9596996525948827,0.5307173811065523,0.5193247767520992,0.4033823990141428,0.4769988278341916,26,0.14593607251949745,1.1886215274679703,171.11,molecule,none,0.0,fixed,3,fixed,eig,0,"[0.000,3.142]",none,1,1,Z,ridge,1,1,adam,adjoint,100,24,0.8368674916825395,0.7147383367271465,2.8530465383456534,0.03350454895240568,0.0,0.0,0.9719921344234639,0.6767954958374763,0.9596996525948827,26,0.5307173811065523,0.6767954958374763,0.4033823990141428,0.9744898028276323,26,0.6611797914333374
A1,zz_fixed_r3,quantum,47,11,78,505,185,0.6102065455030331,0.6102065455030331,0.606350383061455,0.9706543967369469,0.43997420094833495,0.4343727586370807,0.5386015481212141,0.5385195034690337,26,0.34862268736398944,2.509571330637497,226.24,molecule,zz,0.1,fixed,3,fixed,eig,0,"[0.000,3.142]",none,1,1,Z,ridge,1,1,adam,adjoint,100,24,0.7017960056105332,0.4571339961532757,6.274677579099289,0.20931510430013428,0.1,0.06719368409052928,0.9719921344234639,0.5675703881634171,0.9706543967369469,26,0.43997420094833495,0.5675703881634171,0.5386015481212141,0.9724486972961851,26,0.5675004597034786
A1,xy_shuffled_r3,quantum,47,11,102,505,185,0.5758974382903523,0.5758974382903523,0.5597081475306326,0.9753789299218169,0.45015419734361395,0.44763947079176547,0.5366399350736281,0.5535907531382646,26,0.5700177174088971,2.075222084320511,232.91,molecule,xy,0.1,bytype_shuffled,3,bytype_shuffled,eig,0,"[0.000,3.142]",none,1,1,Z,ridge,1,1,adam,adjoint,100,24,0.8861616315517614,0.38103380107928236,5.997799618356421,0.10141172542548535,0.1858137769202383,0.9268958957831633,0.9719921344234639,0.538104713165301,0.9753789299218169,26,0.45015419734361395,0.538104713165301,0.5366399350736281,0.9792827173512688,26,0.5313766688386572
A1,krr_res,classical,47,11,505,505,185,0.5863687643419597,0.5863687643419597,0.5863687643419597,0.9789686782994766,0.484218312224169,0.484218312224169,0.5423923100915792,0.5423923100915792,26,,,,,,,,,,,,,,,,,,,,,,,,,,,,,,,0.5996807866752778,,,0.484218312224169,,0.5423923100915792,,,
A1,krr_cos_cl,classical,47,11,505,505,185,0.7018561409603896,0.7018561409603896,0.7018561409603896,0.9714810209918022,0.5616245950518611,0.5616245950518611,0.4255443999091754,0.4255443999091754,26,,,,,,,,,,,,,,,,,,,,,,,,,,,,,,,0.6851838332777068,,,0.5616245950518611,,0.4255443999091754,,,
A1,ridge_raw_eig,classical,47,11,12,505,185,0.7674013257044549,0.7674013257044549,0.7674013257044549,0.917049802143743,0.5434678104335043,0.5434678104335043,0.4210504427698999,0.4210504427698999,26,,,,,,,,,,,,,,,,,,,,,,,,,,,,,,,0.6801132932914647,,,0.5434678104335043,,0.4210504427698999,,,
A1,composition,classical,47,11,0,505,185,0.7429303359760626,0.7429303359760626,0.7429303359760626,0.9669585374406722,0.6296929545858243,0.6296929545858243,nan,nan,26,,,,,,,,,,,,,,,,,,,,,,,,,,,,,,,0.742996133420738,,,0.6296929545858243,,nan,,,
A1,zz_bytype_r3,quantum,48,11,102,528,162,0.3151459508257895,0.3151459508257895,0.29768672670475743,0.994610603700449,0.2595572085795857,0.2462175267293737,0.7273925759881169,0.7594275900624017,27,0.8719260860981004,2.797608949666507,233.5,molecule,zz,0.1,bytype,3,bytype,eig,0,"[0.000,3.142]",none,1,1,Z,ridge,1,1,adam,adjoint,100,24,0.8523719935698189,0.10916661731685148,7.927369636786919,0.017384144597033174,0.17730101657188702,0.47510262895224314,0.9719093156617343,0.31815216427876936,0.994610603700449,27,0.2595572085795857,0.31815216427876936,0.7273925759881169,0.9954280721023157,27,0.2988692501477061
A1,xy_bytype_r3,quantum,48,11,102,528,162,0.4021714078553434,0.4021714078553434,0.40216776891252676,0.9918050826628759,0.2962131969851506,0.2996417181577182,0.6595026668934875,0.6529274931674699,27,0.8365423767924517,3.200393473056706,235.02,molecule,xy,0.1,bytype,3,bytype,eig,0,"[0.000,3.142]",none,1,1,Z,ridge,1,1,adam,adjoint,100,24,0.9109903791480144,0.14890832214047764,9.068709208663746,0.16523177468909417,0.07419846196776432,0.8456198651582322,0.9719093156617343,0.38315718033175344,0.9918050826628759,27,0.2962131969851506,0.38315718033175344,0.6595026668934875,0.9918288104592259,27,0.3851542204188394
A1,none_r3,quantum,48,11,78,528,162,0.7995941612780176,0.7995941612780176,0.763635412215574,0.9719342238774391,0.5951964128495492,0.5686674216057848,0.134327653001832,0.22009461341966058,27,0.1044150189809784,0.9479254714830985,179.07,molecule,none,0.0,fixed,3,fixed,eig,0,"[0.000,3.142]",none,1,1,Z,ridge,1,1,adam,adjoint,100,24,0.9273979357787976,0.8305636627115343,2.221676868231392,0.0029229040147040262,0.0,0.0,0.9719093156617343,0.7898574259337116,0.9719342238774391,27,0.5951964128495492,0.7898574259337116,0.134327653001832,0.9744912643348814,27,0.7626541801593217
A1,zz_fixed_r3,quantum,48,11,78,528,162,0.6433720069545094,0.6433720069545094,0.6340698049037296,0.9805344207036085,0.48946814414783063,0.47411959311551066,0.4711609778237432,0.4719800406586691,27,0.3994646883241315,1.9113686759116344,236.6,molecule,zz,0.1,fixed,3,fixed,eig,0,"[0.000,3.142]",none,1,1,Z,ridge,1,1,adam,adjoint,100,24,0.8523719935698189,0.5118794808222326,4.670859906672572,0.15793991873338212,0.1,0.06719368409052928,0.9719093156617343,0.6260263083973064,0.9805344207036085,27,0.48946814414783063,0.6260263083973064,0.4711609778237432,0.9816006593022408,27,0.6179463618614784
A1,xy_shuffled_r3,quantum,48,11,102,528,162,0.5877975693594587,0.5877975693594587,0.5756008826786024,0.9830601803440948,0.46159715612034724,0.47069122383383616,0.5070960328543149,0.5123545806613949,27,0.5049285759500353,2.7712062781671785,240.7,molecule,xy,0.1,bytype_shuffled,3,bytype_shuffled,eig,0,"[0.000,3.142]",none,1,1,Z,ridge,1,1,adam,adjoint,100,24,0.9109903791480144,0.45100530430062474,7.852554414166621,0.024921618136961685,0.41095872419034957,0.928398132041412,0.9719093156617343,0.5888108760895294,0.9830601803440948,27,0.46159715612034724,0.5888108760895294,0.5070960328543149,0.983591517585993,27,0.5610925031644376
A1,krr_res,classical,48,11,528,528,162,0.7032220350233829,0.7032220350233829,0.7032220350233829,0.9732076332917823,0.47535569736381555,0.47535569736381555,0.32449700910879997,0.32449700910879997,27,,,,,,,,,,,,,,,,,,,,,,,,,,,,,,,0.6500907249928228,,,0.47535569736381555,,0.32449700910879997,,,
A1,krr_cos_cl,classical,48,11,528,528,162,0.7798479416209313,0.7798479416209313,0.7798479416209313,0.9736388615044868,0.5595460164102385,0.5595460164102385,0.2828708192711675,0.2828708192711675,27,,,,,,,,,,,,,,,,,,,,,,,,,,,,,,,0.7681053576058503,,,0.5595460164102385,,0.2828708192711675,,,
A1,ridge_raw_eig,classical,48,11,12,528,162,0.7936012555598453,0.7936012555598453,0.7936012555598453,0.9718442088429379,0.5872631887551961,0.5872631887551961,0.26366993899846825,0.26366993899846825,27,,,,,,,,,,,,,,,,,,,,,,,,,,,,,,,0.7948455404632147,,,0.5872631887551961,,0.26366993899846825,,,
A1,composition,classical,48,11,0,528,162,0.8330475525257893,0.8330475525257893,0.8330475525257893,0.9683024249735744,0.6117147439176247,0.6117147439176247,nan,nan,27,,,,,,,,,,,,,,,,,,,,,,,,,,,,,,,0.8355047634675291,,,0.6117147439176247,,nan,,,
A1,zz_bytype_r3,quantum,49,11,102,527,163,0.36955392722436936,0.36955392722436936,0.3575123188810798,0.9929163763447988,0.2969418241484599,0.2919338134697342,0.6386702493799342,0.6286031352859746,28,0.8681243449191781,2.4537783977945167,231.04,molecule,zz,0.1,bytype,3,bytype,eig,0,"[0.000,3.142]",none,1,1,Z,ridge,1,1,adam,adjoint,100,24,0.7303923595746079,0.09632097088492868,6.946904902580716,0.27600346720947294,0.14720848136974893,0.37705652241511106,0.9705662028580925,0.3480147638511609,0.9929163763447988,28,0.2969418241484599,0.3480147638511609,0.6386702493799342,0.9935517017464244,28,0.3402989681663699
A1,xy_bytype_r3,quantum,49,11,102,527,163,0.35825642743671987,0.35825642743671987,0.3548305244407298,0.9927776233277765,0.28568912966218724,0.2808901379462615,0.6696864144575407,0.6364090095358407,28,0.8619413986566191,2.0893793480217444,233.01,molecule,xy,0.1,bytype,3,bytype,eig,0,"[0.000,3.142]",none,1,1,Z,ridge,1,1,adam,adjoint,100,24,0.7842519122423366,0.10827272210504892,5.91525283993418,0.010876234211486218,0.35325925218300136,0.4663009162301604,0.9705662028580925,0.3472662309904899,0.9927776233277765,28,0.28568912966218724,0.3472662309904899,0.6696864144575407,0.9932078144882062,28,0.34897546505943194
A1,none_r3,quantum,49,11,78,527,163,0.813239976972565,0.813239976972565,0.6676000761655441,0.8936219981632151,0.5120579696355738,0.5080845415169144,0.2245587837267144,0.25092769449263724,28,0.1273130681545914,1.7189061440019031,177.89,molecule,none,0.0,fixed,3,fixed,eig,0,"[0.000,3.142]",none,1,1,Z,ridge,1,1,adam,adjoint,100,24,0.8292213979156804,0.7236506775675958,4.0243156136058635,0.0027836931718760267,0.0,0.0,0.9705662028580925,0.7007622276853148,0.8936219981632151,28,0.5120579696355738,0.7007622276853148,0.2245587837267144,0.9807974413492477,28,0.6884259769770465
A1,zz_fixed_r3,quantum,49,11,78,527,163,0.6756143787130152,0.6756143787130152,0.6618813046315688,0.9772036715220408,0.5283709120241659,0.5185994664320466,0.28577083304834877,0.29960969277776883,28,0.425583873448905,2.1523138342436536,234.45,molecule,zz,0.1,fixed,3,fixed,eig,0,"[0.000,3.142]",none,1,1,Z,ridge,1,1,adam,adjoint,100,24,0.7303923595746079,0.41954915004936083,5.254244245616478,0.2061013747283138,0.1,0.06719368409052928,0.9705662028580925,0.6478542902492794,0.9772036715220408,28,0.5283709120241659,0.6478542902492794,0.28577083304834877,0.9800960508219559,28,0.6519218870852191
A1,xy_shuffled_r3,quantum,49,11,102,527,163,0.6894966877671012,0.6894966877671012,0.6522240098655051,0.9757210366228336,0.5306615309269695,0.5227380833064506,0.24347037770479918,0.33341809007235895,28,0.5489867217023511,4.230967866452208,238.82,molecule,xy,0.1,bytype_shuffled,3,bytype_shuffled,eig,0,"[0.000,3.142]",none,1,1,Z,ridge,1,1,adam,adjoint,100,24,0.7842519122423366,0.3537080259516163,11.978315336273354,0.13102031054237764,0.5915165916280426,3.298377127048958,0.9705662028580925,0.675414600771751,0.9757210366228336,28,0.5306615309269695,0.675414600771751,0.24347037770479918,0.97856022029894,28,0.6520823560593592
A1,krr_res,classical,49,11,527,527,163,0.658742370212125,0.658742370212125,0.658742370212125,0.977700030717025,0.5062881530106836,0.5062881530106836,0.4120436070671905,0.4120436070671905,28,,,,,,,,,,,,,,,,,,,,,,,,,,,,,,,0.6457503343915224,,,0.5062881530106836,,0.4120436070671905,,,
A1,krr_cos_cl,classical,49,11,527,527,163,0.7314546502986232,0.7314546502986232,0.7314546502986232,0.9768107205510494,0.5280800625621159,0.5280800625621159,0.31721663719398885,0.31721663719398885,28,,,,,,,,,,,,,,,,,,,,,,,,,,,,,,,0.7318960277604148,,,0.5280800625621159,,0.31721663719398885,,,
A1,ridge_raw_eig,classical,49,11,12,527,163,0.8289965811516702,0.8289965811516702,0.8289965811516702,0.9288122473552479,0.5260223539343132,0.5260223539343132,0.23830633250501518,0.23830633250501518,28,,,,,,,,,,,,,,,,,,,,,,,,,,,,,,,0.7436255634355223,,,0.5260223539343132,,0.23830633250501518,,,
A1,composition,classical,49,11,0,527,163,0.7749799916622865,0.7749799916622865,0.7749799916622865,0.9725784073986362,0.5744272162690576,0.5744272162690576,nan,nan,28,,,,,,,,,,,,,,,,,,,,,,,,,,,,,,,0.8011579629990622,,,0.5744272162690576,,nan,,,
A1,zz_bytype_r3,quantum,50,11,102,519,171,0.36268872032129773,0.36268872032129773,0.34849569775242645,0.9894100753955963,0.23199045113359823,0.23264946543078058,0.8055535850703918,0.7912060278656917,26,0.8402759977467469,2.0521912761163947,229.62,molecule,zz,0.1,bytype,3,bytype,eig,0,"[0.000,3.142]",none,1,1,Z,ridge,1,1,adam,adjoint,100,24,0.7334348332577076,0.11714714695986836,6.24396273337754,0.022443115367500727,0.20230824889332547,0.429490581627646,0.9712997907825527,0.3186353943526647,0.9894100753955963,26,0.23199045113359823,0.3186353943526647,0.8055535850703918,0.9921585708543341,26,0.31899129674559246
A1,xy_bytype_r3,quantum,50,11,102,519,171,0.5652736865589806,0.5652736865589806,0.5301017501578934,0.9755762047897311,0.4335010219248988,0.4180441131909529,0.567934446505875,0.5644721524973626,26,0.7215816685983445,2.209624066170978,230.25,molecule,xy,0.1,bytype,3,bytype,eig,0,"[0.000,3.142]",none,1,1,Z,ridge,1,1,adam,adjoint,100,24,0.7807009480875008,0.21736145529021242,6.722965098095083,0.01725971418520832,0.09868094921374669,0.5844668686591846,0.9712997907825527,0.5144522319567153,0.9755762047897311,26,0.4335010219248988,0.5144522319567153,0.567934446505875,0.9812370755067918,26,0.4933231297744429
A1,none_r3,quantum,50,11,78,519,171,0.9878748426655002,0.9878748426655002,0.7772134183468214,0.8311089588701794,0.5872898897801453,0.6169138780586104,0.26933773509403763,0.14592973553057584,26,0.14529474077097002,0.8629743596102409,176.0,molecule,none,0.0,fixed,3,fixed,eig,0,"[0.000,3.142]",none,1,1,Z,ridge,1,1,adam,adjoint,100,24,0.8539448794064968,0.7298711795204326,2.202901934229318,0.004670725734953456,0.0,0.0,0.9712997907825527,0.7863218289084529,0.8311089588701794,26,0.5872898897801453,0.7863218289084529,0.26933773509403763,0.9700662565341331,26,0.7933675237302321
A1,zz_fixed_r3,quantum,50,11,78,519,171,0.7069057730799747,0.7069057730799747,0.6855432660322214,0.9405085264501922,0.45703016759886306,0.4375247631358128,0.6255265742660701,0.6258257848593982,26,0.36717293366409415,1.7644469080084402,230.57,molecule,zz,0.1,fixed,3,fixed,eig,0,"[0.000,3.142]",none,1,1,Z,ridge,1,1,adam,adjoint,100,24,0.7334348332577076,0.4641374138790394,4.680522318613839,0.648597037537426,0.1,0.06719368409052928,0.9712997907825527,0.6093469163144886,0.9405085264501922,26,0.45703016759886306,0.6093469163144886,0.6255265742660701,0.9291039063810372,26,0.5566825243881371
A1,xy_shuffled_r3,quantum,50,11,102,519,171,0.5695668668977032,0.5695668668977032,0.5591841091260684,0.9830869817532486,0.4793990622221859,0.4789096813265362,0.5419272254356288,0.544831568991233,26,0.5005274832202723,2.627388862524229,236.36,molecule,xy,0.1,bytype_shuffled,3,bytype_shuffled,eig,0,"[0.000,3.142]",none,1,1,Z,ridge,1,1,adam,adjoint,100,24,0.7807009480875008,0.38993866739358357,7.994049255846278,0.015461226743343014,0.20956951952676275,0.8736777359913045,0.9712997907825527,0.5676321864264796,0.9830869817532486,26,0.4793990622221859,0.5676321864264796,0.5419272254356288,0.9835073825502882,26,0.5592677315611686
A1,krr_res,classical,50,11,519,519,171,0.5655755940223229,0.5655755940223229,0.5655755940223229,0.9847611247497523,0.4667139780869144,0.4667139780869144,0.6452749281530793,0.6452749281530793,26,,,,,,,,,,,,,,,,,,,,,,,,,,,,,,,0.5525290436857241,,,0.4667139780869144,,0.6452749281530793,,,
A1,krr_cos_cl,classical,50,11,519,519,171,0.7458798375578195,0.7458798375578195,0.7458798375578195,0.9728101103046667,0.5894579051098251,0.5894579051098251,0.29290943650187345,0.29290943650187345,26,,,,,,,,,,,,,,,,,,,,,,,,,,,,,,,0.7545128607778822,,,0.5894579051098251,,0.29290943650187345,,,
A1,ridge_raw_eig,classical,50,11,12,519,171,0.8429167675553397,0.8429167675553397,0.8429167675553397,0.9237639137042654,0.5858689987368951,0.5858689987368951,0.2263728218560151,0.2263728218560151,26,,,,,,,,,,,,,,,,,,,,,,,,,,,,,,,0.7770973320883936,,,0.5858689987368951,,0.2263728218560151,,,
A1,composition,classical,50,11,0,519,171,0.7872425848332014,0.7872425848332014,0.7872425848332014,0.9708886110640045,0.65086069536502,0.65086069536502,nan,nan,26,,,,,,,,,,,,,,,,,,,,,,,,,,,,,,,0.7944352059063929,,,0.65086069536502,,nan,,,
A1,zz_bytype_r3,quantum,51,11,102,514,176,0.3365253920966772,0.3365253920966772,0.328832469386073,0.9932214278383537,0.28147125697631104,0.2747090520665413,0.6632456163215068,0.6588232077567618,20,0.8343796215699169,2.4117685609781137,225.39,molecule,zz,0.1,bytype,3,bytype,eig,0,"[0.000,3.142]",none,1,1,Z,ridge,1,1,adam,adjoint,100,24,0.6884479446373571,0.11402100912025208,7.288340541403894,0.013272810273057092,0.07341620691024771,0.43140520240568475,0.97164210268248,0.32646466057384055,0.9932214278383537,20,0.28147125697631104,0.32646466057384055,0.6632456163215068,0.9937079486304539,20,0.32103328536705034
A1,xy_bytype_r3,quantum,51,11,102,514,176,0.37187996866506995,0.37187996866506995,0.3588315854065857,0.9892067678548135,0.30436256461201067,0.3024440646575131,0.6218747589946202,0.6220442886136345,20,0.8364246845556186,2.054151800174031,228.99,molecule,xy,0.1,bytype,3,bytype,eig,0,"[0.000,3.142]",none,1,1,Z,ridge,1,1,adam,adjoint,100,24,0.9310852066666678,0.15230255638609722,6.207626256366165,0.02966685326388981,0.24960189784989173,0.41232884137623715,0.97164210268248,0.32655626707323304,0.9892067678548135,20,0.30436256461201067,0.32655626707323304,0.6218747589946202,0.9895969924301832,20,0.3243307111346566
A1,none_r3,quantum,51,11,78,514,176,0.7479993594379866,0.7479993594379866,0.7366543658308781,0.9730443821322216,0.6563459461710045,0.6560576968276589,0.24055997822065536,0.28003645955158674,20,0.15505593808815546,0.8047683835066953,175.2,molecule,none,0.0,fixed,3,fixed,eig,0,"[0.000,3.142]",none,1,1,Z,ridge,1,1,adam,adjoint,100,24,0.8395019621702581,0.7093321978991015,2.037747649758551,0.004440857059523339,0.0,0.0,0.97164210268248,0.7570785522791748,0.9730443821322216,20,0.6563459461710045,0.7570785522791748,0.24055997822065536,0.9733838825483621,20,0.7498498554158086
A1,zz_fixed_r3,quantum,51,11,78,514,176,0.5961566769432065,0.5961566769432065,0.5871575794215995,0.9801342930344009,0.45519318807642095,0.45814864240609976,0.5469738971208579,0.5691898611354268,20,0.35870594482960955,2.4049540056057856,229.98,molecule,zz,0.1,fixed,3,fixed,eig,0,"[0.000,3.142]",none,1,1,Z,ridge,1,1,adam,adjoint,100,24,0.6884479446373571,0.44149757419021124,6.3300603898639025,0.14144908849994647,0.1,0.06719368409052928,0.97164210268248,0.5901486617779269,0.9801342930344009,20,0.45519318807642095,0.5901486617779269,0.5469738971208579,0.9804731287305775,20,0.5872489233918318
A1,xy_shuffled_r3,quantum,51,11,102,514,176,0.6284862103563799,0.6284862103563799,0.6174531261011459,0.9754134773448467,0.49829551320997456,0.497554415840378,0.5063438890946043,0.5053939234941115,20,0.5868776800094664,3.023537695941677,235.18,molecule,xy,0.1,bytype_shuffled,3,bytype_shuffled,eig,0,"[0.000,3.142]",none,1,1,Z,ridge,1,1,adam,adjoint,100,24,0.9310852066666678,0.3846520806869993,9.137100766774038,0.754889522051678,-0.032726862756415974,1.9914170677288174,0.97164210268248,0.6051623511701345,0.9754134773448467,20,0.49829551320997456,0.6051623511701345,0.5063438890946043,0.9769456373079228,20,0.5994627975867776
A1,krr_res,classical,51,11,514,514,176,0.6716135896300444,0.6716135896300444,0.6716135896300444,0.9724520588268575,0.5419928244006795,0.5419928244006795,0.5365125933639081,0.5365125933639081,20,,,,,,,,,,,,,,,,,,,,,,,,,,,,,,,0.6248917059414453,,,0.5419928244006795,,0.5365125933639081,,,
A1,krr_cos_cl,classical,51,11,514,514,176,0.7496661372681122,0.7496661372681122,0.7496661372681122,0.9744229874826013,0.6756109312100091,0.6756109312100091,0.30750201360431795,0.30750201360431795,20,,,,,,,,,,,,,,,,,,,,,,,,,,,,,,,0.7767250269031797,,,0.6756109312100091,,0.30750201360431795,,,
A1,ridge_raw_eig,classical,51,11,12,514,176,0.776473720770393,0.776473720770393,0.776473720770393,0.9707049819145869,0.6894797015397285,0.6894797015397285,0.25103344015931706,0.25103344015931706,20,,,,,,,,,,,,,,,,,,,,,,,,,,,,,,,0.7922825452708503,,,0.6894797015397285,,0.25103344015931706,,,
A1,composition,classical,51,11,0,514,176,0.823268016628915,0.823268016628915,0.823268016628915,0.9686030149609182,0.7210218555379749,0.7210218555379749,nan,nan,20,,,,,,,,,,,,,,,,,,,,,,,,,,,,,,,0.8333775856083135,,,0.7210218555379749,,nan,,,
A1,zz_bytype_r3,quantum,52,11,102,526,164,0.3774010708032782,0.3774010708032782,0.367836353050158,0.990944303949178,0.29179848682401066,0.2916743006434718,0.7020849662220592,0.6767943892191534,23,0.8668586856758028,2.0737757669038213,235.08,molecule,zz,0.1,bytype,3,bytype,eig,0,"[0.000,3.142]",none,1,1,Z,ridge,1,1,adam,adjoint,100,24,0.8479564824015173,0.11289804055666097,5.847579696288032,0.1735956435823683,0.19634520621210336,0.40067698160431614,0.9736974548445304,0.36012322804404584,0.990944303949178,23,0.29179848682401066,0.36012322804404584,0.7020849662220592,0.9914734575119698,23,0.3563224773312336
A1,xy_bytype_r3,quantum,52,11,102,526,164,0.35374532995029073,0.35374532995029073,0.35089516594655146,0.9910132642069039,0.2776899899644408,0.28077023265247425,0.8065344889592151,0.7402884138225538,23,0.8614115248376552,2.459114012355425,234.76,molecule,xy,0.1,bytype,3,bytype,eig,0,"[0.000,3.142]",none,1,1,Z,ridge,1,1,adam,adjoint,100,24,0.8667459351490722,0.12012099750547062,6.9341465933784825,0.03481951052592604,0.36594542878372033,0.503018616736947,0.9736974548445304,0.32075741792405094,0.9910132642069039,23,0.2776899899644408,0.32075741792405094,0.8065344889592151,0.99147600307809,23,0.3242469588669175
A1,none_r3,quantum,52,11,78,526,164,0.7837268932217114,0.7837268932217114,0.7390466713992031,0.9605392967189562,0.6244468455003162,0.58523098069447,0.5642704780502485,0.43338928190018444,23,0.13546341914144516,1.4787663345126625,179.55,molecule,none,0.0,fixed,3,fixed,eig,0,"[0.000,3.142]",none,1,1,Z,ridge,1,1,adam,adjoint,100,24,0.926786487618252,0.801240821191393,3.4453427725677757,0.004675596790192409,0.0,0.0,0.9736974548445304,0.738788457971849,0.9605392967189562,23,0.6244468455003162,0.738788457971849,0.5642704780502485,0.9668563232036985,23,0.718418599914239
A1,zz_fixed_r3,quantum,52,11,78,526,164,0.5340090991517475,0.5340090991517475,0.5455369914089792,0.9808895149576048,0.4670803024516657,0.4538769074958818,0.5969026366155216,0.6523713175478073,23,0.4296002252489991,2.153255420662965,236.03,molecule,zz,0.1,fixed,3,fixed,eig,0,"[0.000,3.142]",none,1,1,Z,ridge,1,1,adam,adjoint,100,24,0.8479564824015173,0.48367418656047656,5.232144513346446,0.4706108022580187,0.1,0.06719368409052928,0.9736974548445304,0.5333489240492326,0.9808895149576048,23,0.4670803024516657,0.5333489240492326,0.5969026366155216,0.9807714257426238,23,0.5395154151858751
A1,xy_shuffled_r3,quantum,52,11,102,526,164,0.6008644991967503,0.6008644991967503,0.5902772946786781,0.9732939272197902,0.4552577026384166,0.44881142546511565,0.5815406906952688,0.6118385156323047,23,0.5051827873295285,2.972397719187913,241.0,molecule,xy,0.1,bytype_shuffled,3,bytype_shuffled,eig,0,"[0.000,3.142]",none,1,1,Z,ridge,1,1,adam,adjoint,100,24,0.8667459351490722,0.4288808077239252,8.381490819504894,0.505147231893225,0.4722689887051282,0.6501200695869761,0.9736974548445304,0.5563322219636436,0.9732939272197902,23,0.4552577026384166,0.5563322219636436,0.5815406906952688,0.9737860093638081,23,0.5485865792539283
A1,krr_res,classical,52,11,526,526,164,0.676340682636489,0.676340682636489,0.676340682636489,0.9642213147799236,0.5731814624119195,0.5731814624119195,0.5229924600214267,0.5229924600214267,23,,,,,,,,,,,,,,,,,,,,,,,,,,,,,,,0.6062464360583691,,,0.5731814624119195,,0.5229924600214267,,,
A1,krr_cos_cl,classical,52,11,526,526,164,0.7537265776048737,0.7537265776048737,0.7537265776048737,0.9662581681340184,0.6140751244853173,0.6140751244853173,0.36041922285789135,0.36041922285789135,23,,,,,,,,,,,,,,,,,,,,,,,,,,,,,,,0.7328041090902583,,,0.6140751244853173,,0.36041922285789135,,,
A1,ridge_raw_eig,classical,52,11,12,526,164,0.758788748097998,0.758788748097998,0.758788748097998,0.9653068575048522,0.6392654514589223,0.6392654514589223,0.3245206187040339,0.3245206187040339,23,,,,,,,,,,,,,,,,,,,,,,,,,,,,,,,0.7494065726178378,,,0.6392654514589223,,0.3245206187040339,,,
A1,composition,classical,52,11,0,526,164,0.8152021835521938,0.8152021835521938,0.8152021835521938,0.9589074631960045,0.7090937249836917,0.7090937249836917,nan,nan,23,,,,,,,,,,,,,,,,,,,,,,,,,,,,,,,0.8313411626940587,,,0.7090937249836917,,nan,,,
A1,zz_bytype_r3,quantum,53,11,102,518,172,0.3464054673898085,0.3464054673898085,0.3338526778330813,0.991246600295941,0.25318944954058803,0.2508127574629582,0.5992378454878455,0.5961941734735852,32,0.8832489545425235,2.0054081485861293,226.06,molecule,zz,0.1,bytype,3,bytype,eig,0,"[0.000,3.142]",none,1,1,Z,ridge,1,1,adam,adjoint,100,24,0.8606617030326906,0.10048315361427888,6.775493118082707,0.06566881385097445,0.20897781698068377,0.4267651575409219,0.9709083829995494,0.3423522914069142,0.991246600295941,32,0.25318944954058803,0.3423522914069142,0.5992378454878455,0.9917946851963271,32,0.33359506780042797
A1,xy_bytype_r3,quantum,53,11,102,518,172,0.41431986779070945,0.41431986779070945,0.3905310353738451,0.9891437006553794,0.31483724778005573,0.30755412310308344,0.5412969689624101,0.5666829983741748,32,0.8367469191186803,2.0139319090761236,229.81,molecule,xy,0.1,bytype,3,bytype,eig,0,"[0.000,3.142]",none,1,1,Z,ridge,1,1,adam,adjoint,100,24,0.7467299360279324,0.12190596264287082,6.80429158515828,0.009979736053923851,0.306179323294093,0.809809378523776,0.9709083829995494,0.3891136666474048,0.9891437006553794,32,0.31483724778005573,0.3891136666474048,0.5412969689624101,0.9894005072205311,32,0.36086493240295525
A1,none_r3,quantum,53,11,78,518,172,0.8059346768730973,0.8059346768730973,0.758896751314599,0.957509906185035,0.43914733181185495,0.4612649078108215,0.33126433615404205,0.23715403469079943,32,0.13659222255595688,1.3918382697850824,176.08,molecule,none,0.0,fixed,3,fixed,eig,0,"[0.000,3.142]",none,1,1,Z,ridge,1,1,adam,adjoint,100,24,0.8945774004251017,0.7723850850527069,4.020620742307151,0.030588479324233073,0.0,0.0,0.9709083829995494,0.7271735163991996,0.957509906185035,32,0.43914733181185495,0.7271735163991996,0.33126433615404205,0.9718674542412263,32,0.7622374998275976
A1,zz_fixed_r3,quantum,53,11,78,518,172,0.7610094680222338,0.7610094680222338,0.7087319072117962,0.9597147208273688,0.4547616610727709,0.43807689547212514,0.3933388119233708,0.41189559827427474,32,0.5260360584948823,1.942190518437555,228.73,molecule,zz,0.1,fixed,3,fixed,eig,0,"[0.000,3.142]",none,1,1,Z,ridge,1,1,adam,adjoint,100,24,0.8606617030326906,0.4079226130718811,5.804649267380286,0.4718693495197566,0.1,0.06719368409052928,0.9709083829995494,0.6834509519217422,0.9597147208273688,32,0.4547616610727709,0.6834509519217422,0.3933388119233708,0.9681153059120444,32,0.6563941768243947
A1,xy_shuffled_r3,quantum,53,11,102,518,172,0.7043282244633547,0.7043282244633547,0.6909724556387044,0.9736201968054654,0.450987524597796,0.44827426152835714,0.41037058529705595,0.3971269600497542,32,0.5556898802749564,2.125630064556224,237.22,molecule,xy,0.1,bytype_shuffled,3,bytype_shuffled,eig,0,"[0.000,3.142]",none,1,1,Z,ridge,1,1,adam,adjoint,100,24,0.7467299360279324,0.33177966727884484,7.181676151133802,0.3138951524333262,0.2074621285313003,1.0097656703932032,0.9709083829995494,0.6859375669642602,0.9736201968054654,32,0.450987524597796,0.6859375669642602,0.41037058529705595,0.9748285033920661,32,0.6789261280271665
A1,krr_res,classical,53,11,518,518,172,0.6909928902800221,0.6909928902800221,0.6909928902800221,0.9745624050534477,0.5181751124609533,0.5181751124609533,0.2975852762433645,0.2975852762433645,32,,,,,,,,,,,,,,,,,,,,,,,,,,,,,,,0.667777080416404,,,0.5181751124609533,,0.2975852762433645,,,
A1,krr_cos_cl,classical,53,11,518,518,172,0.7524293582769683,0.7524293582769683,0.7524293582769683,0.9700903470425775,0.4481958371397563,0.4481958371397563,0.2464620122524535,0.2464620122524535,32,,,,,,,,,,,,,,,,,,,,,,,,,,,,,,,0.7255669150008548,,,0.4481958371397563,,0.2464620122524535,,,
A1,ridge_raw_eig,classical,53,11,12,518,172,0.7550353726391662,0.7550353726391662,0.7550353726391662,0.9679289227263014,0.4482063587398786,0.4482063587398786,0.25507685329376506,0.25507685329376506,32,,,,,,,,,,,,,,,,,,,,,,,,,,,,,,,0.722760366194529,,,0.4482063587398786,,0.25507685329376506,,,
A1,composition,classical,53,11,0,518,172,0.7588081762665077,0.7588081762665077,0.7588081762665077,0.9715847759991681,0.47727930144660924,0.47727930144660924,nan,nan,32,,,,,,,,,,,,,,,,,,,,,,,,,,,,,,,0.7767376388088935,,,0.47727930144660924,,nan,,,
A1,zz_bytype_r3,quantum,54,11,102,526,164,0.33325701233246086,0.33325701233246086,0.3172894221736252,0.9940373303344952,0.2814400336477395,0.26716526565876497,0.6845917121427325,0.6984525678403228,24,0.8578751594556676,2.1098604479464114,232.0,molecule,zz,0.1,bytype,3,bytype,eig,0,"[0.000,3.142]",none,1,1,Z,ridge,1,1,adam,adjoint,100,24,0.726976183908972,0.10332137421758994,6.0753955350166855,0.009778956697568142,0.13735696452819612,0.39229615598813755,0.9718418197267612,0.3199412555060388,0.9940373303344952,24,0.2814400336477395,0.3199412555060388,0.6845917121427325,0.9950310469577435,24,0.3067032508827371
A1,xy_bytype_r3,quantum,54,11,102,526,164,0.3747774914842403,0.3747774914842403,0.3698732244324266,0.9815601306531165,0.2676092178262418,0.26673519102478466,0.7914031546684608,0.7658069821335128,24,0.8124767289916127,2.0933160546542524,232.09,molecule,xy,0.1,bytype,3,bytype,eig,0,"[0.000,3.142]",none,1,1,Z,ridge,1,1,adam,adjoint,100,24,0.6996271207517446,0.1311963661695471,6.027755543834058,0.033927351683659096,0.2553906155584866,0.4113581818704875,0.9718418197267612,0.3021839166490635,0.9815601306531165,24,0.2676092178262418,0.3021839166490635,0.7914031546684608,0.9807564034543516,24,0.30334277712417146
A1,none_r3,quantum,54,11,78,526,164,0.8758530664638743,0.8758530664638743,0.8260254414649637,0.9334904498184179,0.5460489345674133,0.5383894138889982,0.4205539358600583,0.40454262290996984,24,0.11336885611047653,1.590763842484411,176.86,molecule,none,0.0,fixed,3,fixed,eig,0,"[0.000,3.142]",none,1,1,Z,ridge,1,1,adam,adjoint,100,24,0.8145762876454022,0.7222287057003245,3.801332030468646,0.03187393977021372,0.0,0.0,0.9718418197267612,0.7761408332551842,0.9334904498184179,24,0.5460489345674133,0.7761408332551842,0.4205539358600583,0.9631703183842469,24,0.7609433352448272
A1,zz_fixed_r3,quantum,54,11,78,526,164,0.6962005886992368,0.6962005886992368,0.6141813416726257,0.9475638785646255,0.48500812542630534,0.45335620373840396,0.5117378086765841,0.5958523336074356,24,0.38216407303541594,2.0517171344760894,232.02,molecule,zz,0.1,fixed,3,fixed,eig,0,"[0.000,3.142]",none,1,1,Z,ridge,1,1,adam,adjoint,100,24,0.726976183908972,0.44915200446657566,5.108010118779125,0.24997849452769855,0.1,0.06719368409052928,0.9718418197267612,0.5863951079717223,0.9475638785646255,24,0.48500812542630534,0.5863951079717223,0.5117378086765841,0.9800266195058085,24,0.566531997353991
A1,xy_shuffled_r3,quantum,54,11,102,526,164,0.7277139237639624,0.7277139237639624,0.6283469562821566,0.9430937415040441,0.5395836465212747,0.4963300901690783,0.47461687971892064,0.4657957688569934,24,0.47082471681614413,2.4682794780272697,236.79,molecule,xy,0.1,bytype_shuffled,3,bytype_shuffled,eig,0,"[0.000,3.142]",none,1,1,Z,ridge,1,1,adam,adjoint,100,24,0.6996271207517446,0.37022537974691017,7.107472029524992,0.1746997006503687,0.2812576588992604,1.3067137443357526,0.9718418197267612,0.6159549572229387,0.9430937415040441,24,0.5395836465212747,0.6159549572229387,0.47461687971892064,0.9780430106560368,24,0.572754541984028
A1,krr_res,classical,54,11,526,526,164,0.6060633626256959,0.6060633626256959,0.6060633626256959,0.9826256022238814,0.46920746970922017,0.46920746970922017,0.5517754354489048,0.5517754354489048,24,,,,,,,,,,,,,,,,,,,,,,,,,,,,,,,0.5792551177849775,,,0.46920746970922017,,0.5517754354489048,,,
A1,krr_cos_cl,classical,54,11,526,526,164,0.7667319049527153,0.7667319049527153,0.7667319049527153,0.9748271443859612,0.5761257843938892,0.5761257843938892,0.4688968627744139,0.4688968627744139,24,,,,,,,,,,,,,,,,,,,,,,,,,,,,,,,0.7792481150433876,,,0.5761257843938892,,0.4688968627744139,,,
A1,ridge_raw_eig,classical,54,11,12,526,164,0.8233743366004039,0.8233743366004039,0.8233743366004039,0.9427738583767761,0.551554950414583,0.551554950414583,0.458918292591762,0.458918292591762,24,,,,,,,,,,,,,,,,,,,,,,,,,,,,,,,0.7590026735440494,,,0.551554950414583,,0.458918292591762,,,
A1,composition,classical,54,11,0,526,164,0.8607231801182463,0.8607231801182463,0.8607231801182463,0.9686816475457434,0.67533794489796,0.67533794489796,nan,nan,24,,,,,,,,,,,,,,,,,,,,,,,,,,,,,,,0.9084875525819756,,,0.67533794489796,,nan,,,
A1,zz_bytype_r3,quantum,55,11,102,537,153,0.3039432341548297,0.3039432341548297,0.29600908933301473,0.9937263625502382,0.26663508923711243,0.26309451053720084,0.6252661912928745,0.6273010074912206,31,0.8320076001785017,1.8797340171176182,237.46,molecule,zz,0.1,bytype,3,bytype,eig,0,"[0.000,3.142]",none,1,1,Z,ridge,1,1,adam,adjoint,100,24,0.6954251406038712,0.1168261382662472,6.463056398033958,0.015807541014099143,0.10130672867339875,0.3904117881531162,0.971911081218859,0.2949317014413592,0.9937263625502382,31,0.26663508923711243,0.2949317014413592,0.6252661912928745,0.9941205011427657,31,0.2883743354353472
A1,xy_bytype_r3,quantum,55,11,102,537,153,0.4254891826231975,0.4254891826231975,0.42175255439489545,0.9879836752553861,0.30773245513224984,0.30753989817298344,0.5992218167085085,0.6004037283220748,31,0.834819841682961,2.569040804720076,237.47,molecule,xy,0.1,bytype,3,bytype,eig,0,"[0.000,3.142]",none,1,1,Z,ridge,1,1,adam,adjoint,100,24,0.8288576740544699,0.13691084182261007,8.833087797824039,0.015294032068534084,0.4997900201693597,0.8390085879095882,0.971911081218859,0.42465740521282114,0.9879836752553861,31,0.30773245513224984,0.42465740521282114,0.5992218167085085,0.9880377784586793,31,0.42026336024040123
A1,none_r3,quantum,55,11,78,537,153,0.6925937279701354,0.6925937279701354,0.6754129702143311,0.973842895024564,0.4906287408765202,0.5328242878080112,0.2714971941067225,0.36187745071523497,31,0.13859665103195032,0.6906006858881075,181.73,molecule,none,0.0,fixed,3,fixed,eig,0,"[0.000,3.142]",none,1,1,Z,ridge,1,1,adam,adjoint,100,24,0.8445148989843873,0.7274679622385654,2.0361563282117183,0.007740612641400241,0.0,0.0,0.971911081218859,0.6706800793976513,0.973842895024564,31,0.4906287408765202,0.6706800793976513,0.2714971941067225,0.9753292047378443,31,0.6850652487382204
A1,zz_fixed_r3,quantum,55,11,78,537,153,0.5403242766066241,0.5403242766066241,0.5086501383461318,0.982523018625791,0.3966602868822881,0.3659727054164991,0.5315650001007597,0.556230027035426,31,0.3380995878934424,2.05115226506664,238.93,molecule,zz,0.1,fixed,3,fixed,eig,0,"[0.000,3.142]",none,1,1,Z,ridge,1,1,adam,adjoint,100,24,0.6954251406038712,0.46030218715496307,6.252700683608162,0.7271485786140558,0.1,0.06719368409052928,0.971911081218859,0.551357061399875,0.982523018625791,31,0.3966602868822881,0.551357061399875,0.5315650001007597,0.9853860181404834,31,0.5245341977071486
A1,xy_shuffled_r3,quantum,55,11,102,537,153,0.6282043667856235,0.6282043667856235,0.6172109348091389,0.9768551003662439,0.4486469837885684,0.44059278597861734,0.45674777294484625,0.44684033401319634,31,0.4874116932000171,3.040550547866129,244.78,molecule,xy,0.1,bytype_shuffled,3,bytype_shuffled,eig,0,"[0.000,3.142]",none,1,1,Z,ridge,1,1,adam,adjoint,100,24,0.8288576740544699,0.4248627517217528,10.454271451694556,0.15962159486882946,0.25993628351348574,2.5440133073924405,0.971911081218859,0.640011294322938,0.9768551003662439,31,0.4486469837885684,0.640011294322938,0.45674777294484625,0.978022730642594,31,0.6252377917832602
A1,krr_res,classical,55,11,537,537,153,0.6864472579611687,0.6864472579611687,0.6864472579611687,0.9736715320841308,0.49038220502133223,0.49038220502133223,0.41962947996313255,0.41962947996313255,31,,,,,,,,,,,,,,,,,,,,,,,,,,,,,,,0.6605539163965529,,,0.49038220502133223,,0.41962947996313255,,,
A1,krr_cos_cl,classical,55,11,537,537,153,0.6947505813541076,0.6947505813541076,0.6947505813541076,0.9748537088437396,0.5020518572912718,0.5020518572912718,0.34304498020336494,0.34304498020336494,31,,,,,,,,,,,,,,,,,,,,,,,,,,,,,,,0.7063173380750265,,,0.5020518572912718,,0.34304498020336494,,,
A1,ridge_raw_eig,classical,55,11,12,537,153,0.7214001983797572,0.7214001983797572,0.7214001983797572,0.9720122133467533,0.5203327898225518,0.5203327898225518,0.10401898737533632,0.10401898737533632,31,,,,,,,,,,,,,,,,,,,,,,,,,,,,,,,0.7350682453363102,,,0.5203327898225518,,0.10401898737533632,,,
A1,composition,classical,55,11,0,537,153,0.7915513350903405,0.7915513350903405,0.7915513350903405,0.9676759040593637,0.558121084957967,0.558121084957967,nan,nan,31,,,,,,,,,,,,,,,,,,,,,,,,,,,,,,,0.7882705587797376,,,0.558121084957967,,nan,,,
A1,zz_bytype_r3,quantum,56,11,102,518,172,0.3418969624595233,0.3418969624595233,0.34136561380021946,0.9941712723682611,0.2656879835768432,0.2639265514197012,0.5922126641583655,0.591924063869765,29,0.8337802600552058,1.9648301668486459,226.97,molecule,zz,0.1,bytype,3,bytype,eig,0,"[0.000,3.142]",none,1,1,Z,ridge,1,1,adam,adjoint,100,24,0.8440477897087202,0.14029740410636182,5.9570599722727335,0.009509092843817263,0.1660339783097771,0.3952449614885458,0.9705135839495572,0.3482464141510151,0.9941712723682611,29,0.2656879835768432,0.3482464141510151,0.5922126641583655,0.9941610512576432,29,0.34771179366947447
A1,xy_bytype_r3,quantum,56,11,102,518,172,0.3429731818913915,0.3429731818913915,0.3395737512111933,0.9945855722268084,0.22880223746367,0.2265464419859486,0.713070225400542,0.7199876669333682,29,0.8377017986857448,2.383520543018573,229.66,molecule,xy,0.1,bytype,3,bytype,eig,0,"[0.000,3.142]",none,1,1,Z,ridge,1,1,adam,adjoint,100,24,0.7643104452413219,0.1240462105083641,7.2264641796898195,0.07632263813282514,0.35875588919424234,0.524213657113173,0.9705135839495572,0.343628464765999,0.9945855722268084,29,0.22880223746367,0.343628464765999,0.713070225400542,0.9943642774006661,29,0.3377818423330623
A1,none_r3,quantum,56,11,78,518,172,0.7660467887678529,0.7660467887678529,0.7138381560930829,0.9763633115387472,0.5594298297710131,0.5277056086778118,0.28911814681045456,0.381254655349678,29,0.06464625101842619,1.0001619234115855,175.47,molecule,none,0.0,fixed,3,fixed,eig,0,"[0.000,3.142]",none,1,1,Z,ridge,1,1,adam,adjoint,100,24,0.917980596992147,0.8586365928889479,2.542358374791751,0.0011918040202822577,0.0,0.0,0.9705135839495572,0.7750831805567834,0.9763633115387472,29,0.5594298297710131,0.7750831805567834,0.28911814681045456,0.9799179425505071,29,0.7298551584787212
A1,zz_fixed_r3,quantum,56,11,78,518,172,0.6221897556908944,0.6221897556908944,0.5695632642211065,0.9805682495367962,0.43485431367629784,0.3917684295600199,0.5124881528727683,0.5661588286022674,29,0.42892035464826744,2.26847478806045,230.12,molecule,zz,0.1,fixed,3,fixed,eig,0,"[0.000,3.142]",none,1,1,Z,ridge,1,1,adam,adjoint,100,24,0.8440477897087202,0.4820185124067697,5.993189648438997,0.2142556792629011,0.1,0.06719368409052928,0.9705135839495572,0.6275937063479957,0.9805682495367962,29,0.43485431367629784,0.6275937063479957,0.5124881528727683,0.9824371177508364,29,0.582895311952037
A1,xy_shuffled_r3,quantum,56,11,102,518,172,0.593410530604592,0.593410530604592,0.5572280091555726,0.9837478642551932,0.44062877156226693,0.4010705500206158,0.5471223849051904,0.5458973153543288,29,0.5245905761771658,3.403489266846028,235.96,molecule,xy,0.1,bytype_shuffled,3,bytype_shuffled,eig,0,"[0.000,3.142]",none,1,1,Z,ridge,1,1,adam,adjoint,100,24,0.7643104452413219,0.36336038839395074,10.318850972298893,0.021259932100508132,0.5648026861653467,1.134767459872921,0.9705135839495572,0.5929349461253581,0.9837478642551932,29,0.44062877156226693,0.5929349461253581,0.5471223849051904,0.9852420731570329,29,0.5459814812899607
A1,krr_res,classical,56,11,518,518,172,0.6550859748032903,0.6550859748032903,0.6550859748032903,0.9787580164619497,0.5135197371921255,0.5135197371921255,0.41890615668896214,0.41890615668896214,29,,,,,,,,,,,,,,,,,,,,,,,,,,,,,,,0.6695209052161825,,,0.5135197371921255,,0.41890615668896214,,,
A1,krr_cos_cl,classical,56,11,518,518,172,0.7206707464219769,0.7206707464219769,0.7206707464219769,0.9802721938307228,0.5340277398629538,0.5340277398629538,0.36542109223104696,0.36542109223104696,29,,,,,,,,,,,,,,,,,,,,,,,,,,,,,,,0.7386954337944195,,,0.5340277398629538,,0.36542109223104696,,,
A1,ridge_raw_eig,classical,56,11,12,518,172,0.7302401080425982,0.7302401080425982,0.7302401080425982,0.9776960586940838,0.558577164222259,0.558577164222259,0.29593961845093064,0.29593961845093064,29,,,,,,,,,,,,,,,,,,,,,,,,,,,,,,,0.7379107784561958,,,0.558577164222259,,0.29593961845093064,,,
A1,composition,classical,56,11,0,518,172,0.7794845763669904,0.7794845763669904,0.7794845763669904,0.9728681728236278,0.6072742979519387,0.6072742979519387,nan,nan,29,,,,,,,,,,,,,,,,,,,,,,,,,,,,,,,0.7932463022487922,,,0.6072742979519387,,nan,,,
A1,zz_bytype_r3,quantum,57,11,102,524,166,0.338378159882332,0.338378159882332,0.3357410425636682,0.9928386746641845,0.2429627065083892,0.24315733317648092,0.7250098597652778,0.6988385491357629,30,0.8874867530363196,2.44500468342198,232.89,molecule,zz,0.1,bytype,3,bytype,eig,0,"[0.000,3.142]",none,1,1,Z,ridge,1,1,adam,adjoint,100,24,0.8414669956150919,0.09467618388942696,6.599791789386389,0.022400135848170816,0.1631057556941936,0.35068471931929696,0.969440964049989,0.32511671228628525,0.9928386746641845,30,0.2429627065083892,0.32511671228628525,0.7250098597652778,0.9931854699056315,30,0.32587171621525873
A1,xy_bytype_r3,quantum,57,11,102,524,166,0.3717289763860667,0.3717289763860667,0.36289937103731656,0.9918276563861738,0.25645386998368097,0.252298619820496,0.69535534468971,0.6956331224674878,30,0.8529884119391437,3.0757612616325734,232.87,molecule,xy,0.1,bytype,3,bytype,eig,0,"[0.000,3.142]",none,1,1,Z,ridge,1,1,adam,adjoint,100,24,0.7052797593644465,0.10368429745134587,8.302390608194976,0.0182491658123543,0.15706797821887547,1.3195573620630465,0.969440964049989,0.3382341046952203,0.9918276563861738,30,0.25645386998368097,0.3382341046952203,0.69535534468971,0.992180960585621,30,0.33112591143513576
A1,none_r3,quantum,57,11,78,524,166,0.753928294695085,0.753928294695085,0.6973056907353438,0.9618379077755046,0.5087529380909458,0.5044720845997265,-0.05510298696831204,0.01805675061093019,30,0.1114003605285023,1.1643128832506089,177.97,molecule,none,0.0,fixed,3,fixed,eig,0,"[0.000,3.142]",none,1,1,Z,ridge,1,1,adam,adjoint,100,24,0.7822243368560944,0.6950842637161568,2.572430819073504,0.005422651134947245,0.0,0.0,0.969440964049989,0.7211286218738779,0.9618379077755046,30,0.5087529380909458,0.7211286218738779,-0.05510298696831204,0.9764440922716173,30,0.7052949842946932
A1,zz_fixed_r3,quantum,57,11,78,524,166,0.653237177461096,0.653237177461096,0.5923539171146978,0.9730404082348172,0.4229893976526402,0.4225534434666243,0.22561549372540085,0.3178604398697278,30,0.5539073968618595,2.4054508125471608,236.39,molecule,zz,0.1,fixed,3,fixed,eig,0,"[0.000,3.142]",none,1,1,Z,ridge,1,1,adam,adjoint,100,24,0.8414669956150919,0.3753722025287666,5.555143839868498,0.3412021418222299,0.1,0.06719368409052928,0.969440964049989,0.6349780446230595,0.9730404082348172,30,0.4229893976526402,0.6349780446230595,0.22561549372540085,0.982306204177296,30,0.6071161390272334
A1,xy_shuffled_r3,quantum,57,11,102,524,166,0.7315580160320639,0.7315580160320639,0.6687568910232911,0.9448422346957275,0.549737375830458,0.5326198905511244,0.16051352758009102,0.1287374764897985,30,0.4985830687875489,3.8019098143618586,237.78,molecule,xy,0.1,bytype_shuffled,3,bytype_shuffled,eig,0,"[0.000,3.142]",none,1,1,Z,ridge,1,1,adam,adjoint,100,24,0.7052797593644465,0.3536392125867768,10.262480618930725,0.020123755024895197,0.33931776196435015,1.7144146004315488,0.969440964049989,0.6786184212274969,0.9448422346957275,30,0.549737375830458,0.6786184212274969,0.16051352758009102,0.9709860469398408,30,0.6537399662484352
A1,krr_res,classical,57,11,524,524,166,0.5917445113505213,0.5917445113505213,0.5917445113505213,0.9806333147695427,0.46204609427428284,0.46204609427428284,0.35097006777192546,0.35097006777192546,30,,,,,,,,,,,,,,,,,,,,,,,,,,,,,,,0.6028139607146422,,,0.46204609427428284,,0.35097006777192546,,,
A1,krr_cos_cl,classical,57,11,524,524,166,0.7260533810628788,0.7260533810628788,0.7260533810628788,0.9744938132139703,0.5168480406398676,0.5168480406398676,-0.0004209007366902077,-0.0004209007366902077,30,,,,,,,,,,,,,,,,,,,,,,,,,,,,,,,0.7343459897379336,,,0.5168480406398676,,-0.0004209007366902077,,,
A1,ridge_raw_eig,classical,57,11,12,524,166,0.8359776948877986,0.8359776948877986,0.8359776948877986,0.9131042094093795,0.5374680783972836,0.5374680783972836,-0.01611420261884659,-0.01611420261884659,30,,,,,,,,,,,,,,,,,,,,,,,,,,,,,,,0.7587351378491176,,,0.5374680783972836,,-0.01611420261884659,,,
A1,composition,classical,57,11,0,524,166,0.7202367879383909,0.7202367879383909,0.7202367879383909,0.9767070810854571,0.49296251197385593,0.49296251197385593,nan,nan,30,,,,,,,,,,,,,,,,,,,,,,,,,,,,,,,0.7365255824313063,,,0.49296251197385593,,nan,,,
A1,zz_bytype_r3,quantum,58,11,102,523,167,0.33061055500677095,0.33061055500677095,0.31784188798435264,0.9934736401651847,0.23539657342721612,0.2298612257388685,0.6874141411802831,0.6676096630976593,26,0.872752076556627,2.409781469829748,228.13,molecule,zz,0.1,bytype,3,bytype,eig,0,"[0.000,3.142]",none,1,1,Z,ridge,1,1,adam,adjoint,100,24,0.8536181778311882,0.10862114054253463,7.219522290099084,0.02835120933455544,0.1500560269327106,0.4426118440944546,0.9707098824193184,0.3228912194289868,0.9934736401651847,26,0.23539657342721612,0.3228912194289868,0.6874141411802831,0.9943487265224569,26,0.3175540275921097
A1,xy_bytype_r3,quantum,58,11,102,523,167,0.38515663676275735,0.38515663676275735,0.36106223591540104,0.9908898335833168,0.2565429609527281,0.25149096078851424,0.6307404423410803,0.6384118453082129,26,0.8337519105106349,2.532017835117827,233.03,molecule,xy,0.1,bytype,3,bytype,eig,0,"[0.000,3.142]",none,1,1,Z,ridge,1,1,adam,adjoint,100,24,0.895454583680182,0.148867613761325,7.585733158141126,0.15048539080145026,0.28029044619527105,0.5368647585826841,0.9707098824193184,0.35998180467096874,0.9908898335833168,26,0.2565429609527281,0.35998180467096874,0.6307404423410803,0.9932463174467948,26,0.3544528661881322
A1,none_r3,quantum,58,11,78,523,167,0.7290751049728996,0.7290751049728996,0.6796636941622279,0.973879114899375,0.47704345859606173,0.49224046682109546,0.22434987363200465,0.1435282144257901,26,0.197796113045885,1.0474504830721976,179.21,molecule,none,0.0,fixed,3,fixed,eig,0,"[0.000,3.142]",none,1,1,Z,ridge,1,1,adam,adjoint,100,24,0.8833590499647616,0.708634063457826,2.6249382633240055,0.007463462484356525,0.0,0.0,0.9707098824193184,0.6978958919776933,0.973879114899375,26,0.47704345859606173,0.6978958919776933,0.22434987363200465,0.9767206989357838,26,0.6710754583675419
A1,zz_fixed_r3,quantum,58,11,78,523,167,0.6149786769973526,0.6149786769973526,0.5415172794512583,0.9824757367922868,0.39595048017336054,0.38413816419882496,0.3758259035750951,0.47984334405818174,26,0.4995518467458566,2.0943167326173286,235.57,molecule,zz,0.1,fixed,3,fixed,eig,0,"[0.000,3.142]",none,1,1,Z,ridge,1,1,adam,adjoint,100,24,0.8536181778311882,0.4271916406797851,5.457844095434451,0.17904088305740148,0.1,0.06719368409052928,0.9707098824193184,0.5889137532578365,0.9824757367922868,26,0.39595048017336054,0.5889137532578365,0.3758259035750951,0.9844637114765621,26,0.5262876341944416
A1,xy_shuffled_r3,quantum,58,11,102,523,167,0.5816383960838637,0.5816383960838637,0.5765650034436884,0.9806200820413269,0.4091019787782242,0.3981888381812371,0.3316635881877615,0.38260051998182665,26,0.588540578066602,3.690929545210315,239.68,molecule,xy,0.1,bytype_shuffled,3,bytype_shuffled,eig,0,"[0.000,3.142]",none,1,1,Z,ridge,1,1,adam,adjoint,100,24,0.895454583680182,0.3684432253686592,11.057744636368934,0.04642716682276039,0.9415392087628702,1.7065039131297632,0.9707098824193184,0.5420285340265336,0.9806200820413269,26,0.4091019787782242,0.5420285340265336,0.3316635881877615,0.9807255483421268,26,0.53805898786522
A1,krr_res,classical,58,11,523,523,167,0.603681542842532,0.603681542842532,0.603681542842532,0.9819316215390331,0.428417713427665,0.428417713427665,0.4412106278142124,0.4412106278142124,26,,,,,,,,,,,,,,,,,,,,,,,,,,,,,,,0.5675306697129446,,,0.428417713427665,,0.4412106278142124,,,
A1,krr_cos_cl,classical,58,11,523,523,167,0.6817458027258457,0.6817458027258457,0.6817458027258457,0.9778906166122124,0.48216869476158536,0.48216869476158536,0.23360297169920077,0.23360297169920077,26,,,,,,,,,,,,,,,,,,,,,,,,,,,,,,,0.6628958347698505,,,0.48216869476158536,,0.23360297169920077,,,
A1,ridge_raw_eig,classical,58,11,12,523,167,0.7235281887135644,0.7235281887135644,0.7235281887135644,0.9768730329971996,0.5021923308566069,0.5021923308566069,0.35498716931066343,0.35498716931066343,26,,,,,,,,,,,,,,,,,,,,,,,,,,,,,,,0.7113795556304938,,,0.5021923308566069,,0.35498716931066343,,,
A1,composition,classical,58,11,0,523,167,0.832215999506116,0.832215999506116,0.832215999506116,0.9717904548973958,0.5528981597844443,0.5528981597844443,nan,nan,26,,,,,,,,,,,,,,,,,,,,,,,,,,,,,,,0.8180128807185372,,,0.5528981597844443,,nan,,,
A1,zz_bytype_r3,quantum,59,11,102,511,179,0.3156078538889251,0.3156078538889251,0.3276194028867016,0.9953799201293784,0.2087246069874434,0.21153637035694586,0.5488727765539101,0.545162820799478,33,0.8174192979143308,1.987389604949795,226.18,molecule,zz,0.1,bytype,3,bytype,eig,0,"[0.000,3.142]",none,1,1,Z,ridge,1,1,adam,adjoint,100,24,0.8068177342456181,0.14730934837373388,6.070953739740661,0.012712052870560778,0.16633175692390442,0.5037479028281763,0.9704766650992614,0.29852867125647103,0.9953799201293784,33,0.2087246069874434,0.29852867125647103,0.5488727765539101,0.9950886912432682,33,0.3103241986568375
A1,xy_bytype_r3,quantum,59,11,102,511,179,0.340870254787482,0.340870254787482,0.33504766649591833,0.9950296291200283,0.2236231350299392,0.2181901037729786,0.5916842990820752,0.5826442657056,33,0.832780417764487,2.681431027275724,226.08,molecule,xy,0.1,bytype,3,bytype,eig,0,"[0.000,3.142]",none,1,1,Z,ridge,1,1,adam,adjoint,100,24,0.8002929752190893,0.13382465698215182,8.191068164164736,0.019867209976942114,-0.09649024969848796,0.7527487279274555,0.9704766650992614,0.3244112775299334,0.9950296291200283,33,0.2236231350299392,0.3244112775299334,0.5916842990820752,0.9952554725096676,33,0.3187698908060384
A1,none_r3,quantum,59,11,78,511,179,0.7920900885110908,0.7920900885110908,0.7715239538749527,0.9733926284711893,0.48814134204498383,0.47424770932634347,0.32903183915558376,0.33324842601205584,33,0.16456310916562755,0.8708260479257028,173.77,molecule,none,0.0,fixed,3,fixed,eig,0,"[0.000,3.142]",none,1,1,Z,ridge,1,1,adam,adjoint,100,24,0.8387464143595862,0.7007196966110509,2.233529171818694,0.02072787467456194,0.0,0.0,0.9704766650992614,0.7460543836755513,0.9733926284711893,33,0.48814134204498383,0.7460543836755513,0.32903183915558376,0.9751510114828633,33,0.731691119569984
A1,zz_fixed_r3,quantum,59,11,78,511,179,0.6509280240755713,0.6509280240755713,0.6349021100997564,0.983447307315811,0.385051134496553,0.37939165361990984,0.4790280558752582,0.5001106467659552,33,0.4061690025520905,1.8361379296898366,227.44,molecule,zz,0.1,fixed,3,fixed,eig,0,"[0.000,3.142]",none,1,1,Z,ridge,1,1,adam,adjoint,100,24,0.8068177342456181,0.47911337988573777,4.893013149147781,0.33519777921382454,0.1,0.06719368409052928,0.9704766650992614,0.6332167241761303,0.983447307315811,33,0.385051134496553,0.6332167241761303,0.4790280558752582,0.9839809682328152,33,0.630008258087464
A1,xy_shuffled_r3,quantum,59,11,102,511,179,0.6781649492547734,0.6781649492547734,0.6339895731246042,0.9795467577225617,0.4580804871719266,0.42616204289538734,0.4075761965198838,0.41706104452696996,33,0.46419979221793456,2.2571358175614744,233.66,molecule,xy,0.1,bytype_shuffled,3,bytype_shuffled,eig,0,"[0.000,3.142]",none,1,1,Z,ridge,1,1,adam,adjoint,100,24,0.8002929752190893,0.42879714240891537,6.894957636187088,0.06497614012587896,0.08774439603285168,0.39706631437054246,0.9704766650992614,0.6462584014457067,0.9795467577225617,33,0.4580804871719266,0.6462584014457067,0.4075761965198838,0.9837458919100791,33,0.6201986587816767
A1,krr_res,classical,59,11,511,511,179,0.7206074528472423,0.7206074528472423,0.7206074528472423,0.9761120746386234,0.4559028653914647,0.4559028653914647,0.44171250497470005,0.44171250497470005,33,,,,,,,,,,,,,,,,,,,,,,,,,,,,,,,0.6844619328043692,,,0.4559028653914647,,0.44171250497470005,,,
A1,krr_cos_cl,classical,59,11,511,511,179,0.7728920802869519,0.7728920802869519,0.7728920802869519,0.9761508617182291,0.4990810860961641,0.4990810860961641,0.31999260304497035,0.31999260304497035,33,,,,,,,,,,,,,,,,,,,,,,,,,,,,,,,0.7440801590445293,,,0.4990810860961641,,0.31999260304497035,,,
A1,ridge_raw_eig,classical,59,11,12,511,179,0.7999828102229442,0.7999828102229442,0.7999828102229442,0.975343399172031,0.5371278708016108,0.5371278708016108,0.34662783115975365,0.34662783115975365,33,,,,,,,,,,,,,,,,,,,,,,,,,,,,,,,0.8056985535494451,,,0.5371278708016108,,0.34662783115975365,,,
A1,composition,classical,59,11,0,511,179,0.8581664765381388,0.8581664765381388,0.8581664765381388,0.9726448509495581,0.5931219049524123,0.5931219049524123,nan,nan,33,,,,,,,,,,,,,,,,,,,,,,,,,,,,,,,0.872435714514642,,,0.5931219049524123,,nan,,,
A1,zz_bytype_r3,quantum,60,11,102,514,176,0.3778649227749478,0.3778649227749478,0.3760298602452362,0.9911767133351452,0.27885613594659164,0.27403265390794396,0.665516071203946,0.6649234260077032,23,0.8669630489549481,1.8380859532937235,226.71,molecule,zz,0.1,bytype,3,bytype,eig,0,"[0.000,3.142]",none,1,1,Z,ridge,1,1,adam,adjoint,100,24,0.8660303922835452,0.11521404290175308,5.386900269086075,0.006977259762427356,0.22006089671323714,0.3750837287385322,0.973088218684116,0.3815368648741813,0.9911767133351452,23,0.27885613594659164,0.3815368648741813,0.665516071203946,0.991379241388536,23,0.3795830349534717
A1,xy_bytype_r3,quantum,60,11,102,514,176,0.36398388960236383,0.36398388960236383,0.3478862961970075,0.9917663543139932,0.2798676870140348,0.2775786138590686,0.6978394024363379,0.6686160275434093,23,0.8212619811199212,2.0649875237058457,227.66,molecule,xy,0.1,bytype,3,bytype,eig,0,"[0.000,3.142]",none,1,1,Z,ridge,1,1,adam,adjoint,100,24,0.7105507130402894,0.12700242676264867,6.051883388356882,0.012078887948088018,0.2616105122476626,0.49995280529694724,0.973088218684116,0.3621031979371194,0.9917663543139932,23,0.2798676870140348,0.3621031979371194,0.6978394024363379,0.9923382542600862,23,0.3473382561606109
A1,none_r3,quantum,60,11,78,514,176,0.7716951483870834,0.7716951483870834,0.7595865049552486,0.9655083877688118,0.552178980880826,0.5652321346956533,0.28501422794394143,0.26448173744975884,23,0.18040191765368244,0.9199933243559724,175.37,molecule,none,0.0,fixed,3,fixed,eig,0,"[0.000,3.142]",none,1,1,Z,ridge,1,1,adam,adjoint,100,24,0.932978877982704,0.7646676992642432,2.245532487539918,0.04074562009880992,0.0,0.0,0.973088218684116,0.7870601682741568,0.9655083877688118,23,0.552178980880826,0.7870601682741568,0.28501422794394143,0.9666061376144651,23,0.7650683269228972
A1,zz_fixed_r3,quantum,60,11,78,514,176,0.6260589406287665,0.6260589406287665,0.6171292439441539,0.972755569960564,0.510876440753316,0.4999638971169412,0.4347280384505568,0.4391684847464328,23,0.4736519535765833,2.193007703149448,229.59,molecule,zz,0.1,fixed,3,fixed,eig,0,"[0.000,3.142]",none,1,1,Z,ridge,1,1,adam,adjoint,100,24,0.8660303922835452,0.4558334051217492,5.572024439581441,0.7836377733402002,0.1,0.06719368409052928,0.973088218684116,0.638954207131294,0.972755569960564,23,0.510876440753316,0.638954207131294,0.4347280384505568,0.9733439011757798,23,0.6271783093153349
A1,xy_shuffled_r3,quantum,60,11,102,514,176,0.6443932004004792,0.6443932004004792,0.6190379309909748,0.9700988356866629,0.5429032631585329,0.5262491894136619,0.45313360024386,0.44687650790249056,23,0.5097002083532817,2.3329426243477887,234.39,molecule,xy,0.1,bytype_shuffled,3,bytype_shuffled,eig,0,"[0.000,3.142]",none,1,1,Z,ridge,1,1,adam,adjoint,100,24,0.7105507130402894,0.34838286655808104,6.8371825748092405,0.2766976678318863,0.3058749326787903,0.568511913887148,0.973088218684116,0.6556206412669032,0.9700988356866629,23,0.5429032631585329,0.6556206412669032,0.45313360024386,0.9712658131254946,23,0.6302497990350712
A1,krr_res,classical,60,11,514,514,176,0.6551387239914304,0.6551387239914304,0.6551387239914304,0.9715513431715287,0.5085107245687034,0.5085107245687034,0.42071796458038957,0.42071796458038957,23,,,,,,,,,,,,,,,,,,,,,,,,,,,,,,,0.6257892838353522,,,0.5085107245687034,,0.42071796458038957,,,
A1,krr_cos_cl,classical,60,11,514,514,176,0.7865862214580115,0.7865862214580115,0.7865862214580115,0.9660736019163527,0.5632176535116232,0.5632176535116232,0.37602862660324354,0.37602862660324354,23,,,,,,,,,,,,,,,,,,,,,,,,,,,,,,,0.8044459142607829,,,0.5632176535116232,,0.37602862660324354,,,
A1,ridge_raw_eig,classical,60,11,12,514,176,0.7820661424783356,0.7820661424783356,0.7820661424783356,0.9661242539367632,0.5860915137408236,0.5860915137408236,0.4478439781404472,0.4478439781404472,23,,,,,,,,,,,,,,,,,,,,,,,,,,,,,,,0.7963699937803457,,,0.5860915137408236,,0.4478439781404472,,,
A1,composition,classical,60,11,0,514,176,0.8140433241789323,0.8140433241789323,0.8140433241789323,0.9620469341873732,0.6335699686372698,0.6335699686372698,nan,nan,23,,,,,,,,,,,,,,,,,,,,,,,,,,,,,,,0.8290483634444302,,,0.6335699686372698,,nan,,,
A1,zz_bytype_r3,quantum,61,11,102,521,169,0.3192680006950313,0.3192680006950313,0.31599696005810585,0.9935468287593313,0.2477281340732191,0.24480892818770952,0.6756870834792912,0.6776993569201362,29,0.8771042276987783,2.537584348657097,228.37,molecule,zz,0.1,bytype,3,bytype,eig,0,"[0.000,3.142]",none,1,1,Z,ridge,1,1,adam,adjoint,100,24,0.8597683238827032,0.10566189216369175,7.238308068603036,0.010263102368448662,0.29324142113946083,0.5113301040774884,0.9723485336901714,0.3081542794105478,0.9935468287593313,29,0.2477281340732191,0.3081542794105478,0.6756870834792912,0.9935226329571613,29,0.3056118636191867
A1,xy_bytype_r3,quantum,61,11,102,521,169,0.3153329609669365,0.3153329609669365,0.3090979547919668,0.9927834909084282,0.2357843444025198,0.23273091781573166,0.7276598942183358,0.7175163581007736,29,0.8935364694448946,2.616425449206043,232.07,molecule,xy,0.1,bytype,3,bytype,eig,0,"[0.000,3.142]",none,1,1,Z,ridge,1,1,adam,adjoint,100,24,0.9435516756652365,0.10045384265250684,7.4631976075627895,0.02360747535869228,0.2609591351748963,0.5316177907684833,0.9723485336901714,0.32594343900267697,0.9927834909084282,29,0.2357843444025198,0.32594343900267697,0.7276598942183358,0.9930849021235507,29,0.3171922462373178
A1,none_r3,quantum,61,11,78,521,169,0.8065878830477932,0.8065878830477932,0.7447615817151869,0.9709902911084636,0.6375832979605167,0.602667450563622,0.2265847788575061,0.24935194675454417,29,0.07371584051342683,1.2972540647975381,178.09,molecule,none,0.0,fixed,3,fixed,eig,0,"[0.000,3.142]",none,1,1,Z,ridge,1,1,adam,adjoint,100,24,0.9309295461382677,0.8623052921859024,3.064817774919589,0.0026452357447060977,0.0,0.0,0.9723485336901714,0.8139642780204015,0.9709902911084636,29,0.6375832979605167,0.8139642780204015,0.2265847788575061,0.9742490592489043,29,0.7567315177654385
A1,zz_fixed_r3,quantum,61,11,78,521,169,0.6870088454845896,0.6870088454845896,0.6537531637943538,0.9633346930822451,0.436186595604192,0.420652382956061,0.5330481207104583,0.4673140712101751,29,0.38910386803029307,1.9927696391124214,234.08,molecule,zz,0.1,fixed,3,fixed,eig,0,"[0.000,3.142]",none,1,1,Z,ridge,1,1,adam,adjoint,100,24,0.8597683238827032,0.5252291434500216,4.9072797962053425,0.23827844031921747,0.1,0.06719368409052928,0.9723485336901714,0.6341654207607161,0.9633346930822451,29,0.436186595604192,0.6341654207607161,0.5330481207104583,0.9725045183867929,29,0.6194539132112966
A1,xy_shuffled_r3,quantum,61,11,102,521,169,0.622489139205906,0.622489139205906,0.6008028798308568,0.9806975321637685,0.4017144726507242,0.3967236224852895,0.4966019910825106,0.5796268666398536,29,0.5600018266163618,3.1674767416100753,238.5,molecule,xy,0.1,bytype_shuffled,3,bytype_shuffled,eig,0,"[0.000,3.142]",none,1,1,Z,ridge,1,1,adam,adjoint,100,24,0.9435516756652365,0.41516101378577513,9.035038566517738,0.03422609868545577,0.6211385011311982,1.1359295853800604,0.9723485336901714,0.6085675589828957,0.9806975321637685,29,0.4017144726507242,0.6085675589828957,0.4966019910825106,0.9816003410473365,29,0.5930857102751401
A1,krr_res,classical,61,11,521,521,169,0.6656196032015506,0.6656196032015506,0.6656196032015506,0.9804434244229636,0.4800893308035371,0.4800893308035371,0.42411776535153156,0.42411776535153156,29,,,,,,,,,,,,,,,,,,,,,,,,,,,,,,,0.65336956416082,,,0.4800893308035371,,0.42411776535153156,,,
A1,krr_cos_cl,classical,61,11,521,521,169,0.8247561706354124,0.8247561706354124,0.8247561706354124,0.969973322823428,0.6493773568652074,0.6493773568652074,0.3263136214434916,0.3263136214434916,29,,,,,,,,,,,,,,,,,,,,,,,,,,,,,,,0.8384954355230527,,,0.6493773568652074,,0.3263136214434916,,,
A1,ridge_raw_eig,classical,61,11,12,521,169,0.8268326483527235,0.8268326483527235,0.8268326483527235,0.9700036364948733,0.6413145289985764,0.6413145289985764,0.37268586391963016,0.37268586391963016,29,,,,,,,,,,,,,,,,,,,,,,,,,,,,,,,0.8218439997155684,,,0.6413145289985764,,0.37268586391963016,,,
A1,composition,classical,61,11,0,521,169,0.86510066507452,0.86510066507452,0.86510066507452,0.9666004459873048,0.6782373132983975,0.6782373132983975,nan,nan,29,,,,,,,,,,,,,,,,,,,,,,,,,,,,,,,0.8767186455339665,,,0.6782373132983975,,nan,,,
B1,zz_bytype_r3,quantum,42,13,106,536,196,0.2689599105868405,0.2689599105868405,0.26142048756443675,0.9969149016118986,0.2124675007673672,0.20120755988416542,0.7266170963674492,0.7462792519731757,23,0.8488701620436142,2.995119216335436,369.01,molecule,zz,0.1,bytype,3,bytype,eig,0,"[0.000,3.142]",none,1,1,Z,ridge,1,1,adam,adjoint,100,14,0.8673265443053487,0.1310789200961394,7.276770066586408,0.020112554597402008,0.2501030216422029,0.47847410808794294,0.9873854623242264,0.2695201628677203,0.9969149016118986,23,0.2124675007673672,0.2695201628677203,0.7266170963674492,0.9971547613638155,23,0.26163944287246327
B1,xy_bytype_r3,quantum,42,13,106,536,196,0.24495787165631977,0.24495787165631977,0.23048120996057286,0.9972538326156529,0.20758868168233383,0.19370381326637764,0.652169551483296,0.6363215106217442,23,0.8266761408778824,2.7199892153792864,382.03,molecule,xy,0.1,bytype,3,bytype,eig,0,"[0.000,3.142]",none,1,1,Z,ridge,1,1,adam,adjoint,100,14,0.7402529540447801,0.12830349872158883,6.608329977638249,0.014638454676309517,0.27873265718405094,0.41342781507483156,0.9873854623242264,0.24211301638953672,0.9972538326156529,23,0.20758868168233383,0.24211301638953672,0.652169551483296,0.9973666745394035,23,0.22471455096684229
B1,none_r3,quantum,42,13,92,536,196,0.6152173801397126,0.6152173801397126,0.5078848523680883,0.9772971445708538,0.4582186394543646,0.43072029744701396,0.2212496804605719,0.26271319787374614,23,0.3065777923098862,2.26952313215894,274.9,molecule,none,0.0,fixed,3,fixed,eig,0,"[0.000,3.142]",none,1,1,Z,ridge,1,1,adam,adjoint,100,14,0.9306525645068047,0.6453351558727746,4.664725588511077,0.10967420577150819,0.0,0.0,0.9873854623242264,0.5957178092861743,0.9772971445708538,23,0.4582186394543646,0.5957178092861743,0.2212496804605719,0.9867111649119841,23,0.5179611554035554
B1,zz_fixed_r3,quantum,42,13,92,536,196,0.4407002516627335,0.4407002516627335,0.42903051263365777,0.992002764466602,0.3380562722757019,0.33607154065236267,0.5424041851894961,0.5184432605711636,23,0.5615678312645652,2.6537632208217032,371.65,molecule,zz,0.1,fixed,3,fixed,eig,0,"[0.000,3.142]",none,1,1,Z,ridge,1,1,adam,adjoint,100,14,0.8673265443053487,0.38026385782160416,5.719860141438824,0.12579981458332826,0.1,0.05773502691896259,0.9873854623242264,0.4305415916450274,0.992002764466602,23,0.3380562722757019,0.4305415916450274,0.5424041851894961,0.9923125361392843,23,0.4241927346836007
B1,xy_shuffled_r3,quantum,42,13,106,536,196,0.4507367033320752,0.4507367033320752,0.4552850136296894,0.9911404291903819,0.37201414212054407,0.3709358355674185,0.525105327467054,0.5089483478934036,23,0.4952109561199608,2.3974658686543564,390.63,molecule,xy,0.1,bytype_shuffled,3,bytype_shuffled,eig,0,"[0.000,3.142]",none,1,1,Z,ridge,1,1,adam,adjoint,100,14,0.7402529540447801,0.37367158090163916,5.824745730833297,0.08230857683126737,0.2395073628412521,0.19457276453389605,0.9873854623242264,0.46098347060999156,0.9911404291903819,23,0.37201414212054407,0.46098347060999156,0.525105327467054,0.9906865278836544,23,0.4641546920566534
B1,krr_res,classical,42,13,536,536,196,0.48778465690872946,0.48778465690872946,0.48778465690872946,0.9893524298274944,0.305943813673104,0.305943813673104,0.5522149668579631,0.5522149668579631,23,,,,,,,,,,,,,,,,,,,,,,,,,,,,,,,0.47170240416246256,,,0.305943813673104,,0.5522149668579631,,,
B1,krr_cos_cl,classical,42,13,536,536,196,0.54301170717565,0.54301170717565,0.54301170717565,0.9854304146500165,0.4321031004618988,0.4321031004618988,0.281612395994547,0.281612395994547,23,,,,,,,,,,,,,,,,,,,,,,,,,,,,,,,0.5497084193310545,,,0.4321031004618988,,0.281612395994547,,,
B1,ridge_raw_eig,classical,42,13,14,536,196,0.6504838266823492,0.6504838266823492,0.6504838266823492,0.9816880298305182,0.519965500089475,0.519965500089475,0.20390415640318268,0.20390415640318268,23,,,,,,,,,,,,,,,,,,,,,,,,,,,,,,,0.6631545795765913,,,0.519965500089475,,0.20390415640318268,,,
B1,composition,classical,42,13,0,536,196,0.6874897788566324,0.6874897788566324,0.6874897788566324,0.9806906515396374,0.5645547816066813,0.5645547816066813,nan,nan,23,,,,,,,,,,,,,,,,,,,,,,,,,,,,,,,0.7048287746152786,,,0.5645547816066813,,nan,,,
B1,zz_bytype_r3,quantum,43,13,106,551,181,0.23511872976509088,0.23511872976509088,0.22494912772068595,0.9979583688078537,0.18826770130527795,0.18579366572135436,0.626210940059647,0.6088305379997868,21,0.8490134938922953,2.3985829246434736,374.59,molecule,zz,0.1,bytype,3,bytype,eig,0,"[0.000,3.142]",none,1,1,Z,ridge,1,1,adam,adjoint,100,14,0.8175240626672773,0.12343510188110839,6.831679202297273,0.01638317018277309,0.28489954902994125,0.48784933953288007,0.9865612484816771,0.22235126901015834,0.9979583688078537,21,0.18826770130527795,0.22235126901015834,0.626210940059647,0.9981162162685798,21,0.21419808009812702
B1,xy_bytype_r3,quantum,43,13,106,551,181,0.2839418038608829,0.2839418038608829,0.2738802884088566,0.9968959157928055,0.20443529233099994,0.20586962487640015,0.635401682724247,0.6332107282456284,21,0.8469391627969934,2.6766133244978425,393.04,molecule,xy,0.1,bytype,3,bytype,eig,0,"[0.000,3.142]",none,1,1,Z,ridge,1,1,adam,adjoint,100,14,0.9000148391676206,0.13775702477812535,7.623569480834889,0.01388541506571655,0.4915283106983113,0.7809487746747855,0.9865612484816771,0.26956065924025835,0.9968959157928055,21,0.20443529233099994,0.26956065924025835,0.635401682724247,0.9970833058172496,21,0.26536848829141135
B1,none_r3,quantum,43,13,92,551,181,0.6054457730080123,0.6054457730080123,0.5382812347125766,0.9882417233610761,0.4624954247922025,0.3739325084967474,0.2583388947886323,0.42877969212691486,21,0.24668921217759984,1.3460171902138598,281.82,molecule,none,0.0,fixed,3,fixed,eig,0,"[0.000,3.142]",none,1,1,Z,ridge,1,1,adam,adjoint,100,14,0.9299247861019239,0.7005223732340172,3.330112463446847,0.04483910743463592,0.0,0.0,0.9865612484816771,0.5879071650652083,0.9882417233610761,21,0.4624954247922025,0.5879071650652083,0.2583388947886323,0.9899135985524258,21,0.5292926132926667
B1,zz_fixed_r3,quantum,43,13,92,551,181,0.46656805347652375,0.46656805347652375,0.4134182757183686,0.9926756899505498,0.3219493894664647,0.2721527829096103,0.5974414888958743,0.679417433952807,21,0.5223843478458746,2.6935242172791893,382.85,molecule,zz,0.1,fixed,3,fixed,eig,0,"[0.000,3.142]",none,1,1,Z,ridge,1,1,adam,adjoint,100,14,0.8175240626672773,0.3904622883425217,6.933263277972035,0.2892480824669162,0.1,0.05773502691896259,0.9865612484816771,0.45563099253864153,0.9926756899505498,21,0.3219493894664647,0.45563099253864153,0.5974414888958743,0.9938074799321847,21,0.3983234315825954
B1,xy_shuffled_r3,quantum,43,13,106,551,181,0.4649699367491206,0.4649699367491206,0.42499574054074635,0.9925546588779508,0.2938335084665406,0.2599571077383727,0.6092997815648588,0.6284588548214237,21,0.6210018023827065,1.983079446383347,404.89,molecule,xy,0.1,bytype_shuffled,3,bytype_shuffled,eig,0,"[0.000,3.142]",none,1,1,Z,ridge,1,1,adam,adjoint,100,14,0.9000148391676206,0.3411040018733465,5.648236077714115,0.07751171275883476,0.23779336207260376,0.1391661474151633,0.9865612484816771,0.43979991280187525,0.9925546588779508,21,0.2938335084665406,0.43979991280187525,0.6092997815648588,0.9935297889447413,21,0.4021109815402245
B1,krr_res,classical,43,13,551,551,181,0.5309642861393373,0.5309642861393373,0.5309642861393373,0.9883474240835001,0.3758092269043154,0.3758092269043154,0.5058694166602937,0.5058694166602937,21,,,,,,,,,,,,,,,,,,,,,,,,,,,,,,,0.5048483298436858,,,0.3758092269043154,,0.5058694166602937,,,
B1,krr_cos_cl,classical,43,13,551,551,181,0.5254393091418893,0.5254393091418893,0.5254393091418893,0.9898491350974553,0.3649742681877459,0.3649742681877459,0.3980794015176252,0.3980794015176252,21,,,,,,,,,,,,,,,,,,,,,,,,,,,,,,,0.5113562939173925,,,0.3649742681877459,,0.3980794015176252,,,
B1,ridge_raw_eig,classical,43,13,14,551,181,0.6870417440826095,0.6870417440826095,0.6870417440826095,0.9855014616970346,0.4976808797736477,0.4976808797736477,0.2555487755392351,0.2555487755392351,21,,,,,,,,,,,,,,,,,,,,,,,,,,,,,,,0.6887166366575784,,,0.4976808797736477,,0.2555487755392351,,,
B1,composition,classical,43,13,0,551,181,0.7388254622411102,0.7388254622411102,0.7388254622411102,0.983904654631061,0.5423904266888149,0.5423904266888149,nan,nan,21,,,,,,,,,,,,,,,,,,,,,,,,,,,,,,,0.7421942484851022,,,0.5423904266888149,,nan,,,
B1,zz_bytype_r3,quantum,44,13,106,545,187,0.22381407394363037,0.22381407394363037,0.22798502250106595,0.997555428766816,0.19155384057479205,0.19205728984921616,0.6887407886231414,0.6788757964724351,22,0.8532758212083456,3.1215316851536117,375.52,molecule,zz,0.1,bytype,3,bytype,eig,0,"[0.000,3.142]",none,1,1,Z,ridge,1,1,adam,adjoint,100,14,0.7993403854555488,0.11728256163096994,8.721175343287436,0.022573371846029533,0.1664084826817836,0.47201588516757215,0.9868216815172356,0.221771430314211,0.997555428766816,22,0.19155384057479205,0.221771430314211,0.6887407886231414,0.9974889749416032,22,0.22187424453849247
B1,xy_bytype_r3,quantum,44,13,106,545,187,0.44427950801599364,0.44427950801599364,0.27341424634411104,0.8731911318877524,0.2191408909457455,0.22160480883977357,0.6516753162803582,0.6357015421553237,22,0.840848482379012,2.096988340988538,390.67,molecule,xy,0.1,bytype,3,bytype,eig,0,"[0.000,3.142]",none,1,1,Z,ridge,1,1,adam,adjoint,100,14,0.7636849187134143,0.1215416137975007,5.8587273361892835,0.024715008833335255,0.3389278688933833,0.4723655468856936,0.9868216815172356,0.269901729730897,0.8731911318877524,22,0.2191408909457455,0.269901729730897,0.6516753162803582,0.996092173345969,22,0.2687309685164002
B1,none_r3,quantum,44,13,92,545,187,0.8198117950538393,0.8198117950538393,0.5265847241080724,0.6822918786997476,0.47520970183967703,0.429214271042062,0.34858934342967957,0.38716649736817804,22,0.21250467284292845,1.8115628603320844,279.41,molecule,none,0.0,fixed,3,fixed,eig,0,"[0.000,3.142]",none,1,1,Z,ridge,1,1,adam,adjoint,100,14,0.8579456383962354,0.675628181191826,4.383458916409883,0.026134493669196904,0.0,0.0,0.9868216815172356,0.5600756614786233,0.6822918786997476,22,0.47520970183967703,0.5600756614786233,0.34858934342967957,0.9877507102954093,22,0.5085795401521678
B1,zz_fixed_r3,quantum,44,13,92,545,187,0.5682408651404819,0.5682408651404819,0.4256434124196652,0.871863792664104,0.35168818154588977,0.36093523810976585,0.6106502908855851,0.5788523409363746,22,0.5454853795152297,2.5596558258500415,380.12,molecule,zz,0.1,fixed,3,fixed,eig,0,"[0.000,3.142]",none,1,1,Z,ridge,1,1,adam,adjoint,100,14,0.7993403854555488,0.3633118919334788,6.449593415464102,1.0349013351272698,0.1,0.05773502691896259,0.9868216815172356,0.40721402058204986,0.871863792664104,22,0.35168818154588977,0.40721402058204986,0.6106502908855851,0.9917876367395041,22,0.4171408416128471
B1,xy_shuffled_r3,quantum,44,13,106,545,187,0.44886283697420193,0.44886283697420193,0.43257967080044724,0.9897604958248,0.3561268629787326,0.3371345391118384,0.5411020408163265,0.5718880783082463,22,0.6029298512519724,2.611105229854371,400.61,molecule,xy,0.1,bytype_shuffled,3,bytype_shuffled,eig,0,"[0.000,3.142]",none,1,1,Z,ridge,1,1,adam,adjoint,100,14,0.7636849187134143,0.30323648427016076,7.295106648329344,0.2202707277094613,0.31894676683478107,0.534007654548367,0.9868216815172356,0.42498630149893984,0.9897604958248,22,0.3561268629787326,0.42498630149893984,0.5411020408163265,0.9899198507352406,22,0.4117494381325457
B1,krr_res,classical,44,13,545,545,187,0.4701686434008255,0.4701686434008255,0.4701686434008255,0.9901734378099788,0.3816734923533561,0.3816734923533561,0.5068414442700157,0.5068414442700157,22,,,,,,,,,,,,,,,,,,,,,,,,,,,,,,,0.443156897431257,,,0.3816734923533561,,0.5068414442700157,,,
B1,krr_cos_cl,classical,44,13,545,545,187,0.47483962773204413,0.47483962773204413,0.47483962773204413,0.989650341352839,0.3848744488010683,0.3848744488010683,0.3784443623603287,0.3784443623603287,22,,,,,,,,,,,,,,,,,,,,,,,,,,,,,,,0.450804437870356,,,0.3848744488010683,,0.3784443623603287,,,
B1,ridge_raw_eig,classical,44,13,14,545,187,0.6714080523128434,0.6714080523128434,0.6714080523128434,0.9451036049569967,0.4654299719685946,0.4654299719685946,0.21213057530704588,0.21213057530704588,22,,,,,,,,,,,,,,,,,,,,,,,,,,,,,,,0.5679003236628852,,,0.4654299719685946,,0.21213057530704588,,,
B1,composition,classical,44,13,0,545,187,0.6560132346005128,0.6560132346005128,0.6560132346005128,0.98249999182029,0.5453173554239513,0.5453173554239513,nan,nan,22,,,,,,,,,,,,,,,,,,,,,,,,,,,,,,,0.6472573563353029,,,0.5453173554239513,,nan,,,
B1,zz_bytype_r3,quantum,45,13,106,535,197,0.2584191449555792,0.2584191449555792,0.24975134211354771,0.9968191277667665,0.19331646466282554,0.1878337190272614,0.7884966613799785,0.7475321089496596,21,0.8330523564804263,2.5659578419550138,370.44,molecule,zz,0.1,bytype,3,bytype,eig,0,"[0.000,3.142]",none,1,1,Z,ridge,1,1,adam,adjoint,100,14,0.7560868366746908,0.12622691567900848,6.992485414525661,0.03995105674861708,0.19561783737332075,0.3654855251456765,0.9848091300618863,0.23736730388540944,0.9968191277667665,21,0.19331646466282554,0.23736730388540944,0.7884966613799785,0.9970458210946431,21,0.23047790096060738
B1,xy_bytype_r3,quantum,45,13,106,535,197,0.32561370132655043,0.32561370132655043,0.31758164924741605,0.9945601174438717,0.24372036355928128,0.23978651948502883,0.6206240411254876,0.6610844967739856,21,0.8086957016333577,2.573911150895418,384.89,molecule,xy,0.1,bytype,3,bytype,eig,0,"[0.000,3.142]",none,1,1,Z,ridge,1,1,adam,adjoint,100,14,0.6618682763735183,0.12661824622277482,7.01415895719019,0.04870446210392095,0.39414357400088307,0.4896755291328911,0.9848091300618863,0.295506089282351,0.9945601174438717,21,0.24372036355928128,0.295506089282351,0.6206240411254876,0.9950034276148568,21,0.2888284154255072
B1,none_r3,quantum,45,13,92,535,197,0.581991431627038,0.581991431627038,0.491391287919378,0.9885862335571399,0.46664223173847846,0.4122785962010447,0.23914158915123232,0.4020090104902062,21,0.31108014855842286,1.803501886297858,277.85,molecule,none,0.0,fixed,3,fixed,eig,0,"[0.000,3.142]",none,1,1,Z,ridge,1,1,adam,adjoint,100,14,0.9019102830333703,0.6213438982009802,4.239909946445526,0.14142337942164226,0.0,0.0,0.9848091300618863,0.5786630912438471,0.9885862335571399,21,0.46664223173847846,0.5786630912438471,0.23914158915123232,0.9915188126131333,21,0.49407856568292047
B1,zz_fixed_r3,quantum,45,13,92,535,197,0.43540414746282036,0.43540414746282036,0.4439078600976525,0.9923684572694347,0.3643042946947315,0.376600636693653,0.5514457641362174,0.5298289062271705,21,0.5902661202621056,2.344416742870851,375.0,molecule,zz,0.1,fixed,3,fixed,eig,0,"[0.000,3.142]",none,1,1,Z,ridge,1,1,adam,adjoint,100,14,0.7560868366746908,0.30979439300947276,5.746005561318075,0.1333034315408514,0.1,0.05773502691896259,0.9848091300618863,0.4264646390502608,0.9923684572694347,21,0.3643042946947315,0.4264646390502608,0.5514457641362174,0.9920764424789223,21,0.4363619882023277
B1,xy_shuffled_r3,quantum,45,13,106,535,197,0.4331666192548562,0.4331666192548562,0.4055086601643557,0.991221096334992,0.3494645161888536,0.3392776973892074,0.527518855836117,0.5397178092452922,21,0.6715010822440783,1.9333727576373494,392.76,molecule,xy,0.1,bytype_shuffled,3,bytype_shuffled,eig,0,"[0.000,3.142]",none,1,1,Z,ridge,1,1,adam,adjoint,100,14,0.6618682763735183,0.21742301248567802,5.268629354533814,0.06750196151904843,0.3358380552887356,0.2310294607783692,0.9848091300618863,0.3905693428020693,0.991221096334992,21,0.3494645161888536,0.3905693428020693,0.527518855836117,0.9923933909801578,21,0.37854956046281124
B1,krr_res,classical,45,13,535,535,197,0.4890093815460434,0.4890093815460434,0.4890093815460434,0.9906612755226385,0.3408586915224778,0.3408586915224778,0.5791349120182292,0.5791349120182292,21,,,,,,,,,,,,,,,,,,,,,,,,,,,,,,,0.448998965498971,,,0.3408586915224778,,0.5791349120182292,,,
B1,krr_cos_cl,classical,45,13,535,535,197,0.4479752963720815,0.4479752963720815,0.4479752963720815,0.9926256269172127,0.38705991116609356,0.38705991116609356,0.4596823951790201,0.4596823951790201,21,,,,,,,,,,,,,,,,,,,,,,,,,,,,,,,0.4489195042361777,,,0.38705991116609356,,0.4596823951790201,,,
B1,ridge_raw_eig,classical,45,13,14,535,197,0.5576406236063355,0.5576406236063355,0.5576406236063355,0.9886270211632052,0.4886475185119204,0.4886475185119204,0.21801100859924386,0.21801100859924386,21,,,,,,,,,,,,,,,,,,,,,,,,,,,,,,,0.5518289836426583,,,0.4886475185119204,,0.21801100859924386,,,
B1,composition,classical,45,13,0,535,197,0.5883793240976096,0.5883793240976096,0.5883793240976096,0.9887286312237973,0.5430613419982026,0.5430613419982026,nan,nan,21,,,,,,,,,,,,,,,,,,,,,,,,,,,,,,,0.6000645788711204,,,0.5430613419982026,,nan,,,
B1,zz_bytype_r3,quantum,46,13,106,548,184,0.31523878781826686,0.31523878781826686,0.30459334252326464,0.9933518913034967,0.24089079897776192,0.24307214264067556,0.6504800325233762,0.6410043230476666,22,0.8396533667358789,2.1592261607376178,374.83,molecule,zz,0.1,bytype,3,bytype,eig,0,"[0.000,3.142]",none,1,1,Z,ridge,1,1,adam,adjoint,100,14,0.8132791545586309,0.1304065743373673,6.509292572806306,0.01355431349131485,0.07766301639965166,0.45393601568546577,0.9868601349371228,0.28583397060268256,0.9933518913034967,22,0.24089079897776192,0.28583397060268256,0.6504800325233762,0.9940921898591696,22,0.2819214219831637
B1,xy_bytype_r3,quantum,46,13,106,548,184,0.33634547494057926,0.33634547494057926,0.3224225095042526,0.9926166863281051,0.27160056121831644,0.2788643968006726,0.698264526437901,0.7043160485884944,22,0.8173123326167584,1.9621197067892604,392.48,molecule,xy,0.1,bytype,3,bytype,eig,0,"[0.000,3.142]",none,1,1,Z,ridge,1,1,adam,adjoint,100,14,0.6437476189850753,0.11760475089589918,5.915087296829132,0.10767310946467226,0.16290072513999485,0.4203301437568285,0.9868601349371228,0.30321683196135135,0.9926166863281051,22,0.27160056121831644,0.30321683196135135,0.698264526437901,0.9936171405217786,22,0.2990482393583704
B1,none_r3,quantum,46,13,92,548,184,0.5412036694490301,0.5412036694490301,0.546525272828547,0.9884040459552194,0.4765692070058726,0.4707997940761405,0.4244831478577608,0.2715131560332799,22,0.29077673792734265,1.2300310789714655,285.2,molecule,none,0.0,fixed,3,fixed,eig,0,"[0.000,3.142]",none,1,1,Z,ridge,1,1,adam,adjoint,100,14,0.9011378124727771,0.6391078989389616,3.247867124805325,0.006865688525838151,0.0,0.0,0.9868601349371228,0.5543800016586281,0.9884040459552194,22,0.4765692070058726,0.5543800016586281,0.4244831478577608,0.9862534590835347,22,0.5499223135029961
B1,zz_fixed_r3,quantum,46,13,92,548,184,0.40811545644533986,0.40811545644533986,0.38334633343191377,0.9927472070519366,0.37454757573449715,0.3497210652728919,0.5072485134404638,0.5143739473460835,22,0.5498470399106664,2.20880146494893,382.29,molecule,zz,0.1,fixed,3,fixed,eig,0,"[0.000,3.142]",none,1,1,Z,ridge,1,1,adam,adjoint,100,14,0.8132791545586309,0.3661000188035183,6.053166651993744,0.2654447131536029,0.1,0.05773502691896259,0.9868601349371228,0.3985123313898046,0.9927472070519366,22,0.37454757573449715,0.3985123313898046,0.5072485134404638,0.9934770159264116,22,0.3813477683507089
B1,xy_shuffled_r3,quantum,46,13,106,548,184,0.4432726178675204,0.4432726178675204,0.42368751396791066,0.9900410096484188,0.34525631022064457,0.3510013308635771,0.5895450152416097,0.5983650451142711,22,0.5900285656329274,1.9311450844846663,401.56,molecule,xy,0.1,bytype_shuffled,3,bytype_shuffled,eig,0,"[0.000,3.142]",none,1,1,Z,ridge,1,1,adam,adjoint,100,14,0.6437476189850753,0.2639181347256991,5.8217099181279135,0.012258774854071005,0.4542799521997573,0.35853872242480717,0.9868601349371228,0.39921518780497045,0.9900410096484188,22,0.34525631022064457,0.39921518780497045,0.5895450152416097,0.9913134077160768,22,0.392122256712579
B1,krr_res,classical,46,13,548,548,184,0.5193055042833923,0.5193055042833923,0.5193055042833923,0.9876996395572781,0.4149771637914311,0.4149771637914311,0.5377778224527451,0.5377778224527451,22,,,,,,,,,,,,,,,,,,,,,,,,,,,,,,,0.481898710723013,,,0.4149771637914311,,0.5377778224527451,,,
B1,krr_cos_cl,classical,46,13,548,548,184,0.5447958890838305,0.5447958890838305,0.5447958890838305,0.9854557255880114,0.42918900204137356,0.42918900204137356,0.26309170132699544,0.26309170132699544,22,,,,,,,,,,,,,,,,,,,,,,,,,,,,,,,0.5162821219706905,,,0.42918900204137356,,0.26309170132699544,,,
B1,ridge_raw_eig,classical,46,13,14,548,184,0.6571594907240992,0.6571594907240992,0.6571594907240992,0.9831509578314581,0.5536658009082938,0.5536658009082938,0.272967772967773,0.272967772967773,22,,,,,,,,,,,,,,,,,,,,,,,,,,,,,,,0.653997564222497,,,0.5536658009082938,,0.272967772967773,,,
B1,composition,classical,46,13,0,548,184,0.6893508024609877,0.6893508024609877,0.6893508024609877,0.9824445402975934,0.6195915136813767,0.6195915136813767,nan,nan,22,,,,,,,,,,,,,,,,,,,,,,,,,,,,,,,0.7040492404530436,,,0.6195915136813767,,nan,,,
B1,zz_bytype_r3,quantum,47,13,106,565,167,0.24261355698372242,0.24261355698372242,0.22985796951292842,0.9974408838285075,0.17447062631542962,0.17029742018819113,0.7095076601539653,0.7170830897811263,19,0.8745298270452766,2.482542597244897,390.68,molecule,zz,0.1,bytype,3,bytype,eig,0,"[0.000,3.142]",none,1,1,Z,ridge,1,1,adam,adjoint,100,14,0.7809275748245615,0.09798311787835047,7.068927302705272,0.018267793373451507,0.1970757024989669,0.5006284745424104,0.9859213139726059,0.21890720085961074,0.9974408838285075,19,0.17447062631542962,0.21890720085961074,0.7095076601539653,0.9978708865815396,19,0.20979770568314046
B1,xy_bytype_r3,quantum,47,13,106,565,167,0.3368099364561649,0.3368099364561649,0.3066371219842154,0.9940223524496784,0.23926366460492812,0.21937150053362947,0.6754801164141617,0.6918207212304169,19,0.8180020541462113,2.494302380744116,412.02,molecule,xy,0.1,bytype,3,bytype,eig,0,"[0.000,3.142]",none,1,1,Z,ridge,1,1,adam,adjoint,100,14,0.7357367365738358,0.13390257474560818,7.102412752156889,0.025115398197526888,0.33119701974881244,0.6303108206550988,0.9859213139726059,0.2995349169804676,0.9940223524496784,19,0.23926366460492812,0.2995349169804676,0.6754801164141617,0.9955255944916872,19,0.27861613771686355
B1,none_r3,quantum,47,13,92,565,167,0.6011143371958283,0.6011143371958283,0.5124263968756025,0.9817162748819932,0.4096371590181853,0.3814896193999797,0.13953308605852874,0.21216054042074978,19,0.23046805929442743,1.1362323762640474,292.0,molecule,none,0.0,fixed,3,fixed,eig,0,"[0.000,3.142]",none,1,1,Z,ridge,1,1,adam,adjoint,100,14,0.8084753369257818,0.6221475950370885,2.8102308638328592,0.01530744612176688,0.0,0.0,0.9859213139726059,0.552870510309589,0.9817162748819932,19,0.4096371590181853,0.552870510309589,0.13953308605852874,0.9904040118067295,19,0.517415003081933
B1,zz_fixed_r3,quantum,47,13,92,565,167,0.3808675896057425,0.3808675896057425,0.34118415911564,0.9925757461036961,0.3117455726468208,0.30009082078756194,0.6647893945226444,0.6987266729945316,19,0.5334694113005468,1.8655830857615339,391.83,molecule,zz,0.1,fixed,3,fixed,eig,0,"[0.000,3.142]",none,1,1,Z,ridge,1,1,adam,adjoint,100,14,0.7809275748245615,0.36432660121453897,4.800684147772676,0.2141611173919229,0.1,0.05773502691896259,0.9859213139726059,0.34469776672358377,0.9925757461036961,19,0.3117455726468208,0.34469776672358377,0.6647893945226444,0.9947455068959712,19,0.3293609844458684
B1,xy_shuffled_r3,quantum,47,13,106,565,167,0.407839331643714,0.407839331643714,0.3345622002075699,0.9907977334622918,0.2815850824318992,0.2686402602646409,0.6361119128226873,0.6479274684896222,19,0.6458883092991158,2.7778954136858944,413.51,molecule,xy,0.1,bytype_shuffled,3,bytype_shuffled,eig,0,"[0.000,3.142]",none,1,1,Z,ridge,1,1,adam,adjoint,100,14,0.7357367365738358,0.2605329796989121,7.909931034277779,0.055386875480495444,0.3692071918984348,0.2073778585856071,0.9859213139726059,0.33685845224475147,0.9907977334622918,19,0.2815850824318992,0.33685845224475147,0.6361119128226873,0.9947498081881795,19,0.30600018976402366
B1,krr_res,classical,47,13,565,565,167,0.4406319640570315,0.4406319640570315,0.4406319640570315,0.991870631584761,0.30327714142597084,0.30327714142597084,0.5451557782729527,0.5451557782729527,19,,,,,,,,,,,,,,,,,,,,,,,,,,,,,,,0.3987153905641423,,,0.30327714142597084,,0.5451557782729527,,,
B1,krr_cos_cl,classical,47,13,565,565,167,0.4658213141987919,0.4658213141987919,0.4658213141987919,0.9912738102608744,0.3729244604418608,0.3729244604418608,0.38514398039788417,0.38514398039788417,19,,,,,,,,,,,,,,,,,,,,,,,,,,,,,,,0.4608235370543886,,,0.3729244604418608,,0.38514398039788417,,,
B1,ridge_raw_eig,classical,47,13,14,565,167,0.5991551857348282,0.5991551857348282,0.5991551857348282,0.9857872924975731,0.4570412377321414,0.4570412377321414,0.20761906335890618,0.20761906335890618,19,,,,,,,,,,,,,,,,,,,,,,,,,,,,,,,0.5814744140946466,,,0.4570412377321414,,0.20761906335890618,,,
B1,composition,classical,47,13,0,565,167,0.6547680099235356,0.6547680099235356,0.6547680099235356,0.9852917335011531,0.49762309274489713,0.49762309274489713,nan,nan,19,,,,,,,,,,,,,,,,,,,,,,,,,,,,,,,0.6635727561443616,,,0.49762309274489713,,nan,,,
B1,zz_bytype_r3,quantum,48,13,106,541,191,0.32530069390540756,0.32530069390540756,0.31290247128797133,0.9841594121383577,0.1909373800809281,0.18521869985465053,0.7476942040809574,0.7570019375459943,16,0.827239797210735,2.126106652356646,369.5,molecule,zz,0.1,bytype,3,bytype,eig,0,"[0.000,3.142]",none,1,1,Z,ridge,1,1,adam,adjoint,100,14,0.7560672950695579,0.13061833921854787,6.195484656080071,0.020308008178123036,0.30602878412955015,0.7203815956971269,0.9863800547677769,0.21936091308826053,0.9841594121383577,16,0.1909373800809281,0.21936091308826053,0.7476942040809574,0.9852301506314044,16,0.21464889968575288
B1,xy_bytype_r3,quantum,48,13,106,541,191,0.2959845996078965,0.2959845996078965,0.25609398793889615,0.9969074143376586,0.21752097317675953,0.20299344167628872,0.7074543335631449,0.7321791848994686,16,0.7907138390458561,2.4990023212510035,387.37,molecule,xy,0.1,bytype,3,bytype,eig,0,"[0.000,3.142]",none,1,1,Z,ridge,1,1,adam,adjoint,100,14,0.8157859377146639,0.17073270706467833,7.282104366522596,0.012549318012620691,0.4061895525819401,0.5490967360197284,0.9863800547677769,0.2890641536300172,0.9969074143376586,16,0.21752097317675953,0.2890641536300172,0.7074543335631449,0.9975096296814562,16,0.24931996917938964
B1,none_r3,quantum,48,13,92,541,191,0.6512142128308723,0.6512142128308723,0.5468107332842203,0.982889823195071,0.46207763369005983,0.44679307472719637,0.4560400076958326,0.2694838130527072,16,0.3020755657519438,1.445915997034166,280.65,molecule,none,0.0,fixed,3,fixed,eig,0,"[0.000,3.142]",none,1,1,Z,ridge,1,1,adam,adjoint,100,14,0.8981698258600295,0.6268546675720362,3.672393701377493,0.032290410681389645,0.0,0.0,0.9863800547677769,0.6194349989606569,0.982889823195071,16,0.46207763369005983,0.6194349989606569,0.4560400076958326,0.9886076486053985,16,0.5299225057216366
B1,zz_fixed_r3,quantum,48,13,92,541,191,0.45636601417848244,0.45636601417848244,0.4528006978002679,0.9924161443870066,0.31428432134137063,0.3054994126849283,0.7191688559813929,0.7454480075414434,16,0.5227549593876044,2.3130555392588,376.75,molecule,zz,0.1,fixed,3,fixed,eig,0,"[0.000,3.142]",none,1,1,Z,ridge,1,1,adam,adjoint,100,14,0.7560672950695579,0.3608293669411753,6.106093999958697,0.13085688686481836,0.1,0.05773502691896259,0.9863800547677769,0.4571892322585486,0.9924161443870066,16,0.31428432134137063,0.4571892322585486,0.7191688559813929,0.9925999426441215,16,0.45090900889512875
B1,xy_shuffled_r3,quantum,48,13,106,541,191,0.47630187721309103,0.47630187721309103,0.46998406174933427,0.9916660981152934,0.30882157648103237,0.3039533681645335,0.6053403033000904,0.6088293236430433,16,0.572867544929035,2.5880511016017422,394.83,molecule,xy,0.1,bytype_shuffled,3,bytype_shuffled,eig,0,"[0.000,3.142]",none,1,1,Z,ridge,1,1,adam,adjoint,100,14,0.8157859377146639,0.34844865038843376,7.541592925901366,0.10189569564662736,0.620450956742282,0.3917072916504964,0.9863800547677769,0.47600113229971136,0.9916660981152934,16,0.30882157648103237,0.47600113229971136,0.6053403033000904,0.9919257755375422,16,0.47123648566994125
B1,krr_res,classical,48,13,541,541,191,0.536696355378049,0.536696355378049,0.536696355378049,0.98949074105018,0.41723519237062073,0.41723519237062073,0.5076050107983875,0.5076050107983875,16,,,,,,,,,,,,,,,,,,,,,,,,,,,,,,,0.52625283338827,,,0.41723519237062073,,0.5076050107983875,,,
B1,krr_cos_cl,classical,48,13,541,541,191,0.4626671099302819,0.4626671099302819,0.4626671099302819,0.9910229805050703,0.34654799293025224,0.34654799293025224,0.5989181575373178,0.5989181575373178,16,,,,,,,,,,,,,,,,,,,,,,,,,,,,,,,0.45082440133089763,,,0.34654799293025224,,0.5989181575373178,,,
B1,ridge_raw_eig,classical,48,13,14,541,191,0.6587022003124078,0.6587022003124078,0.6587022003124078,0.9843359648430371,0.4797492965792491,0.4797492965792491,0.5193886982325776,0.5193886982325776,16,,,,,,,,,,,,,,,,,,,,,,,,,,,,,,,0.6367702534185989,,,0.4797492965792491,,0.5193886982325776,,,
B1,composition,classical,48,13,0,541,191,0.6879229702853816,0.6879229702853816,0.6879229702853816,0.9840272445721046,0.5532603257426193,0.5532603257426193,nan,nan,16,,,,,,,,,,,,,,,,,,,,,,,,,,,,,,,0.689377377870395,,,0.5532603257426193,,nan,,,
B1,zz_bytype_r3,quantum,49,13,106,556,176,0.2801690593640767,0.2801690593640767,0.25664575041240617,0.9967074928995935,0.23570657706629303,0.2078021352452393,0.673855242809069,0.6861791743935753,21,0.8614205573542053,2.2281253072355893,382.26,molecule,zz,0.1,bytype,3,bytype,eig,0,"[0.000,3.142]",none,1,1,Z,ridge,1,1,adam,adjoint,100,14,0.8406420269918559,0.11649570356516249,6.47090956583231,0.026065333062123924,0.1842287077993097,0.5171916375014239,0.9862689158955568,0.27785682824830266,0.9967074928995935,21,0.23570657706629303,0.27785682824830266,0.673855242809069,0.9972695950204566,21,0.2554993668634436
B1,xy_bytype_r3,quantum,49,13,106,556,176,0.2843394901256392,0.2843394901256392,0.282165853813688,0.9967066173209083,0.24261533171374078,0.23882970633873796,0.5941249472731552,0.5643955979441933,21,0.8571089114882487,2.1081488768014145,411.45,molecule,xy,0.1,bytype,3,bytype,eig,0,"[0.000,3.142]",none,1,1,Z,ridge,1,1,adam,adjoint,100,14,0.8994467643903902,0.12852292722211558,6.122474660106953,0.030219358260993694,0.20199426691337585,0.457323663042793,0.9862689158955568,0.2865717258286105,0.9967066173209083,21,0.24261533171374078,0.2865717258286105,0.5941249472731552,0.9968190490104932,21,0.28511268898467657
B1,none_r3,quantum,49,13,92,556,176,0.587294099380897,0.587294099380897,0.5629319594869875,0.9873945275534703,0.4451944097361231,0.4412025013666638,0.2599838596448219,0.21510332311107258,21,0.31811671367427785,1.176801493787175,290.49,molecule,none,0.0,fixed,3,fixed,eig,0,"[0.000,3.142]",none,1,1,Z,ridge,1,1,adam,adjoint,100,14,0.9108354291265177,0.6210834557146893,2.9773417858116664,0.02781539779326957,0.0,0.0,0.9862689158955568,0.5848413240420748,0.9873945275534703,21,0.4451944097361231,0.5848413240420748,0.2599838596448219,0.9880017861871087,21,0.5629535484870754
B1,zz_fixed_r3,quantum,49,13,92,556,176,0.4180277745690882,0.4180277745690882,0.41793217059477566,0.9926523364848293,0.333524032556652,0.34515898874223244,0.6219116315822806,0.589910321085652,21,0.5152118682458137,2.914656204612633,388.07,molecule,zz,0.1,fixed,3,fixed,eig,0,"[0.000,3.142]",none,1,1,Z,ridge,1,1,adam,adjoint,100,14,0.8406420269918559,0.4075332777394341,7.6656300441833825,0.23329071559465617,0.1,0.05773502691896259,0.9862689158955568,0.4195915200455793,0.9926523364848293,21,0.333524032556652,0.4195915200455793,0.6219116315822806,0.9925228351883859,21,0.42219013411404954
B1,xy_shuffled_r3,quantum,49,13,106,556,176,0.41993058168619884,0.41993058168619884,0.43084700849349017,0.9925198976493921,0.36511243107419,0.3674787219978422,0.5219603074785509,0.5021492284488733,21,0.6506814849177843,1.898378049557369,408.42,molecule,xy,0.1,bytype_shuffled,3,bytype_shuffled,eig,0,"[0.000,3.142]",none,1,1,Z,ridge,1,1,adam,adjoint,100,14,0.8994467643903902,0.3141934081323546,5.513259348814531,0.022605216745738257,0.20592818074448052,0.1339086323471845,0.9862689158955568,0.43498373945538665,0.9925198976493921,21,0.36511243107419,0.43498373945538665,0.5219603074785509,0.99234600540749,21,0.4456176163431388
B1,krr_res,classical,49,13,556,556,176,0.5349301761464318,0.5349301761464318,0.5349301761464318,0.9881940524859036,0.40602172686624016,0.40602172686624016,0.4511110082469463,0.4511110082469463,21,,,,,,,,,,,,,,,,,,,,,,,,,,,,,,,0.4954830055856663,,,0.40602172686624016,,0.4511110082469463,,,
B1,krr_cos_cl,classical,49,13,556,556,176,0.5361098742464981,0.5361098742464981,0.5361098742464981,0.9879871866301615,0.43193864763956025,0.43193864763956025,0.2407557838781604,0.2407557838781604,21,,,,,,,,,,,,,,,,,,,,,,,,,,,,,,,0.5386578292106531,,,0.43193864763956025,,0.2407557838781604,,,
B1,ridge_raw_eig,classical,49,13,14,556,176,0.6028794553850474,0.6028794553850474,0.6028794553850474,0.9867882119278353,0.4454735130472971,0.4454735130472971,0.11376807456884952,0.11376807456884952,21,,,,,,,,,,,,,,,,,,,,,,,,,,,,,,,0.6306044135215286,,,0.4454735130472971,,0.11376807456884952,,,
B1,composition,classical,49,13,0,556,176,0.6426001798443909,0.6426001798443909,0.6426001798443909,0.9844875465994729,0.47326855713932553,0.47326855713932553,nan,nan,21,,,,,,,,,,,,,,,,,,,,,,,,,,,,,,,0.6723189799710202,,,0.47326855713932553,,nan,,,
B1,zz_bytype_r3,quantum,50,13,106,549,183,0.35252017450343587,0.35252017450343587,0.31787618193590456,0.9821865539381304,0.18042711894176594,0.17204749145707077,0.5722190723742155,0.6006066941677074,24,0.8282980279993853,2.2821606309998295,374.88,molecule,zz,0.1,bytype,3,bytype,eig,0,"[0.000,3.142]",none,1,1,Z,ridge,1,1,adam,adjoint,100,14,0.763384276916441,0.13107458574081624,6.961757224630317,0.019802373619365155,0.16638510958675726,0.432152572210273,0.9857054546096161,0.2847954969973222,0.9821865539381304,24,0.18042711894176594,0.2847954969973222,0.5722190723742155,0.9908038044022481,24,0.27111201519632416
B1,xy_bytype_r3,quantum,50,13,106,549,183,0.34288668271692296,0.34288668271692296,0.3079624622336084,0.9755911244641334,0.17458911628090085,0.17390931907712942,0.655848721025378,0.6375023354949682,24,0.7979274926015939,1.9944442656793826,391.9,molecule,xy,0.1,bytype,3,bytype,eig,0,"[0.000,3.142]",none,1,1,Z,ridge,1,1,adam,adjoint,100,14,0.5562271672669776,0.11239821837275084,6.084075146644219,0.15044661307423626,0.1994998997453416,0.431843939828413,0.9857054546096161,0.26323729950136165,0.9755911244641334,24,0.17458911628090085,0.26323729950136165,0.655848721025378,0.9907111914159303,24,0.25963761603699276
B1,none_r3,quantum,50,13,92,549,183,0.8712169496530675,0.8712169496530675,0.5751397675226703,0.7154776258820621,0.3623806337248444,0.33369402843355633,0.3735533139053519,0.4299226240497954,24,0.2358476182340647,1.416797377478445,282.53,molecule,none,0.0,fixed,3,fixed,eig,0,"[0.000,3.142]",none,1,1,Z,ridge,1,1,adam,adjoint,100,14,0.7970809974357949,0.60909134265093,3.7918396402962125,0.014711678302017726,0.0,0.0,0.9857054546096161,0.6320739375249923,0.7154776258820621,24,0.3623806337248444,0.6320739375249923,0.3735533139053519,0.9896186033009724,24,0.5847214598553849
B1,zz_fixed_r3,quantum,50,13,92,549,183,0.5631118465494583,0.5631118465494583,0.4334485353825989,0.9538932921244482,0.33993676484934826,0.322523984514131,0.4031604142146267,0.39802767752165463,24,0.6004681654020778,2.3538419981588556,378.96,molecule,zz,0.1,fixed,3,fixed,eig,0,"[0.000,3.142]",none,1,1,Z,ridge,1,1,adam,adjoint,100,14,0.763384276916441,0.30499632065963395,6.535079228541743,0.10860271560498447,0.1,0.05773502691896259,0.9857054546096161,0.46237875141894946,0.9538932921244482,24,0.33993676484934826,0.46237875141894946,0.4031604142146267,0.992407126208111,24,0.4327884472908105
B1,xy_shuffled_r3,quantum,50,13,106,549,183,0.579317090426927,0.579317090426927,0.5157404632439314,0.9624183680891901,0.35775142942259025,0.3584719944649713,0.26521645875379046,0.2898741272587795,24,0.5261538396082684,2.443463894083263,400.7,molecule,xy,0.1,bytype_shuffled,3,bytype_shuffled,eig,0,"[0.000,3.142]",none,1,1,Z,ridge,1,1,adam,adjoint,100,14,0.5562271672669776,0.2635661075150268,7.453814681881065,0.028743785155246154,0.4316142124516804,0.4063795581467849,0.9857054546096161,0.4967360455170613,0.9624183680891901,24,0.35775142942259025,0.4967360455170613,0.26521645875379046,0.9885572254976548,24,0.4944711631723926
B1,krr_res,classical,50,13,549,549,183,0.4821234124144255,0.4821234124144255,0.4821234124144255,0.9911176428772394,0.33349643402940926,0.33349643402940926,0.3903198567217951,0.3903198567217951,24,,,,,,,,,,,,,,,,,,,,,,,,,,,,,,,0.46581052447291155,,,0.33349643402940926,,0.3903198567217951,,,
B1,krr_cos_cl,classical,50,13,549,549,183,0.48491350781498577,0.48491350781498577,0.48491350781498577,0.992056767971332,0.3093340613286371,0.3093340613286371,0.45764993661744924,0.45764993661744924,24,,,,,,,,,,,,,,,,,,,,,,,,,,,,,,,0.49033941221311916,,,0.3093340613286371,,0.45764993661744924,,,
B1,ridge_raw_eig,classical,50,13,14,549,183,0.7103481188196138,0.7103481188196138,0.7103481188196138,0.9458509054726761,0.3765419804687749,0.3765419804687749,0.2589363943344416,0.2589363943344416,24,,,,,,,,,,,,,,,,,,,,,,,,,,,,,,,0.6280316062662217,,,0.3765419804687749,,0.2589363943344416,,,
B1,composition,classical,50,13,0,549,183,0.6505256874534624,0.6505256874534624,0.6505256874534624,0.9863367097943275,0.46064756724134953,0.46064756724134953,nan,nan,24,,,,,,,,,,,,,,,,,,,,,,,,,,,,,,,0.6621024905481077,,,0.46064756724134953,,nan,,,
B1,zz_bytype_r3,quantum,51,13,106,537,195,0.3771517485434674,0.3771517485434674,0.32385686435298866,0.9732169340922742,0.24322362743426884,0.23434681174659872,0.6622880518273921,0.6631941069621223,25,0.8545136404638448,1.7940661192449876,370.87,molecule,zz,0.1,bytype,3,bytype,eig,0,"[0.000,3.142]",none,1,1,Z,ridge,1,1,adam,adjoint,100,14,0.6974673421118804,0.10147198449921553,6.001784116402951,0.013679415549771397,0.24328704871637288,0.44116081297726145,0.987356584481002,0.29071215545741846,0.9732169340922742,25,0.24322362743426884,0.29071215545741846,0.6622880518273921,0.9895980876286685,25,0.27983822194605035
B1,xy_bytype_r3,quantum,51,13,106,537,195,0.41620882030632905,0.41620882030632905,0.3829547433708356,0.9855956655296519,0.29473157228234576,0.2828506477107304,0.5740784789578427,0.5675285296506073,25,0.7622025787724075,1.9801180920342831,385.52,molecule,xy,0.1,bytype,3,bytype,eig,0,"[0.000,3.142]",none,1,1,Z,ridge,1,1,adam,adjoint,100,14,0.7854784423941966,0.18678474803120604,6.624193604623015,0.01876627655973361,0.24979190468300902,0.6123533050643915,0.987356584481002,0.3731845311819984,0.9855956655296519,25,0.29473157228234576,0.3731845311819984,0.5740784789578427,0.9915906341810309,25,0.36175536768555416
B1,none_r3,quantum,51,13,92,537,195,0.6760043080482185,0.6760043080482185,0.5279004824490517,0.8697309097244657,0.3815196023586565,0.3824514445884308,0.22171917353458934,0.15367211142726245,25,0.18007379779505925,0.8837388436760124,278.7,molecule,none,0.0,fixed,3,fixed,eig,0,"[0.000,3.142]",none,1,1,Z,ridge,1,1,adam,adjoint,100,14,0.8370726176587242,0.6863377723666662,2.625753418411746,0.03538511889870057,0.0,0.0,0.987356584481002,0.535878161673048,0.8697309097244657,25,0.3815196023586565,0.535878161673048,0.22171917353458934,0.986377311597918,25,0.5291045366883969
B1,zz_fixed_r3,quantum,51,13,92,537,195,0.5488550946204147,0.5488550946204147,0.405042386281378,0.8790333602978059,0.3022381279211993,0.3063100952723452,0.5966556702961101,0.5990763465504578,25,0.5476700308513707,1.746180194551134,373.26,molecule,zz,0.1,fixed,3,fixed,eig,0,"[0.000,3.142]",none,1,1,Z,ridge,1,1,adam,adjoint,100,14,0.6974673421118804,0.3154853813396434,5.362846021218098,0.06960956853194644,0.1,0.05773502691896259,0.987356584481002,0.3863390211778438,0.8790333602978059,25,0.3022381279211993,0.3863390211778438,0.5966556702961101,0.990472688484816,25,0.3857591802111238
B1,xy_shuffled_r3,quantum,51,13,106,537,195,0.5527192133097603,0.5527192133097603,0.4224070140533745,0.9181017452672652,0.3362049437789214,0.34753475271163614,0.5767469825359225,0.5149790320143689,25,0.5954543117305529,1.3702989853173408,394.25,molecule,xy,0.1,bytype_shuffled,3,bytype_shuffled,eig,0,"[0.000,3.142]",none,1,1,Z,ridge,1,1,adam,adjoint,100,14,0.7854784423941966,0.31776191709917356,4.584133548133541,0.16829560426746049,0.11839725201427868,0.08937814091191104,0.987356584481002,0.4179516090228956,0.9181017452672652,25,0.3362049437789214,0.4179516090228956,0.5767469825359225,0.9907119861132958,25,0.41996101111036355
B1,krr_res,classical,51,13,537,537,195,0.5029864975042828,0.5029864975042828,0.5029864975042828,0.9886429846605278,0.3479840731371284,0.3479840731371284,0.5508612675952805,0.5508612675952805,25,,,,,,,,,,,,,,,,,,,,,,,,,,,,,,,0.5072816769125089,,,0.3479840731371284,,0.5508612675952805,,,
B1,krr_cos_cl,classical,51,13,537,537,195,0.46704325365368193,0.46704325365368193,0.46704325365368193,0.9877916684768061,0.34696410321079835,0.34696410321079835,0.48533768475425354,0.48533768475425354,25,,,,,,,,,,,,,,,,,,,,,,,,,,,,,,,0.4669939241985629,,,0.34696410321079835,,0.48533768475425354,,,
B1,ridge_raw_eig,classical,51,13,14,537,195,0.6466729856839925,0.6466729856839925,0.6466729856839925,0.9531855994270131,0.35610900641331883,0.35610900641331883,0.32172987129483344,0.32172987129483344,25,,,,,,,,,,,,,,,,,,,,,,,,,,,,,,,0.5716333760009707,,,0.35610900641331883,,0.32172987129483344,,,
B1,composition,classical,51,13,0,537,195,0.7096548789371928,0.7096548789371928,0.7096548789371928,0.9799009821153652,0.46517185916243037,0.46517185916243037,nan,nan,25,,,,,,,,,,,,,,,,,,,,,,,,,,,,,,,0.7096449732627369,,,0.46517185916243037,,nan,,,
B1,zz_bytype_r3,quantum,52,13,106,533,199,0.24499689421217916,0.24499689421217916,0.24823776817739202,0.9979190049427826,0.18145241683193092,0.18887410335260116,0.5903206929903556,0.5744701620596108,22,0.8611162682062546,2.6713897141699285,360.5,molecule,zz,0.1,bytype,3,bytype,eig,0,"[0.000,3.142]",none,1,1,Z,ridge,1,1,adam,adjoint,100,14,0.8276614078089168,0.11494870497816731,7.394662520206411,0.02589431125767692,0.17102716967015388,0.5121109180545568,0.9852306915240233,0.23105076905857933,0.9979190049427826,22,0.18145241683193092,0.23105076905857933,0.5903206929903556,0.997815748936936,22,0.23649840452663426
B1,xy_bytype_r3,quantum,52,13,106,533,199,0.318991197922358,0.318991197922358,0.291882992730119,0.9942583063882227,0.20894011526920278,0.20902910129217658,0.5802049093288616,0.5563800597970174,22,0.854979963386731,2.2713732020254116,379.21,molecule,xy,0.1,bytype,3,bytype,eig,0,"[0.000,3.142]",none,1,1,Z,ridge,1,1,adam,adjoint,100,14,0.9375804530843246,0.13596795163417402,6.2873785121380195,0.08612707920834971,0.20049426830907782,0.36400568312879145,0.9852306915240233,0.26678560538905105,0.9942583063882227,22,0.20894011526920278,0.26678560538905105,0.5802049093288616,0.9972849710056724,22,0.2776930009199305
B1,none_r3,quantum,52,13,92,533,199,0.5164234245995755,0.5164234245995755,0.5368278787408532,0.9911349988069617,0.41337931752772933,0.39804612366995523,0.2864000647045682,0.2614531402880311,22,0.35260967790010456,1.7424486399278394,275.15,molecule,none,0.0,fixed,3,fixed,eig,0,"[0.000,3.142]",none,1,1,Z,ridge,1,1,adam,adjoint,100,14,0.9554850217302319,0.6185717559795604,4.171300096106975,0.09726994843002272,0.0,0.0,0.9852306915240233,0.5290072619175378,0.9911349988069617,22,0.41337931752772933,0.5290072619175378,0.2864000647045682,0.9897872536759454,22,0.5365444453475929
B1,zz_fixed_r3,quantum,52,13,92,533,199,0.44091094122075375,0.44091094122075375,0.4271484114749306,0.992297272756766,0.30339681705271804,0.2944183550434795,0.5740489809853274,0.6053654648742178,22,0.5261061815962946,2.450020799490854,369.36,molecule,zz,0.1,fixed,3,fixed,eig,0,"[0.000,3.142]",none,1,1,Z,ridge,1,1,adam,adjoint,100,14,0.8276614078089168,0.39222362489195395,6.110180405551567,0.3035335095885625,0.1,0.05773502691896259,0.9852306915240233,0.40414721003801785,0.992297272756766,22,0.30339681705271804,0.40414721003801785,0.5740489809853274,0.9936182924972682,22,0.4171100462068972
B1,xy_shuffled_r3,quantum,52,13,106,533,199,0.443747728673325,0.443747728673325,0.4372973136338833,0.993607395293925,0.34046133580493687,0.3354495943449306,0.5352447302235243,0.5397970008515296,22,0.7093215789362199,3.363624919602324,388.55,molecule,xy,0.1,bytype_shuffled,3,bytype_shuffled,eig,0,"[0.000,3.142]",none,1,1,Z,ridge,1,1,adam,adjoint,100,14,0.9375804530843246,0.272534405722815,9.310835851872053,0.02606054787734152,0.8893946112104401,0.5219194393630708,0.9852306915240233,0.436492237872686,0.993607395293925,22,0.34046133580493687,0.436492237872686,0.5352447302235243,0.9937521909976238,22,0.4298995021103785
B1,krr_res,classical,52,13,533,533,199,0.5400805145849528,0.5400805145849528,0.5400805145849528,0.989273686149473,0.34739559752017385,0.34739559752017385,0.41261909997022683,0.41261909997022683,22,,,,,,,,,,,,,,,,,,,,,,,,,,,,,,,0.4996117793045605,,,0.34739559752017385,,0.41261909997022683,,,
B1,krr_cos_cl,classical,52,13,533,533,199,0.5153016879880592,0.5153016879880592,0.5153016879880592,0.9898078385228888,0.38867185980599794,0.38867185980599794,0.305368808946581,0.305368808946581,22,,,,,,,,,,,,,,,,,,,,,,,,,,,,,,,0.5132764109809417,,,0.38867185980599794,,0.305368808946581,,,
B1,ridge_raw_eig,classical,52,13,14,533,199,0.6132460587862502,0.6132460587862502,0.6132460587862502,0.9878096450363253,0.4665609204045584,0.4665609204045584,0.28422072540379867,0.28422072540379867,22,,,,,,,,,,,,,,,,,,,,,,,,,,,,,,,0.6166151770817505,,,0.4665609204045584,,0.28422072540379867,,,
B1,composition,classical,52,13,0,533,199,0.6462786749892557,0.6462786749892557,0.6462786749892557,0.987249959515583,0.49691743975838115,0.49691743975838115,nan,nan,22,,,,,,,,,,,,,,,,,,,,,,,,,,,,,,,0.6440839315641858,,,0.49691743975838115,,nan,,,
B1,zz_bytype_r3,quantum,53,13,106,535,197,0.27471124126602436,0.27471124126602436,0.25268910055222316,0.9949798036740221,0.19416071306609756,0.18772630710010166,0.5436582403470449,0.5687697191544009,22,0.8227068873941036,1.9054550266493886,366.68,molecule,zz,0.1,bytype,3,bytype,eig,0,"[0.000,3.142]",none,1,1,Z,ridge,1,1,adam,adjoint,100,14,0.8257765674336159,0.14640449795731866,6.502368111884575,0.0590183860924464,0.18276794196578314,0.5128011151607339,0.9862643545434668,0.25461918027135777,0.9949798036740221,22,0.19416071306609756,0.25461918027135777,0.5436582403470449,0.9963374512373405,22,0.23977340276495396
B1,xy_bytype_r3,quantum,53,13,106,535,197,0.28766659265373085,0.28766659265373085,0.275202553789193,0.9960030551392419,0.22449204891935717,0.2167310280591685,0.524064855467305,0.5351827627263197,22,0.7965873153371915,2.008292932241666,381.52,molecule,xy,0.1,bytype,3,bytype,eig,0,"[0.000,3.142]",none,1,1,Z,ridge,1,1,adam,adjoint,100,14,0.6967519741594855,0.14172818960789263,6.85330261763991,0.011777198535557889,0.18015875035034398,0.3133540917540003,0.9862643545434668,0.2837813330465771,0.9960030551392419,22,0.22449204891935717,0.2837813330465771,0.524064855467305,0.9962974165060826,22,0.2721272101683442
B1,none_r3,quantum,53,13,92,535,197,0.5999052250016038,0.5999052250016038,0.5203425082292715,0.9841098384166161,0.43062312243845496,0.3681738016989444,0.18894986944322806,0.24957167111729822,22,0.20144517162152478,1.1229964703313247,274.21,molecule,none,0.0,fixed,3,fixed,eig,0,"[0.000,3.142]",none,1,1,Z,ridge,1,1,adam,adjoint,100,14,0.812106987077183,0.6485119556903804,3.4120403210665775,0.0040865668825874665,0.0,0.0,0.9862643545434668,0.6104663052573556,0.9841098384166161,22,0.43062312243845496,0.6104663052573556,0.18894986944322806,0.9844996491291417,22,0.529314651590436
B1,zz_fixed_r3,quantum,53,13,92,535,197,0.399034626968085,0.399034626968085,0.3752720691662131,0.9919841077316176,0.3313129788592715,0.3201521475480628,0.39243735525777956,0.4110707353712356,22,0.6462885507698344,1.9203046711390865,368.34,molecule,zz,0.1,fixed,3,fixed,eig,0,"[0.000,3.142]",none,1,1,Z,ridge,1,1,adam,adjoint,100,14,0.8257765674336159,0.2920866264072559,6.026560797138841,1.6413869835919301,0.1,0.05773502691896259,0.9862643545434668,0.39643683196512475,0.9919841077316176,22,0.3313129788592715,0.39643683196512475,0.39243735525777956,0.9928572121219923,22,0.37354632925621023
B1,xy_shuffled_r3,quantum,53,13,106,535,197,0.45549923064095327,0.45549923064095327,0.4456625933264312,0.9888856166793767,0.34992851232188976,0.3365152537674709,0.4557237800820689,0.451904406424848,22,0.5524156945538932,1.6913633829099257,389.64,molecule,xy,0.1,bytype_shuffled,3,bytype_shuffled,eig,0,"[0.000,3.142]",none,1,1,Z,ridge,1,1,adam,adjoint,100,14,0.6967519741594855,0.3118552484223771,5.771780059265798,0.021465330965732166,0.09721558140541046,0.20169854614842056,0.9862643545434668,0.43823680387929287,0.9888856166793767,22,0.34992851232188976,0.43823680387929287,0.4557237800820689,0.9897683385177349,22,0.4323498623875549
B1,krr_res,classical,53,13,535,535,197,0.4639891313272323,0.4639891313272323,0.4639891313272323,0.9889000526067524,0.3579189705837649,0.3579189705837649,0.47779880575982003,0.47779880575982003,22,,,,,,,,,,,,,,,,,,,,,,,,,,,,,,,0.4406731832033436,,,0.3579189705837649,,0.47779880575982003,,,
B1,krr_cos_cl,classical,53,13,535,535,197,0.507615308592528,0.507615308592528,0.507615308592528,0.9874521674734045,0.34488928366165067,0.34488928366165067,0.2636531974724143,0.2636531974724143,22,,,,,,,,,,,,,,,,,,,,,,,,,,,,,,,0.5020638687023015,,,0.34488928366165067,,0.2636531974724143,,,
B1,ridge_raw_eig,classical,53,13,14,535,197,0.6174919148057723,0.6174919148057723,0.6174919148057723,0.981653180039593,0.407706972655784,0.407706972655784,0.08755430259656584,0.08755430259656584,22,,,,,,,,,,,,,,,,,,,,,,,,,,,,,,,0.6128387110445075,,,0.407706972655784,,0.08755430259656584,,,
B1,composition,classical,53,13,0,535,197,0.6142859927609874,0.6142859927609874,0.6142859927609874,0.9840392720554343,0.4329642681272152,0.4329642681272152,nan,nan,22,,,,,,,,,,,,,,,,,,,,,,,,,,,,,,,0.623262343135835,,,0.4329642681272152,,nan,,,
B1,zz_bytype_r3,quantum,54,13,106,532,200,0.3140964977856301,0.3140964977856301,0.30786851976411933,0.9914472782470685,0.2627478429890712,0.2555237899323521,0.4739833087361356,0.5017795216479088,23,0.8202618487890769,2.5652163092981586,365.3,molecule,zz,0.1,bytype,3,bytype,eig,0,"[0.000,3.142]",none,1,1,Z,ridge,1,1,adam,adjoint,100,14,0.7032843738103125,0.1264070331241973,7.292330576604703,0.12195749462263314,0.0969446912069365,0.7126578626824775,0.9868087189952072,0.30197273088343934,0.9914472782470685,23,0.2627478429890712,0.30197273088343934,0.4739833087361356,0.9917094838150464,23,0.29605132730305916
B1,xy_bytype_r3,quantum,54,13,106,532,200,0.2778902386017913,0.2778902386017913,0.2732073695470876,0.9932659213230294,0.23441388616578449,0.23331756366043682,0.6168631269847246,0.6206987786636028,23,0.8394873182628949,2.43334594895013,384.29,molecule,xy,0.1,bytype,3,bytype,eig,0,"[0.000,3.142]",none,1,1,Z,ridge,1,1,adam,adjoint,100,14,0.5914084896293511,0.09492856267249802,6.917452926939006,0.009709289744483025,0.11137556131884338,0.5582819934701778,0.9868087189952072,0.2823517877637598,0.9932659213230294,23,0.23441388616578449,0.2823517877637598,0.6168631269847246,0.9933803880244958,23,0.27831411299152803
B1,none_r3,quantum,54,13,92,532,200,0.46788018204587173,0.46788018204587173,0.4586787809737385,0.9874982337227036,0.3410425247964075,0.302490181302269,0.38304481512411886,0.25150798506996297,23,0.31285212913265176,1.373019444680204,277.85,molecule,none,0.0,fixed,3,fixed,eig,0,"[0.000,3.142]",none,1,1,Z,ridge,1,1,adam,adjoint,100,14,0.9161764919298566,0.6295487257683172,3.3894473304428874,0.019343606715795127,0.0,0.0,0.9868087189952072,0.4770066534384454,0.9874982337227036,23,0.3410425247964075,0.4770066534384454,0.38304481512411886,0.9882531057345776,23,0.4603230545543365
B1,zz_fixed_r3,quantum,54,13,92,532,200,0.4185078892136678,0.4185078892136678,0.39297291612754853,0.988550949884143,0.29864221584891876,0.28981910597915667,0.5188940663398136,0.5332520592036538,23,0.5110962701477313,2.0749562914796496,376.76,molecule,zz,0.1,fixed,3,fixed,eig,0,"[0.000,3.142]",none,1,1,Z,ridge,1,1,adam,adjoint,100,14,0.7032843738103125,0.343838353502679,5.3297501537948815,0.0710941327209951,0.1,0.05773502691896259,0.9868087189952072,0.4054079363968631,0.988550949884143,23,0.29864221584891876,0.4054079363968631,0.5188940663398136,0.9907173185973664,23,0.3856270471696234
B1,xy_shuffled_r3,quantum,54,13,106,532,200,0.36462169467452193,0.36462169467452193,0.3547555249226593,0.9883345839798532,0.2531069812225429,0.2520908188758845,0.48009747241218664,0.487289973071825,23,0.4950762580073982,2.9677160797623094,393.81,molecule,xy,0.1,bytype_shuffled,3,bytype_shuffled,eig,0,"[0.000,3.142]",none,1,1,Z,ridge,1,1,adam,adjoint,100,14,0.5914084896293511,0.2986161876298448,8.436546513714179,0.040071411417873376,0.516590735419905,0.3253454816133325,0.9868087189952072,0.35270634954218166,0.9883345839798532,23,0.2531069812225429,0.35270634954218166,0.48009747241218664,0.9904704637479564,23,0.3447955148539752
B1,krr_res,classical,54,13,532,532,200,0.42510222728477765,0.42510222728477765,0.42510222728477765,0.9894014062011117,0.33046439437252445,0.33046439437252445,0.40577819087581757,0.40577819087581757,23,,,,,,,,,,,,,,,,,,,,,,,,,,,,,,,0.41760877282543013,,,0.33046439437252445,,0.40577819087581757,,,
B1,krr_cos_cl,classical,54,13,532,532,200,0.405436372357004,0.405436372357004,0.405436372357004,0.9898995390901665,0.27152694231941465,0.27152694231941465,0.37422470848070954,0.37422470848070954,23,,,,,,,,,,,,,,,,,,,,,,,,,,,,,,,0.4083315356860795,,,0.27152694231941465,,0.37422470848070954,,,
B1,ridge_raw_eig,classical,54,13,14,532,200,0.5351414017094968,0.5351414017094968,0.5351414017094968,0.9838840597468002,0.37864678116659894,0.37864678116659894,0.2924131781243663,0.2924131781243663,23,,,,,,,,,,,,,,,,,,,,,,,,,,,,,,,0.542614966813612,,,0.37864678116659894,,0.2924131781243663,,,
B1,composition,classical,54,13,0,532,200,0.5770853752033083,0.5770853752033083,0.5770853752033083,0.9808179689970062,0.4214817473170069,0.4214817473170069,nan,nan,23,,,,,,,,,,,,,,,,,,,,,,,,,,,,,,,0.582646178528403,,,0.4214817473170069,,nan,,,
B1,zz_bytype_r3,quantum,55,13,106,543,189,0.29356888112344137,0.29356888112344137,0.2839152106487019,0.9959993894358423,0.24042062812540418,0.23820032635008787,0.6690947515660159,0.6424782582253846,21,0.8049302556207192,1.7349979923840986,373.59,molecule,zz,0.1,bytype,3,bytype,eig,0,"[0.000,3.142]",none,1,1,Z,ridge,1,1,adam,adjoint,100,14,0.7996441072772305,0.1559863716009675,6.048054580779651,0.10431034165942853,0.036435027521216835,0.2225118326503738,0.9869927823247971,0.29681087908094755,0.9959993894358423,21,0.24042062812540418,0.29681087908094755,0.6690947515660159,0.9961800221881003,21,0.28660924371928137
B1,xy_bytype_r3,quantum,55,13,106,543,189,0.272913035890021,0.272913035890021,0.260783444019483,0.9965283213024609,0.21878731112541713,0.20797739871786694,0.743631408502098,0.7375337529647873,21,0.8108110575356805,1.8650336539079215,388.16,molecule,xy,0.1,bytype,3,bytype,eig,0,"[0.000,3.142]",none,1,1,Z,ridge,1,1,adam,adjoint,100,14,0.8580616807880849,0.1623357819574542,6.5013477729309415,0.04814896113068838,-0.08216553005234102,0.5126604819153163,0.9869927823247971,0.2630845491750461,0.9965283213024609,21,0.21878731112541713,0.2630845491750461,0.743631408502098,0.9968140625460163,21,0.2526015642271133
B1,none_r3,quantum,55,13,92,543,189,0.5911048565134989,0.5911048565134989,0.5810671980445274,0.9863397947819093,0.3653447443307397,0.36572291206674346,0.5037345679012345,0.5179783950617284,21,0.3340883270466699,1.3980499283224423,280.15,molecule,none,0.0,fixed,3,fixed,eig,0,"[0.000,3.142]",none,1,1,Z,ridge,1,1,adam,adjoint,100,14,0.9376849667377607,0.6244153649035299,4.350380069596271,0.03879249759134236,0.0,0.0,0.9869927823247971,0.6052335743068297,0.9863397947819093,21,0.3653447443307397,0.6052335743068297,0.5037345679012345,0.9867786607296484,21,0.595742798441476
B1,zz_fixed_r3,quantum,55,13,92,543,189,0.43523634458690313,0.43523634458690313,0.41324413730033116,0.9917659532322873,0.34059077263360166,0.3298548622890611,0.44693995925317753,0.4308599404001703,21,0.5306638899496277,1.8000344503112111,376.43,molecule,zz,0.1,fixed,3,fixed,eig,0,"[0.000,3.142]",none,1,1,Z,ridge,1,1,adam,adjoint,100,14,0.7996441072772305,0.375301854734198,5.781258334845393,0.25898206821358466,0.1,0.05773502691896259,0.9869927823247971,0.4304798106241904,0.9917659532322873,21,0.34059077263360166,0.4304798106241904,0.44693995925317753,0.9920586489503131,21,0.4164970691549176
B1,xy_shuffled_r3,quantum,55,13,106,543,189,0.4691139560513555,0.4691139560513555,0.46851947242736414,0.9899148117949832,0.3811658651829431,0.3815697084571484,0.40599183543149053,0.40531479961077665,21,0.64816799445722,1.5776305189118778,396.29,molecule,xy,0.1,bytype_shuffled,3,bytype_shuffled,eig,0,"[0.000,3.142]",none,1,1,Z,ridge,1,1,adam,adjoint,100,14,0.8580616807880849,0.3018935620310806,5.49948503028032,0.12748293854345602,0.2427204662056117,0.49363705509917916,0.9869927823247971,0.4622081531694179,0.9899148117949832,21,0.3811658651829431,0.4622081531694179,0.40599183543149053,0.9899360760839583,21,0.46503377368325705
B1,krr_res,classical,55,13,543,543,189,0.5093143766898274,0.5093143766898274,0.5093143766898274,0.9886167322845524,0.37333162243853224,0.37333162243853224,0.4238265523322995,0.4238265523322995,21,,,,,,,,,,,,,,,,,,,,,,,,,,,,,,,0.5009886505256352,,,0.37333162243853224,,0.4238265523322995,,,
B1,krr_cos_cl,classical,55,13,543,543,189,0.5020514706858477,0.5020514706858477,0.5020514706858477,0.988319318765862,0.3459754306851398,0.3459754306851398,0.5052949583409353,0.5052949583409353,21,,,,,,,,,,,,,,,,,,,,,,,,,,,,,,,0.49678999197322343,,,0.3459754306851398,,0.5052949583409353,,,
B1,ridge_raw_eig,classical,55,13,14,543,189,0.6214445560470923,0.6214445560470923,0.6214445560470923,0.9845287270865175,0.4580852696935302,0.4580852696935302,0.37617109104178065,0.37617109104178065,21,,,,,,,,,,,,,,,,,,,,,,,,,,,,,,,0.6381206134852516,,,0.4580852696935302,,0.37617109104178065,,,
B1,composition,classical,55,13,0,543,189,0.6772434903104964,0.6772434903104964,0.6772434903104964,0.982159868525937,0.5105195150218055,0.5105195150218055,nan,nan,21,,,,,,,,,,,,,,,,,,,,,,,,,,,,,,,0.6924828847538372,,,0.5105195150218055,,nan,,,
B1,zz_bytype_r3,quantum,56,13,106,550,182,0.2584300014975047,0.2584300014975047,0.24876991930621734,0.9976789586316771,0.20040386745320637,0.1948769769882721,0.6520167664047585,0.6657421148437292,19,0.8439977704211755,2.089477460394927,374.96,molecule,zz,0.1,bytype,3,bytype,eig,0,"[0.000,3.142]",none,1,1,Z,ridge,1,1,adam,adjoint,100,14,0.8104999919455934,0.12643980581713188,6.693832842937934,0.027158038280096223,0.09941452991782292,0.34282949088344455,0.986580735331855,0.25653213166184935,0.9976789586316771,19,0.20040386745320637,0.25653213166184935,0.6520167664047585,0.9978081365510315,19,0.24714086588947873
B1,xy_bytype_r3,quantum,56,13,106,550,182,0.2998325577348146,0.2998325577348146,0.28075935529343893,0.9956764840041376,0.22198983546930967,0.19475968797696075,0.6611700185533665,0.7117606025970689,19,0.7916987335009765,1.7917432447254993,399.49,molecule,xy,0.1,bytype,3,bytype,eig,0,"[0.000,3.142]",none,1,1,Z,ridge,1,1,adam,adjoint,100,14,0.6799370509016334,0.14163174884242127,5.740013953244004,0.01800113458377988,0.31121486919653735,0.38827366141170433,0.986580735331855,0.27576026967391665,0.9956764840041376,19,0.22198983546930967,0.27576026967391665,0.6611700185533665,0.9962086369441661,19,0.25503916384993175
B1,none_r3,quantum,56,13,92,550,182,0.655144433103031,0.655144433103031,0.5864191792926902,0.9823813728277996,0.42871648812378876,0.37037366938089444,0.31318126977818483,0.3372338850888166,19,0.3148763916045589,1.148189186013287,282.25,molecule,none,0.0,fixed,3,fixed,eig,0,"[0.000,3.142]",none,1,1,Z,ridge,1,1,adam,adjoint,100,14,0.9064992928579001,0.6210640665307202,3.2487163977349156,0.07068735280043997,0.0,0.0,0.986580735331855,0.6477239962513014,0.9823813728277996,19,0.42871648812378876,0.6477239962513014,0.31318126977818483,0.9856925492196652,19,0.5866495887013974
B1,zz_fixed_r3,quantum,56,13,92,550,182,0.47266885269263603,0.47266885269263603,0.46572706054222773,0.9906505830559242,0.31857563051748616,0.3253164694397618,0.5919813353816561,0.569386678576473,19,0.4839159431246354,1.7745766496267181,380.01,molecule,zz,0.1,fixed,3,fixed,eig,0,"[0.000,3.142]",none,1,1,Z,ridge,1,1,adam,adjoint,100,14,0.8104999919455934,0.4182861239407322,5.1984910720941455,0.09051548658994439,0.1,0.05773502691896259,0.986580735331855,0.46403473887118907,0.9906505830559242,19,0.31857563051748616,0.46403473887118907,0.5919813353816561,0.9908811458060772,19,0.46177339386878624
B1,xy_shuffled_r3,quantum,56,13,106,550,182,0.4218998038937443,0.4218998038937443,0.40824565659937706,0.9921626495056258,0.32414560207414805,0.3166930849967037,0.5128149373477767,0.5053361658735387,19,0.5383659579862478,2.321445270956388,398.78,molecule,xy,0.1,bytype_shuffled,3,bytype_shuffled,eig,0,"[0.000,3.142]",none,1,1,Z,ridge,1,1,adam,adjoint,100,14,0.6799370509016334,0.3138820891226314,7.436963016999363,0.19724207873848174,0.43186516673235387,0.2899192388245386,0.986580735331855,0.4106377190605187,0.9921626495056258,19,0.32414560207414805,0.4106377190605187,0.5128149373477767,0.9928952296212961,19,0.40205794122367133
B1,krr_res,classical,56,13,550,550,182,0.5305006351946411,0.5305006351946411,0.5305006351946411,0.98807801164331,0.3248680327174455,0.3248680327174455,0.5849026125908589,0.5849026125908589,19,,,,,,,,,,,,,,,,,,,,,,,,,,,,,,,0.517750506699444,,,0.3248680327174455,,0.5849026125908589,,,
B1,krr_cos_cl,classical,56,13,550,550,182,0.5387715981559249,0.5387715981559249,0.5387715981559249,0.985860015304758,0.3642932681941126,0.3642932681941126,0.39635079725056505,0.39635079725056505,19,,,,,,,,,,,,,,,,,,,,,,,,,,,,,,,0.542125614165648,,,0.3642932681941126,,0.39635079725056505,,,
B1,ridge_raw_eig,classical,56,13,14,550,182,0.6390724785589591,0.6390724785589591,0.6390724785589591,0.9845862131380609,0.4600230111525247,0.4600230111525247,0.3427967469652564,0.3427967469652564,19,,,,,,,,,,,,,,,,,,,,,,,,,,,,,,,0.6435756689356823,,,0.4600230111525247,,0.3427967469652564,,,
B1,composition,classical,56,13,0,550,182,0.6608793519536887,0.6608793519536887,0.6608793519536887,0.9834799864276549,0.49979082769356153,0.49979082769356153,nan,nan,19,,,,,,,,,,,,,,,,,,,,,,,,,,,,,,,0.6675648474821353,,,0.49979082769356153,,nan,,,
B1,zz_bytype_r3,quantum,57,13,106,563,169,0.25394537339967976,0.25394537339967976,0.24090743157419364,0.9966735215007635,0.2073625864533729,0.20139718562676223,0.6441632027640966,0.6551435694186,21,0.8789744222146186,2.245599948076648,386.67,molecule,zz,0.1,bytype,3,bytype,eig,0,"[0.000,3.142]",none,1,1,Z,ridge,1,1,adam,adjoint,100,14,0.8466844744203402,0.10247047771863364,6.181225867778825,0.03297499557073014,0.17652628730789782,0.4664474622370394,0.9855171083215626,0.23997950276420243,0.9966735215007635,21,0.2073625864533729,0.23997950276420243,0.6441632027640966,0.9976109290730338,21,0.23663587282349638
B1,xy_bytype_r3,quantum,57,13,106,563,169,0.3138601669199273,0.3138601669199273,0.30752486036855725,0.9934741522208049,0.21652432288704143,0.21259655386105672,0.6040771835270211,0.6330379552008869,21,0.807166084980214,2.0742234728481392,405.31,molecule,xy,0.1,bytype,3,bytype,eig,0,"[0.000,3.142]",none,1,1,Z,ridge,1,1,adam,adjoint,100,14,0.6670357977983139,0.12862712434779527,5.709495939784073,0.04245604302126605,0.2787570886049026,0.4119489930856431,0.9855171083215626,0.27930864707337033,0.9934741522208049,21,0.21652432288704143,0.27930864707337033,0.6040771835270211,0.9938466002554034,21,0.2745083310452302
B1,none_r3,quantum,57,13,92,563,169,0.5301036283002454,0.5301036283002454,0.41983676753455934,0.9890352126826024,0.40535491633689685,0.33200255864301514,0.3589384431853117,0.32567228198074216,21,0.14541108434175593,1.4412583674453263,292.78,molecule,none,0.0,fixed,3,fixed,eig,0,"[0.000,3.142]",none,1,1,Z,ridge,1,1,adam,adjoint,100,14,0.899478200056676,0.7686840996446639,3.427930226230441,0.0962655181515004,0.0,0.0,0.9855171083215626,0.5006557078278957,0.9890352126826024,21,0.40535491633689685,0.5006557078278957,0.3589384431853117,0.9916720805971141,21,0.40593141612611766
B1,zz_fixed_r3,quantum,57,13,92,563,169,0.35394477800391494,0.35394477800391494,0.3535988312996971,0.9949925900888899,0.2624920239121156,0.2644776397620305,0.6231626180792699,0.6218175641955678,21,0.608272787872747,2.3208212804918693,394.37,molecule,zz,0.1,fixed,3,fixed,eig,0,"[0.000,3.142]",none,1,1,Z,ridge,1,1,adam,adjoint,100,14,0.8466844744203402,0.33166934871610837,5.751990006314261,0.19542920863640026,0.1,0.05773502691896259,0.9855171083215626,0.3486795685192956,0.9949925900888899,21,0.2624920239121156,0.3486795685192956,0.6231626180792699,0.9951185154243782,21,0.3495700770235196
B1,xy_shuffled_r3,quantum,57,13,106,563,169,0.42459519006171026,0.42459519006171026,0.41688241385819674,0.9922775161521139,0.3026300180398548,0.30309338681616754,0.5994140377784535,0.5809916486286925,21,0.6063186727504121,2.779032930617888,410.9,molecule,xy,0.1,bytype_shuffled,3,bytype_shuffled,eig,0,"[0.000,3.142]",none,1,1,Z,ridge,1,1,adam,adjoint,100,14,0.6670357977983139,0.26259953820022797,7.649550514488239,0.08117551434525005,0.559421579868902,0.3328369588393497,0.9855171083215626,0.4310309246218889,0.9922775161521139,21,0.3026300180398548,0.4310309246218889,0.5994140377784535,0.992847812045569,21,0.4240490894343245
B1,krr_res,classical,57,13,563,563,169,0.5314469050266524,0.5314469050266524,0.5314469050266524,0.9869046928914496,0.40628272605275434,0.40628272605275434,0.4502235879100553,0.4502235879100553,21,,,,,,,,,,,,,,,,,,,,,,,,,,,,,,,0.5016859908233252,,,0.40628272605275434,,0.4502235879100553,,,
B1,krr_cos_cl,classical,57,13,563,563,169,0.4671132506971978,0.4671132506971978,0.4671132506971978,0.9887857394856354,0.3823852877410089,0.3823852877410089,0.29219085997982347,0.29219085997982347,21,,,,,,,,,,,,,,,,,,,,,,,,,,,,,,,0.45587072610247736,,,0.3823852877410089,,0.29219085997982347,,,
B1,ridge_raw_eig,classical,57,13,14,563,169,0.5198241985346743,0.5198241985346743,0.5198241985346743,0.987873418393472,0.3956751044922813,0.3956751044922813,0.14565314967748572,0.14565314967748572,21,,,,,,,,,,,,,,,,,,,,,,,,,,,,,,,0.49580323795224174,,,0.3956751044922813,,0.14565314967748572,,,
B1,composition,classical,57,13,0,563,169,0.5854978224540138,0.5854978224540138,0.5854978224540138,0.9872642712830595,0.4384995600700121,0.4384995600700121,nan,nan,21,,,,,,,,,,,,,,,,,,,,,,,,,,,,,,,0.5877686764981654,,,0.4384995600700121,,nan,,,
B1,zz_bytype_r3,quantum,58,13,106,539,193,0.288908115488564,0.288908115488564,0.27721904857282165,0.9946302728192323,0.15796725740072956,0.15712923853643407,0.6685343184961587,0.6497345257746928,20,0.8197528538090867,2.205245329037671,371.88,molecule,zz,0.1,bytype,3,bytype,eig,0,"[0.000,3.142]",none,1,1,Z,ridge,1,1,adam,adjoint,100,14,0.7454551642410183,0.13436616596772208,6.541094187336119,0.04665785543629968,0.1577352292135603,0.38002690372613257,0.9863195855794464,0.23905936547774084,0.9946302728192323,20,0.15796725740072956,0.23905936547774084,0.6685343184961587,0.9958416867768364,20,0.23852465200482065
B1,xy_bytype_r3,quantum,58,13,106,539,193,0.28237415325561765,0.28237415325561765,0.2639037952779684,0.9951876244457049,0.18012102010798317,0.16991421936192846,0.7195810342274531,0.7176106203803622,20,0.8733087149519065,2.3243457735503155,386.27,molecule,xy,0.1,bytype,3,bytype,eig,0,"[0.000,3.142]",none,1,1,Z,ridge,1,1,adam,adjoint,100,14,0.8547484099396675,0.10828917444807107,6.89436428162117,0.039752486751610625,0.3371949524001841,0.5475893625688398,0.9863195855794464,0.238947766906415,0.9951876244457049,20,0.18012102010798317,0.238947766906415,0.7195810342274531,0.9960020635769931,20,0.2222110384259814
B1,none_r3,quantum,58,13,92,539,193,0.5962684791272271,0.5962684791272271,0.5902654971918118,0.9849994759856424,0.3788639751037328,0.3759133692249637,0.46822231665498015,0.47232809723393354,20,0.2716936405983469,1.302422733908376,279.04,molecule,none,0.0,fixed,3,fixed,eig,0,"[0.000,3.142]",none,1,1,Z,ridge,1,1,adam,adjoint,100,14,0.8215482049297134,0.5983387822053228,3.375862626565183,0.03817660721296083,0.0,0.0,0.9863195855794464,0.5826356084635385,0.9849994759856424,20,0.3788639751037328,0.5826356084635385,0.46822231665498015,0.9856634617321114,20,0.5836741337229053
B1,zz_fixed_r3,quantum,58,13,92,539,193,0.4834074939079238,0.4834074939079238,0.4724225816349813,0.9878340112743612,0.32109224971194905,0.3107606536820566,0.560557667385808,0.5667098678515912,20,0.5750466913950163,1.7891852169006708,374.27,molecule,zz,0.1,fixed,3,fixed,eig,0,"[0.000,3.142]",none,1,1,Z,ridge,1,1,adam,adjoint,100,14,0.7454551642410183,0.3167836384608923,4.816463113385443,0.08592695997852959,0.1,0.05773502691896259,0.9863195855794464,0.4527171091341719,0.9878340112743612,20,0.32109224971194905,0.4527171091341719,0.560557667385808,0.9893373545665506,20,0.44413417270465483
B1,xy_shuffled_r3,quantum,58,13,106,539,193,0.46749354501169754,0.46749354501169754,0.4493870889960756,0.9846299165588046,0.3046001303891521,0.30072695078623235,0.6167333847004656,0.6322063044690358,20,0.7157380206421342,1.7666988704783213,385.88,molecule,xy,0.1,bytype_shuffled,3,bytype_shuffled,eig,0,"[0.000,3.142]",none,1,1,Z,ridge,1,1,adam,adjoint,100,14,0.8547484099396675,0.2429724748624384,5.240298464888678,0.1081187992735343,0.3489055970851736,0.26642817347549713,0.9863195855794464,0.38607339853106026,0.9846299165588046,20,0.3046001303891521,0.38607339853106026,0.6167333847004656,0.9878636130266178,20,0.382588616899776
B1,krr_res,classical,58,13,539,539,193,0.566423788671467,0.566423788671467,0.566423788671467,0.9854587071004145,0.41814244826164493,0.41814244826164493,0.2961427411866469,0.2961427411866469,20,,,,,,,,,,,,,,,,,,,,,,,,,,,,,,,0.5304053117431273,,,0.41814244826164493,,0.2961427411866469,,,
B1,krr_cos_cl,classical,58,13,539,539,193,0.5423321698262551,0.5423321698262551,0.5423321698262551,0.9866680878042895,0.35141852709593246,0.35141852709593246,0.4062830764886146,0.4062830764886146,20,,,,,,,,,,,,,,,,,,,,,,,,,,,,,,,0.5275854995748422,,,0.35141852709593246,,0.4062830764886146,,,
B1,ridge_raw_eig,classical,58,13,14,539,193,0.6299596531797972,0.6299596531797972,0.6299596531797972,0.9832073010112822,0.4386937303000417,0.4386937303000417,0.403287239145788,0.403287239145788,20,,,,,,,,,,,,,,,,,,,,,,,,,,,,,,,0.6167477100463153,,,0.4386937303000417,,0.403287239145788,,,
B1,composition,classical,58,13,0,539,193,0.64605028998835,0.64605028998835,0.64605028998835,0.98448959448443,0.49670997776347203,0.49670997776347203,nan,nan,20,,,,,,,,,,,,,,,,,,,,,,,,,,,,,,,0.6622567032923451,,,0.49670997776347203,,nan,,,
B1,zz_bytype_r3,quantum,59,13,106,550,182,0.2571172604760432,0.2571172604760432,0.2573466639605066,0.9977358185730244,0.18180749242242075,0.18305896214040776,0.664718467806703,0.6592299367299367,22,0.7861526688629763,2.5196493022914828,377.7,molecule,zz,0.1,bytype,3,bytype,eig,0,"[0.000,3.142]",none,1,1,Z,ridge,1,1,adam,adjoint,100,14,0.7163923877627824,0.1531986001699508,7.4731123908060395,0.019102469083815833,0.21036573741744782,0.535293379628636,0.9852434021522356,0.2545138106598009,0.9977358185730244,22,0.18180749242242075,0.2545138106598009,0.664718467806703,0.9977065960009308,22,0.25740519270522394
B1,xy_bytype_r3,quantum,59,13,106,550,182,0.2951568759692997,0.2951568759692997,0.29560741562554765,0.997167367412031,0.21478047827086277,0.21892620377384953,0.5981496444731738,0.542855526826115,22,0.8652808934966192,2.4416199766648465,395.56,molecule,xy,0.1,bytype,3,bytype,eig,0,"[0.000,3.142]",none,1,1,Z,ridge,1,1,adam,adjoint,100,14,0.758319086447423,0.10216006977065681,7.2416825963277605,0.016976505341767974,0.34033532716211273,0.7395743643564322,0.9852434021522356,0.28543413333581724,0.997167367412031,22,0.21478047827086277,0.28543413333581724,0.5981496444731738,0.9970090238930759,22,0.28782311578742625
B1,none_r3,quantum,59,13,92,550,182,0.5923252193494242,0.5923252193494242,0.5337591599456114,0.9889429751391697,0.4578979379574429,0.41076848859609927,0.34036316624551916,0.41611927288397876,22,0.14703227606734132,0.9521411832504568,282.99,molecule,none,0.0,fixed,3,fixed,eig,0,"[0.000,3.142]",none,1,1,Z,ridge,1,1,adam,adjoint,100,14,0.7624059576401774,0.6503076744010411,2.467728867146517,0.002439151711147947,0.0,0.0,0.9852434021522356,0.5912340021277657,0.9889429751391697,22,0.4578979379574429,0.5912340021277657,0.34036316624551916,0.9898564911978736,22,0.5350693070252915
B1,zz_fixed_r3,quantum,59,13,92,550,182,0.4500181272836998,0.4500181272836998,0.4421664841711676,0.9929518374356773,0.3382132777032754,0.3286247123420752,0.6621015259250553,0.667538539891481,22,0.4936104139443801,2.1905348012378436,377.93,molecule,zz,0.1,fixed,3,fixed,eig,0,"[0.000,3.142]",none,1,1,Z,ridge,1,1,adam,adjoint,100,14,0.7163923877627824,0.3627736446925925,5.896411059647526,0.35301196010781233,0.1,0.05773502691896259,0.9852434021522356,0.42291998900621436,0.9929518374356773,22,0.3382132777032754,0.42291998900621436,0.6621015259250553,0.9932595896261658,22,0.41696035655676933
B1,xy_shuffled_r3,quantum,59,13,106,550,182,0.42605691951686825,0.42605691951686825,0.4202315346519806,0.9932971026594308,0.3735597947607284,0.36440922599154135,0.5840092260680495,0.5942693580928875,22,0.5362230559860953,2.3228807160219835,394.46,molecule,xy,0.1,bytype_shuffled,3,bytype_shuffled,eig,0,"[0.000,3.142]",none,1,1,Z,ridge,1,1,adam,adjoint,100,14,0.758319086447423,0.35169090850000184,6.889509839913473,0.01911028435890183,0.33244824551567154,0.28000364919568993,0.9852434021522356,0.40523838726964573,0.9932971026594308,22,0.3735597947607284,0.40523838726964573,0.5840092260680495,0.9935696690354834,22,0.4037718591983486
B1,krr_res,classical,59,13,550,550,182,0.5442803566660749,0.5442803566660749,0.5442803566660749,0.988717915943649,0.41497336633973786,0.41497336633973786,0.502532124738007,0.502532124738007,22,,,,,,,,,,,,,,,,,,,,,,,,,,,,,,,0.4984427607713089,,,0.41497336633973786,,0.502532124738007,,,
B1,krr_cos_cl,classical,59,13,550,550,182,0.5073353656409598,0.5073353656409598,0.5073353656409598,0.9906898665536142,0.39048672832124737,0.39048672832124737,0.37801693404634573,0.37801693404634573,22,,,,,,,,,,,,,,,,,,,,,,,,,,,,,,,0.49537610280050615,,,0.39048672832124737,,0.37801693404634573,,,
B1,ridge_raw_eig,classical,59,13,14,550,182,0.6059834020978668,0.6059834020978668,0.6059834020978668,0.9880224878868227,0.5218526275789928,0.5218526275789928,0.3851831012125129,0.3851831012125129,22,,,,,,,,,,,,,,,,,,,,,,,,,,,,,,,0.6040278853122423,,,0.5218526275789928,,0.3851831012125129,,,
B1,composition,classical,59,13,0,550,182,0.6486960579052016,0.6486960579052016,0.6486960579052016,0.9868948163175864,0.5863225750932234,0.5863225750932234,nan,nan,22,,,,,,,,,,,,,,,,,,,,,,,,,,,,,,,0.6506687252257675,,,0.5863225750932234,,nan,,,
B1,zz_bytype_r3,quantum,60,13,106,546,186,0.29002276998479826,0.29002276998479826,0.2838129390338308,0.9948607723788451,0.2598134533784502,0.25440923495976797,0.647983603869908,0.6389149328788399,20,0.8367300491127105,2.3237234059610627,374.87,molecule,zz,0.1,bytype,3,bytype,eig,0,"[0.000,3.142]",none,1,1,Z,ridge,1,1,adam,adjoint,100,14,0.8204980918062107,0.13396268315231474,6.953930015009543,0.028791604752856356,0.15425089798853447,0.6995409547957759,0.9857758184919413,0.28510135445881707,0.9948607723788451,20,0.2598134533784502,0.28510135445881707,0.647983603869908,0.9951458770795949,20,0.2792442183000292
B1,xy_bytype_r3,quantum,60,13,106,546,186,0.3104588748349641,0.3104588748349641,0.3115535490211635,0.994386064749491,0.2900103327546061,0.29216482953974915,0.5857659433969099,0.5834411919392809,20,0.8828326587828955,2.119625003238366,392.92,molecule,xy,0.1,bytype,3,bytype,eig,0,"[0.000,3.142]",none,1,1,Z,ridge,1,1,adam,adjoint,100,14,0.8818083800204791,0.10331914334996166,6.3431490567130595,0.021983725139802058,0.16988678307126204,0.5479059381777903,0.9857758184919413,0.30292854411461073,0.994386064749491,20,0.2900103327546061,0.30292854411461073,0.5857659433969099,0.9943412093493621,20,0.3046344850005308
B1,none_r3,quantum,60,13,92,546,186,0.5744837195241026,0.5744837195241026,0.5713794826077309,0.9880435749396298,0.44011118927010834,0.44379970315698064,0.29923158850211357,0.26141898466677915,20,0.2701631255528983,1.1452840350116589,281.83,molecule,none,0.0,fixed,3,fixed,eig,0,"[0.000,3.142]",none,1,1,Z,ridge,1,1,adam,adjoint,100,14,0.915788911046378,0.6683765164914034,2.998828949920629,0.34408689003343473,0.0,0.0,0.9857758184919413,0.5811720363806575,0.9880435749396298,20,0.44011118927010834,0.5811720363806575,0.29923158850211357,0.9883980467587946,20,0.5746578544071878
B1,zz_fixed_r3,quantum,60,13,92,546,186,0.4469212809577931,0.4469212809577931,0.42310698658164486,0.9906111942500991,0.32212300654035475,0.3189289418826743,0.5298767135141744,0.5165934103493374,20,0.602244936367657,2.358887247445145,375.47,molecule,zz,0.1,fixed,3,fixed,eig,0,"[0.000,3.142]",none,1,1,Z,ridge,1,1,adam,adjoint,100,14,0.8204980918062107,0.32635727071659537,6.4124345867193355,0.4296107085783186,0.1,0.05773502691896259,0.9857758184919413,0.43955797653210577,0.9906111942500991,20,0.32212300654035475,0.43955797653210577,0.5298767135141744,0.9919726959712473,20,0.41588799236285323
B1,xy_shuffled_r3,quantum,60,13,106,546,186,0.409575424008213,0.409575424008213,0.38987029295226866,0.9930414459559728,0.3350768787500032,0.3244277490060347,0.5417331901792662,0.5572448889128248,20,0.7073931695896799,1.8848476456926508,391.97,molecule,xy,0.1,bytype_shuffled,3,bytype_shuffled,eig,0,"[0.000,3.142]",none,1,1,Z,ridge,1,1,adam,adjoint,100,14,0.8818083800204791,0.2580231551070514,5.640558847700406,0.1532526944086478,0.25735778986856206,0.22543606378073625,0.9857758184919413,0.38718075590376416,0.9930414459559728,20,0.3350768787500032,0.38718075590376416,0.5417331901792662,0.9937871611790325,20,0.3748540955187439
B1,krr_res,classical,60,13,546,546,186,0.45517593700828346,0.45517593700828346,0.45517593700828346,0.9905543563675956,0.3572651895912224,0.3572651895912224,0.50444185413617,0.50444185413617,20,,,,,,,,,,,,,,,,,,,,,,,,,,,,,,,0.4344682283679972,,,0.3572651895912224,,0.50444185413617,,,
B1,krr_cos_cl,classical,60,13,546,546,186,0.4781079538468095,0.4781079538468095,0.4781079538468095,0.991918426637883,0.38991089669885776,0.38991089669885776,0.37865541393193053,0.37865541393193053,20,,,,,,,,,,,,,,,,,,,,,,,,,,,,,,,0.48307489017573796,,,0.38991089669885776,,0.37865541393193053,,,
B1,ridge_raw_eig,classical,60,13,14,546,186,0.6020803220193923,0.6020803220193923,0.6020803220193923,0.9875759975368221,0.463509779332446,0.463509779332446,0.2536478880756015,0.2536478880756015,20,,,,,,,,,,,,,,,,,,,,,,,,,,,,,,,0.6053640498519044,,,0.463509779332446,,0.2536478880756015,,,
B1,composition,classical,60,13,0,546,186,0.6316259425881119,0.6316259425881119,0.6316259425881119,0.9863105741614548,0.4980485566921218,0.4980485566921218,nan,nan,20,,,,,,,,,,,,,,,,,,,,,,,,,,,,,,,0.6367435542204886,,,0.4980485566921218,,nan,,,
B1,zz_bytype_r3,quantum,61,13,106,546,186,0.28531870743113485,0.28531870743113485,0.28025460408390884,0.9949212748456243,0.23535986195691133,0.23431165649295158,0.5054788454635014,0.5203510689780175,24,0.859809615977967,2.2427571800505106,376.71,molecule,zz,0.1,bytype,3,bytype,eig,0,"[0.000,3.142]",none,1,1,Z,ridge,1,1,adam,adjoint,100,14,0.8515061703913179,0.11937297702428952,6.661748780279869,0.017943733786016672,0.14590778261929077,0.47533303726370296,0.9867327931750073,0.26877031572288945,0.9949212748456243,24,0.23535986195691133,0.26877031572288945,0.5054788454635014,0.9951737062825491,24,0.26604312344643116
B1,xy_bytype_r3,quantum,61,13,106,546,186,0.33326720510186986,0.33326720510186986,0.32071367272738127,0.9946870292573912,0.27587547468590456,0.27447125637691455,0.5079950062941965,0.506832641907101,24,0.811211093932655,2.2409916040880495,392.18,molecule,xy,0.1,bytype,3,bytype,eig,0,"[0.000,3.142]",none,1,1,Z,ridge,1,1,adam,adjoint,100,14,0.7148649104055561,0.13495856442139556,6.656504421408102,0.014715414977465917,0.07905884442081897,0.2090392381421919,0.9867327931750073,0.31951408868365944,0.9946870292573912,24,0.27587547468590456,0.31951408868365944,0.5079950062941965,0.9953779703988838,24,0.3159246325863952
B1,none_r3,quantum,61,13,92,546,186,0.5931093275188857,0.5931093275188857,0.5666564440615446,0.9852786535150341,0.4602493745853032,0.44403445469909564,0.25521404680660853,0.23820364664536792,24,0.31131356799216064,1.309098700896474,282.77,molecule,none,0.0,fixed,3,fixed,eig,0,"[0.000,3.142]",none,1,1,Z,ridge,1,1,adam,adjoint,100,14,0.8993950392966505,0.6194011605787607,3.3986468457350862,0.007556033129576682,0.0,0.0,0.9867327931750073,0.6052826944785998,0.9852786535150341,24,0.4602493745853032,0.6052826944785998,0.25521404680660853,0.9860129529267367,24,0.5684185316005703
B1,zz_fixed_r3,quantum,61,13,92,546,186,0.4282398513187153,0.4282398513187153,0.40919142065854314,0.9902028672379757,0.34958184900962835,0.3374851334074385,0.39677201959878333,0.4197778317442826,24,0.6439860770498931,2.016389922980815,379.22,molecule,zz,0.1,fixed,3,fixed,eig,0,"[0.000,3.142]",none,1,1,Z,ridge,1,1,adam,adjoint,100,14,0.8515061703913179,0.3031480521372353,5.436536289818743,0.21794044199943266,0.1,0.05773502691896259,0.9867327931750073,0.4182270456054837,0.9902028672379757,24,0.34958184900962835,0.4182270456054837,0.39677201959878333,0.9912496826755086,24,0.41231459305223755
B1,xy_shuffled_r3,quantum,61,13,106,546,186,0.47839370271559273,0.47839370271559273,0.4713479306841261,0.9891468436862864,0.4016009648640919,0.3959333662414412,0.31680425183893024,0.29294023401774705,24,0.5970608531573184,1.9525590090696239,392.43,molecule,xy,0.1,bytype_shuffled,3,bytype_shuffled,eig,0,"[0.000,3.142]",none,1,1,Z,ridge,1,1,adam,adjoint,100,14,0.7148649104055561,0.28804705710658485,5.799761879171015,0.011547713677475422,0.18879381541409204,0.187223190806614,0.9867327931750073,0.48785709208742334,0.9891468436862864,24,0.4016009648640919,0.48785709208742334,0.31680425183893024,0.9893014838333004,24,0.4794746086422523
B1,krr_res,classical,61,13,546,546,186,0.46321101160525857,0.46321101160525857,0.46321101160525857,0.9902286850931681,0.3775639274500111,0.3775639274500111,0.5463281637265315,0.5463281637265315,24,,,,,,,,,,,,,,,,,,,,,,,,,,,,,,,0.47327359333353725,,,0.3775639274500111,,0.5463281637265315,,,
B1,krr_cos_cl,classical,61,13,546,546,186,0.5110973422496596,0.5110973422496596,0.5110973422496596,0.9878260187543915,0.41658316095059694,0.41658316095059694,0.22415422211224978,0.22415422211224978,24,,,,,,,,,,,,,,,,,,,,,,,,,,,,,,,0.5176753201840595,,,0.41658316095059694,,0.22415422211224978,,,
B1,ridge_raw_eig,classical,61,13,14,546,186,0.6460167178375466,0.6460167178375466,0.6460167178375466,0.9837072377826378,0.5136730286198663,0.5136730286198663,0.2339203573225821,0.2339203573225821,24,,,,,,,,,,,,,,,,,,,,,,,,,,,,,,,0.652059583854898,,,0.5136730286198663,,0.2339203573225821,,,
B1,composition,classical,61,13,0,546,186,0.6674275043031215,0.6674275043031215,0.6674275043031215,0.9823238571127122,0.542855158145681,0.542855158145681,nan,nan,24,,,,,,,,,,,,,,,,,,,,,,,,,,,,,,,0.6722730102081416,,,0.542855158145681,,nan,,,
B4,zz_bytype_r3,quantum,42,13,114,617,221,0.36205443916769164,0.36205443916769164,0.36276976240700004,0.9647505703291761,0.32282624718912695,0.3184312937498785,0.8668477082553736,0.8661927550887635,8,0.8742887668147026,3.1581613646516855,426.87,molecule,zz,0.1,bytype,3,bytype,eig,0,"[0.000,3.142]",none,1,1,Z,ridge,1,1,adam,adjoint,100,22,0.6051355288094104,0.07607233357086808,7.9725211337539825,0.009777884287316817,0.13107314720362995,0.425128735300559,0.8285592892788034,0.35839757491763946,0.9647505703291761,8,0.32282624718912695,0.35839757491763946,0.8668477082553736,0.9654626735253966,8,0.3590532386448077
B4,xy_bytype_r3,quantum,42,13,114,617,221,0.3918549791973427,0.3918549791973427,0.3946636149275784,0.9600120163125295,0.36053176166328266,0.3626941006171932,0.7946835112658082,0.7787580272061776,8,0.8405673206247422,2.7641564168605117,445.03,molecule,xy,0.1,bytype,3,bytype,eig,0,"[0.000,3.142]",none,1,1,Z,ridge,1,1,adam,adjoint,100,22,0.5144585659063571,0.08202150759000319,6.977887734641644,0.01120602639819568,0.003655397780992261,0.9353930975605936,0.8285592892788034,0.38780485199416753,0.9600120163125295,8,0.36053176166328266,0.38780485199416753,0.7946835112658082,0.9605297846458545,8,0.39030215499777776
B4,none_r3,quantum,42,13,92,617,221,0.8011551960607394,0.8011551960607394,0.7993381683979227,0.8572484955983258,0.7448450231023479,0.7450281061526335,0.45026374624674076,0.4463794240832139,8,0.1398105412521962,1.257502363374435,317.26,molecule,none,0.0,fixed,3,fixed,eig,0,"[0.000,3.142]",none,1,1,Z,ridge,1,1,adam,adjoint,100,22,0.6041042101051486,0.5196440735176173,2.584641402824476,0.003316206859659693,0.0,0.0,0.8285592892788034,0.8120174094609559,0.8572484955983258,8,0.7448450231023479,0.8120174094609559,0.45026374624674076,0.8590629164233141,8,0.8090176601351434
B4,zz_fixed_r3,quantum,42,13,92,617,221,0.5938317850014241,0.5938317850014241,0.5909156709592182,0.9165185163041758,0.5502145346763612,0.5435946243904541,0.7454531489587122,0.7631248908162784,8,0.6460887997000229,3.266798400441324,421.45,molecule,zz,0.1,fixed,3,fixed,eig,0,"[0.000,3.142]",none,1,1,Z,ridge,1,1,adam,adjoint,100,22,0.6051355288094104,0.21416424134509982,7.041182052035024,0.2794676741048195,0.1,0.051329724338964995,0.8285592892788034,0.5909345389872349,0.9165185163041758,8,0.5502145346763612,0.5909345389872349,0.7454531489587122,0.9169114122400644,8,0.5871301872058956
B4,xy_shuffled_r3,quantum,42,13,114,617,221,0.5284023418087266,0.5284023418087266,0.5312965424540105,0.9336996169097701,0.4665069375680485,0.46938332314975323,0.8056072420693633,0.8050159236991509,8,0.6246475165529559,1.6436722870676508,439.77,molecule,xy,0.1,bytype_shuffled,3,bytype_shuffled,eig,0,"[0.000,3.142]",none,1,1,Z,ridge,1,1,adam,adjoint,100,22,0.5144585659063571,0.19310330034355594,4.149316812080581,0.14410358118042046,0.26341060523809784,0.18470529383283907,0.8285592892788034,0.5174479520484861,0.9336996169097701,8,0.4665069375680485,0.5174479520484861,0.8056072420693633,0.9342592430098838,8,0.521605455741352
B4,krr_res,classical,42,13,617,617,221,0.6709750197538075,0.6709750197538075,0.6709750197538075,0.8907038719296232,0.6353421029034119,0.6353421029034119,0.6212733645650754,0.6212733645650754,8,,,,,,,,,,,,,,,,,,,,,,,,,,,,,,,0.6635257154216722,,,0.6353421029034119,,0.6212733645650754,,,
B4,krr_cos_cl,classical,42,13,617,617,221,0.799797913476417,0.799797913476417,0.799797913476417,0.8591481448535339,0.7405489711308253,0.7405489711308253,0.46462833344234167,0.46462833344234167,8,,,,,,,,,,,,,,,,,,,,,,,,,,,,,,,0.8021229514946189,,,0.7405489711308253,,0.46462833344234167,,,
B4,ridge_raw_eig,classical,42,13,14,617,221,0.8041763665337524,0.8041763665337524,0.8041763665337524,0.8536042568877393,0.743022962753271,0.743022962753271,0.48779521395356434,0.48779521395356434,8,,,,,,,,,,,,,,,,,,,,,,,,,,,,,,,0.8037901683947662,,,0.743022962753271,,0.48779521395356434,,,
B4,composition,classical,42,13,0,617,221,0.9731635453113865,0.9731635453113865,0.9731635453113865,0.7862758329733619,0.8726731279961057,0.8726731279961057,nan,nan,8,,,,,,,,,,,,,,,,,,,,,,,,,,,,,,,0.9758654270709888,,,0.8726731279961057,,nan,,,
B4,zz_bytype_r3,quantum,43,13,114,637,201,0.43053489518252447,0.43053489518252447,0.41904711903735575,0.9651121194371014,0.3899700681472638,0.3717929139646056,0.7730908869966621,0.7693519737592686,10,0.8383359923094765,2.3015997539077833,438.73,molecule,zz,0.1,bytype,3,bytype,eig,0,"[0.000,3.142]",none,1,1,Z,ridge,1,1,adam,adjoint,100,22,0.5427797294272972,0.08774794635239484,6.773816511237006,0.02289862603207738,0.21533821763489874,0.665462093473665,0.8145570762572534,0.4222524071352374,0.9651121194371014,10,0.3899700681472638,0.4222524071352374,0.7730908869966621,0.9668444194595328,10,0.4116671179178187
B4,xy_bytype_r3,quantum,43,13,114,637,201,0.5593809010918931,0.5593809010918931,0.5493743709194339,0.9310797793237136,0.4866414325776154,0.47507838832033833,0.6932326930047296,0.6969972198695602,10,0.8177125065847562,2.246319031403416,455.98,molecule,xy,0.1,bytype,3,bytype,eig,0,"[0.000,3.142]",none,1,1,Z,ridge,1,1,adam,adjoint,100,22,0.62281188692527,0.11353081773682572,6.611120338621671,0.08098746911992172,0.18120566694459533,0.6667082571157104,0.8145570762572534,0.5584521705292849,0.9310797793237136,10,0.4866414325776154,0.5584521705292849,0.6932326930047296,0.9341116677199631,10,0.5488937032922951
B4,none_r3,quantum,43,13,92,637,201,0.8014190884260891,0.8014190884260891,0.8508998142952618,0.9024264525606985,0.6684885163449655,0.7125515516182259,0.5246384681035137,0.38992716857458504,10,0.12268508928451698,1.436671880891794,324.85,molecule,none,0.0,fixed,3,fixed,eig,0,"[0.000,3.142]",none,1,1,Z,ridge,1,1,adam,adjoint,100,22,0.6483411872540553,0.5687993908089618,3.5543966089179326,0.019922362076234594,0.0,0.0,0.8145570762572534,0.7973268110361629,0.9024264525606985,10,0.6684885163449655,0.7973268110361629,0.5246384681035137,0.8869111343812982,10,0.865731246377046
B4,zz_fixed_r3,quantum,43,13,92,637,201,0.6125726859983387,0.6125726859983387,0.6139856675526899,0.9316096112741573,0.499608234597768,0.5147710535335119,0.7409891561107366,0.7205035745309301,10,0.5249494803220383,2.5466369739177632,433.85,molecule,zz,0.1,fixed,3,fixed,eig,0,"[0.000,3.142]",none,1,1,Z,ridge,1,1,adam,adjoint,100,22,0.5427797294272972,0.25784779253510104,6.555168318265661,0.19332672586845803,0.1,0.051329724338964995,0.8145570762572534,0.5896742330238265,0.9316096112741573,10,0.499608234597768,0.5896742330238265,0.7409891561107366,0.9323429027555801,10,0.5975953950637977
B4,xy_shuffled_r3,quantum,43,13,114,637,201,0.6125687428861171,0.6125687428861171,0.589450009031165,0.937969748871064,0.5288731837948998,0.5220169699471038,0.7241683530437331,0.7415706611755244,10,0.6688418961004652,2.4117182193331668,452.59,molecule,xy,0.1,bytype_shuffled,3,bytype_shuffled,eig,0,"[0.000,3.142]",none,1,1,Z,ridge,1,1,adam,adjoint,100,22,0.62281188692527,0.2062492035602639,7.09790512743714,0.25588231351651236,0.09238562912697983,0.9678090734433126,0.8145570762572534,0.6024105104617626,0.937969748871064,10,0.5288731837948998,0.6024105104617626,0.7241683530437331,0.9413421128331789,10,0.5853785147156426
B4,krr_res,classical,43,13,637,637,201,0.5765475798865375,0.5765475798865375,0.5765475798865375,0.89943634595476,0.49201746730293755,0.49201746730293755,0.7017366716454861,0.7017366716454861,10,,,,,,,,,,,,,,,,,,,,,,,,,,,,,,,0.5167708829482613,,,0.49201746730293755,,0.7017366716454861,,,
B4,krr_cos_cl,classical,43,13,637,637,201,0.8337890967596739,0.8337890967596739,0.8337890967596739,0.8844478898571131,0.7056209258628989,0.7056209258628989,0.4469189439554181,0.4469189439554181,10,,,,,,,,,,,,,,,,,,,,,,,,,,,,,,,0.8462848154677824,,,0.7056209258628989,,0.4469189439554181,,,
B4,ridge_raw_eig,classical,43,13,14,637,201,0.8436658623014225,0.8436658623014225,0.8436658623014225,0.8948489058244171,0.6967357492530546,0.6967357492530546,0.4761868383448931,0.4761868383448931,10,,,,,,,,,,,,,,,,,,,,,,,,,,,,,,,0.8390955973016778,,,0.6967357492530546,,0.4761868383448931,,,
B4,composition,classical,43,13,0,637,201,0.956120568599693,0.956120568599693,0.956120568599693,0.8387557372460737,0.8420082830290694,0.8420082830290694,nan,nan,10,,,,,,,,,,,,,,,,,,,,,,,,,,,,,,,0.9645449181204725,,,0.8420082830290694,,nan,,,
B4,zz_bytype_r3,quantum,44,13,114,638,200,0.3433652647353269,0.3433652647353269,0.35103462404648317,0.9662138855657613,0.32612566233418044,0.3348734375693632,0.8631330162026728,0.8498536546766731,9,0.8655970990297915,3.003988757532269,438.86,molecule,zz,0.1,bytype,3,bytype,eig,0,"[0.000,3.142]",none,1,1,Z,ridge,1,1,adam,adjoint,100,22,0.545994023888297,0.07338318072298447,8.677780818829627,0.009772352214142922,0.036622067894333636,1.0466354017410917,0.8403390802079029,0.3417511490729852,0.9662138855657613,9,0.32612566233418044,0.3417511490729852,0.8631330162026728,0.9651625039650369,9,0.34860698206155083
B4,xy_bytype_r3,quantum,44,13,114,638,200,0.38021757393173145,0.38021757393173145,0.37316051087288143,0.9599516366421696,0.3615877018855989,0.3573144740116903,0.89546515488333,0.9002276990301029,9,0.8719294089438799,2.7894599140623364,459.84,molecule,xy,0.1,bytype,3,bytype,eig,0,"[0.000,3.142]",none,1,1,Z,ridge,1,1,adam,adjoint,100,22,0.61400872210373,0.07863645995343774,8.058060029834934,0.005669520202701945,0.1338003159110421,0.771546007395616,0.8403390802079029,0.3748837099934885,0.9599516366421696,9,0.3615877018855989,0.3748837099934885,0.89546515488333,0.9610366416747287,9,0.3679903452809479
B4,none_r3,quantum,44,13,92,638,200,0.9182970427775987,0.9182970427775987,0.8722139049050978,0.8103051144983973,0.8215584856733781,0.7881495277421808,0.3454640791524055,0.3904688858280695,9,0.12222887116835623,1.4371376948361823,329.74,molecule,none,0.0,fixed,3,fixed,eig,0,"[0.000,3.142]",none,1,1,Z,ridge,1,1,adam,adjoint,100,22,0.5945783158339286,0.5219036794683651,3.4774581553209805,0.0021390632726574254,0.0,0.0,0.8403390802079029,0.9162983901790098,0.8103051144983973,9,0.8215584856733781,0.9162983901790098,0.3454640791524055,0.8266271207491713,9,0.8731049024149928
B4,zz_fixed_r3,quantum,44,13,92,638,200,0.6461422676996718,0.6461422676996718,0.6006025899489376,0.9000473126283269,0.5445594956181822,0.49676615455814727,0.7423965595112499,0.7548568406980843,9,0.5951377083267129,2.6586534590504254,435.42,molecule,zz,0.1,fixed,3,fixed,eig,0,"[0.000,3.142]",none,1,1,Z,ridge,1,1,adam,adjoint,100,22,0.545994023888297,0.22105239175133543,6.699038859178664,0.39042384770659366,0.1,0.051329724338964995,0.8403390802079029,0.6410942610354313,0.9000473126283269,9,0.5445594956181822,0.6410942610354313,0.7423965595112499,0.9048685220807564,9,0.6000934634962198
B4,xy_shuffled_r3,quantum,44,13,114,638,200,0.5607355841590296,0.5607355841590296,0.5448126257605749,0.9210464001434334,0.47549712731003624,0.4637509442243478,0.8229922185508332,0.8227525057568512,9,0.6924969673151438,2.1190791251793377,455.02,molecule,xy,0.1,bytype_shuffled,3,bytype_shuffled,eig,0,"[0.000,3.142]",none,1,1,Z,ridge,1,1,adam,adjoint,100,22,0.61400872210373,0.18880954414185014,6.121495674694112,0.04793027722264295,0.32084063312994504,0.23228031549182002,0.8403390802079029,0.5549141203992521,0.9210464001434334,9,0.47549712731003624,0.5549141203992521,0.8229922185508332,0.9185267735605802,9,0.5472915287357794
B4,krr_res,classical,44,13,638,638,200,0.618379248774164,0.618379248774164,0.618379248774164,0.8924304769768527,0.5715593110597855,0.5715593110597855,0.6449326681329828,0.6449326681329828,9,,,,,,,,,,,,,,,,,,,,,,,,,,,,,,,0.6195000643037734,,,0.5715593110597855,,0.6449326681329828,,,
B4,krr_cos_cl,classical,44,13,638,638,200,0.8615136124190156,0.8615136124190156,0.8615136124190156,0.8351983995513313,0.759703798772655,0.759703798772655,0.5225800406647632,0.5225800406647632,9,,,,,,,,,,,,,,,,,,,,,,,,,,,,,,,0.8622325756976552,,,0.759703798772655,,0.5225800406647632,,,
B4,ridge_raw_eig,classical,44,13,14,638,200,0.8906535074024968,0.8906535074024968,0.8906535074024968,0.8200237150670744,0.7931009198630657,0.7931009198630657,0.4022690898110964,0.4022690898110964,9,,,,,,,,,,,,,,,,,,,,,,,,,,,,,,,0.8895444071112867,,,0.7931009198630657,,0.4022690898110964,,,
B4,composition,classical,44,13,0,638,200,1.0190053222878577,1.0190053222878577,1.0190053222878577,0.7428694870944461,0.9636136126744006,0.9636136126744006,nan,nan,9,,,,,,,,,,,,,,,,,,,,,,,,,,,,,,,1.0205172621773706,,,0.9636136126744006,,nan,,,
B4,zz_bytype_r3,quantum,45,13,114,615,223,0.3864891328282028,0.3864891328282028,0.3781213687865521,0.9746224330803699,0.3371018448020306,0.33430649604294976,0.8180566965827242,0.8091437508211103,10,0.856051175569998,2.3680916574957207,423.84,molecule,zz,0.1,bytype,3,bytype,eig,0,"[0.000,3.142]",none,1,1,Z,ridge,1,1,adam,adjoint,100,22,0.5065650864392671,0.07291944869021481,6.677955439926302,0.013673857047270744,0.23154192563736486,0.48592078115101284,0.8054176365325658,0.3864842534307228,0.9746224330803699,10,0.3371018448020306,0.3864842534307228,0.8180566965827242,0.975438906495464,10,0.3769070693506078
B4,xy_bytype_r3,quantum,45,13,114,615,223,0.414963457253284,0.414963457253284,0.39850507483160386,0.9592455722783881,0.37701896622195535,0.36248972199610585,0.8643181877697622,0.8635126980983564,10,0.8704270065091848,2.69386438842362,438.99,molecule,xy,0.1,bytype,3,bytype,eig,0,"[0.000,3.142]",none,1,1,Z,ridge,1,1,adam,adjoint,100,22,0.7686635148728028,0.09959803260924079,7.5966258696765685,0.019190933499320356,0.16979838568934538,0.6296448639657457,0.8054176365325658,0.41873164737728624,0.9592455722783881,10,0.37701896622195535,0.41873164737728624,0.8643181877697622,0.9666374602306398,10,0.40349762820466034
B4,none_r3,quantum,45,13,92,615,223,0.7327567016048345,0.7327567016048345,0.8207643435060527,0.9158616598840277,0.7018161505904493,0.7493481373329319,0.42938007950093543,0.39665171832647755,10,0.056045505252978675,1.4435469561408534,313.95,molecule,none,0.0,fixed,3,fixed,eig,0,"[0.000,3.142]",none,1,1,Z,ridge,1,1,adam,adjoint,100,22,0.5670852885710884,0.5353027070515906,3.39368045245944,0.001509267747796052,0.0,0.0,0.8054176365325658,0.7263255065773638,0.9158616598840277,10,0.7018161505904493,0.7263255065773638,0.42938007950093543,0.8966668270702036,10,0.8191269490976858
B4,zz_fixed_r3,quantum,45,13,92,615,223,0.5224481118074081,0.5224481118074081,0.5319550406379456,0.9534775227928945,0.49132895814743155,0.5025003055980912,0.7676992529631534,0.7631169318367979,10,0.44860114932060324,2.7521553851896563,419.71,molecule,zz,0.1,fixed,3,fixed,eig,0,"[0.000,3.142]",none,1,1,Z,ridge,1,1,adam,adjoint,100,22,0.5065650864392671,0.27931940645692116,6.745345168259792,0.17141659634501108,0.1,0.051329724338964995,0.8054176365325658,0.5156906667633756,0.9534775227928945,10,0.49132895814743155,0.5156906667633756,0.7676992529631534,0.953219667999367,10,0.5290109301963447
B4,xy_shuffled_r3,quantum,45,13,114,615,223,0.5013304665661875,0.5013304665661875,0.4943305633049081,0.9567127201984346,0.45098592556100514,0.4456972035213827,0.7589111575192903,0.7508138218840889,10,0.6952229578994533,2.1424733870769463,440.79,molecule,xy,0.1,bytype_shuffled,3,bytype_shuffled,eig,0,"[0.000,3.142]",none,1,1,Z,ridge,1,1,adam,adjoint,100,22,0.7686635148728028,0.2342709924335424,6.041717922885626,0.03417760827429332,0.2761299810104232,0.5891516389299275,0.8054176365325658,0.4831168253717278,0.9567127201984346,10,0.45098592556100514,0.4831168253717278,0.7589111575192903,0.9587651349310687,10,0.47774933188843166
B4,krr_res,classical,45,13,615,615,223,0.7492075583408678,0.7492075583408678,0.7492075583408678,0.8906624209729481,0.6150328008694593,0.6150328008694593,0.4132346734760867,0.4132346734760867,10,,,,,,,,,,,,,,,,,,,,,,,,,,,,,,,0.7527337113481786,,,0.6150328008694593,,0.4132346734760867,,,
B4,krr_cos_cl,classical,45,13,615,615,223,0.8433009515023108,0.8433009515023108,0.8433009515023108,0.879450463023661,0.7786870495687571,0.7786870495687571,0.34480198371990833,0.34480198371990833,10,,,,,,,,,,,,,,,,,,,,,,,,,,,,,,,0.8396736546946243,,,0.7786870495687571,,0.34480198371990833,,,
B4,ridge_raw_eig,classical,45,13,14,615,223,0.7952383492231606,0.7952383492231606,0.7952383492231606,0.901612424016625,0.7358562235856586,0.7358562235856586,0.37407100119258596,0.37407100119258596,10,,,,,,,,,,,,,,,,,,,,,,,,,,,,,,,0.7913770975883418,,,0.7358562235856586,,0.37407100119258596,,,
B4,composition,classical,45,13,0,615,223,0.9497229826568703,0.9497229826568703,0.9497229826568703,0.8490485119910289,0.7953059947968261,0.7953059947968261,nan,nan,10,,,,,,,,,,,,,,,,,,,,,,,,,,,,,,,0.9366643407903738,,,0.7953059947968261,,nan,,,
B4,zz_bytype_r3,quantum,46,13,114,637,201,0.32787430418222935,0.32787430418222935,0.323340481696718,0.9727604991759263,0.31512446304378106,0.3155392329262545,0.891283293083553,0.8798758597129511,9,0.8429726200770918,2.524493514201799,439.18,molecule,zz,0.1,bytype,3,bytype,eig,0,"[0.000,3.142]",none,1,1,Z,ridge,1,1,adam,adjoint,100,22,0.49160627041947585,0.07719564459764296,7.849956093997651,0.007054721802925779,0.2817253509052763,0.39657308958851917,0.8249332317337389,0.32978627257053705,0.9727604991759263,9,0.31512446304378106,0.32978627257053705,0.891283293083553,0.971380816369819,9,0.3237822196407457
B4,xy_bytype_r3,quantum,46,13,114,637,201,0.41797514345824044,0.41797514345824044,0.41042049962296245,0.9595116869381017,0.3986396360868419,0.39277292556000165,0.8539695987813095,0.8719614771969867,9,0.8245569914244864,2.432501587120482,454.38,molecule,xy,0.1,bytype,3,bytype,eig,0,"[0.000,3.142]",none,1,1,Z,ridge,1,1,adam,adjoint,100,22,0.5061949516721388,0.0888083652470968,7.563905611186686,0.00661494183258813,0.13884539268669782,0.546432186258068,0.8249332317337389,0.41440522466379204,0.9595116869381017,9,0.3986396360868419,0.41440522466379204,0.8539695987813095,0.9613097672127817,9,0.408274976197054
B4,none_r3,quantum,46,13,92,637,201,0.8634494318878038,0.8634494318878038,0.8536864842038886,0.8417792513588503,0.7906354591801236,0.7859614919679404,0.32705962573746783,0.351572601873629,9,0.12265601500742458,1.5360266572032952,325.23,molecule,none,0.0,fixed,3,fixed,eig,0,"[0.000,3.142]",none,1,1,Z,ridge,1,1,adam,adjoint,100,22,0.5673992740808609,0.497804340203997,4.055841001128828,0.001966485565843962,0.0,0.0,0.8249332317337389,0.8572610898671582,0.8417792513588503,9,0.7906354591801236,0.8572610898671582,0.32705962573746783,0.8452784113399225,9,0.8491866061970313
B4,zz_fixed_r3,quantum,46,13,92,637,201,0.5933025708356034,0.5933025708356034,0.5859767776922833,0.9202032660949363,0.5205867568849988,0.5188416070327462,0.7504765810750937,0.7697144326999126,9,0.6176920477024873,2.3224040235561585,435.67,molecule,zz,0.1,fixed,3,fixed,eig,0,"[0.000,3.142]",none,1,1,Z,ridge,1,1,adam,adjoint,100,22,0.49160627041947585,0.18794498658068712,6.364491698746347,0.17490108596236717,0.1,0.051329724338964995,0.8249332317337389,0.5735726550463702,0.9202032660949363,9,0.5205867568849988,0.5735726550463702,0.7504765810750937,0.9242395669386818,9,0.5682392291709011
B4,xy_shuffled_r3,quantum,46,13,114,637,201,0.6606778318142145,0.6606778318142145,0.6652702970196983,0.8985367098777426,0.5861017344832498,0.5896253101731208,0.7276969124330711,0.7206407625838627,9,0.6310830145707906,1.907461036442644,452.55,molecule,xy,0.1,bytype_shuffled,3,bytype_shuffled,eig,0,"[0.000,3.142]",none,1,1,Z,ridge,1,1,adam,adjoint,100,22,0.5061949516721388,0.1867439156103698,5.931282969376282,0.051634758889929695,0.27011030744646414,0.2552907493634457,0.8249332317337389,0.6339940512699198,0.8985367098777426,9,0.5861017344832498,0.6339940512699198,0.7276969124330711,0.90025015354778,9,0.6413084690535205
B4,krr_res,classical,46,13,637,637,201,0.6285337340330556,0.6285337340330556,0.6285337340330556,0.8838886718792723,0.5828751794416163,0.5828751794416163,0.6842582488846212,0.6842582488846212,9,,,,,,,,,,,,,,,,,,,,,,,,,,,,,,,0.6306535431320236,,,0.5828751794416163,,0.6842582488846212,,,
B4,krr_cos_cl,classical,46,13,637,637,201,0.8343356209754235,0.8343356209754235,0.8343356209754235,0.8521792098457649,0.77633938328622,0.77633938328622,0.37916869614425985,0.37916869614425985,9,,,,,,,,,,,,,,,,,,,,,,,,,,,,,,,0.831919412732906,,,0.77633938328622,,0.37916869614425985,,,
B4,ridge_raw_eig,classical,46,13,14,637,201,0.8694050896370521,0.8694050896370521,0.8694050896370521,0.8410163804425347,0.7935480333454643,0.7935480333454643,0.339249555227598,0.339249555227598,9,,,,,,,,,,,,,,,,,,,,,,,,,,,,,,,0.8624302023412352,,,0.7935480333454643,,0.339249555227598,,,
B4,composition,classical,46,13,0,637,201,0.9292429296771894,0.9292429296771894,0.9292429296771894,0.804957665191498,0.8642923567994455,0.8642923567994455,nan,nan,9,,,,,,,,,,,,,,,,,,,,,,,,,,,,,,,0.9294729372331416,,,0.8642923567994455,,nan,,,
B4,zz_bytype_r3,quantum,47,13,114,642,196,0.37900219117160017,0.37900219117160017,0.35946198397692625,0.972426441251224,0.36499174745852353,0.34617252711388846,0.8836488391625998,0.8884274881179502,10,0.8473418002339609,2.0385332031884995,443.73,molecule,zz,0.1,bytype,3,bytype,eig,0,"[0.000,3.142]",none,1,1,Z,ridge,1,1,adam,adjoint,100,22,0.5935860273345155,0.090615774339162,5.998038262034689,0.007166471016717212,0.18375898329088186,0.41204700320290844,0.8330158837111028,0.37898687122212754,0.972426441251224,10,0.36499174745852353,0.37898687122212754,0.8836488391625998,0.9749163804510873,10,0.3600790022410275
B4,xy_bytype_r3,quantum,47,13,114,642,196,0.42364573328364274,0.42364573328364274,0.4218214635258444,0.9672878804429441,0.3856511570139893,0.3787645181482601,0.8756382280592655,0.8763275419581315,10,0.7649967804734331,1.8381606154962244,460.34,molecule,xy,0.1,bytype,3,bytype,eig,0,"[0.000,3.142]",none,1,1,Z,ridge,1,1,adam,adjoint,100,22,0.46802466833843265,0.10998730387738534,5.408475901332715,0.024485966362042054,0.18041284223261111,0.3669913975483063,0.8330158837111028,0.41509040430778094,0.9672878804429441,10,0.3856511570139893,0.41509040430778094,0.8756382280592655,0.9677041484471771,10,0.41095388736240973
B4,none_r3,quantum,47,13,92,642,196,0.8982817007211756,0.8982817007211756,0.8805477075320416,0.8788150811318102,0.8301936664310471,0.8186581860158706,0.5901472884491464,0.5935857476245352,10,0.08902514368739116,1.4770613040338072,331.19,molecule,none,0.0,fixed,3,fixed,eig,0,"[0.000,3.142]",none,1,1,Z,ridge,1,1,adam,adjoint,100,22,0.6336454401890448,0.5772350638293549,3.6531992496263794,0.035406323660732306,0.0,0.0,0.8330158837111028,0.8997320977628341,0.8788150811318102,10,0.8301936664310471,0.8997320977628341,0.5901472884491464,0.8835655310301892,10,0.8851799560389143
B4,zz_fixed_r3,quantum,47,13,92,642,196,0.6168357892565984,0.6168357892565984,0.6178293669770427,0.9339981844753619,0.5779468818819036,0.564959855061215,0.8215087627351297,0.8296901752064175,10,0.5659642362979463,1.9273679200975269,437.25,molecule,zz,0.1,fixed,3,fixed,eig,0,"[0.000,3.142]",none,1,1,Z,ridge,1,1,adam,adjoint,100,22,0.5935860273345155,0.25763756469700455,4.959674372884246,0.18894041570522344,0.1,0.051329724338964995,0.8330158837111028,0.6114427417806728,0.9339981844753619,10,0.5779468818819036,0.6114427417806728,0.8215087627351297,0.9330244906287707,10,0.6045647734413364
B4,xy_shuffled_r3,quantum,47,13,114,642,196,0.6745494784725602,0.6745494784725602,0.6545052081911499,0.9165027106292576,0.6451452670611708,0.6243798962062121,0.7217479070952579,0.7438313322879814,10,0.6150380913490454,2.249239867577208,456.69,molecule,xy,0.1,bytype_shuffled,3,bytype_shuffled,eig,0,"[0.000,3.142]",none,1,1,Z,ridge,1,1,adam,adjoint,100,22,0.46802466833843265,0.18017166961929304,6.618006890994181,0.18530854796914367,0.3435568645484613,0.4735350538888612,0.8330158837111028,0.6667079188032197,0.9165027106292576,10,0.6451452670611708,0.6667079188032197,0.7217479070952579,0.9223724527243544,10,0.6471927631106011
B4,krr_res,classical,47,13,642,642,196,0.7407066854892542,0.7407066854892542,0.7407066854892542,0.8502721876367372,0.5628869835102882,0.5628869835102882,0.7534918926551764,0.7534918926551764,10,,,,,,,,,,,,,,,,,,,,,,,,,,,,,,,0.6686628024991538,,,0.5628869835102882,,0.7534918926551764,,,
B4,krr_cos_cl,classical,47,13,642,642,196,0.8810959847612905,0.8810959847612905,0.8810959847612905,0.8815757370224391,0.8180189143932828,0.8180189143932828,0.645270360619506,0.645270360619506,10,,,,,,,,,,,,,,,,,,,,,,,,,,,,,,,0.8901624941919338,,,0.8180189143932828,,0.645270360619506,,,
B4,ridge_raw_eig,classical,47,13,14,642,196,0.8927179326268289,0.8927179326268289,0.8927179326268289,0.8807936066567795,0.8398286583855628,0.8398286583855628,0.5612700588968228,0.5612700588968228,10,,,,,,,,,,,,,,,,,,,,,,,,,,,,,,,0.8964051793689433,,,0.8398286583855628,,0.5612700588968228,,,
B4,composition,classical,47,13,0,642,196,1.1338893066555753,1.1338893066555753,1.1338893066555753,0.7856283723754557,1.0894578741788465,1.0894578741788465,nan,nan,10,,,,,,,,,,,,,,,,,,,,,,,,,,,,,,,1.1563419101525536,,,1.0894578741788465,,nan,,,
B4,zz_bytype_r3,quantum,48,13,114,609,229,0.4157094931842923,0.4157094931842923,0.41406732362775034,0.9689904047482543,0.3728037380440933,0.37296737500604205,0.7676783184736394,0.7653959342872982,13,0.823886469740482,1.9382940901556684,421.71,molecule,zz,0.1,bytype,3,bytype,eig,0,"[0.000,3.142]",none,1,1,Z,ridge,1,1,adam,adjoint,100,22,0.49104036254341443,0.08647885174743433,5.832095252594817,0.11296475321748221,0.19888399015589311,0.20255388954784379,0.8086605045951484,0.4132128324220568,0.9689904047482543,13,0.3728037380440933,0.4132128324220568,0.7676783184736394,0.969602886414381,13,0.41136448865957864
B4,xy_bytype_r3,quantum,48,13,114,609,229,0.371222865567111,0.371222865567111,0.3674289097495685,0.9730324837741834,0.3317613081572917,0.33075653569265656,0.7806252096333821,0.7769319410135924,13,0.8500328935234387,2.3472993471563623,434.66,molecule,xy,0.1,bytype,3,bytype,eig,0,"[0.000,3.142]",none,1,1,Z,ridge,1,1,adam,adjoint,100,22,0.6576093303919595,0.09861976847087117,7.062743186649291,0.031462766847231205,0.226121734264468,0.5984016325753296,0.8086605045951484,0.3712546567381416,0.9730324837741834,13,0.3317613081572917,0.3712546567381416,0.7806252096333821,0.9750865871571514,13,0.36748704156453926
B4,none_r3,quantum,48,13,92,609,229,0.7113867433935911,0.7113867433935911,0.7022147549531332,0.9222515322272786,0.5685292376659291,0.5816304726876302,0.5687163398263618,0.5309650506950654,13,0.09137640484533059,1.4363425487330217,310.49,molecule,none,0.0,fixed,3,fixed,eig,0,"[0.000,3.142]",none,1,1,Z,ridge,1,1,adam,adjoint,100,22,0.6580875545823422,0.5979538797711526,3.6480786849355282,0.008802007397345657,0.0,0.0,0.8086605045951484,0.7079698446068248,0.9222515322272786,13,0.5685292376659291,0.7079698446068248,0.5687163398263618,0.9252504698176928,13,0.7010757203776314
B4,zz_fixed_r3,quantum,48,13,92,609,229,0.5803727742341525,0.5803727742341525,0.5690596421933418,0.9252819393671623,0.44850553597937487,0.45171609501832094,0.6848050583904749,0.688000459664445,13,0.4518750952289953,1.9729971097513643,416.29,molecule,zz,0.1,fixed,3,fixed,eig,0,"[0.000,3.142]",none,1,1,Z,ridge,1,1,adam,adjoint,100,22,0.49104036254341443,0.26915145195782864,5.20839452806616,0.18170951725246307,0.1,0.051329724338964995,0.8086605045951484,0.584937009756477,0.9252819393671623,13,0.44850553597937487,0.584937009756477,0.6848050583904749,0.9350258246821366,13,0.5732112587635354
B4,xy_shuffled_r3,quantum,48,13,114,609,229,0.5112991066270409,0.5112991066270409,0.5019955340991972,0.9341680128599673,0.39491656993611685,0.38535894667143816,0.7002213835813955,0.705621622126212,13,0.7338517046965923,2.710659741238982,433.71,molecule,xy,0.1,bytype_shuffled,3,bytype_shuffled,eig,0,"[0.000,3.142]",none,1,1,Z,ridge,1,1,adam,adjoint,100,22,0.6576093303919595,0.17502160225943542,8.156051183651972,0.02802592271288258,0.5894561466490659,0.8137216365330738,0.8086605045951484,0.5129018994192852,0.9341680128599673,13,0.39491656993611685,0.5129018994192852,0.7002213835813955,0.9392489493512569,13,0.5038322711226649
B4,krr_res,classical,48,13,609,609,229,0.6246996720021714,0.6246996720021714,0.6246996720021714,0.9010899866382461,0.5611002106613382,0.5611002106613382,0.644651682399766,0.644651682399766,13,,,,,,,,,,,,,,,,,,,,,,,,,,,,,,,0.6178925372938106,,,0.5611002106613382,,0.644651682399766,,,
B4,krr_cos_cl,classical,48,13,609,609,229,0.7022925257258404,0.7022925257258404,0.7022925257258404,0.9219830340942384,0.589078057012096,0.589078057012096,0.5560313796092251,0.5560313796092251,13,,,,,,,,,,,,,,,,,,,,,,,,,,,,,,,0.6991558237305789,,,0.589078057012096,,0.5560313796092251,,,
B4,ridge_raw_eig,classical,48,13,14,609,229,0.7205700537978026,0.7205700537978026,0.7205700537978026,0.9196964545091902,0.6140069361035839,0.6140069361035839,0.5416321274545214,0.5416321274545214,13,,,,,,,,,,,,,,,,,,,,,,,,,,,,,,,0.7185873288478879,,,0.6140069361035839,,0.5416321274545214,,,
B4,composition,classical,48,13,0,609,229,0.9275432440758239,0.9275432440758239,0.9275432440758239,0.8530644166861027,0.8201459878191912,0.8201459878191912,nan,nan,13,,,,,,,,,,,,,,,,,,,,,,,,,,,,,,,0.923887776449558,,,0.8201459878191912,,nan,,,
B4,zz_bytype_r3,quantum,49,13,114,613,225,0.3816266856286936,0.3816266856286936,0.3724843968489461,0.9474375986624106,0.35214110829019424,0.3469771085250714,0.828185361013527,0.8318622615842846,10,0.8241383737156035,2.865503788922514,422.02,molecule,zz,0.1,bytype,3,bytype,eig,0,"[0.000,3.142]",none,1,1,Z,ridge,1,1,adam,adjoint,100,22,0.5947850321734993,0.1045998630476487,8.593847804787579,0.263101946606643,0.04205657098713675,0.4567566737603212,0.8474852356148728,0.37220276660378776,0.9474375986624106,10,0.35214110829019424,0.37220276660378776,0.828185361013527,0.9504565453425865,10,0.3617718659890141
B4,xy_bytype_r3,quantum,49,13,114,613,225,0.29899336587665476,0.29899336587665476,0.3004683216782833,0.9678831360819152,0.28007889974803296,0.2800006974378059,0.8596232243572518,0.8575696304991764,10,0.8447542273142664,2.0972776130799855,439.14,molecule,xy,0.1,bytype,3,bytype,eig,0,"[0.000,3.142]",none,1,1,Z,ridge,1,1,adam,adjoint,100,22,0.6773642603403229,0.10515793798623384,6.2898833639214375,0.026765638536092866,-0.07375241143890349,0.5497020109957372,0.8474852356148728,0.2972314670327302,0.9678831360819152,10,0.28007889974803296,0.2972314670327302,0.8596232243572518,0.9671744743834105,10,0.2970166527287416
B4,none_r3,quantum,49,13,92,613,225,0.7621409496805664,0.7621409496805664,0.7849996147052725,0.8353947477072925,0.7024900351375024,0.7146858113592585,0.49683596368407296,0.4961900860085963,10,0.05986193799833442,1.1494554328963715,313.75,molecule,none,0.0,fixed,3,fixed,eig,0,"[0.000,3.142]",none,1,1,Z,ridge,1,1,adam,adjoint,100,22,0.6121137364734419,0.5754714219327399,2.9081554615272553,0.015036928073986697,0.0,0.0,0.8474852356148728,0.765919461258655,0.8353947477072925,10,0.7024900351375024,0.765919461258655,0.49683596368407296,0.8211313493339337,10,0.7647558810047714
B4,zz_fixed_r3,quantum,49,13,92,613,225,0.5024342593658242,0.5024342593658242,0.4679649914796254,0.9176280479847732,0.42615696301429895,0.4317566975161748,0.8250465742626903,0.8094522969119453,10,0.5098582845405343,2.2866748451913415,419.68,molecule,zz,0.1,fixed,3,fixed,eig,0,"[0.000,3.142]",none,1,1,Z,ridge,1,1,adam,adjoint,100,22,0.5947850321734993,0.2915289559991325,6.014020921862641,0.3458891883069186,0.1,0.051329724338964995,0.8474852356148728,0.48458391258674166,0.9176280479847732,10,0.42615696301429895,0.48458391258674166,0.8250465742626903,0.9247014572769949,10,0.45800272880185755
B4,xy_shuffled_r3,quantum,49,13,114,613,225,0.4721446778172852,0.4721446778172852,0.4584106299104081,0.92495085669994,0.41563305270536877,0.415263063754067,0.8278236053824346,0.8312209978758883,10,0.6901578996663186,2.225923167730088,438.95,molecule,xy,0.1,bytype_shuffled,3,bytype_shuffled,eig,0,"[0.000,3.142]",none,1,1,Z,ridge,1,1,adam,adjoint,100,22,0.6773642603403229,0.2098759651148162,6.675700448407365,0.04478623832283982,0.4135666276433902,0.8242632834582215,0.8474852356148728,0.45100775767549384,0.92495085669994,10,0.41563305270536877,0.45100775767549384,0.8278236053824346,0.9285339937514715,10,0.43864979952949834
B4,krr_res,classical,49,13,613,613,225,0.643997739980384,0.643997739980384,0.643997739980384,0.8744894257309589,0.51435991420023,0.51435991420023,0.7254998011920099,0.7254998011920099,10,,,,,,,,,,,,,,,,,,,,,,,,,,,,,,,0.621090227241041,,,0.51435991420023,,0.7254998011920099,,,
B4,krr_cos_cl,classical,49,13,613,613,225,0.7180014268008565,0.7180014268008565,0.7180014268008565,0.8487978187562394,0.6758670102186938,0.6758670102186938,0.5687541565538532,0.5687541565538532,10,,,,,,,,,,,,,,,,,,,,,,,,,,,,,,,0.712422982099897,,,0.6758670102186938,,0.5687541565538532,,,
B4,ridge_raw_eig,classical,49,13,14,613,225,0.7484506501042271,0.7484506501042271,0.7484506501042271,0.8360142238040941,0.6803109611887623,0.6803109611887623,0.5432549962460597,0.5432549962460597,10,,,,,,,,,,,,,,,,,,,,,,,,,,,,,,,0.7320457842017296,,,0.6803109611887623,,0.5432549962460597,,,
B4,composition,classical,49,13,0,613,225,1.036544912366711,1.036544912366711,1.036544912366711,0.6931780829674293,0.9736538554722521,0.9736538554722521,nan,nan,10,,,,,,,,,,,,,,,,,,,,,,,,,,,,,,,1.0348506211975537,,,0.9736538554722521,,nan,,,
B4,zz_bytype_r3,quantum,50,13,114,618,220,0.41592173591034187,0.41592173591034187,0.39675372221969035,0.958948822553123,0.30899370960433253,0.29860158540480736,0.8633168269877396,0.8713496965485165,9,0.8381590743270776,2.6673351162842946,427.63,molecule,zz,0.1,bytype,3,bytype,eig,0,"[0.000,3.142]",none,1,1,Z,ridge,1,1,adam,adjoint,100,22,0.6086880802417137,0.09851064235239308,8.389802069794293,0.033081109350622785,0.16813418564686755,0.676315880759677,0.8456882434825623,0.41336768786870043,0.958948822553123,9,0.30899370960433253,0.41336768786870043,0.8633168269877396,0.9641758586796815,9,0.3930883224355518
B4,xy_bytype_r3,quantum,50,13,114,618,220,0.37075616844159703,0.37075616844159703,0.3470995795305042,0.9650129873645579,0.2941350348679602,0.2873470711663706,0.8894519494423999,0.8898450933498906,9,0.8076002529254175,2.2328054613956807,441.68,molecule,xy,0.1,bytype,3,bytype,eig,0,"[0.000,3.142]",none,1,1,Z,ridge,1,1,adam,adjoint,100,22,0.5079646830410953,0.09773227653992722,7.023038000399823,0.05480802577808495,0.3006409044110148,0.5391648952062226,0.8456882434825623,0.3644778882193486,0.9650129873645579,9,0.2941350348679602,0.3644778882193486,0.8894519494423999,0.9705999821452687,9,0.3483597172338536
B4,none_r3,quantum,50,13,92,618,220,0.8513752407587436,0.8513752407587436,0.817336020419088,0.8339459002509061,0.7769432299803433,0.756485468667357,0.4206514785831548,0.4336900244066412,9,0.09586939384761183,1.0919125409222143,312.13,molecule,none,0.0,fixed,3,fixed,eig,0,"[0.000,3.142]",none,1,1,Z,ridge,1,1,adam,adjoint,100,22,0.6383898397768538,0.5771877927989728,2.92233548863158,0.006046608172559368,0.0,0.0,0.8456882434825623,0.8314798625732225,0.8339459002509061,9,0.7769432299803433,0.8314798625732225,0.4206514785831548,0.8523411615566053,9,0.8081932782661273
B4,zz_fixed_r3,quantum,50,13,92,618,220,0.6118009542767456,0.6118009542767456,0.6010065263113502,0.9104309744584567,0.4987596118624483,0.4997326853843411,0.8199821029646296,0.8255247445717471,9,0.5316722101770484,2.0857332459231315,416.99,molecule,zz,0.1,fixed,3,fixed,eig,0,"[0.000,3.142]",none,1,1,Z,ridge,1,1,adam,adjoint,100,22,0.6086880802417137,0.2850655433111772,5.790716633645228,0.21018296902582478,0.1,0.051329724338964995,0.8456882434825623,0.5831585921106145,0.9104309744584567,9,0.4987596118624483,0.5831585921106145,0.8199821029646296,0.9202564424416377,9,0.5858751081058798
B4,xy_shuffled_r3,quantum,50,13,114,618,220,0.5811865485965413,0.5811865485965413,0.5791442118777749,0.8944710959048131,0.5098303155649895,0.5123946096861436,0.7975977124154849,0.8054191419665826,9,0.5396046748895577,3.0211764740304248,438.95,molecule,xy,0.1,bytype_shuffled,3,bytype_shuffled,eig,0,"[0.000,3.142]",none,1,1,Z,ridge,1,1,adam,adjoint,100,22,0.5079646830410953,0.23386456539332792,9.502770191974893,0.10594538483545153,0.07462326593643978,1.8119872433186675,0.8456882434825623,0.5467264531999635,0.8944710959048131,9,0.5098303155649895,0.5467264531999635,0.7975977124154849,0.8928665128787114,9,0.5465017046271973
B4,krr_res,classical,50,13,618,618,220,0.7843641310732876,0.7843641310732876,0.7843641310732876,0.8473768495714089,0.6977138355107213,0.6977138355107213,0.6757603028895207,0.6757603028895207,9,,,,,,,,,,,,,,,,,,,,,,,,,,,,,,,0.7598160611984359,,,0.6977138355107213,,0.6757603028895207,,,
B4,krr_cos_cl,classical,50,13,618,618,220,0.848572374574664,0.848572374574664,0.848572374574664,0.8497503889944781,0.7668844872434447,0.7668844872434447,0.46876325325275253,0.46876325325275253,9,,,,,,,,,,,,,,,,,,,,,,,,,,,,,,,0.8470502253701565,,,0.7668844872434447,,0.46876325325275253,,,
B4,ridge_raw_eig,classical,50,13,14,618,220,0.8460315849213424,0.8460315849213424,0.8460315849213424,0.8449825084899628,0.7372134821210575,0.7372134821210575,0.4522036918380969,0.4522036918380969,9,,,,,,,,,,,,,,,,,,,,,,,,,,,,,,,0.825375588222573,,,0.7372134821210575,,0.4522036918380969,,,
B4,composition,classical,50,13,0,618,220,1.0703958191921281,1.0703958191921281,1.0703958191921281,0.7245485804384006,1.0346769591825242,1.0346769591825242,nan,nan,9,,,,,,,,,,,,,,,,,,,,,,,,,,,,,,,1.0685300050495388,,,1.0346769591825242,,nan,,,
B4,zz_bytype_r3,quantum,51,13,114,645,193,0.37559122641675663,0.37559122641675663,0.353634608525853,0.9802794269054528,0.34873321905261284,0.3227003493354607,0.7999969140261693,0.8032247522939013,11,0.8350809057055059,2.4053036490348765,446.41,molecule,zz,0.1,bytype,3,bytype,eig,0,"[0.000,3.142]",none,1,1,Z,ridge,1,1,adam,adjoint,100,22,0.5127509157766762,0.08456241662856193,8.274794496166717,0.14653097677757707,0.0999153468901197,0.31583755171615385,0.7931696764357611,0.35903429833203887,0.9802794269054528,11,0.34873321905261284,0.35903429833203887,0.7999969140261693,0.9828448549373512,11,0.3400634484806648
B4,xy_bytype_r3,quantum,51,13,114,645,193,0.3606064218200301,0.3606064218200301,0.35596149252770937,0.9817210062836168,0.3394580729109344,0.33237685625093544,0.8487622178114198,0.8335975545084587,11,0.8742573691466582,2.221339635050782,456.53,molecule,xy,0.1,bytype,3,bytype,eig,0,"[0.000,3.142]",none,1,1,Z,ridge,1,1,adam,adjoint,100,22,0.7051408472382317,0.08866626525388967,7.641916226922363,0.09674429808053961,0.09725226812192324,0.8354980922478364,0.7931696764357611,0.3408591800289748,0.9817210062836168,11,0.3394580729109344,0.3408591800289748,0.8487622178114198,0.9824984028046725,11,0.33724551876939235
B4,none_r3,quantum,51,13,92,645,193,0.901197179727291,0.901197179727291,0.8801572603496802,0.9102112030621483,0.7748318936658093,0.7660670728064,0.45250794167017566,0.4680766706697557,11,0.08653066585117003,0.6432030446779671,323.34,molecule,none,0.0,fixed,3,fixed,eig,0,"[0.000,3.142]",none,1,1,Z,ridge,1,1,adam,adjoint,100,22,0.6135866900815546,0.5604926252313822,1.9110765645095715,0.02062086307082767,0.0,0.0,0.7931696764357611,0.9072683920882756,0.9102112030621483,11,0.7748318936658093,0.9072683920882756,0.45250794167017566,0.9181578972151111,11,0.8880183696652287
B4,zz_fixed_r3,quantum,51,13,92,645,193,0.6516268870168582,0.6516268870168582,0.6100582798491061,0.9327330509620428,0.5307274794530419,0.5047360076590925,0.6941571002076322,0.7280656741428017,11,0.5199701872186995,1.7522378664734037,431.84,molecule,zz,0.1,fixed,3,fixed,eig,0,"[0.000,3.142]",none,1,1,Z,ridge,1,1,adam,adjoint,100,22,0.5127509157766762,0.24613572610371826,5.3814502648508915,0.1710915944864209,0.1,0.051329724338964995,0.7931696764357611,0.6491611504155489,0.9327330509620428,11,0.5307274794530419,0.6491611504155489,0.6941571002076322,0.9477611996245514,11,0.6026568037626064
B4,xy_shuffled_r3,quantum,51,13,114,645,193,0.7062048820458015,0.7062048820458015,0.6457024533704072,0.9189737211218981,0.5539774917403298,0.5314313107567494,0.721670878120346,0.7090177801281524,11,0.7119276497830193,1.4639999273165913,454.76,molecule,xy,0.1,bytype_shuffled,3,bytype_shuffled,eig,0,"[0.000,3.142]",none,1,1,Z,ridge,1,1,adam,adjoint,100,22,0.7051408472382317,0.20313158109791035,5.036494475784229,0.06776643636895731,0.3341848975872265,0.5028422539042433,0.7931696764357611,0.7028678914203844,0.9189737211218981,11,0.5539774917403298,0.7028678914203844,0.721670878120346,0.9432151537164404,11,0.6475630312124664
B4,krr_res,classical,51,13,645,645,193,0.7410961354447165,0.7410961354447165,0.7410961354447165,0.9338378262718003,0.6525044902012715,0.6525044902012715,0.6845553577269002,0.6845553577269002,11,,,,,,,,,,,,,,,,,,,,,,,,,,,,,,,0.7360305737037888,,,0.6525044902012715,,0.6845553577269002,,,
B4,krr_cos_cl,classical,51,13,645,645,193,0.8885768051726257,0.8885768051726257,0.8885768051726257,0.9073151006603435,0.800537952566185,0.800537952566185,0.405948952722555,0.405948952722555,11,,,,,,,,,,,,,,,,,,,,,,,,,,,,,,,0.895793360818153,,,0.800537952566185,,0.405948952722555,,,
B4,ridge_raw_eig,classical,51,13,14,645,193,0.8566912588791453,0.8566912588791453,0.8566912588791453,0.9196543042482497,0.7500732329085671,0.7500732329085671,0.47392768154071335,0.47392768154071335,11,,,,,,,,,,,,,,,,,,,,,,,,,,,,,,,0.8500399217777759,,,0.7500732329085671,,0.47392768154071335,,,
B4,composition,classical,51,13,0,645,193,1.0764356844144634,1.0764356844144634,1.0764356844144634,0.8665506264463773,0.9835871605866805,0.9835871605866805,nan,nan,11,,,,,,,,,,,,,,,,,,,,,,,,,,,,,,,1.0823459414125929,,,0.9835871605866805,,nan,,,
B4,zz_bytype_r3,quantum,52,13,114,618,220,0.44194084045245885,0.44194084045245885,0.4478458359143638,0.9567848451120406,0.3975114520635761,0.40198574139448234,0.8333688211804267,0.822887234509763,11,0.8257564908749837,2.31524712823987,427.89,molecule,zz,0.1,bytype,3,bytype,eig,0,"[0.000,3.142]",none,1,1,Z,ridge,1,1,adam,adjoint,100,22,0.6471074155951593,0.11275426687412085,6.62848675078328,0.009820195424245136,0.20979007828000665,0.24638597151019795,0.8478412870795836,0.43974059443616387,0.9567848451120406,11,0.3975114520635761,0.43974059443616387,0.8333688211804267,0.9556796592666519,11,0.4447006717255047
B4,xy_bytype_r3,quantum,52,13,114,618,220,0.3279274690400438,0.3279274690400438,0.32764847279258696,0.9779944836174039,0.29688655387680163,0.2988586502751831,0.8273662898087081,0.8059334378096108,11,0.8330854239527914,2.359414454310369,439.15,molecule,xy,0.1,bytype,3,bytype,eig,0,"[0.000,3.142]",none,1,1,Z,ridge,1,1,adam,adjoint,100,22,0.5861378429995862,0.09783494956950124,6.7549365505065575,0.016425737612517085,0.401327719137557,0.434123659167114,0.8478412870795836,0.3263609511367995,0.9779944836174039,11,0.29688655387680163,0.3263609511367995,0.8273662898087081,0.9779940478275428,11,0.3272176237898854
B4,none_r3,quantum,52,13,92,618,220,0.8839139796451736,0.8839139796451736,0.8892080059732064,0.8527702517602116,0.7006560492460167,0.7044455071279403,0.5748446974324211,0.6029611892846714,11,0.12189829445376844,1.2959269999580236,308.09,molecule,none,0.0,fixed,3,fixed,eig,0,"[0.000,3.142]",none,1,1,Z,ridge,1,1,adam,adjoint,100,22,0.6671888975358212,0.5858597088477145,3.1023585405056164,0.41000493932020043,0.0,0.0,0.8478412870795836,0.8782800317935744,0.8527702517602116,11,0.7006560492460167,0.8782800317935744,0.5748446974324211,0.8487009811548527,11,0.8862622706245255
B4,zz_fixed_r3,quantum,52,13,92,618,220,0.7011426475206461,0.7011426475206461,0.6803418070600515,0.8773354959210178,0.5319463647210064,0.5694469782968828,0.6748567259623923,0.7150268358690948,11,0.5600469868069371,2.9579432217561035,410.3,molecule,zz,0.1,fixed,3,fixed,eig,0,"[0.000,3.142]",none,1,1,Z,ridge,1,1,adam,adjoint,100,22,0.6471074155951593,0.28469685735066597,7.376903378968922,0.17265605574088247,0.1,0.051329724338964995,0.8478412870795836,0.6694733964685413,0.8773354959210178,11,0.5319463647210064,0.6694733964685413,0.6748567259623923,0.8829920840531158,11,0.6670415708352446
B4,xy_shuffled_r3,quantum,52,13,114,618,220,0.6540536498161763,0.6540536498161763,0.6381823785652289,0.8885519510954913,0.5625635812183554,0.5630822580311677,0.7326382204066988,0.7339736664574108,11,0.6599927194079633,2.9116588244414094,434.02,molecule,xy,0.1,bytype_shuffled,3,bytype_shuffled,eig,0,"[0.000,3.142]",none,1,1,Z,ridge,1,1,adam,adjoint,100,22,0.5861378429995862,0.1992911340503714,8.335996492643762,0.01713118711454354,0.3844941890650737,1.5520744087428637,0.8478412870795836,0.6248107853089606,0.8885519510954913,11,0.5625635812183554,0.6248107853089606,0.7326382204066988,0.8904099708237276,11,0.6068177013096262
B4,krr_res,classical,52,13,618,618,220,0.6647971285181835,0.6647971285181835,0.6647971285181835,0.8623240173324247,0.5199485053732177,0.5199485053732177,0.792069380662014,0.792069380662014,11,,,,,,,,,,,,,,,,,,,,,,,,,,,,,,,0.5997908781546417,,,0.5199485053732177,,0.792069380662014,,,
B4,krr_cos_cl,classical,52,13,618,618,220,0.8789283975526299,0.8789283975526299,0.8789283975526299,0.8390581346589155,0.719883237537543,0.719883237537543,0.633976228563535,0.633976228563535,11,,,,,,,,,,,,,,,,,,,,,,,,,,,,,,,0.887974181025348,,,0.719883237537543,,0.633976228563535,,,
B4,ridge_raw_eig,classical,52,13,14,618,220,0.9506482916450006,0.9506482916450006,0.9506482916450006,0.8324811508367953,0.6846994161917392,0.6846994161917392,0.5736760088014093,0.5736760088014093,11,,,,,,,,,,,,,,,,,,,,,,,,,,,,,,,0.9348852640170834,,,0.6846994161917392,,0.5736760088014093,,,
B4,composition,classical,52,13,0,618,220,1.2137332238207783,1.2137332238207783,1.2137332238207783,0.7257126204996943,0.9402380881543722,0.9402380881543722,nan,nan,11,,,,,,,,,,,,,,,,,,,,,,,,,,,,,,,1.2248800204506465,,,0.9402380881543722,,nan,,,
B4,zz_bytype_r3,quantum,53,13,114,615,223,0.41765626749369067,0.41765626749369067,0.416587118233937,0.9595712165379137,0.37552698979083726,0.3730470338147028,0.8207912396494593,0.8281728754655562,11,0.8549928466501082,2.298061165726018,426.77,molecule,zz,0.1,bytype,3,bytype,eig,0,"[0.000,3.142]",none,1,1,Z,ridge,1,1,adam,adjoint,100,22,0.6185658870508985,0.08969647844060147,8.060167622571718,0.021708279293261697,0.17557636266758972,0.33904059851770546,0.8281686685081293,0.4131614454833631,0.9595712165379137,11,0.37552698979083726,0.4131614454833631,0.8207912396494593,0.960501761559058,11,0.4119531158649468
B4,xy_bytype_r3,quantum,53,13,114,615,223,0.3619847257139568,0.3619847257139568,0.35176559188829476,0.9679403996865091,0.3074358460810472,0.3014401658990987,0.869955694970995,0.8713936840691068,11,0.8063018119856936,2.374472649409179,438.57,molecule,xy,0.1,bytype,3,bytype,eig,0,"[0.000,3.142]",none,1,1,Z,ridge,1,1,adam,adjoint,100,22,0.5249687582373622,0.10168549723469757,8.328171527759814,0.007808952850255962,-0.09107252093275368,0.9166779920027843,0.8281686685081293,0.3604395453149197,0.9679403996865091,11,0.3074358460810472,0.3604395453149197,0.869955694970995,0.9695426789396575,11,0.3496183779400706
B4,none_r3,quantum,53,13,92,615,223,0.7753883853460258,0.7753883853460258,0.7627221856236326,0.8823976895028037,0.7122760586475251,0.7095852729612954,0.4171882469776718,0.40203587508988814,11,0.06478235676932727,0.9416333907288507,309.14,molecule,none,0.0,fixed,3,fixed,eig,0,"[0.000,3.142]",none,1,1,Z,ridge,1,1,adam,adjoint,100,22,0.5949333166164038,0.5563921342454008,2.860998392881465,0.0026130014019691626,0.0,0.0,0.8281686685081293,0.7726575895694557,0.8823976895028037,11,0.7122760586475251,0.7726575895694557,0.4171882469776718,0.8856654471170307,11,0.7591879323399483
B4,zz_fixed_r3,quantum,53,13,92,615,223,0.5709790412924083,0.5709790412924083,0.5676426938027858,0.9266188944579813,0.5000701126327705,0.48927070020529506,0.7321456798954155,0.7239343645315706,11,0.6245897020890526,2.1892964955715373,414.15,molecule,zz,0.1,fixed,3,fixed,eig,0,"[0.000,3.142]",none,1,1,Z,ridge,1,1,adam,adjoint,100,22,0.6185658870508985,0.23221600393532726,6.8707474557662245,0.12489440682295762,0.1,0.051329724338964995,0.8281686685081293,0.5737115016286611,0.9266188944579813,11,0.5000701126327705,0.5737115016286611,0.7321456798954155,0.9290540104635134,11,0.5676697496728756
B4,xy_shuffled_r3,quantum,53,13,114,615,223,0.561049477044467,0.561049477044467,0.5394875050839634,0.9293857141883568,0.49722508169426183,0.47902989441653915,0.7402373117993591,0.759306521925925,11,0.5281989579751454,2.105370257856096,435.25,molecule,xy,0.1,bytype_shuffled,3,bytype_shuffled,eig,0,"[0.000,3.142]",none,1,1,Z,ridge,1,1,adam,adjoint,100,22,0.5249687582373622,0.24768080716688143,7.384327901705794,0.07698067887112861,-0.011716734458761898,1.7786728826904314,0.8281686685081293,0.5562064934937961,0.9293857141883568,11,0.49722508169426183,0.5562064934937961,0.7402373117993591,0.9371314062281435,11,0.5369565107118195
B4,krr_res,classical,53,13,615,615,223,0.6009524138076188,0.6009524138076188,0.6009524138076188,0.9236745650624045,0.5506809229173368,0.5506809229173368,0.7079525569710042,0.7079525569710042,11,,,,,,,,,,,,,,,,,,,,,,,,,,,,,,,0.598607876803917,,,0.5506809229173368,,0.7079525569710042,,,
B4,krr_cos_cl,classical,53,13,615,615,223,0.8212866234289113,0.8212866234289113,0.8212866234289113,0.8750209253469865,0.7897764878251272,0.7897764878251272,0.43897916469093134,0.43897916469093134,11,,,,,,,,,,,,,,,,,,,,,,,,,,,,,,,0.8182226936593499,,,0.7897764878251272,,0.43897916469093134,,,
B4,ridge_raw_eig,classical,53,13,14,615,223,0.7793875255476239,0.7793875255476239,0.7793875255476239,0.8854896048037565,0.6857529757928084,0.6857529757928084,0.4726051119553887,0.4726051119553887,11,,,,,,,,,,,,,,,,,,,,,,,,,,,,,,,0.7705638674001356,,,0.6857529757928084,,0.4726051119553887,,,
B4,composition,classical,53,13,0,615,223,0.9944220271486457,0.9944220271486457,0.9944220271486457,0.8064561535917198,0.9321970009254477,0.9321970009254477,nan,nan,11,,,,,,,,,,,,,,,,,,,,,,,,,,,,,,,0.9890484997840147,,,0.9321970009254477,,nan,,,
B4,zz_bytype_r3,quantum,54,13,114,619,219,0.358376826878449,0.358376826878449,0.34942494348053393,0.9748371353508767,0.34593605771498565,0.33663521934255064,0.8057704759757085,0.8204434376790963,9,0.8538213733446557,2.192708074031963,418.72,molecule,zz,0.1,bytype,3,bytype,eig,0,"[0.000,3.142]",none,1,1,Z,ridge,1,1,adam,adjoint,100,22,0.5102373173652782,0.07458579032076346,6.441408814535672,0.008572968585481022,0.17930208981585147,0.5216146479627127,0.8181622154558951,0.354804765316265,0.9748371353508767,9,0.34593605771498565,0.354804765316265,0.8057704759757085,0.9759452937334426,9,0.3451991740044058
B4,xy_bytype_r3,quantum,54,13,114,619,219,0.4320580853136265,0.4320580853136265,0.439621348108696,0.9614370166208884,0.42899322030142534,0.4363497204340442,0.7058301921459661,0.703427823462395,9,0.8449588688284508,2.6684515952334076,437.24,molecule,xy,0.1,bytype,3,bytype,eig,0,"[0.000,3.142]",none,1,1,Z,ridge,1,1,adam,adjoint,100,22,0.5939505665896315,0.09208676770403904,7.838976756760777,0.012058318250919573,0.3164514243672152,0.8329247264537627,0.8181622154558951,0.42806315755879704,0.9614370166208884,9,0.42899322030142534,0.42806315755879704,0.7058301921459661,0.9611472231571241,9,0.4382337291145713
B4,none_r3,quantum,54,13,92,619,219,0.773107528009326,0.773107528009326,0.7673407917025721,0.8971589762090744,0.6950935047472505,0.6890297606062927,0.4329950554624614,0.4307670550197358,9,0.13943749518453666,1.506803758981845,306.97,molecule,none,0.0,fixed,3,fixed,eig,0,"[0.000,3.142]",none,1,1,Z,ridge,1,1,adam,adjoint,100,22,0.6264690583350392,0.539115782030186,3.7197084121207546,0.006822481108520838,0.0,0.0,0.8181622154558951,0.7796012381247227,0.8971589762090744,9,0.6950935047472505,0.7796012381247227,0.4329950554624614,0.8994053230022501,9,0.775064792029791
B4,zz_fixed_r3,quantum,54,13,92,619,219,0.5234316372543911,0.5234316372543911,0.5135676467504128,0.9496988378820259,0.47652480183103735,0.47233085563678984,0.71226714891714,0.7101363447596455,9,0.5832346533227183,2.3472139706381667,412.18,molecule,zz,0.1,fixed,3,fixed,eig,0,"[0.000,3.142]",none,1,1,Z,ridge,1,1,adam,adjoint,100,22,0.5102373173652782,0.2126492324594264,6.029073514641288,0.20315432390441435,0.1,0.051329724338964995,0.8181622154558951,0.5026002674636778,0.9496988378820259,9,0.47652480183103735,0.5026002674636778,0.71226714891714,0.9513988275091249,9,0.49519945008518923
B4,xy_shuffled_r3,quantum,54,13,114,619,219,0.5835074495197788,0.5835074495197788,0.5664066389299877,0.935232717568414,0.5460121106399201,0.5379026323730228,0.6999147371616754,0.7157926468185901,9,0.6994891297378806,3.7698636357212787,434.7,molecule,xy,0.1,bytype_shuffled,3,bytype_shuffled,eig,0,"[0.000,3.142]",none,1,1,Z,ridge,1,1,adam,adjoint,100,22,0.5939505665896315,0.1784886016585291,11.074539807791378,0.039420979513806235,0.2287388270142943,0.9621457242422834,0.8181622154558951,0.559607700231209,0.935232717568414,9,0.5460121106399201,0.559607700231209,0.6999147371616754,0.9386561801032802,9,0.5434936673749955
B4,krr_res,classical,54,13,619,619,219,0.6278800742248488,0.6278800742248488,0.6278800742248488,0.9056805520777642,0.5949674781830842,0.5949674781830842,0.6422907878317757,0.6422907878317757,9,,,,,,,,,,,,,,,,,,,,,,,,,,,,,,,0.6319067970196308,,,0.5949674781830842,,0.6422907878317757,,,
B4,krr_cos_cl,classical,54,13,619,619,219,0.7601810411857841,0.7601810411857841,0.7601810411857841,0.8951466443401739,0.6858530806852887,0.6858530806852887,0.4576252974404269,0.4576252974404269,9,,,,,,,,,,,,,,,,,,,,,,,,,,,,,,,0.7708937233575333,,,0.6858530806852887,,0.4576252974404269,,,
B4,ridge_raw_eig,classical,54,13,14,619,219,0.7737784036846562,0.7737784036846562,0.7737784036846562,0.8963010332372339,0.703442519341737,0.703442519341737,0.47958780709439924,0.47958780709439924,9,,,,,,,,,,,,,,,,,,,,,,,,,,,,,,,0.7715703595267194,,,0.703442519341737,,0.47958780709439924,,,
B4,composition,classical,54,13,0,619,219,0.9148637881471992,0.9148637881471992,0.9148637881471992,0.8329856004133442,0.8997914904289211,0.8997914904289211,nan,nan,9,,,,,,,,,,,,,,,,,,,,,,,,,,,,,,,0.9226855501130699,,,0.8997914904289211,,nan,,,
B4,zz_bytype_r3,quantum,55,13,114,616,222,0.3528901889327876,0.3528901889327876,0.3457173937609402,0.9670225632739257,0.3368441933917058,0.3281451901757359,0.8668255998312517,0.8725564438318038,10,0.864679166058571,2.1576107982160826,419.66,molecule,zz,0.1,bytype,3,bytype,eig,0,"[0.000,3.142]",none,1,1,Z,ridge,1,1,adam,adjoint,100,22,0.6168202669283273,0.08346863291271607,7.725951800491129,0.01609639200176446,0.18775647551931848,0.44589513101710126,0.8443302522221761,0.3539690166339167,0.9670225632739257,10,0.3368441933917058,0.3539690166339167,0.8668255998312517,0.9689659069800964,10,0.34466230102510237
B4,xy_bytype_r3,quantum,55,13,114,616,222,0.45182735788695694,0.45182735788695694,0.4462471870287894,0.9498217712761078,0.3861465436022312,0.3780359929039938,0.8912409631645851,0.8990651464974895,10,0.8423102553219395,1.891064778175348,432.99,molecule,xy,0.1,bytype,3,bytype,eig,0,"[0.000,3.142]",none,1,1,Z,ridge,1,1,adam,adjoint,100,22,0.7581065470749908,0.11954562784702143,6.771506399517927,0.009285341868563553,-0.0321760651813306,0.3813390490607788,0.8443302522221761,0.44855532679607,0.9498217712761078,10,0.3861465436022312,0.44855532679607,0.8912409631645851,0.9518078264023228,10,0.44277436275147375
B4,none_r3,quantum,55,13,92,616,222,0.8877520039808872,0.8877520039808872,0.8628389100637266,0.8351514593346573,0.8198216665968704,0.8281048320339992,0.4955021621408869,0.4712649730852147,10,0.0698947806250035,1.0130288102149771,307.32,molecule,none,0.0,fixed,3,fixed,eig,0,"[0.000,3.142]",none,1,1,Z,ridge,1,1,adam,adjoint,100,22,0.5774335719783203,0.5370739791393835,3.152291099627758,0.002563583457927885,0.0,0.0,0.8443302522221761,0.8933784056073013,0.8351514593346573,10,0.8198216665968704,0.8933784056073013,0.4955021621408869,0.8457396269040651,10,0.8691507445877521
B4,zz_fixed_r3,quantum,55,13,92,616,222,0.6172015210946636,0.6172015210946636,0.5909352379706787,0.9134273714229075,0.539087249055029,0.5215597805503507,0.7447709123384126,0.7651119631136449,10,0.5786508060088015,1.682642715719176,412.77,molecule,zz,0.1,fixed,3,fixed,eig,0,"[0.000,3.142]",none,1,1,Z,ridge,1,1,adam,adjoint,100,22,0.6168202669283273,0.2598967223076866,5.404225581980677,0.12349650563436226,0.1,0.051329724338964995,0.8443302522221761,0.6112312453621136,0.9134273714229075,10,0.539087249055029,0.6112312453621136,0.7447709123384126,0.9194729557953274,10,0.5835408573035932
B4,xy_shuffled_r3,quantum,55,13,114,616,222,0.6559587205247459,0.6559587205247459,0.6537698945065845,0.9005058642689864,0.5972986257799116,0.5917896355786576,0.7858330628791401,0.7936820434401546,10,0.7397797776470183,2.1403032777211184,434.4,molecule,xy,0.1,bytype_shuffled,3,bytype_shuffled,eig,0,"[0.000,3.142]",none,1,1,Z,ridge,1,1,adam,adjoint,100,22,0.7581065470749908,0.19727465424710527,7.6639771991215655,0.020490768678828798,0.4575324004887666,1.1786168829562653,0.8443302522221761,0.6378456220339775,0.9005058642689864,10,0.5972986257799116,0.6378456220339775,0.7858330628791401,0.9031321819916645,10,0.6342620920641635
B4,krr_res,classical,55,13,616,616,222,0.6431679056201447,0.6431679056201447,0.6431679056201447,0.9066708021723979,0.5906231073670054,0.5906231073670054,0.6983271947169953,0.6983271947169953,10,,,,,,,,,,,,,,,,,,,,,,,,,,,,,,,0.6294961612231342,,,0.5906231073670054,,0.6983271947169953,,,
B4,krr_cos_cl,classical,55,13,616,616,222,0.8500309635616786,0.8500309635616786,0.8500309635616786,0.8485435264736508,0.8263356325670617,0.8263356325670617,0.519233798341505,0.519233798341505,10,,,,,,,,,,,,,,,,,,,,,,,,,,,,,,,0.8550614260230377,,,0.8263356325670617,,0.519233798341505,,,
B4,ridge_raw_eig,classical,55,13,14,616,222,0.9241972006763954,0.9241972006763954,0.9241972006763954,0.8300120815044505,0.8244857951222277,0.8244857951222277,0.4357684145171207,0.4357684145171207,10,,,,,,,,,,,,,,,,,,,,,,,,,,,,,,,0.9220291182769152,,,0.8244857951222277,,0.4357684145171207,,,
B4,composition,classical,55,13,0,616,222,1.1094319287037533,1.1094319287037533,1.1094319287037533,0.749133151759245,1.0601666030207224,1.0601666030207224,nan,nan,10,,,,,,,,,,,,,,,,,,,,,,,,,,,,,,,1.1165883091529294,,,1.0601666030207224,,nan,,,
B4,zz_bytype_r3,quantum,56,13,114,620,218,0.3638775954053483,0.3638775954053483,0.35836302044330975,0.9801093933153926,0.31663605161787195,0.30781608783167946,0.8691443277560919,0.8728795224467083,10,0.8930418832972244,2.026264496495434,421.87,molecule,zz,0.1,bytype,3,bytype,eig,0,"[0.000,3.142]",none,1,1,Z,ridge,1,1,adam,adjoint,100,22,0.7839433759910455,0.0838491070976181,6.683567851310072,0.013212370971392136,0.2491741967477801,0.5869623502093657,0.8027300988652447,0.36475747598822034,0.9801093933153926,10,0.31663605161787195,0.36475747598822034,0.8691443277560919,0.9807782483084216,10,0.3590431639481177
B4,xy_bytype_r3,quantum,56,13,114,620,218,0.43951714217660987,0.43951714217660987,0.4339414202644388,0.9702813167961231,0.38824546938457427,0.38256897019004266,0.8410200417329065,0.8458426515097569,10,0.8193684287377628,2.177822447069396,437.37,molecule,xy,0.1,bytype,3,bytype,eig,0,"[0.000,3.142]",none,1,1,Z,ridge,1,1,adam,adjoint,100,22,0.6297635894963,0.11375518669446313,7.183476845332589,0.009977615192481123,0.3387927637696993,0.5350051189730303,0.8027300988652447,0.44438343890675974,0.9702813167961231,10,0.38824546938457427,0.44438343890675974,0.8410200417329065,0.9702530846796644,10,0.4377265955145094
B4,none_r3,quantum,56,13,92,620,218,0.7918324618774185,0.7918324618774185,0.7938807256036327,0.9111276801058793,0.7095855123159828,0.7140038838537703,0.4886473487029406,0.4855082091083727,10,0.18652590471388458,1.1789617876230905,308.38,molecule,none,0.0,fixed,3,fixed,eig,0,"[0.000,3.142]",none,1,1,Z,ridge,1,1,adam,adjoint,100,22,0.6740091278969559,0.5482889655305598,3.335785198476587,0.02036535973534102,0.0,0.0,0.8027300988652447,0.7836555806021368,0.9111276801058793,10,0.7095855123159828,0.7836555806021368,0.4886473487029406,0.9123697385522609,10,0.7895091139866072
B4,zz_fixed_r3,quantum,56,13,92,620,218,0.5999025052661106,0.5999025052661106,0.6076242930309157,0.9463115531446725,0.4877865988813808,0.49400462103878195,0.7362725465802853,0.7305617907323436,10,0.6292245664466541,2.0532613766741905,416.7,molecule,zz,0.1,fixed,3,fixed,eig,0,"[0.000,3.142]",none,1,1,Z,ridge,1,1,adam,adjoint,100,22,0.7839433759910455,0.29066694511435354,6.014877372336528,0.24928593592706805,0.1,0.051329724338964995,0.8027300988652447,0.5973108010858771,0.9463115531446725,10,0.4877865988813808,0.5973108010858771,0.7362725465802853,0.946289212827656,10,0.6078931846715484
B4,xy_shuffled_r3,quantum,56,13,114,620,218,0.6142948568948969,0.6142948568948969,0.5843501294742458,0.9424223472863074,0.5466088466467395,0.5242811436955074,0.7328175363212899,0.7387690267797359,10,0.658799019806238,2.3144934154910395,436.6,molecule,xy,0.1,bytype_shuffled,3,bytype_shuffled,eig,0,"[0.000,3.142]",none,1,1,Z,ridge,1,1,adam,adjoint,100,22,0.6297635894963,0.21487595402647952,7.634281610618752,0.3974829314300556,0.42122500692985193,0.9312845241190799,0.8027300988652447,0.6081213332560679,0.9424223472863074,10,0.5466088466467395,0.6081213332560679,0.7328175363212899,0.9478307461626464,10,0.5801570043560945
B4,krr_res,classical,56,13,620,620,218,0.6320505785365721,0.6320505785365721,0.6320505785365721,0.9262544940247707,0.5824286271653532,0.5824286271653532,0.6672150961595723,0.6672150961595723,10,,,,,,,,,,,,,,,,,,,,,,,,,,,,,,,0.6326264237219781,,,0.5824286271653532,,0.6672150961595723,,,
B4,krr_cos_cl,classical,56,13,620,620,218,0.7889433391301223,0.7889433391301223,0.7889433391301223,0.91067122121795,0.7266926788685814,0.7266926788685814,0.48869904694298844,0.48869904694298844,10,,,,,,,,,,,,,,,,,,,,,,,,,,,,,,,0.7970525039512626,,,0.7266926788685814,,0.48869904694298844,,,
B4,ridge_raw_eig,classical,56,13,14,620,218,0.7898843372325058,0.7898843372325058,0.7898843372325058,0.9136971717271466,0.7268676075319278,0.7268676075319278,0.4852659562896254,0.4852659562896254,10,,,,,,,,,,,,,,,,,,,,,,,,,,,,,,,0.7885148507988737,,,0.7268676075319278,,0.4852659562896254,,,
B4,composition,classical,56,13,0,620,218,0.939966169971206,0.939966169971206,0.939966169971206,0.863700536160528,0.910334637999575,0.910334637999575,nan,nan,10,,,,,,,,,,,,,,,,,,,,,,,,,,,,,,,0.9475697087437575,,,0.910334637999575,,nan,,,
B4,zz_bytype_r3,quantum,57,13,114,643,195,0.42692715041920987,0.42692715041920987,0.4088860173588315,0.9632185211750278,0.3731346750533986,0.36228573314299534,0.7661621653809153,0.788386619167869,12,0.8777858610996543,2.344261737708523,439.57,molecule,zz,0.1,bytype,3,bytype,eig,0,"[0.000,3.142]",none,1,1,Z,ridge,1,1,adam,adjoint,100,22,0.7949675860688414,0.09715627898508995,6.675215553785634,0.015355298050356028,0.13740548969468258,0.5035011818936527,0.8166954986757193,0.40357807953299835,0.9632185211750278,12,0.3731346750533986,0.40357807953299835,0.7661621653809153,0.9652665035699151,12,0.38641991484690325
B4,xy_bytype_r3,quantum,57,13,114,643,195,0.4111164571736364,0.4111164571736364,0.3941497327084676,0.9667969812157864,0.39374651865971666,0.3763701806863424,0.8047893483830982,0.8295079197422947,12,0.8701340604105866,2.1921507320782343,453.33,molecule,xy,0.1,bytype,3,bytype,eig,0,"[0.000,3.142]",none,1,1,Z,ridge,1,1,adam,adjoint,100,22,0.7847594441465607,0.10191352256575886,6.24208399072144,0.018400749660380463,0.037949917867596515,0.5551657446055099,0.8166954986757193,0.4035398851410255,0.9667969812157864,12,0.39374651865971666,0.4035398851410255,0.8047893483830982,0.9687446757043839,12,0.384395828748878
B4,none_r3,quantum,57,13,92,643,195,0.8291562997406825,0.8291562997406825,0.8143927263327594,0.8860463235436351,0.7652717281670544,0.7566077823995431,0.38972627199189697,0.4091008615227365,12,0.11500246632101643,1.2496045685235802,320.32,molecule,none,0.0,fixed,3,fixed,eig,0,"[0.000,3.142]",none,1,1,Z,ridge,1,1,adam,adjoint,100,22,0.6019379073477192,0.53271356343062,2.9720953355992394,0.0050201544073275655,0.0,0.0,0.8166954986757193,0.8199031992332039,0.8860463235436351,12,0.7652717281670544,0.8199031992332039,0.38972627199189697,0.8908671825181347,12,0.806487792810669
B4,zz_fixed_r3,quantum,57,13,92,643,195,0.6572810509836962,0.6572810509836962,0.6277524583933727,0.9209639754619212,0.5758419191114369,0.5547535528172257,0.6800270360426609,0.6757523870805121,12,0.6989983111696235,1.9162046471153853,433.04,molecule,zz,0.1,fixed,3,fixed,eig,0,"[0.000,3.142]",none,1,1,Z,ridge,1,1,adam,adjoint,100,22,0.7949675860688414,0.23928658597212898,4.749176540610084,0.17328783025095298,0.1,0.051329724338964995,0.8166954986757193,0.6543992657563005,0.9209639754619212,12,0.5758419191114369,0.6543992657563005,0.6800270360426609,0.9315160108058576,12,0.6263248572550909
B4,xy_shuffled_r3,quantum,57,13,114,643,195,0.6695287751996888,0.6695287751996888,0.6349532610120293,0.8646716877032359,0.5948067910702343,0.5798044646071078,0.6943843656343655,0.7159559364246864,12,0.7234848746377367,3.027228351472362,452.96,molecule,xy,0.1,bytype_shuffled,3,bytype_shuffled,eig,0,"[0.000,3.142]",none,1,1,Z,ridge,1,1,adam,adjoint,100,22,0.7847594441465607,0.21699785607740624,8.619942667477718,0.041643777525475684,0.5917965076456674,1.988611553886556,0.8166954986757193,0.6798244179202847,0.8646716877032359,12,0.5948067910702343,0.6798244179202847,0.6943843656343655,0.8958333295585618,12,0.6427159727560657
B4,krr_res,classical,57,13,643,643,195,0.6561279935305471,0.6561279935305471,0.6561279935305471,0.9042585031531659,0.4979972009075815,0.4979972009075815,0.6889285656473157,0.6889285656473157,12,,,,,,,,,,,,,,,,,,,,,,,,,,,,,,,0.6584767143964828,,,0.4979972009075815,,0.6889285656473157,,,
B4,krr_cos_cl,classical,57,13,643,643,195,0.7999662146967348,0.7999662146967348,0.7999662146967348,0.8897904980783433,0.7271221610466326,0.7271221610466326,0.4640270666833166,0.4640270666833166,12,,,,,,,,,,,,,,,,,,,,,,,,,,,,,,,0.7859909060127159,,,0.7271221610466326,,0.4640270666833166,,,
B4,ridge_raw_eig,classical,57,13,14,643,195,0.8309082014396432,0.8309082014396432,0.8309082014396432,0.88603461795748,0.7647989633639577,0.7647989633639577,0.33071008563196064,0.33071008563196064,12,,,,,,,,,,,,,,,,,,,,,,,,,,,,,,,0.8213350533325315,,,0.7647989633639577,,0.33071008563196064,,,
B4,composition,classical,57,13,0,643,195,0.9966253238068052,0.9966253238068052,0.9966253238068052,0.8319111212277912,0.8896406124107133,0.8896406124107133,nan,nan,12,,,,,,,,,,,,,,,,,,,,,,,,,,,,,,,0.9808662636399665,,,0.8896406124107133,,nan,,,
B4,zz_bytype_r3,quantum,58,13,114,623,215,0.3384974963437054,0.3384974963437054,0.340482831444375,0.9758419744622263,0.3351213131522004,0.33354564428258665,0.8196706112051355,0.8216372202183623,13,0.8665194449451514,3.1130349551680334,424.08,molecule,zz,0.1,bytype,3,bytype,eig,0,"[0.000,3.142]",none,1,1,Z,ridge,1,1,adam,adjoint,100,22,0.5110202735086208,0.06821126975221126,9.529088553700474,0.03164248648996572,0.19192703234686095,0.6447167634817722,0.8161713555899878,0.33986571861377685,0.9758419744622263,13,0.3351213131522004,0.33986571861377685,0.8196706112051355,0.976210303492186,13,0.34237320344773303
B4,xy_bytype_r3,quantum,58,13,114,623,215,0.39930677609378334,0.39930677609378334,0.39299937937056734,0.9690950604403601,0.39154476314554587,0.3854462960040524,0.7758317021539622,0.7670734779463704,13,0.8679209399138653,2.0095501413708385,436.65,molecule,xy,0.1,bytype,3,bytype,eig,0,"[0.000,3.142]",none,1,1,Z,ridge,1,1,adam,adjoint,100,22,0.6812345302040296,0.08997681644756772,6.151290148038317,0.009852790229288111,0.050087446342532045,0.36680350352691043,0.8161713555899878,0.4015365782337168,0.9690950604403601,13,0.39154476314554587,0.4015365782337168,0.7758317021539622,0.9697700779221773,13,0.39522722647050507
B4,none_r3,quantum,58,13,92,623,215,0.8248720536457548,0.8248720536457548,0.8308888135667307,0.8816973739967515,0.7704747185195183,0.784141550476898,0.36214340357003943,0.33746076095659594,13,0.09512763394556602,1.1230706568747295,306.82,molecule,none,0.0,fixed,3,fixed,eig,0,"[0.000,3.142]",none,1,1,Z,ridge,1,1,adam,adjoint,100,22,0.5628198784488351,0.5092801550744663,2.910984397637308,0.004538520706305961,0.0,0.0,0.8161713555899878,0.8190743544651942,0.8816973739967515,13,0.7704747185195183,0.8190743544651942,0.36214340357003943,0.8828149891916699,13,0.8322001523167191
B4,zz_fixed_r3,quantum,58,13,92,623,215,0.6927995687663674,0.6927995687663674,0.648630434680081,0.9107565059136397,0.6007375116319661,0.574801910286348,0.5992528204202732,0.6081231429284419,13,0.51460323982171,2.510858004814689,414.46,molecule,zz,0.1,fixed,3,fixed,eig,0,"[0.000,3.142]",none,1,1,Z,ridge,1,1,adam,adjoint,100,22,0.5110202735086208,0.24804758514650813,6.759196783487567,0.3189638871594889,0.1,0.051329724338964995,0.8161713555899878,0.6855351827828047,0.9107565059136397,13,0.6007375116319661,0.6855351827828047,0.5992528204202732,0.9212156799990624,13,0.6458758425549996
B4,xy_shuffled_r3,quantum,58,13,114,623,215,0.5869412719843551,0.5869412719843551,0.5803210848859616,0.9362535458613934,0.5150835687314426,0.5107457468594033,0.6434633777480525,0.6411495583527397,13,0.7294327031639832,2.770456808469156,436.69,molecule,xy,0.1,bytype_shuffled,3,bytype_shuffled,eig,0,"[0.000,3.142]",none,1,1,Z,ridge,1,1,adam,adjoint,100,22,0.6812345302040296,0.18431978534865814,8.480447101397864,0.01458112189476966,0.27883923909274894,1.3661168017903922,0.8161713555899878,0.5810722153995589,0.9362535458613934,13,0.5150835687314426,0.5810722153995589,0.6434633777480525,0.9386066262575548,13,0.5747425535740793
B4,krr_res,classical,58,13,623,623,215,0.6021874947325557,0.6021874947325557,0.6021874947325557,0.928951591065176,0.5571475411852675,0.5571475411852675,0.5915450992415565,0.5915450992415565,13,,,,,,,,,,,,,,,,,,,,,,,,,,,,,,,0.5977330968236034,,,0.5571475411852675,,0.5915450992415565,,,
B4,krr_cos_cl,classical,58,13,623,623,215,0.8035793408339368,0.8035793408339368,0.8035793408339368,0.8907378640224001,0.760173032303547,0.760173032303547,0.36780450542744797,0.36780450542744797,13,,,,,,,,,,,,,,,,,,,,,,,,,,,,,,,0.8029743817545495,,,0.760173032303547,,0.36780450542744797,,,
B4,ridge_raw_eig,classical,58,13,14,623,215,0.8677015114575232,0.8677015114575232,0.8677015114575232,0.876237478714379,0.8050047488182918,0.8050047488182918,0.36250631881653567,0.36250631881653567,13,,,,,,,,,,,,,,,,,,,,,,,,,,,,,,,0.8642002688429202,,,0.8050047488182918,,0.36250631881653567,,,
B4,composition,classical,58,13,0,623,215,0.9703215873822449,0.9703215873822449,0.9703215873822449,0.8367297179913973,0.8968094700236691,0.8968094700236691,nan,nan,13,,,,,,,,,,,,,,,,,,,,,,,,,,,,,,,0.9710622063347034,,,0.8968094700236691,,nan,,,
B4,zz_bytype_r3,quantum,59,13,114,633,205,0.38306599381608947,0.38306599381608947,0.378532153010258,0.9712707987557048,0.36472694924874766,0.36100143693334164,0.8512030472380843,0.8346583668128114,12,0.850655645910029,2.1332645878295704,430.25,molecule,zz,0.1,bytype,3,bytype,eig,0,"[0.000,3.142]",none,1,1,Z,ridge,1,1,adam,adjoint,100,22,0.5438336237480352,0.0812184812710587,6.529516268334216,0.010329749604043453,0.09747486638988788,0.39780006016210007,0.8305055526999412,0.3827130771362995,0.9712707987557048,12,0.36472694924874766,0.3827130771362995,0.8512030472380843,0.9713678267940199,12,0.3776343980087782
B4,xy_bytype_r3,quantum,59,13,114,633,205,0.45736236678466796,0.45736236678466796,0.45812897328936153,0.9605833195465691,0.4061026676916588,0.4080807140211903,0.8231428066394862,0.8014333692694803,12,0.8374581235704152,2.0269309194069254,442.54,molecule,xy,0.1,bytype,3,bytype,eig,0,"[0.000,3.142]",none,1,1,Z,ridge,1,1,adam,adjoint,100,22,0.6392941242799094,0.10391206655086473,6.2040491782234115,0.00850643246678102,0.09882892266480248,0.38128956103365336,0.8305055526999412,0.45606218991438296,0.9605833195465691,12,0.4061026676916588,0.45606218991438296,0.8231428066394862,0.9601554400079201,12,0.45552585463882883
B4,none_r3,quantum,59,13,92,633,205,0.7597716500374349,0.7597716500374349,0.759324548603684,0.8966705476358661,0.7204625306987942,0.7165572314195252,0.5600329359717835,0.5600605071487262,12,0.08013766408999261,1.1621310495773012,310.91,molecule,none,0.0,fixed,3,fixed,eig,0,"[0.000,3.142]",none,1,1,Z,ridge,1,1,adam,adjoint,100,22,0.6235129497642712,0.5735460784403016,3.011973842638436,0.0630004700060984,0.0,0.0,0.8305055526999412,0.7491757568132847,0.8966705476358661,12,0.7204625306987942,0.7491757568132847,0.5600329359717835,0.8995061838290316,12,0.7485556731205297
B4,zz_fixed_r3,quantum,59,13,92,633,205,0.5791004481942917,0.5791004481942917,0.5644247615188579,0.9330724096579389,0.5295628706573641,0.5247423355495492,0.7261472234627728,0.7286443019155229,12,0.5443391910202294,2.531523113523963,420.66,molecule,zz,0.1,fixed,3,fixed,eig,0,"[0.000,3.142]",none,1,1,Z,ridge,1,1,adam,adjoint,100,22,0.5438336237480352,0.2478036689474299,6.814272421465768,0.3395298468263079,0.1,0.051329724338964995,0.8305055526999412,0.5680958011022722,0.9330724096579389,12,0.5295628706573641,0.5680958011022722,0.7261472234627728,0.9377428684906705,12,0.5550358530501591
B4,xy_shuffled_r3,quantum,59,13,114,633,205,0.6206034685935593,0.6206034685935593,0.6270740670807643,0.926095562548509,0.5566986866011059,0.5699720104547429,0.746110825102484,0.7441164920530999,12,0.6809265186226791,2.1303734093216997,443.49,molecule,xy,0.1,bytype_shuffled,3,bytype_shuffled,eig,0,"[0.000,3.142]",none,1,1,Z,ridge,1,1,adam,adjoint,100,22,0.6392941242799094,0.20398180185805637,6.520666922027387,0.014542248951638772,0.18675042409190007,0.686443970765595,0.8305055526999412,0.6097106433057161,0.926095562548509,12,0.5566986866011059,0.6097106433057161,0.746110825102484,0.9295438426824563,12,0.6217322298411668
B4,krr_res,classical,59,13,633,633,205,0.6638256578957729,0.6638256578957729,0.6638256578957729,0.9060643694719595,0.5924673910287248,0.5924673910287248,0.7213965040818825,0.7213965040818825,12,,,,,,,,,,,,,,,,,,,,,,,,,,,,,,,0.6490454370781317,,,0.5924673910287248,,0.7213965040818825,,,
B4,krr_cos_cl,classical,59,13,633,633,205,0.7660734306092147,0.7660734306092147,0.7660734306092147,0.8985605655833425,0.7400300825056819,0.7400300825056819,0.597625242271286,0.597625242271286,12,,,,,,,,,,,,,,,,,,,,,,,,,,,,,,,0.765084206822299,,,0.7400300825056819,,0.597625242271286,,,
B4,ridge_raw_eig,classical,59,13,14,633,205,0.7536617537198551,0.7536617537198551,0.7536617537198551,0.9011393601348242,0.7112525472392343,0.7112525472392343,0.5703622014649278,0.5703622014649278,12,,,,,,,,,,,,,,,,,,,,,,,,,,,,,,,0.7498875594798124,,,0.7112525472392343,,0.5703622014649278,,,
B4,composition,classical,59,13,0,633,205,1.1022833156785476,1.1022833156785476,1.1022833156785476,0.7984707864641629,1.0368820160625456,1.0368820160625456,nan,nan,12,,,,,,,,,,,,,,,,,,,,,,,,,,,,,,,1.10188167294157,,,1.0368820160625456,,nan,,,
B4,zz_bytype_r3,quantum,60,13,114,625,213,0.36047220812997827,0.36047220812997827,0.34875375646406986,0.9739144733814952,0.33706554749059026,0.3218256062886668,0.8535129117798281,0.854453083422872,9,0.8453450279802537,2.619257673686319,426.99,molecule,zz,0.1,bytype,3,bytype,eig,0,"[0.000,3.142]",none,1,1,Z,ridge,1,1,adam,adjoint,100,22,0.6333135546073766,0.09794509006752997,8.08684445090753,0.031244725199430393,0.05407330877736758,0.5744986346335655,0.825702892436172,0.35374637414868376,0.9739144733814952,9,0.33706554749059026,0.35374637414868376,0.8535129117798281,0.9747354033405313,9,0.33556992333049107
B4,xy_bytype_r3,quantum,60,13,114,625,213,0.3891786985795882,0.3891786985795882,0.3853671294810713,0.9713288059492113,0.36202623294675457,0.35744959056530357,0.8604710730728193,0.871416542374869,9,0.8643925144446772,2.0329679127838785,440.71,molecule,xy,0.1,bytype,3,bytype,eig,0,"[0.000,3.142]",none,1,1,Z,ridge,1,1,adam,adjoint,100,22,0.7255786058233966,0.09839389030844743,6.276700245849219,0.03442693111395153,0.08836570468150094,0.6207928471354686,0.825702892436172,0.3861564650674043,0.9713288059492113,9,0.36202623294675457,0.3861564650674043,0.8604710730728193,0.9716109594304754,9,0.38089255572028974
B4,none_r3,quantum,60,13,92,625,213,0.7821722243893016,0.7821722243893016,0.8403558278294929,0.8954977552492128,0.7443235875987254,0.8101644108303686,0.537954833461433,0.49503667633912896,9,0.12105465428611939,1.402699304697394,311.03,molecule,none,0.0,fixed,3,fixed,eig,0,"[0.000,3.142]",none,1,1,Z,ridge,1,1,adam,adjoint,100,22,0.6398967410271769,0.5624342622633175,3.6728489652938023,0.008034417298148104,0.0,0.0,0.825702892436172,0.7783991306522361,0.8954977552492128,9,0.7443235875987254,0.7783991306522361,0.537954833461433,0.8827867305777948,9,0.8364223944189277
B4,zz_fixed_r3,quantum,60,13,92,625,213,0.5598854173861815,0.5598854173861815,0.5687024759165871,0.9298070176464637,0.49804491936135614,0.513052919266013,0.8374456497441989,0.8286173368970688,9,0.6138565605981661,2.662932354220738,422.08,molecule,zz,0.1,fixed,3,fixed,eig,0,"[0.000,3.142]",none,1,1,Z,ridge,1,1,adam,adjoint,100,22,0.6333135546073766,0.2445498741958936,7.238955379827284,0.29646078781645896,0.1,0.051329724338964995,0.825702892436172,0.5172170168138237,0.9298070176464637,9,0.49804491936135614,0.5172170168138237,0.8374456497441989,0.9337680767320424,9,0.534828394025824
B4,xy_shuffled_r3,quantum,60,13,114,625,213,0.5782240547392893,0.5782240547392893,0.5676661827519242,0.9340013918217971,0.4969936760443013,0.4947264853367496,0.8247559471990328,0.824264744125442,9,0.6880606433091168,2.09504593608252,442.39,molecule,xy,0.1,bytype_shuffled,3,bytype_shuffled,eig,0,"[0.000,3.142]",none,1,1,Z,ridge,1,1,adam,adjoint,100,22,0.7255786058233966,0.22633652352921832,6.468363450000263,0.014116498057359763,0.3108689625380354,0.9957322395771427,0.825702892436172,0.5428205557953175,0.9340013918217971,9,0.4969936760443013,0.5428205557953175,0.8247559471990328,0.9354447773714872,9,0.5278409831421111
B4,krr_res,classical,60,13,625,625,213,0.6334679941108472,0.6334679941108472,0.6334679941108472,0.9234019421404764,0.5805933421386538,0.5805933421386538,0.7667006868363334,0.7667006868363334,9,,,,,,,,,,,,,,,,,,,,,,,,,,,,,,,0.6024459757228128,,,0.5805933421386538,,0.7667006868363334,,,
B4,krr_cos_cl,classical,60,13,625,625,213,0.8386537300658303,0.8386537300658303,0.8386537300658303,0.8680474983149684,0.8163721882579642,0.8163721882579642,0.5327526837629948,0.5327526837629948,9,,,,,,,,,,,,,,,,,,,,,,,,,,,,,,,0.8335841636516124,,,0.8163721882579642,,0.5327526837629948,,,
B4,ridge_raw_eig,classical,60,13,14,625,213,0.8309364525587387,0.8309364525587387,0.8309364525587387,0.880283060549165,0.7608014352734185,0.7608014352734185,0.537291177549475,0.537291177549475,9,,,,,,,,,,,,,,,,,,,,,,,,,,,,,,,0.8046616312786807,,,0.7608014352734185,,0.537291177549475,,,
B4,composition,classical,60,13,0,625,213,1.0430636846338335,1.0430636846338335,1.0430636846338335,0.8125305609246151,0.9958637064374998,0.9958637064374998,nan,nan,9,,,,,,,,,,,,,,,,,,,,,,,,,,,,,,,1.0425932443095582,,,0.9958637064374998,,nan,,,
B4,zz_bytype_r3,quantum,61,13,114,626,212,0.40765533967167433,0.40765533967167433,0.41319239083351955,0.9654658229535239,0.38152980694132593,0.38289345527537694,0.7009883158354875,0.7020340846953402,12,0.8664289717838014,2.372099360053898,424.5,molecule,zz,0.1,bytype,3,bytype,eig,0,"[0.000,3.142]",none,1,1,Z,ridge,1,1,adam,adjoint,100,22,0.6217127947983341,0.08304281725637991,7.270993795285218,0.012300297316761556,-0.11154925170814863,0.7233206144804076,0.8064548566465617,0.408894001964222,0.9654658229535239,12,0.38152980694132593,0.408894001964222,0.7009883158354875,0.9640548887176492,12,0.41419186279010617
B4,xy_bytype_r3,quantum,61,13,114,626,212,0.4650486712476149,0.4650486712476149,0.4749995516344376,0.9532399097841979,0.4382384106385959,0.44509647246576706,0.6988289817227153,0.7007356074746736,12,0.8620245262231624,2.3724855365978805,438.18,molecule,xy,0.1,bytype,3,bytype,eig,0,"[0.000,3.142]",none,1,1,Z,ridge,1,1,adam,adjoint,100,22,0.6243383814060035,0.08614338397155728,7.272177509299253,0.007891198168117482,0.15827928690506088,0.5744948511810349,0.8064548566465617,0.46560071483274945,0.9532399097841979,12,0.4382384106385959,0.46560071483274945,0.6988289817227153,0.9519358984217338,12,0.4752883780735346
B4,none_r3,quantum,61,13,92,626,212,0.7419480504729697,0.7419480504729697,0.7279168691111603,0.9007393938609871,0.7282583126298728,0.723685339426673,0.2569269163979864,0.26710527565828923,12,0.10979892304753301,1.2749909615481534,307.2,molecule,none,0.0,fixed,3,fixed,eig,0,"[0.000,3.142]",none,1,1,Z,ridge,1,1,adam,adjoint,100,22,0.5929486605628831,0.5278435362106013,3.3100972499926553,0.0009042526288443118,0.0,0.0,0.8064548566465617,0.7370466820695779,0.9007393938609871,12,0.7282583126298728,0.7370466820695779,0.2569269163979864,0.9025139918041802,12,0.722294976387235
B4,zz_fixed_r3,quantum,61,13,92,626,212,0.5781458958553374,0.5781458958553374,0.5472389756677554,0.9373140868956598,0.5329673502609107,0.5186415981317968,0.5902600525057452,0.6328430286376938,12,0.5863962046955455,2.0916640387906775,422.75,molecule,zz,0.1,fixed,3,fixed,eig,0,"[0.000,3.142]",none,1,1,Z,ridge,1,1,adam,adjoint,100,22,0.6217127947983341,0.25714277151793047,5.639488336751894,0.11747531603856824,0.1,0.051329724338964995,0.8064548566465617,0.5715607994925666,0.9373140868956598,12,0.5329673502609107,0.5715607994925666,0.5902600525057452,0.9417576200111318,12,0.5415576189600698
B4,xy_shuffled_r3,quantum,61,13,114,626,212,0.5161056235208957,0.5161056235208957,0.5283970387750871,0.951046103161034,0.47272333507177544,0.4804042901905296,0.6402730518936237,0.6268367317764675,12,0.6896399209833479,1.9457417483943809,437.15,molecule,xy,0.1,bytype_shuffled,3,bytype_shuffled,eig,0,"[0.000,3.142]",none,1,1,Z,ridge,1,1,adam,adjoint,100,22,0.6243383814060035,0.19376970938629587,5.964116182503206,0.24993431862507165,0.2852094520318657,0.1704008923306459,0.8064548566465617,0.511476922510961,0.951046103161034,12,0.47272333507177544,0.511476922510961,0.6402730518936237,0.9491550858942545,12,0.5221912047455097
B4,krr_res,classical,61,13,626,626,212,0.6701674876993301,0.6701674876993301,0.6701674876993301,0.901036519503662,0.6146130010624494,0.6146130010624494,0.5073302219930753,0.5073302219930753,12,,,,,,,,,,,,,,,,,,,,,,,,,,,,,,,0.6614296665739071,,,0.6146130010624494,,0.5073302219930753,,,
B4,krr_cos_cl,classical,61,13,626,626,212,0.739345228511944,0.739345228511944,0.739345228511944,0.899460902613977,0.6838508357693387,0.6838508357693387,0.3010840564025724,0.3010840564025724,12,,,,,,,,,,,,,,,,,,,,,,,,,,,,,,,0.7401178510847716,,,0.6838508357693387,,0.3010840564025724,,,
B4,ridge_raw_eig,classical,61,13,14,626,212,0.7570797017703523,0.7570797017703523,0.7570797017703523,0.8954788013189965,0.7390955375963442,0.7390955375963442,0.24845556935155255,0.24845556935155255,12,,,,,,,,,,,,,,,,,,,,,,,,,,,,,,,0.7527003223162446,,,0.7390955375963442,,0.24845556935155255,,,
B4,composition,classical,61,13,0,626,212,0.9097181380397862,0.9097181380397862,0.9097181380397862,0.8568194604239119,0.7479676267125587,0.7479676267125587,nan,nan,12,,,,,,,,,,,,,,,,,,,,,,,,,,,,,,,0.9049953516226236,,,0.7479676267125587,,nan,,,
