config,arm,kind,seed,n_qubits,n_params,n_train,n_test,mae,mae_ridge,mae_krr,r2,isomer_mae,isomer_mae_krr,isomer_rho,isomer_rho_krr,n_isomer_groups,loss_drop,param_shift_rel,time_s,target,residual,split,entangler,alpha,alpha_mode,n_rounds,bond_param_mode,encode_source,drop_q0,angle_range,rz_source,canonical,n_reupload,observable,readout,use_cnot,scaler,optimizer,diff_method,epochs,n_types,n_types_train,max_types,train_frac,types_from_train,loss_first,loss_last,param_shift,grad_norm_last,alpha_mean,angle_max,comp_r2,isomer_mae_tr,r2_ridge,n_isomer_groups_ridge,isomer_mae_ridge,isomer_mae_tr_ridge,isomer_rho_ridge,r2_krr,n_isomer_groups_krr,isomer_mae_tr_krr
B5,zz_bytype_r3,quantum,42,13,114,150,54,0.5313330725104142,0.5313330725104142,0.4731880457325201,0.9705755112930551,0.45259466563046674,0.42188368067250936,0.326,0.32466666666666666,10,0.8824118887663894,2.534914807783947,109.11,eAT,1,molecule,zz,0.1,bytype,3,bytype,eig,0,"[0.000,3.142]",none,1,1,Z,ridge,1,1,adam,adjoint,100,22,21,0,1.0,1,0.5191733065159051,0.061048608516113656,6.3991859641891224,0.20452180183228527,0.195067708139859,0.5008996272962715,0.9625054122237194,0.551387509767793,0.9705755112930551,10,0.45259466563046674,0.551387509767793,0.326,0.9753992414173742,10,0.4925770981222611
B5,xy_bytype_r3,quantum,42,13,114,150,54,0.42568178361899006,0.42568178361899006,0.4132263790313302,0.9835420189822519,0.31743188845314235,0.31440350832166447,0.32899999999999996,0.35733333333333334,10,0.9090056937704397,2.6670995694385025,112.94,eAT,1,molecule,xy,0.1,bytype,3,bytype,eig,0,"[0.000,3.142]",none,1,1,Z,ridge,1,1,adam,adjoint,100,22,21,0,1.0,1,0.5216622532499775,0.04746829482063084,6.732875628576302,0.02248569069560579,0.12510551716503965,0.8679010338111254,0.9625054122237194,0.45476485526862104,0.9835420189822519,10,0.31743188845314235,0.45476485526862104,0.32899999999999996,0.9842469607948686,10,0.44138336125158234
B5,none_r3,quantum,42,13,92,150,54,0.48130239274160863,0.48130239274160863,0.49722977342731844,0.9792785961634193,0.2852064853812691,0.30989718128049293,0.28833333333333333,0.15733333333333335,10,0.2775333979158776,1.3656838786355967,80.58,eAT,1,molecule,none,0.0,fixed,3,fixed,eig,0,"[0.000,3.142]",none,1,1,Z,ridge,1,1,adam,adjoint,100,22,21,0,1.0,1,0.5209261405157443,0.3763517386752058,2.8069951983385995,0.019731653952862444,0.0,0.0,0.9625054122237194,0.4812441188863296,0.9792785961634193,10,0.2852064853812691,0.4812441188863296,0.28833333333333333,0.9803923064086663,10,0.49723786201191944
B5,zz_fixed_r3,quantum,42,13,92,150,54,0.30954815824586535,0.30954815824586535,0.31208849925704,0.9887908565125332,0.22367277693292123,0.2212225793646735,0.6409999999999999,0.615,10,0.6716245297859076,1.8530584629853317,111.86,eAT,1,molecule,zz,0.1,fixed,3,fixed,eig,0,"[0.000,3.142]",none,1,1,Z,ridge,1,1,adam,adjoint,100,22,21,0,1.0,1,0.5191733065159051,0.17048377864976544,3.9940395431751345,1.32870190918139,0.1,0.06719368409052928,0.9625054122237194,0.31542715635319213,0.9887908565125332,10,0.22367277693292123,0.31542715635319213,0.6409999999999999,0.9884312893304892,10,0.31911099390050124
B5,xy_shuffled_r3,quantum,42,13,114,150,54,0.6902491474419408,0.6902491474419408,0.686961855908256,0.9461268782903169,0.45783859433815605,0.4510330112623997,0.3406666666666666,0.3486666666666666,10,0.7873560791970432,2.640107763294682,116.17,eAT,1,molecule,xy,0.1,bytype_shuffled,3,bytype_shuffled,eig,0,"[0.000,3.142]",none,1,1,Z,ridge,1,1,adam,adjoint,100,22,21,0,1.0,1,0.5216622532499775,0.11092830686598021,6.664737012440856,0.04815221220375053,0.16542589376694822,0.7877919629679471,0.9625054122237194,0.7155679685283289,0.9461268782903169,10,0.45783859433815605,0.7155679685283289,0.3406666666666666,0.9472788077365323,10,0.7098185318853318
B5,krr_res,classical,42,13,150,150,54,0.41356483029430785,0.41356483029430785,0.41356483029430785,0.985044557636796,0.3047823975870112,0.3047823975870112,0.22966666666666666,0.22966666666666666,10,,,,,,,,,,,,,,,,,,,,,,,,,,,,,,,,,,,,,0.4224315369113337,,,0.3047823975870112,,0.22966666666666666,,,
B5,krr_cos_cl,classical,42,13,150,150,54,0.5194198033549468,0.5194198033549468,0.5194198033549468,0.9778328917987771,0.3217472729103632,0.3217472729103632,0.22466666666666668,0.22466666666666668,10,,,,,,,,,,,,,,,,,,,,,,,,,,,,,,,,,,,,,0.5186257938730826,,,0.3217472729103632,,0.22466666666666668,,,
B5,ridge_raw_eig,classical,42,13,14,150,54,0.5564991171059129,0.5564991171059129,0.5564991171059129,0.9745800336754127,0.3394662170540218,0.3394662170540218,0.16499999999999995,0.16499999999999995,10,,,,,,,,,,,,,,,,,,,,,,,,,,,,,,,,,,,,,0.5541056752182861,,,0.3394662170540218,,0.16499999999999995,,,
B5,composition,classical,42,13,0,150,54,0.741868137997619,0.741868137997619,0.741868137997619,0.9599949288716224,0.3400642723208013,0.3400642723208013,nan,nan,10,,,,,,,,,,,,,,,,,,,,,,,,,,,,,,,,,,,,,0.7776342905116852,,,0.3400642723208013,,nan,,,
B5,zz_bytype_r3,quantum,43,13,115,159,45,0.2190030596105621,0.2190030596105621,0.21896165722769245,0.9962770092388524,0.14507852391202397,0.14761113360113232,0.6033333333333333,0.5830952380952381,9,0.9108408040811968,2.9497190201699626,114.01,eAT,1,molecule,zz,0.1,bytype,3,bytype,eig,0,"[0.000,3.142]",none,1,1,Z,ridge,1,1,adam,adjoint,100,23,22,0,1.0,1,0.3756514265972381,0.03349277914116103,8.712384894522081,0.04830634401336562,0.16176027405635504,0.5395274267729538,0.957994129331869,0.21258948516681517,0.9962770092388524,9,0.14507852391202397,0.21258948516681517,0.6033333333333333,0.9962075523472459,9,0.2151937041925903
B5,xy_bytype_r3,quantum,43,13,115,159,45,0.3533014839636159,0.3533014839636159,0.36367259114534867,0.986339206327723,0.2588800782793683,0.26086052561373363,0.3533333333333334,0.3676190476190476,9,0.9223621204945165,2.100590376150811,116.65,eAT,1,molecule,xy,0.1,bytype,3,bytype,eig,0,"[0.000,3.142]",none,1,1,Z,ridge,1,1,adam,adjoint,100,23,22,0,1.0,1,0.6918507473096225,0.05371382495540317,6.204371242688827,0.028074475716572934,0.1868329751516867,0.7244656798534406,0.957994129331869,0.3220704148360637,0.986339206327723,9,0.2588800782793683,0.3220704148360637,0.3533333333333334,0.9852006904810668,9,0.328065878915362
B5,none_r3,quantum,43,13,92,159,45,0.5689513312581158,0.5689513312581158,0.4968338752725084,0.9635690662173952,0.3256778748661512,0.31414759891608757,0.31059523809523815,0.2257142857142858,9,0.26844855289798303,1.3774191384460777,84.43,eAT,1,molecule,none,0.0,fixed,3,fixed,eig,0,"[0.000,3.142]",none,1,1,Z,ridge,1,1,adam,adjoint,100,23,22,0,1.0,1,0.48940938739052514,0.3580281455708503,3.4078024216025873,0.03016581420772872,0.0,0.0,0.957994129331869,0.43086749663150814,0.9635690662173952,9,0.3256778748661512,0.43086749663150814,0.31059523809523815,0.9800164574627893,9,0.43089378185358884
B5,zz_fixed_r3,quantum,43,13,92,159,45,0.4523708944243978,0.4523708944243978,0.4227026853577079,0.9842321492462575,0.3022607388412677,0.27712749431731093,0.31309523809523815,0.4026190476190477,9,0.2891722598779213,1.853354615601214,117.48,eAT,1,molecule,zz,0.1,fixed,3,fixed,eig,0,"[0.000,3.142]",none,1,1,Z,ridge,1,1,adam,adjoint,100,23,22,0,1.0,1,0.3756514265972381,0.2670234546417497,4.770625567416595,0.4422814403686233,0.1,0.06719368409052928,0.957994129331869,0.44000970307177134,0.9842321492462575,9,0.3022607388412677,0.44000970307177134,0.31309523809523815,0.9872569675773328,9,0.4206514187344503
B5,xy_shuffled_r3,quantum,43,13,115,159,45,0.48417030136643024,0.48417030136643024,0.4841806369644162,0.9812166606711981,0.3371993831855198,0.33759313813953007,0.26857142857142857,0.28761904761904766,9,0.850217601032064,3.0305504036222732,120.6,eAT,1,molecule,xy,0.1,bytype_shuffled,3,bytype_shuffled,eig,0,"[0.000,3.142]",none,1,1,Z,ridge,1,1,adam,adjoint,100,23,22,0,1.0,1,0.6918507473096225,0.1036270646597946,8.951131066404125,0.5088518604962426,0.48696160293416607,1.9250243536473794,0.957994129331869,0.4826517317312643,0.9812166606711981,9,0.3371993831855198,0.4826517317312643,0.26857142857142857,0.9811261709699542,9,0.48572906037551
B5,krr_res,classical,43,13,159,159,45,0.5129304097574466,0.5129304097574466,0.5129304097574466,0.985125896048929,0.2998278904054759,0.2998278904054759,0.09976190476190476,0.09976190476190476,9,,,,,,,,,,,,,,,,,,,,,,,,,,,,,,,,,,,,,0.5413860276543971,,,0.2998278904054759,,0.09976190476190476,,,
B5,krr_cos_cl,classical,43,13,159,159,45,0.5092356701583465,0.5092356701583465,0.5092356701583465,0.9822940103730494,0.3019831694433144,0.3019831694433144,0.2800000000000001,0.2800000000000001,9,,,,,,,,,,,,,,,,,,,,,,,,,,,,,,,,,,,,,0.4688091727428846,,,0.3019831694433144,,0.2800000000000001,,,
B5,ridge_raw_eig,classical,43,13,14,159,45,0.5590254227325631,0.5590254227325631,0.5590254227325631,0.9793600746831262,0.26810429566642374,0.26810429566642374,0.45761904761904776,0.45761904761904776,9,,,,,,,,,,,,,,,,,,,,,,,,,,,,,,,,,,,,,0.5150191027693344,,,0.26810429566642374,,0.45761904761904776,,,
B5,composition,classical,43,13,0,159,45,0.6726005127621452,0.6726005127621452,0.6726005127621452,0.969431594887405,0.4162543412500003,0.4162543412500003,nan,nan,9,,,,,,,,,,,,,,,,,,,,,,,,,,,,,,,,,,,,,0.7273262002880159,,,0.4162543412500003,,nan,,,
B5,zz_bytype_r3,quantum,44,13,114,153,51,0.6500981171011806,0.6500981171011806,0.6078601374295163,0.9383527975644345,0.5261204810231059,0.472265421856598,0.12519426326802827,0.1841524002985842,7,0.9209726947449539,2.8074753090499027,110.03,eAT,1,molecule,zz,0.1,bytype,3,bytype,eig,0,"[0.000,3.142]",none,1,1,Z,ridge,1,1,adam,adjoint,100,22,21,0,1.0,1,0.4493649896771724,0.03551210421014857,8.110102051854739,0.18161680294980143,0.38470990711045816,0.9318255472672902,0.9671451656168382,0.5675407233688811,0.9383527975644345,7,0.5261204810231059,0.5675407233688811,0.12519426326802827,0.9473448641828481,7,0.5257604821237254
B5,xy_bytype_r3,quantum,44,13,114,153,51,0.4988350072877678,0.4988350072877678,0.4910184263152531,0.9694824603331432,0.34995418913989157,0.3574969907609503,0.3125472656297802,0.3117396199170328,7,0.8699356340062644,2.615149817241742,113.73,eAT,1,molecule,xy,0.1,bytype,3,bytype,eig,0,"[0.000,3.142]",none,1,1,Z,ridge,1,1,adam,adjoint,100,22,21,0,1.0,1,0.4697110537572199,0.06109267040718224,7.554521256287496,0.03019240216642843,0.4145530417258113,0.587968195852074,0.9671451656168382,0.3975606954282222,0.9694824603331432,7,0.34995418913989157,0.3975606954282222,0.3125472656297802,0.9730679297281684,7,0.40507838890811226
B5,none_r3,quantum,44,13,92,153,51,0.47313058486834975,0.47313058486834975,0.46059809437253324,0.9716476436874023,0.3317235664888546,0.32896387307359853,0.5820296789404341,0.5494209832882602,7,0.15740415017247128,0.9588513594603275,82.53,eAT,1,molecule,none,0.0,fixed,3,fixed,eig,0,"[0.000,3.142]",none,1,1,Z,ridge,1,1,adam,adjoint,100,22,21,0,1.0,1,0.4675584958529588,0.39396284815730487,2.320143359732837,0.007635606314662568,0.0,0.0,0.9671451656168382,0.39247763912529654,0.9716476436874023,7,0.3317235664888546,0.39247763912529654,0.5820296789404341,0.9741870734948256,7,0.38984499470537415
B5,zz_fixed_r3,quantum,44,13,92,153,51,0.48496232057306504,0.48496232057306504,0.49397276270687385,0.9748251216984715,0.3790126715854928,0.3924601076498252,0.5931995619133861,0.5796816937717463,7,0.4417071016834368,2.1010405866419988,114.32,eAT,1,molecule,zz,0.1,fixed,3,fixed,eig,0,"[0.000,3.142]",none,1,1,Z,ridge,1,1,adam,adjoint,100,22,21,0,1.0,1,0.4493649896771724,0.2508772824888611,5.29401546738376,0.4384834543883562,0.1,0.06719368409052928,0.9671451656168382,0.4263937888754251,0.9748251216984715,7,0.3790126715854928,0.4263937888754251,0.5931995619133861,0.9750224954989886,7,0.4380206778537874
B5,xy_shuffled_r3,quantum,44,13,114,153,51,0.8200631187647838,0.8200631187647838,0.826743561847901,0.9187531238808764,0.6787485897813951,0.7092491482304296,0.38073010356628606,0.34226495674200613,7,0.6659519504238015,2.0832014300086827,116.92,eAT,1,molecule,xy,0.1,bytype_shuffled,3,bytype_shuffled,eig,0,"[0.000,3.142]",none,1,1,Z,ridge,1,1,adam,adjoint,100,22,21,0,1.0,1,0.4697110537572199,0.1569060613719802,6.017853883693706,0.19734079776245086,0.4624417431044524,1.1434022354280342,0.9671451656168382,0.7597296012337734,0.9187531238808764,7,0.6787485897813951,0.7597296012337734,0.38073010356628606,0.9145529468867475,7,0.779471695765244
B5,krr_res,classical,44,13,153,153,51,0.6191792459149743,0.6191792459149743,0.6191792459149743,0.9631242385958594,0.4387368884280707,0.4387368884280707,0.08636282055988614,0.08636282055988614,7,,,,,,,,,,,,,,,,,,,,,,,,,,,,,,,,,,,,,0.6146521409595512,,,0.4387368884280707,,0.08636282055988614,,,
B5,krr_cos_cl,classical,44,13,153,153,51,0.469010347286765,0.469010347286765,0.469010347286765,0.9743302484241488,0.3129851219985312,0.3129851219985312,0.47696486333247673,0.47696486333247673,7,,,,,,,,,,,,,,,,,,,,,,,,,,,,,,,,,,,,,0.41447010884862423,,,0.3129851219985312,,0.47696486333247673,,,
B5,ridge_raw_eig,classical,44,13,14,153,51,0.5681235918911659,0.5681235918911659,0.5681235918911659,0.9678948573899169,0.3964424588758377,0.3964424588758377,0.6381507564540275,0.6381507564540275,7,,,,,,,,,,,,,,,,,,,,,,,,,,,,,,,,,,,,,0.5028031781681999,,,0.3964424588758377,,0.6381507564540275,,,
B5,composition,classical,44,13,0,153,51,0.7690302996922418,0.7690302996922418,0.7690302996922418,0.9447308755984314,0.48974084489303044,0.48974084489303044,nan,nan,7,,,,,,,,,,,,,,,,,,,,,,,,,,,,,,,,,,,,,0.7455295813556443,,,0.48974084489303044,,nan,,,
B5,zz_bytype_r3,quantum,45,13,114,153,51,0.38228674590137723,0.38228674590137723,0.3666139284369952,0.9784773520575697,0.2169782839858915,0.21148463373801982,0.3521739130434782,0.3521739130434782,12,0.9175456926940172,2.4135011734813414,110.78,eAT,1,molecule,zz,0.1,bytype,3,bytype,eig,0,"[0.000,3.142]",none,1,1,Z,ridge,1,1,adam,adjoint,100,22,21,0,1.0,1,0.5486743281599544,0.04524056166500456,6.806009066288585,0.014602045999556517,0.35335220262253364,0.5915156464658218,0.9625370453145851,0.2936317297080702,0.9784773520575697,12,0.2169782839858915,0.2936317297080702,0.3521739130434782,0.9803727502422908,12,0.2897224176115321
B5,xy_bytype_r3,quantum,45,13,114,153,51,0.41216347224870914,0.41216347224870914,0.400161339129497,0.9827033108746874,0.3167449855332659,0.30524126072346464,0.4993788819875776,0.5515527950310559,12,0.9603911308939354,2.4710909707242976,113.02,eAT,1,molecule,xy,0.1,bytype,3,bytype,eig,0,"[0.000,3.142]",none,1,1,Z,ridge,1,1,adam,adjoint,100,22,21,0,1.0,1,0.720974162745141,0.028556971241026824,6.968410761580039,0.014918315952186161,0.09818713987302498,0.6017543144262337,0.9625370453145851,0.4094279358300255,0.9827033108746874,12,0.3167449855332659,0.4094279358300255,0.4993788819875776,0.9831948001592298,12,0.3964290906108149
B5,none_r3,quantum,45,13,92,153,51,0.4707280162902139,0.4707280162902139,0.48176777469073506,0.9778465883508888,0.2768003458693919,0.2526384844350071,0.10341614906832296,0.33695652173913043,12,0.16456278790515916,1.2920174445631767,80.32,eAT,1,molecule,none,0.0,fixed,3,fixed,eig,0,"[0.000,3.142]",none,1,1,Z,ridge,1,1,adam,adjoint,100,22,21,0,1.0,1,0.4739303188597518,0.39593902431541,3.03744490416342,0.0032224201213643965,0.0,0.0,0.9625370453145851,0.40637146086223075,0.9778465883508888,12,0.2768003458693919,0.40637146086223075,0.10341614906832296,0.978648016333979,12,0.42324414405046284
B5,zz_fixed_r3,quantum,45,13,92,153,51,0.6176115931200341,0.6176115931200341,0.6054782357605504,0.9625289847312123,0.4449218601918204,0.44642155406489203,0.04565217391304347,0.04565217391304347,12,0.5934900114259022,2.511744212601266,114.13,eAT,1,molecule,zz,0.1,fixed,3,fixed,eig,0,"[0.000,3.142]",none,1,1,Z,ridge,1,1,adam,adjoint,100,22,21,0,1.0,1,0.5486743281599544,0.2230415948712039,6.156113778876225,1.4184205217332257,0.1,0.06719368409052928,0.9625370453145851,0.572306269740361,0.9625289847312123,12,0.4449218601918204,0.572306269740361,0.04565217391304347,0.96564930651279,12,0.5731669814434849
B5,xy_shuffled_r3,quantum,45,13,114,153,51,0.5275129827085273,0.5275129827085273,0.5037536406569381,0.9688777569737016,0.3746153507431607,0.3801017628622629,0.2645962732919255,0.2363354037267081,12,0.8572113598324435,2.0275965704699064,116.79,eAT,1,molecule,xy,0.1,bytype_shuffled,3,bytype_shuffled,eig,0,"[0.000,3.142]",none,1,1,Z,ridge,1,1,adam,adjoint,100,22,21,0,1.0,1,0.720974162745141,0.10294692029432129,5.717768357861754,0.188894662871856,0.2509397515168515,0.37116880784673567,0.9625370453145851,0.48175829281525645,0.9688777569737016,12,0.3746153507431607,0.48175829281525645,0.2645962732919255,0.9738508351529583,12,0.4739415201018783
B5,krr_res,classical,45,13,153,153,51,0.4782303541627071,0.4782303541627071,0.4782303541627071,0.9811713789323704,0.3114204055272894,0.3114204055272894,0.3248447204968944,0.3248447204968944,12,,,,,,,,,,,,,,,,,,,,,,,,,,,,,,,,,,,,,0.48518744787439344,,,0.3114204055272894,,0.3248447204968944,,,
B5,krr_cos_cl,classical,45,13,153,153,51,0.4652454411533156,0.4652454411533156,0.4652454411533156,0.9776230137721016,0.32687277476846754,0.32687277476846754,0.21211180124223605,0.21211180124223605,12,,,,,,,,,,,,,,,,,,,,,,,,,,,,,,,,,,,,,0.411928388908975,,,0.32687277476846754,,0.21211180124223605,,,
B5,ridge_raw_eig,classical,45,13,14,153,51,0.4637847087117523,0.4637847087117523,0.4637847087117523,0.9841320670812173,0.3024904104752315,0.3024904104752315,0.15248447204968943,0.15248447204968943,12,,,,,,,,,,,,,,,,,,,,,,,,,,,,,,,,,,,,,0.45053169491623574,,,0.3024904104752315,,0.15248447204968943,,,
B5,composition,classical,45,13,0,153,51,0.6799610715763171,0.6799610715763171,0.6799610715763171,0.960987456760548,0.34746805158102767,0.34746805158102767,nan,nan,12,,,,,,,,,,,,,,,,,,,,,,,,,,,,,,,,,,,,,0.6119671274453298,,,0.34746805158102767,,nan,,,
B5,zz_bytype_r3,quantum,46,13,115,150,54,0.5700603060532544,0.5700603060532544,0.5595289309179177,0.9727739096238794,0.29689417730579476,0.2970628935007533,0.3916666666666666,0.4229166666666666,11,0.8931596437870548,2.4134706225179796,107.84,eAT,1,molecule,zz,0.1,bytype,3,bytype,eig,0,"[0.000,3.142]",none,1,1,Z,ridge,1,1,adam,adjoint,100,23,22,0,1.0,1,0.4028317063887779,0.04303868300444557,7.530170283575066,0.011671319595461364,0.20900365465974446,0.759912994413689,0.9557740146845558,0.5030640877193439,0.9727739096238794,11,0.29689417730579476,0.5030640877193439,0.3916666666666666,0.9743262096389391,11,0.4984904702727902
B5,xy_bytype_r3,quantum,46,13,115,150,54,0.541013591634488,0.541013591634488,0.4537697791460644,0.9572786324209785,0.27087686471109,0.2688825025875426,0.44687499999999997,0.45208333333333334,11,0.9045091629227808,2.2339625376851715,113.98,eAT,1,molecule,xy,0.1,bytype,3,bytype,eig,0,"[0.000,3.142]",none,1,1,Z,ridge,1,1,adam,adjoint,100,23,22,0,1.0,1,0.530874001339696,0.05069360277046037,6.970094501646043,0.04038452577781756,0.08385792518585383,0.8184156784704926,0.9557740146845558,0.4174112902758651,0.9572786324209785,11,0.27087686471109,0.4174112902758651,0.44687499999999997,0.9817934997252278,11,0.4126354519763608
B5,none_r3,quantum,46,13,92,150,54,0.6146288256207738,0.6146288256207738,0.5849893706229177,0.9725302427797166,0.28585324686067937,0.2638856978338328,0.22336309523809528,0.22336309523809528,11,0.3461502554526148,1.0292314935342401,80.14,eAT,1,molecule,none,0.0,fixed,3,fixed,eig,0,"[0.000,3.142]",none,1,1,Z,ridge,1,1,adam,adjoint,100,23,22,0,1.0,1,0.48464012049415395,0.31688181898251655,2.7176607069630716,0.003852299123455347,0.0,0.0,0.9557740146845558,0.573797108193074,0.9725302427797166,11,0.28585324686067937,0.573797108193074,0.22336309523809528,0.9760862139488887,11,0.544584938579333
B5,zz_fixed_r3,quantum,46,13,92,150,54,0.5900816785487438,0.5900816785487438,0.6196570977455098,0.9705473672426149,0.23209309540134937,0.23463495322774705,0.22336309523809525,0.29732142857142857,11,0.5409982250633204,1.7172959596536097,111.53,eAT,1,molecule,zz,0.1,fixed,3,fixed,eig,0,"[0.000,3.142]",none,1,1,Z,ridge,1,1,adam,adjoint,100,23,22,0,1.0,1,0.4028317063887779,0.18490046823322046,4.706207778080758,0.3752252557933594,0.1,0.06719368409052928,0.9557740146845558,0.5165276325698493,0.9705473672426149,11,0.23209309540134937,0.5165276325698493,0.22336309523809525,0.9693938951341539,11,0.5581612835140511
B5,xy_shuffled_r3,quantum,46,13,115,150,54,0.6144507149388801,0.6144507149388801,0.5870659133987742,0.9675852276037495,0.34524552051713125,0.33627265163278147,0.29136904761904764,0.3642857142857143,11,0.8366298999881632,2.072918780654625,114.83,eAT,1,molecule,xy,0.1,bytype_shuffled,3,bytype_shuffled,eig,0,"[0.000,3.142]",none,1,1,Z,ridge,1,1,adam,adjoint,100,23,22,0,1.0,1,0.530874001339696,0.0867289386925501,6.467628508386301,0.41057839779441163,-0.022628587562052018,0.39939338314887096,0.9557740146845558,0.4842680967289243,0.9675852276037495,11,0.34524552051713125,0.4842680967289243,0.29136904761904764,0.9706341504756529,11,0.4631478819711325
B5,krr_res,classical,46,13,150,150,54,0.413009987612639,0.413009987612639,0.413009987612639,0.9858931640537049,0.25101220815611214,0.25101220815611214,0.23482142857142854,0.23482142857142854,11,,,,,,,,,,,,,,,,,,,,,,,,,,,,,,,,,,,,,0.4099591233498067,,,0.25101220815611214,,0.23482142857142854,,,
B5,krr_cos_cl,classical,46,13,150,150,54,0.607400422468906,0.607400422468906,0.607400422468906,0.9767689547452555,0.27867934960573776,0.27867934960573776,0.05208333333333335,0.05208333333333335,11,,,,,,,,,,,,,,,,,,,,,,,,,,,,,,,,,,,,,0.5858002312936336,,,0.27867934960573776,,0.05208333333333335,,,
B5,ridge_raw_eig,classical,46,13,14,150,54,0.5622234438442226,0.5622234438442226,0.5622234438442226,0.9779740629039472,0.3021024779020931,0.3021024779020931,0.13660714285714284,0.13660714285714284,11,,,,,,,,,,,,,,,,,,,,,,,,,,,,,,,,,,,,,0.5313822924516521,,,0.3021024779020931,,0.13660714285714284,,,
B5,composition,classical,46,13,0,150,54,0.5891061891390414,0.5891061891390414,0.5891061891390414,0.9742663836279389,0.2951081552669552,0.2951081552669552,nan,nan,11,,,,,,,,,,,,,,,,,,,,,,,,,,,,,,,,,,,,,0.5825821579870549,,,0.2951081552669552,,nan,,,
B5,zz_bytype_r3,quantum,47,13,114,163,41,0.4508116798107492,0.4508116798107492,0.44939934915510027,0.9849918852865741,0.20476469542487719,0.21377817200752355,0.5515151515151515,0.5757575757575758,9,0.8896796606872691,2.6605553071262973,117.94,eAT,1,molecule,zz,0.1,bytype,3,bytype,eig,0,"[0.000,3.142]",none,1,1,Z,ridge,1,1,adam,adjoint,100,22,21,0,1.0,1,0.4726747690309314,0.05214564090405905,7.828232822228584,0.019894122530828787,0.32691885105710505,0.6058430919111393,0.9583282748595388,0.393865728390167,0.9849918852865741,9,0.20476469542487719,0.393865728390167,0.5515151515151515,0.9853076781281601,9,0.3959658292673155
B5,xy_bytype_r3,quantum,47,13,114,163,41,0.4225194245167317,0.4225194245167317,0.41583554636044223,0.9780772310693637,0.23978810401520026,0.23726688291720507,0.2454545454545454,0.26969696969696966,9,0.9391527390693001,2.9732696151254663,120.89,eAT,1,molecule,xy,0.1,bytype,3,bytype,eig,0,"[0.000,3.142]",none,1,1,Z,ridge,1,1,adam,adjoint,100,22,21,0,1.0,1,0.48825800374421596,0.029709162155327,8.748341644361552,0.014535205494684946,0.026224919703823058,0.7322797319712052,0.9583282748595388,0.32302570240064565,0.9780772310693637,9,0.23978810401520026,0.32302570240064565,0.2454545454545454,0.9789673741925321,9,0.32497545818666246
B5,none_r3,quantum,47,13,92,163,41,0.6694915009871272,0.6694915009871272,0.5038814650970389,0.9550444338293491,0.38301342512738584,0.3434158373840422,0.29999999999999993,0.12121212121212124,9,0.32372488172219654,1.3086091925911976,86.33,eAT,1,molecule,none,0.0,fixed,3,fixed,eig,0,"[0.000,3.142]",none,1,1,Z,ridge,1,1,adam,adjoint,100,22,21,0,1.0,1,0.5165330479251765,0.34931844807999307,3.236568521139002,0.0235027673006405,0.0,0.0,0.9583282748595388,0.5545764746622066,0.9550444338293491,9,0.38301342512738584,0.5545764746622066,0.29999999999999993,0.9835433984698065,9,0.5122333626722445
B5,zz_fixed_r3,quantum,47,13,92,163,41,0.7281861317159639,0.7281861317159639,0.698464646961086,0.9509944809587043,0.43673656484234114,0.43387304104028473,0.39999999999999997,0.4242424242424242,9,0.5965270274738842,2.1027221178591127,121.84,eAT,1,molecule,zz,0.1,fixed,3,fixed,eig,0,"[0.000,3.142]",none,1,1,Z,ridge,1,1,adam,adjoint,100,22,21,0,1.0,1,0.4726747690309314,0.19071149409900515,5.41091137426165,0.04525216839064478,0.1,0.06719368409052928,0.9583282748595388,0.6201654290941285,0.9509944809587043,9,0.43673656484234114,0.6201654290941285,0.39999999999999997,0.954493306405017,9,0.608746998005178
B5,xy_shuffled_r3,quantum,47,13,114,163,41,0.660420785986702,0.660420785986702,0.666686019847891,0.9632519566782927,0.50959052225591,0.5070929917104697,0.22727272727272727,0.22727272727272727,9,0.8352786670016834,2.682614362548769,123.35,eAT,1,molecule,xy,0.1,bytype_shuffled,3,bytype_shuffled,eig,0,"[0.000,3.142]",none,1,1,Z,ridge,1,1,adam,adjoint,100,22,21,0,1.0,1,0.48825800374421596,0.08042650922384431,7.893137852100739,0.08444780205693402,0.5815260943035845,1.2453167683151058,0.9583282748595388,0.6423609149723114,0.9632519566782927,9,0.50959052225591,0.6423609149723114,0.22727272727272727,0.9635232142343649,9,0.6471384816401003
B5,krr_res,classical,47,13,163,163,41,0.5458135628271719,0.5458135628271719,0.5458135628271719,0.9794572691741541,0.2311843324743742,0.2311843324743742,0.490909090909091,0.490909090909091,9,,,,,,,,,,,,,,,,,,,,,,,,,,,,,,,,,,,,,0.48094384123341666,,,0.2311843324743742,,0.490909090909091,,,
B5,krr_cos_cl,classical,47,13,163,163,41,0.5026228166386497,0.5026228166386497,0.5026228166386497,0.9822431918450386,0.378649999960407,0.378649999960407,0.21515151515151515,0.21515151515151515,9,,,,,,,,,,,,,,,,,,,,,,,,,,,,,,,,,,,,,0.5228336425289754,,,0.378649999960407,,0.21515151515151515,,,
B5,ridge_raw_eig,classical,47,13,14,163,41,0.6306254207297574,0.6306254207297574,0.6306254207297574,0.9743467622690984,0.3421788370645212,0.3421788370645212,0.3242424242424242,0.3242424242424242,9,,,,,,,,,,,,,,,,,,,,,,,,,,,,,,,,,,,,,0.6115682479941693,,,0.3421788370645212,,0.3242424242424242,,,
B5,composition,classical,47,13,0,163,41,0.7216995506084545,0.7216995506084545,0.7216995506084545,0.9688319014550455,0.48546297676767686,0.48546297676767686,nan,nan,9,,,,,,,,,,,,,,,,,,,,,,,,,,,,,,,,,,,,,0.7407794279047966,,,0.48546297676767686,,nan,,,
B5,zz_bytype_r3,quantum,48,13,114,156,48,0.48978585042134853,0.48978585042134853,0.4806223488398655,0.9785209788206108,0.29442123106982904,0.28434507027381245,0.3261180679785331,0.35903398926654745,9,0.9170766496126372,2.299209477497915,112.41,eAT,1,molecule,zz,0.1,bytype,3,bytype,eig,0,"[0.000,3.142]",none,1,1,Z,ridge,1,1,adam,adjoint,100,22,21,0,1.0,1,0.4085592792613133,0.0338791042681943,6.918046516542636,0.010391425907138575,0.12961982777149264,0.5809731556595724,0.9630952339677498,0.5114129197817756,0.9785209788206108,9,0.29442123106982904,0.5114129197817756,0.3261180679785331,0.9796991707246349,9,0.5014006174813396
B5,xy_bytype_r3,quantum,48,13,114,156,48,0.3713540354817712,0.3713540354817712,0.36482917042143015,0.9862231512169358,0.24047089299939298,0.2321963441710915,0.47432915921288016,0.48005366726296966,9,0.8974636834782441,2.8834820303524227,116.19,eAT,1,molecule,xy,0.1,bytype,3,bytype,eig,0,"[0.000,3.142]",none,1,1,Z,ridge,1,1,adam,adjoint,100,22,21,0,1.0,1,0.4333754221155955,0.044436719454794264,8.676052795894476,0.01651944037132022,0.1385354147066274,1.1086266922027503,0.9630952339677498,0.3849082651037873,0.9862231512169358,9,0.24047089299939298,0.3849082651037873,0.47432915921288016,0.9861735966241726,9,0.38142018621472373
B5,none_r3,quantum,48,13,92,156,48,0.5449394917735776,0.5449394917735776,0.5602926721854186,0.9731898211687785,0.2987833962678582,0.3033125448778405,0.39132379248658317,0.39132379248658317,9,0.4615913018861374,0.9118220586401734,82.54,eAT,1,molecule,none,0.0,fixed,3,fixed,eig,0,"[0.000,3.142]",none,1,1,Z,ridge,1,1,adam,adjoint,100,22,21,0,1.0,1,0.5492852552764061,0.2957399591865105,2.315881138182129,0.00685411317145797,0.0,0.0,0.9630952339677498,0.5649183062975902,0.9731898211687785,9,0.2987833962678582,0.5649183062975902,0.39132379248658317,0.9729246997791078,9,0.5838215531618051
B5,zz_fixed_r3,quantum,48,13,92,156,48,0.42365115190285224,0.42365115190285224,0.4084416630965764,0.9778401926084668,0.2718870989177592,0.26459855821194117,0.5388193202146692,0.4415026833631486,9,0.5851843758362985,1.6879845935137288,115.98,eAT,1,molecule,zz,0.1,fixed,3,fixed,eig,0,"[0.000,3.142]",none,1,1,Z,ridge,1,1,adam,adjoint,100,22,21,0,1.0,1,0.4085592792613133,0.16947677243465373,4.456007399536844,1.0097393410492654,0.1,0.06719368409052928,0.9630952339677498,0.4122621694465031,0.9778401926084668,9,0.2718870989177592,0.4122621694465031,0.5388193202146692,0.9796239813857113,9,0.39468839268584927
B5,xy_shuffled_r3,quantum,48,13,114,156,48,0.5984869557792787,0.5984869557792787,0.582132622501251,0.9723796430025426,0.3133300797325921,0.31118312483817634,0.5158318425760285,0.5415921288014311,9,0.78676037468299,2.2445113865882904,120.17,eAT,1,molecule,xy,0.1,bytype_shuffled,3,bytype_shuffled,eig,0,"[0.000,3.142]",none,1,1,Z,ridge,1,1,adam,adjoint,100,22,21,0,1.0,1,0.4333754221155955,0.09241281263353061,6.753466498505022,0.025331414318759966,0.25977084037932757,0.338233608276512,0.9630952339677498,0.5718180144738458,0.9723796430025426,9,0.3133300797325921,0.5718180144738458,0.5158318425760285,0.9740594602949418,9,0.5582856484597148
B5,krr_res,classical,48,13,156,156,48,0.44127146529764333,0.44127146529764333,0.44127146529764333,0.9806764037257099,0.33716531859535304,0.33716531859535304,0.24320214669051876,0.24320214669051876,9,,,,,,,,,,,,,,,,,,,,,,,,,,,,,,,,,,,,,0.4289941211811068,,,0.33716531859535304,,0.24320214669051876,,,
B5,krr_cos_cl,classical,48,13,156,156,48,0.5440836140840123,0.5440836140840123,0.5440836140840123,0.9735318210512448,0.3363950790400354,0.3363950790400354,0.3040250447227192,0.3040250447227192,9,,,,,,,,,,,,,,,,,,,,,,,,,,,,,,,,,,,,,0.5602140874234547,,,0.3363950790400354,,0.3040250447227192,,,
B5,ridge_raw_eig,classical,48,13,14,156,48,0.5336021071205592,0.5336021071205592,0.5336021071205592,0.9735736415058466,0.2694430457300343,0.2694430457300343,0.5735241502683364,0.5735241502683364,9,,,,,,,,,,,,,,,,,,,,,,,,,,,,,,,,,,,,,0.5353846167286693,,,0.2694430457300343,,0.5735241502683364,,,
B5,composition,classical,48,13,0,156,48,0.6909050463002021,0.6909050463002021,0.6909050463002021,0.959185348699178,0.47453321705426316,0.47453321705426316,nan,nan,9,,,,,,,,,,,,,,,,,,,,,,,,,,,,,,,,,,,,,0.6940896176846315,,,0.47453321705426316,,nan,,,
B5,zz_bytype_r3,quantum,49,13,113,157,47,0.4894376312073836,0.4894376312073836,0.4939510310259796,0.978518578191604,0.3789614188189033,0.3770152637579947,0.5164451827242524,0.5164451827242524,11,0.9242778919215381,2.466378968694576,113.3,eAT,1,molecule,zz,0.1,bytype,3,bytype,eig,0,"[0.000,3.142]",none,1,1,Z,ridge,1,1,adam,adjoint,100,21,20,0,1.0,1,0.6339066554432771,0.04800074827513212,7.370246894441696,0.021602260720879365,0.2034674521416807,0.7259737905249496,0.9605883134480587,0.47792481606352594,0.978518578191604,11,0.3789614188189033,0.47792481606352594,0.5164451827242524,0.9781535710585721,11,0.478831303519255
B5,xy_bytype_r3,quantum,49,13,113,157,47,0.3508349137856385,0.3508349137856385,0.3382045707589338,0.9932308066056265,0.2322051068048955,0.22408824864795834,0.23737541528239203,0.24784053156146182,11,0.9360445447284363,2.615546036061956,116.42,eAT,1,molecule,xy,0.1,bytype,3,bytype,eig,0,"[0.000,3.142]",none,1,1,Z,ridge,1,1,adam,adjoint,100,21,20,0,1.0,1,0.6295233158086323,0.040261450266605416,7.816000823165514,0.1319325584384087,-0.011521819393535523,0.7936395483403494,0.9605883134480587,0.33724621631457447,0.9932308066056265,11,0.2322051068048955,0.33724621631457447,0.23737541528239203,0.9937303830872596,11,0.32366374258260255
B5,none_r3,quantum,49,13,92,157,47,0.5438000403547583,0.5438000403547583,0.43739597948604686,0.9574257963740349,0.22799525255472483,0.20546193483282213,0.431063122923588,0.5705980066445182,11,0.381851370600053,0.852467340556186,83.0,eAT,1,molecule,none,0.0,fixed,3,fixed,eig,0,"[0.000,3.142]",none,1,1,Z,ridge,1,1,adam,adjoint,100,21,20,0,1.0,1,0.6603205457375628,0.4081762403122995,2.1567670057161665,0.03839532456191076,0.0,0.0,0.9605883134480587,0.3587151789779954,0.9574257963740349,11,0.22799525255472483,0.3587151789779954,0.431063122923588,0.9862705781452978,11,0.38854039473580815
B5,zz_fixed_r3,quantum,49,13,92,157,47,0.3425649505664345,0.3425649505664345,0.3736826488490078,0.9897711596468285,0.1802737548368476,0.1836797974289264,0.7792358803986712,0.7978405315614618,11,0.6310616816008658,1.41984547094144,117.6,eAT,1,molecule,zz,0.1,fixed,3,fixed,eig,0,"[0.000,3.142]",none,1,1,Z,ridge,1,1,adam,adjoint,100,21,20,0,1.0,1,0.6339066554432771,0.23387245548126195,3.7342346184506265,0.5169959985410416,0.1,0.06719368409052928,0.9605883134480587,0.24539821833230682,0.9897711596468285,11,0.1802737548368476,0.24539821833230682,0.7792358803986712,0.9891054816560821,11,0.283316987392752
B5,xy_shuffled_r3,quantum,49,13,113,157,47,0.9711747275701835,0.9711747275701835,0.8420874204498864,0.837083134746292,0.7577600969212228,0.6069179636780014,0.34568106312292357,0.3514950166112957,11,0.7464789972699297,2.063713331752319,121.35,eAT,1,molecule,xy,0.1,bytype_shuffled,3,bytype_shuffled,eig,0,"[0.000,3.142]",none,1,1,Z,ridge,1,1,adam,adjoint,100,21,20,0,1.0,1,0.6295233158086323,0.15959738226576317,6.166966620874147,0.039664574931365444,0.3223839134365671,0.8526014696847192,0.9605883134480587,0.9541243951779206,0.837083134746292,11,0.7577600969212228,0.9541243951779206,0.34568106312292357,0.916753018185978,11,0.809576083284758
B5,krr_res,classical,49,13,157,157,47,0.5406613067091416,0.5406613067091416,0.5406613067091416,0.980260232343753,0.3413679621388777,0.3413679621388777,0.012956810631229231,0.012956810631229231,11,,,,,,,,,,,,,,,,,,,,,,,,,,,,,,,,,,,,,0.5441379235064878,,,0.3413679621388777,,0.012956810631229231,,,
B5,krr_cos_cl,classical,49,13,157,157,47,0.32162904404797643,0.32162904404797643,0.32162904404797643,0.9926242267722382,0.21918335682889098,0.21918335682889098,0.0812292358803987,0.0812292358803987,11,,,,,,,,,,,,,,,,,,,,,,,,,,,,,,,,,,,,,0.28082668106424097,,,0.21918335682889098,,0.0812292358803987,,,
B5,ridge_raw_eig,classical,49,13,14,157,47,0.4760581643108983,0.4760581643108983,0.4760581643108983,0.9855159681403237,0.2496849605068521,0.2496849605068521,0.1833887043189369,0.1833887043189369,11,,,,,,,,,,,,,,,,,,,,,,,,,,,,,,,,,,,,,0.47282278243043946,,,0.2496849605068521,,0.1833887043189369,,,
B5,composition,classical,49,13,0,157,47,0.7177252629558729,0.7177252629558729,0.7177252629558729,0.9657966054808863,0.31482599612403067,0.31482599612403067,nan,nan,11,,,,,,,,,,,,,,,,,,,,,,,,,,,,,,,,,,,,,0.7083759208545863,,,0.31482599612403067,,nan,,,
B5,zz_bytype_r3,quantum,50,13,115,158,46,0.3669510153528686,0.3669510153528686,0.3645855791393673,0.9821164979614416,0.2379881113984233,0.2310668003651375,0.8595238095238096,0.8692918192918193,6,0.9217152753468912,2.404085994643224,112.99,eAT,1,molecule,zz,0.1,bytype,3,bytype,eig,0,"[0.000,3.142]",none,1,1,Z,ridge,1,1,adam,adjoint,100,23,22,0,1.0,1,0.5355694349927194,0.04192690575102607,7.587124474982961,0.015095097432063883,0.19431069574819876,0.4977534149012455,0.9614430051083583,0.3902109270490345,0.9821164979614416,6,0.2379881113984233,0.3902109270490345,0.8595238095238096,0.9825573281902272,6,0.38360082886388114
B5,xy_bytype_r3,quantum,50,13,115,158,46,0.30462609632088816,0.30462609632088816,0.3165178268622331,0.9879066204138707,0.2759603671496075,0.2828251833290922,0.7157509157509158,0.7157509157509158,6,0.9150832833702959,2.5763000506938116,115.75,eAT,1,molecule,xy,0.1,bytype,3,bytype,eig,0,"[0.000,3.142]",none,1,1,Z,ridge,1,1,adam,adjoint,100,23,22,0,1.0,1,0.5721463633078627,0.04858479060372956,8.130619791917914,0.011139921175822753,0.2757034342673159,1.3059303089459904,0.9614430051083583,0.30051000142800344,0.9879066204138707,6,0.2759603671496075,0.30051000142800344,0.7157509157509158,0.9872298113792066,6,0.31205282424359143
B5,none_r3,quantum,50,13,92,158,46,0.3589512160249444,0.3589512160249444,0.40020063005086115,0.9862230043619674,0.303843666896001,0.3060384953257804,0.44554334554334557,0.46880341880341875,6,0.2869136694629605,1.215584887574525,81.98,eAT,1,molecule,none,0.0,fixed,3,fixed,eig,0,"[0.000,3.142]",none,1,1,Z,ridge,1,1,adam,adjoint,100,23,22,0,1.0,1,0.5127431058003766,0.3656300998233556,3.2533254480280993,0.0010453223962658422,0.0,0.0,0.9614430051083583,0.3613571700444512,0.9862230043619674,6,0.303843666896001,0.3613571700444512,0.44554334554334557,0.9839810553429135,6,0.4001732928348938
B5,zz_fixed_r3,quantum,50,13,92,158,46,0.42725956953186933,0.42725956953186933,0.40235762203909614,0.9796029851331831,0.2572301121834503,0.22227825206689944,0.6864468864468865,0.7351648351648351,6,0.6228830817651299,1.6307320275750727,116.39,eAT,1,molecule,zz,0.1,fixed,3,fixed,eig,0,"[0.000,3.142]",none,1,1,Z,ridge,1,1,adam,adjoint,100,23,22,0,1.0,1,0.5355694349927194,0.2019722948252449,4.527475934688631,6.563962579866114,0.1,0.06719368409052928,0.9614430051083583,0.4470124307195276,0.9796029851331831,6,0.2572301121834503,0.4470124307195276,0.6864468864468865,0.9809875171752233,6,0.41284809135104783
B5,xy_shuffled_r3,quantum,50,13,115,158,46,0.5630643161446597,0.5630643161446597,0.5678103555314198,0.9594744154717687,0.3730105890710632,0.37992540867208136,0.4354090354090354,0.46361416361416363,6,0.8624695535648335,2.598140789564593,119.93,eAT,1,molecule,xy,0.1,bytype_shuffled,3,bytype_shuffled,eig,0,"[0.000,3.142]",none,1,1,Z,ridge,1,1,adam,adjoint,100,23,22,0,1.0,1,0.5721463633078627,0.07868754477198737,8.199547610975738,0.042725206075079625,0.42868058482503946,0.8061972420846278,0.9614430051083583,0.5309768349798003,0.9594744154717687,6,0.3730105890710632,0.5309768349798003,0.4354090354090354,0.9590693284841462,6,0.5404905252086764
B5,krr_res,classical,50,13,158,158,46,0.4189902644407599,0.4189902644407599,0.4189902644407599,0.9744809000256608,0.3547263597456697,0.3547263597456697,0.27655677655677663,0.27655677655677663,6,,,,,,,,,,,,,,,,,,,,,,,,,,,,,,,,,,,,,0.43646718317973465,,,0.3547263597456697,,0.27655677655677663,,,
B5,krr_cos_cl,classical,50,13,158,158,46,0.5065158893511135,0.5065158893511135,0.5065158893511135,0.9662576500478195,0.4523732321865427,0.4523732321865427,0.3882173382173382,0.3882173382173382,6,,,,,,,,,,,,,,,,,,,,,,,,,,,,,,,,,,,,,0.5521559913409018,,,0.4523732321865427,,0.3882173382173382,,,
B5,ridge_raw_eig,classical,50,13,14,158,46,0.3764909598104941,0.3764909598104941,0.3764909598104941,0.9834837514058204,0.29247251375718464,0.29247251375718464,0.4617216117216118,0.4617216117216118,6,,,,,,,,,,,,,,,,,,,,,,,,,,,,,,,,,,,,,0.386821141826499,,,0.29247251375718464,,0.4617216117216118,,,
B5,composition,classical,50,13,0,158,46,0.5619858893666619,0.5619858893666619,0.5619858893666619,0.9656223691781873,0.3709228056729583,0.3709228056729583,nan,nan,6,,,,,,,,,,,,,,,,,,,,,,,,,,,,,,,,,,,,,0.5690653125954549,,,0.3709228056729583,,nan,,,
B5,zz_bytype_r3,quantum,51,13,115,154,50,0.2787203043084169,0.2787203043084169,0.2754290069368666,0.9925405808163105,0.19946393384775632,0.19617860268574297,0.7678571428571428,0.7678571428571428,11,0.9246020338830779,2.088532212049636,111.34,eAT,1,molecule,zz,0.1,bytype,3,bytype,eig,0,"[0.000,3.142]",none,1,1,Z,ridge,1,1,adam,adjoint,100,23,22,0,1.0,1,0.5285462056890399,0.03985130890776994,7.207044748763522,0.10617336128565459,0.1679981208066539,0.8269617699285073,0.9666560679620392,0.25653269419818814,0.9925405808163105,11,0.19946393384775632,0.25653269419818814,0.7678571428571428,0.992689701544929,11,0.2530358854039913
B5,xy_bytype_r3,quantum,51,13,115,154,50,0.30404365963848223,0.30404365963848223,0.3123429390484664,0.9861274866047279,0.20573328524885515,0.20583520200483552,0.7735119047619046,0.7675595238095237,11,0.9471230084364629,2.002786779041954,114.88,eAT,1,molecule,xy,0.1,bytype,3,bytype,eig,0,"[0.000,3.142]",none,1,1,Z,ridge,1,1,adam,adjoint,100,23,22,0,1.0,1,0.6064027030414091,0.03206475061282664,6.911156962535889,0.01373313156006385,0.35921499670996043,0.4573286080288992,0.9666560679620392,0.2556215155490176,0.9861274866047279,11,0.20573328524885515,0.2556215155490176,0.7735119047619046,0.9853778254254237,11,0.2615616791291349
B5,none_r3,quantum,51,13,92,154,50,0.45376012333123256,0.45376012333123256,0.4924825936165089,0.9730840240606909,0.32880772936165803,0.32574142434713754,0.4505952380952381,0.4133928571428572,11,0.37695973175866626,0.9174688243836535,82.11,eAT,1,molecule,none,0.0,fixed,3,fixed,eig,0,"[0.000,3.142]",none,1,1,Z,ridge,1,1,adam,adjoint,100,23,22,0,1.0,1,0.5737096526770777,0.35744421589656894,2.7259715006877814,0.016571140574236105,0.0,0.0,0.9666560679620392,0.3961646020771397,0.9730840240606909,11,0.32880772936165803,0.3961646020771397,0.4505952380952381,0.9710238874045716,11,0.44090786059814696
B5,zz_fixed_r3,quantum,51,13,92,154,50,0.4831257093431172,0.4831257093431172,0.49753978089696443,0.966176466671019,0.33734992710554684,0.33234695204479775,0.6464285714285715,0.5895833333333332,11,0.596970536479213,1.3316401982289077,114.54,eAT,1,molecule,zz,0.1,fixed,3,fixed,eig,0,"[0.000,3.142]",none,1,1,Z,ridge,1,1,adam,adjoint,100,23,22,0,1.0,1,0.5285462056890399,0.21301969372480126,4.089716147881124,0.6091972652098644,0.1,0.06719368409052928,0.9666560679620392,0.3902892701581174,0.966176466671019,11,0.33734992710554684,0.3902892701581174,0.6464285714285715,0.9653225097414783,11,0.4017005050055259
B5,xy_shuffled_r3,quantum,51,13,115,154,50,0.7458062470291612,0.7458062470291612,0.7452544881420965,0.9328590905237771,0.6305018912077025,0.6367667769185573,0.3244047619047619,0.3154761904761905,11,0.7984465614769195,1.9936266654924855,118.6,eAT,1,molecule,xy,0.1,bytype_shuffled,3,bytype_shuffled,eig,0,"[0.000,3.142]",none,1,1,Z,ridge,1,1,adam,adjoint,100,23,22,0,1.0,1,0.6064027030414091,0.1222225499276865,6.879547515540581,0.012292229303819784,0.18039019685326785,0.779603125983038,0.9666560679620392,0.7372601647767073,0.9328590905237771,11,0.6305018912077025,0.7372601647767073,0.3244047619047619,0.9315917147646615,11,0.7390134031118408
B5,krr_res,classical,51,13,154,154,50,0.4789273590527083,0.4789273590527083,0.4789273590527083,0.9787635696360579,0.36192637330648675,0.36192637330648675,0.08035714285714284,0.08035714285714284,11,,,,,,,,,,,,,,,,,,,,,,,,,,,,,,,,,,,,,0.5043384108912213,,,0.36192637330648675,,0.08035714285714284,,,
B5,krr_cos_cl,classical,51,13,154,154,50,0.5054865940567416,0.5054865940567416,0.5054865940567416,0.96964959246091,0.3213639276580181,0.3213639276580181,0.44226190476190474,0.44226190476190474,11,,,,,,,,,,,,,,,,,,,,,,,,,,,,,,,,,,,,,0.4527790293917393,,,0.3213639276580181,,0.44226190476190474,,,
B5,ridge_raw_eig,classical,51,13,14,154,50,0.5438241452452642,0.5438241452452642,0.5438241452452642,0.9688561268918111,0.33128480377783953,0.33128480377783953,0.5372023809523809,0.5372023809523809,11,,,,,,,,,,,,,,,,,,,,,,,,,,,,,,,,,,,,,0.48666146069485905,,,0.33128480377783953,,0.5372023809523809,,,
B5,composition,classical,51,13,0,154,50,0.7217365226551843,0.7217365226551843,0.7217365226551843,0.9444785874957022,0.3947950554487171,0.3947950554487171,nan,nan,11,,,,,,,,,,,,,,,,,,,,,,,,,,,,,,,,,,,,,0.7074682383759833,,,0.3947950554487171,,nan,,,
B5,zz_bytype_r3,quantum,52,13,115,155,49,0.5124685967839706,0.5124685967839706,0.46062335135457905,0.9670687146846454,0.2413707606027323,0.2392593048390459,0.4764119601328904,0.5136212624584717,11,0.9160842272502326,3.2433067131970015,111.86,eAT,1,molecule,zz,0.1,bytype,3,bytype,eig,0,"[0.000,3.142]",none,1,1,Z,ridge,1,1,adam,adjoint,100,23,22,0,1.0,1,0.5815177007718194,0.04879850722793523,9.319684541203262,0.01174510726462739,0.0402030864548124,0.46699666300753057,0.9636189315208242,0.42878582756265154,0.9670687146846454,11,0.2413707606027323,0.42878582756265154,0.4764119601328904,0.9809799306665523,11,0.413360696311594
B5,xy_bytype_r3,quantum,52,13,115,155,49,0.6883921528521331,0.6883921528521331,0.6778025615236075,0.9608231026013765,0.40531336268148616,0.39911321554265305,0.5026578073089701,0.511517165005537,11,0.8966142941677557,4.0977704821087295,114.95,eAT,1,molecule,xy,0.1,bytype,3,bytype,eig,0,"[0.000,3.142]",none,1,1,Z,ridge,1,1,adam,adjoint,100,23,22,0,1.0,1,0.5968767342216422,0.06170852246234937,11.77499743089764,0.028615138589455774,0.7209394266978976,1.5256104045884766,0.9636189315208242,0.6378097622953907,0.9608231026013765,11,0.40531336268148616,0.6378097622953907,0.5026578073089701,0.9608119430692209,11,0.6256899313967041
B5,none_r3,quantum,52,13,92,155,49,0.9436119471051615,0.9436119471051615,0.5976905617148578,0.6323971649688345,0.32141937809032267,0.32710874896405123,0.22535991140642303,0.21860465116279065,11,0.30065044215851666,1.3824046683948785,81.56,eAT,1,molecule,none,0.0,fixed,3,fixed,eig,0,"[0.000,3.142]",none,1,1,Z,ridge,1,1,adam,adjoint,100,23,22,0,1.0,1,0.4277786157375412,0.29916678577009126,3.309380026474178,0.004838323311348354,0.0,0.0,0.9636189315208242,0.48354575193215465,0.6323971649688345,11,0.32141937809032267,0.48354575193215465,0.22535991140642303,0.9768555585647877,11,0.5081223440460176
B5,zz_fixed_r3,quantum,52,13,92,155,49,1.0423174804544533,1.0423174804544533,0.5312936294364292,0.35572552462460794,0.34232340590142785,0.3406116224956405,0.11461794019933555,0.04994462901439645,11,0.6122884757433033,1.8441361884493654,114.81,eAT,1,molecule,zz,0.1,fixed,3,fixed,eig,0,"[0.000,3.142]",none,1,1,Z,ridge,1,1,adam,adjoint,100,23,22,0,1.0,1,0.5815177007718194,0.22546111414849182,4.599146589356916,0.2930288938866495,0.1,0.06719368409052928,0.9636189315208242,0.561871598648435,0.35572552462460794,11,0.34232340590142785,0.561871598648435,0.11461794019933555,0.9799354471534709,11,0.5581370242457789
B5,xy_shuffled_r3,quantum,52,13,115,155,49,0.8087778195152427,0.8087778195152427,0.8115053992763787,0.9267927313140042,0.5754416144416781,0.5793020540567286,0.29889258028792903,0.20586932447397557,11,0.7490318240857863,2.597240172164558,119.5,eAT,1,molecule,xy,0.1,bytype_shuffled,3,bytype_shuffled,eig,0,"[0.000,3.142]",none,1,1,Z,ridge,1,1,adam,adjoint,100,23,22,0,1.0,1,0.5968767342216422,0.1497970652332385,7.463203829542922,0.058793511422504115,0.450587931933606,0.928955528923708,0.9636189315208242,0.7398165014419282,0.9267927313140042,11,0.5754416144416781,0.7398165014419282,0.29889258028792903,0.9259467174405278,11,0.7414547979187345
B5,krr_res,classical,52,13,155,155,49,0.599340213907529,0.599340213907529,0.599340213907529,0.9693298060168881,0.3364123586249475,0.3364123586249475,0.1163898117386489,0.1163898117386489,11,,,,,,,,,,,,,,,,,,,,,,,,,,,,,,,,,,,,,0.5923110525844708,,,0.3364123586249475,,0.1163898117386489,,,
B5,krr_cos_cl,classical,52,13,155,155,49,0.5710720720269238,0.5710720720269238,0.5710720720269238,0.9728495939110767,0.34227006116167974,0.34227006116167974,0.22834994462901437,0.22834994462901437,11,,,,,,,,,,,,,,,,,,,,,,,,,,,,,,,,,,,,,0.49527186747452157,,,0.34227006116167974,,0.22834994462901437,,,
B5,ridge_raw_eig,classical,52,13,14,155,49,0.8093936856313851,0.8093936856313851,0.8093936856313851,0.7774655903047092,0.3432413369591296,0.3432413369591296,0.22392026578073088,0.22392026578073088,11,,,,,,,,,,,,,,,,,,,,,,,,,,,,,,,,,,,,,0.4840257940124322,,,0.3432413369591296,,0.22392026578073088,,,
B5,composition,classical,52,13,0,155,49,0.7395693397268341,0.7395693397268341,0.7395693397268341,0.9554776383345222,0.3725917131782943,0.3725917131782943,nan,nan,11,,,,,,,,,,,,,,,,,,,,,,,,,,,,,,,,,,,,,0.6757954298332438,,,0.3725917131782943,,nan,,,
B5,zz_bytype_r3,quantum,53,13,113,157,47,0.48924254313647436,0.48924254313647436,0.4949230515672351,0.9619945939123538,0.259392961199743,0.26192516405069544,0.47073170731707326,0.5012195121951221,10,0.8803962346218296,2.0181598654743023,112.27,eAT,1,molecule,zz,0.1,bytype,3,bytype,eig,0,"[0.000,3.142]",none,1,1,Z,ridge,1,1,adam,adjoint,100,21,20,0,1.0,1,0.5738879057825143,0.06863915443658139,7.056684299940102,0.06465973074910156,-0.11415669204859517,0.6219707287792982,0.9716311660434237,0.4770232590014066,0.9619945939123538,10,0.259392961199743,0.4770232590014066,0.47073170731707326,0.9617349478423549,10,0.4815499100951238
B5,xy_bytype_r3,quantum,53,13,113,157,47,0.6606484255835733,0.6606484255835733,0.5207733201695354,0.8096653367950495,0.26783361015524115,0.26826186546116026,0.4646341463414635,0.4646341463414635,10,0.9229191009696053,2.0167464776795194,115.93,eAT,1,molecule,xy,0.1,bytype,3,bytype,eig,0,"[0.000,3.142]",none,1,1,Z,ridge,1,1,adam,adjoint,100,21,20,0,1.0,1,0.6414357130983996,0.049442441435826996,7.0517422576213535,0.12688023363777934,-0.15059658738562884,0.8909289137773055,0.9716311660434237,0.5142335854571036,0.8096653367950495,10,0.26783361015524115,0.5142335854571036,0.4646341463414635,0.9460113578225005,10,0.5096598071413007
B5,none_r3,quantum,53,13,92,157,47,0.6620528084441855,0.6620528084441855,0.6784022599469696,0.9297189835464712,0.44253455010784826,0.437616585313175,-0.12804878048780485,-0.12804878048780485,10,0.3152390593395878,0.9855311323400231,81.57,eAT,1,molecule,none,0.0,fixed,3,fixed,eig,0,"[0.000,3.142]",none,1,1,Z,ridge,1,1,adam,adjoint,100,21,20,0,1.0,1,0.5320337032507445,0.3643158991010224,2.994374470490054,0.02889633628329805,0.0,0.0,0.9716311660434237,0.6027245568242171,0.9297189835464712,10,0.44253455010784826,0.6027245568242171,-0.12804878048780485,0.929129922600206,10,0.6267050758254055
B5,zz_fixed_r3,quantum,53,13,92,157,47,0.6345258669543321,0.6345258669543321,0.6206700879400344,0.9229110352221365,0.3728312572783343,0.38423320316204446,0.21951219512195122,0.23170731707317074,10,0.5331796811827675,1.3832103233112671,114.33,eAT,1,molecule,zz,0.1,fixed,3,fixed,eig,0,"[0.000,3.142]",none,1,1,Z,ridge,1,1,adam,adjoint,100,21,20,0,1.0,1,0.5738879057825143,0.2679025351427472,4.340978405119785,0.33687946097246885,0.1,0.06719368409052928,0.9716311660434237,0.555547100849075,0.9229110352221365,10,0.3728312572783343,0.555547100849075,0.21951219512195122,0.9273633782921142,10,0.5492301444235191
B5,xy_shuffled_r3,quantum,53,13,113,157,47,0.6423815138943779,0.6423815138943779,0.6477731442674846,0.936525087733261,0.3493890079872013,0.34886826403456406,0.1853658536585366,0.14878048780487807,10,0.7939398477095456,1.5057116008762086,119.66,eAT,1,molecule,xy,0.1,bytype_shuffled,3,bytype_shuffled,eig,0,"[0.000,3.142]",none,1,1,Z,ridge,1,1,adam,adjoint,100,21,20,0,1.0,1,0.6414357130983996,0.13217434072559245,5.264861122210297,0.07124751610197029,0.2768342849886916,0.21754404255928694,0.9716311660434237,0.6076930804639055,0.936525087733261,10,0.3493890079872013,0.6076930804639055,0.1853658536585366,0.9343961873366896,10,0.6103922303209265
B5,krr_res,classical,53,13,157,157,47,0.4706139709593019,0.4706139709593019,0.4706139709593019,0.9722122457559266,0.3372795363219471,0.3372795363219471,0.33658536585365856,0.33658536585365856,10,,,,,,,,,,,,,,,,,,,,,,,,,,,,,,,,,,,,,0.4853407735158852,,,0.3372795363219471,,0.33658536585365856,,,
B5,krr_cos_cl,classical,53,13,157,157,47,0.6057548816365326,0.6057548816365326,0.6057548816365326,0.9518412199501096,0.4001172159151646,0.4001172159151646,0.019512195121951244,0.019512195121951244,10,,,,,,,,,,,,,,,,,,,,,,,,,,,,,,,,,,,,,0.6081013762160167,,,0.4001172159151646,,0.019512195121951244,,,
B5,ridge_raw_eig,classical,53,13,14,157,47,0.6348225329858442,0.6348225329858442,0.6348225329858442,0.9498115788407836,0.405996145237722,0.405996145237722,-0.028048780487804882,-0.028048780487804882,10,,,,,,,,,,,,,,,,,,,,,,,,,,,,,,,,,,,,,0.6054107194491534,,,0.405996145237722,,-0.028048780487804882,,,
B5,composition,classical,53,13,0,157,47,0.8402934813393702,0.8402934813393702,0.8402934813393702,0.9131659474583724,0.36732820696863966,0.36732820696863966,nan,nan,10,,,,,,,,,,,,,,,,,,,,,,,,,,,,,,,,,,,,,0.8744711701713547,,,0.36732820696863966,,nan,,,
B5,zz_bytype_r3,quantum,54,13,115,151,53,0.33121087442007013,0.33121087442007013,0.3313907387138761,0.9902757865949348,0.1669825656555102,0.16574676851758027,0.5363506493506494,0.5333506493506494,11,0.919428688919564,2.3228901326491718,108.18,eAT,1,molecule,zz,0.1,bytype,3,bytype,eig,0,"[0.000,3.142]",none,1,1,Z,ridge,1,1,adam,adjoint,100,23,22,0,1.0,1,0.5074698574917101,0.04088751175190911,6.848325059204585,0.041436728550679695,0.20948269057505098,0.5520748423934478,0.9689526964722991,0.3167170053193035,0.9902757865949348,11,0.1669825656555102,0.3167170053193035,0.5363506493506494,0.9898495600467162,11,0.31604240235553016
B5,xy_bytype_r3,quantum,54,13,115,151,53,0.4214378385473179,0.4214378385473179,0.40637287555495477,0.9837613765187108,0.21629779074618938,0.21295687830374704,0.4755670995670995,0.5022337662337663,11,0.925825579148871,2.3660884563910516,111.58,eAT,1,molecule,xy,0.1,bytype,3,bytype,eig,0,"[0.000,3.142]",none,1,1,Z,ridge,1,1,adam,adjoint,100,23,22,0,1.0,1,0.5689480903073085,0.04220139509290048,6.975681992207593,0.11336856538621734,0.0589627168289433,0.704748773486692,0.9689526964722991,0.3832542664204288,0.9837613765187108,11,0.21629779074618938,0.3832542664204288,0.4755670995670995,0.9852081793674803,11,0.3746383463232517
B5,none_r3,quantum,54,13,92,151,53,0.6182529035827793,0.6182529035827793,0.6462550312714824,0.9722768491387906,0.33450536375188733,0.3462137350045208,0.239965367965368,0.222995670995671,11,0.4092653996359265,1.2563916799868022,78.43,eAT,1,molecule,none,0.0,fixed,3,fixed,eig,0,"[0.000,3.142]",none,1,1,Z,ridge,1,1,adam,adjoint,100,23,22,0,1.0,1,0.5970246686341737,0.352683129033102,3.101539051192229,0.04413100041037084,0.0,0.0,0.9689526964722991,0.5911158127590753,0.9722768491387906,11,0.33450536375188733,0.5911158127590753,0.239965367965368,0.9705307205309782,11,0.6233265607508819
B5,zz_fixed_r3,quantum,54,13,92,151,53,0.7436818067906987,0.7436818067906987,0.7000793784673393,0.9565778845113816,0.2587736139335475,0.2416933545412637,0.20391341991341988,0.18897835497835497,11,0.551797014102513,1.5362188390220604,111.41,eAT,1,molecule,zz,0.1,fixed,3,fixed,eig,0,"[0.000,3.142]",none,1,1,Z,ridge,1,1,adam,adjoint,100,23,22,0,1.0,1,0.5074698574917101,0.2274495053807567,3.9459446096099717,0.35962694817875335,0.1,0.06719368409052928,0.9689526964722991,0.6934193722516279,0.9565778845113816,11,0.2587736139335475,0.6934193722516279,0.20391341991341988,0.9593191028804395,11,0.6541423398602637
B5,xy_shuffled_r3,quantum,54,13,115,151,53,0.9575344317690513,0.9575344317690513,0.951589959274581,0.8983810180433547,0.4710784550162002,0.46148434924178205,0.3764112554112554,0.3836839826839827,11,0.7605346015226374,3.090151909338867,115.46,eAT,1,molecule,xy,0.1,bytype_shuffled,3,bytype_shuffled,eig,0,"[0.000,3.142]",none,1,1,Z,ridge,1,1,adam,adjoint,100,23,22,0,1.0,1,0.5689480903073085,0.13624338115837406,9.110359745400162,0.12719332764578611,0.15831405826037315,1.3732483482958413,0.9689526964722991,0.8974111607210508,0.8983810180433547,11,0.4710784550162002,0.8974111607210508,0.3764112554112554,0.9036117488364077,11,0.8910900959620239
B5,krr_res,classical,54,13,151,151,53,0.54212602441332,0.54212602441332,0.54212602441332,0.9731223982917229,0.30839398926412526,0.30839398926412526,-0.03591774891774891,-0.03591774891774891,11,,,,,,,,,,,,,,,,,,,,,,,,,,,,,,,,,,,,,0.49280325244716927,,,0.30839398926412526,,-0.03591774891774891,,,
B5,krr_cos_cl,classical,54,13,151,151,53,0.6697307212465052,0.6697307212465052,0.6697307212465052,0.9679752931700291,0.22151116542599325,0.22151116542599325,0.19663203463203463,0.19663203463203463,11,,,,,,,,,,,,,,,,,,,,,,,,,,,,,,,,,,,,,0.6181341792622077,,,0.22151116542599325,,0.19663203463203463,,,
B5,ridge_raw_eig,classical,54,13,14,151,53,0.6076317993235965,0.6076317993235965,0.6076317993235965,0.9721533274297652,0.2920628100560029,0.2920628100560029,0.092,0.092,11,,,,,,,,,,,,,,,,,,,,,,,,,,,,,,,,,,,,,0.5972216200823923,,,0.2920628100560029,,0.092,,,
B5,composition,classical,54,13,0,151,53,0.8946351265264394,0.8946351265264394,0.8946351265264394,0.9366459189522128,0.3151252540000006,0.3151252540000006,nan,nan,11,,,,,,,,,,,,,,,,,,,,,,,,,,,,,,,,,,,,,0.8366591828011911,,,0.3151252540000006,,nan,,,
B5,zz_bytype_r3,quantum,55,13,115,161,43,0.4743733869506146,0.4743733869506146,0.4796576979455981,0.9832007908477096,0.38262328234492,0.38462338976914734,0.17368421052631583,0.20000000000000004,10,0.9333044296406282,2.568957250104382,115.78,eAT,1,molecule,zz,0.1,bytype,3,bytype,eig,0,"[0.000,3.142]",none,1,1,Z,ridge,1,1,adam,adjoint,100,23,22,0,1.0,1,0.8679665244738798,0.05788952240262705,9.225978041112391,0.03632989483193917,0.3776819249941611,0.6756475345188666,0.9616464682122158,0.470126565516385,0.9832007908477096,10,0.38262328234492,0.470126565516385,0.17368421052631583,0.9826929280854976,10,0.4774329792339026
B5,xy_bytype_r3,quantum,55,13,115,161,43,0.33366407648255386,0.33366407648255386,0.3283243186372538,0.9918818640550976,0.2327835921169336,0.2268638835168292,0.41578947368421043,0.41578947368421043,10,0.9413803877657889,2.018989057805886,117.4,eAT,1,molecule,xy,0.1,bytype,3,bytype,eig,0,"[0.000,3.142]",none,1,1,Z,ridge,1,1,adam,adjoint,100,23,22,0,1.0,1,0.8685978973025792,0.05091687192732827,7.250859745449809,0.014795453666447363,-0.06864823416137927,0.822307684558005,0.9616464682122158,0.34164000060679006,0.9918818640550976,10,0.2327835921169336,0.34164000060679006,0.41578947368421043,0.9919360282434482,10,0.3394156424617552
B5,none_r3,quantum,55,13,92,161,43,0.48605422938732734,0.48605422938732734,0.4900604037251749,0.9834822694359614,0.32821245385156805,0.325327101280899,0.4734962406015037,0.4734962406015037,10,0.38708937655077735,0.9600613883612827,84.1,eAT,1,molecule,none,0.0,fixed,3,fixed,eig,0,"[0.000,3.142]",none,1,1,Z,ridge,1,1,adam,adjoint,100,23,22,0,1.0,1,0.5329916318233856,0.3266762333540898,2.9874697926757903,0.08263754176417851,0.0,0.0,0.9616464682122158,0.4708088201914194,0.9834822694359614,10,0.32821245385156805,0.4708088201914194,0.4734962406015037,0.9839541950209363,10,0.47015037350153294
B5,zz_fixed_r3,quantum,55,13,92,161,43,0.4157157798957741,0.4157157798957741,0.3905191146117035,0.9872837265933804,0.3060266150946217,0.2909945450528754,0.5116541353383459,0.5445488721804511,10,0.7257482431735557,1.4938315211555662,118.94,eAT,1,molecule,zz,0.1,fixed,3,fixed,eig,0,"[0.000,3.142]",none,1,1,Z,ridge,1,1,adam,adjoint,100,23,22,0,1.0,1,0.8679665244738798,0.23804134420350456,4.797811470242838,1.0788167238560755,0.1,0.06719368409052928,0.9616464682122158,0.37823054357191105,0.9872837265933804,10,0.3060266150946217,0.37823054357191105,0.5116541353383459,0.9887885198139728,10,0.3560922333781177
B5,xy_shuffled_r3,quantum,55,13,115,161,43,0.4624387793838194,0.4624387793838194,0.46885649611487107,0.9825479164559672,0.378662886240072,0.3857794175272159,0.375,0.3684210526315789,10,0.8200148051197936,1.7310027987832959,122.81,eAT,1,molecule,xy,0.1,bytype_shuffled,3,bytype_shuffled,eig,0,"[0.000,3.142]",none,1,1,Z,ridge,1,1,adam,adjoint,100,23,22,0,1.0,1,0.8685978973025792,0.15633476181854222,6.216605515732065,0.017100318660375875,0.29208943131197246,0.5842440683353715,0.9616464682122158,0.4435180634290652,0.9825479164559672,10,0.378662886240072,0.4435180634290652,0.375,0.9823860271283315,10,0.4456863557097849
B5,krr_res,classical,55,13,161,161,43,0.4922919287568827,0.4922919287568827,0.4922919287568827,0.9834949238921684,0.3382840133319213,0.3382840133319213,0.5590225563909774,0.5590225563909774,10,,,,,,,,,,,,,,,,,,,,,,,,,,,,,,,,,,,,,0.5191230762272957,,,0.3382840133319213,,0.5590225563909774,,,
B5,krr_cos_cl,classical,55,13,161,161,43,0.3007076423604109,0.3007076423604109,0.3007076423604109,0.992539130420516,0.1866164076798249,0.1866164076798249,0.7321428571428572,0.7321428571428572,10,,,,,,,,,,,,,,,,,,,,,,,,,,,,,,,,,,,,,0.3061930713583234,,,0.1866164076798249,,0.7321428571428572,,,
B5,ridge_raw_eig,classical,55,13,14,161,43,0.5258141499967165,0.5258141499967165,0.5258141499967165,0.980553905307713,0.31818749648619576,0.31818749648619576,0.35507518796992477,0.35507518796992477,10,,,,,,,,,,,,,,,,,,,,,,,,,,,,,,,,,,,,,0.5248244321910621,,,0.31818749648619576,,0.35507518796992477,,,
B5,composition,classical,55,13,0,161,43,0.6887955210803587,0.6887955210803587,0.6887955210803587,0.9637122962176113,0.5165328832080206,0.5165328832080206,nan,nan,10,,,,,,,,,,,,,,,,,,,,,,,,,,,,,,,,,,,,,0.7032679445594091,,,0.5165328832080206,,nan,,,
B5,zz_bytype_r3,quantum,56,13,114,153,51,0.45001427469472416,0.45001427469472416,0.4386101713480138,0.9846636608841154,0.21626309676743688,0.20646486305685569,0.5823240589198035,0.6019639934533552,11,0.9160688213048943,2.337338478461915,111.1,eAT,1,molecule,zz,0.1,bytype,3,bytype,eig,0,"[0.000,3.142]",none,1,1,Z,ridge,1,1,adam,adjoint,100,22,21,0,1.0,1,0.5606820704097842,0.04705870704270547,7.70963531133126,0.05433173434855001,0.2496035880150698,0.5339496185717038,0.9621506178182391,0.42985136304655486,0.9846636608841154,11,0.21626309676743688,0.42985136304655486,0.5823240589198035,0.9848947031458809,11,0.41799229875166755
B5,xy_bytype_r3,quantum,56,13,114,153,51,0.5002019542664639,0.5002019542664639,0.49436988954302824,0.9596414983755038,0.22521390090171725,0.22649541887287242,0.6274959083469721,0.611783960720131,11,0.9007857273234924,2.7531903417968597,114.94,eAT,1,molecule,xy,0.1,bytype,3,bytype,eig,0,"[0.000,3.142]",none,1,1,Z,ridge,1,1,adam,adjoint,100,22,21,0,1.0,1,0.5208924935946636,0.05167996989464696,9.08130922137605,0.015167376226727638,0.20698061504471238,1.1496397465648949,0.9621506178182391,0.4150578759091544,0.9596414983755038,11,0.22521390090171725,0.4150578759091544,0.6274959083469721,0.960511446198996,11,0.4168862238498823
B5,none_r3,quantum,56,13,92,153,51,0.7252237654208358,0.7252237654208358,0.5316016575966125,0.8405099127635045,0.38909328966393153,0.38324156128330283,0.10621931260229132,0.10621931260229132,11,0.32287096544704585,1.0943306205124879,82.66,eAT,1,molecule,none,0.0,fixed,3,fixed,eig,0,"[0.000,3.142]",none,1,1,Z,ridge,1,1,adam,adjoint,100,22,21,0,1.0,1,0.48253042414360464,0.3267353602427865,3.0963275692802106,0.01493315623194452,0.0,0.0,0.9621506178182391,0.47573496824556855,0.8405099127635045,11,0.38909328966393153,0.47573496824556855,0.10621931260229132,0.9728610142832327,11,0.4702372365684703
B5,zz_fixed_r3,quantum,56,13,92,153,51,0.5199647543970501,0.5199647543970501,0.4747579922084547,0.9679003549888852,0.3167400753435752,0.32165724520451033,0.3220949263502455,0.2927986906710311,11,0.6609133749852995,1.3265298940626233,114.99,eAT,1,molecule,zz,0.1,fixed,3,fixed,eig,0,"[0.000,3.142]",none,1,1,Z,ridge,1,1,adam,adjoint,100,22,21,0,1.0,1,0.5606820704097842,0.19011979096150844,3.885971232970468,0.7052501771736641,0.1,0.06719368409052928,0.9621506178182391,0.4533054668231592,0.9679003549888852,11,0.3167400753435752,0.4533054668231592,0.3220949263502455,0.9767638079680536,11,0.44534442633228444
B5,xy_shuffled_r3,quantum,56,13,114,153,51,1.4756173256268466,1.4756173256268466,0.9967824278016246,0.4187987955420348,1.0625824178657488,0.7701831734026097,0.17692307692307693,0.17692307692307693,11,0.748898298811091,2.745516360146222,120.0,eAT,1,molecule,xy,0.1,bytype_shuffled,3,bytype_shuffled,eig,0,"[0.000,3.142]",none,1,1,Z,ridge,1,1,adam,adjoint,100,22,21,0,1.0,1,0.5208924935946636,0.13079699127815295,9.055996841308957,0.18966801527094862,0.44497841392168647,1.721222816185322,0.9621506178182391,1.066146071402456,0.4187987955420348,11,1.0625824178657488,1.066146071402456,0.17692307692307693,0.8486144231456926,11,0.8951905495262146
B5,krr_res,classical,56,13,153,153,51,0.590705024129112,0.590705024129112,0.590705024129112,0.9689410776608145,0.3598604663900611,0.3598604663900611,0.1818330605564648,0.1818330605564648,11,,,,,,,,,,,,,,,,,,,,,,,,,,,,,,,,,,,,,0.5793763451871136,,,0.3598604663900611,,0.1818330605564648,,,
B5,krr_cos_cl,classical,56,13,153,153,51,0.5285778686682471,0.5285778686682471,0.5285778686682471,0.9739509420116331,0.37292903625467655,0.37292903625467655,-0.007855973813420607,-0.007855973813420607,11,,,,,,,,,,,,,,,,,,,,,,,,,,,,,,,,,,,,,0.47881287670689204,,,0.37292903625467655,,-0.007855973813420607,,,
B5,ridge_raw_eig,classical,56,13,14,153,51,0.6583778084218574,0.6583778084218574,0.6583778084218574,0.8874034059883011,0.3407006612223035,0.3407006612223035,0.2564648117839607,0.2564648117839607,11,,,,,,,,,,,,,,,,,,,,,,,,,,,,,,,,,,,,,0.45386458855944206,,,0.3407006612223035,,0.2564648117839607,,,
B5,composition,classical,56,13,0,153,51,0.7200777784492008,0.7200777784492008,0.7200777784492008,0.9606191765367271,0.4285906059777117,0.4285906059777117,nan,nan,11,,,,,,,,,,,,,,,,,,,,,,,,,,,,,,,,,,,,,0.6844269046702803,,,0.4285906059777117,,nan,,,
B5,zz_bytype_r3,quantum,57,13,115,145,59,0.3090462455809945,0.3090462455809945,0.3041994117138978,0.9912235851318761,0.18242520054888992,0.17906644126403654,0.6837412587412588,0.6837412587412588,10,0.9338355588052026,2.597666365962931,104.62,eAT,1,molecule,zz,0.1,bytype,3,bytype,eig,0,"[0.000,3.142]",none,1,1,Z,ridge,1,1,adam,adjoint,100,23,22,0,1.0,1,0.6684555825019756,0.04422799007978594,7.424161192002279,0.021534304724097304,0.16165613108002358,0.6418455786978269,0.9632044801028943,0.3056712980286292,0.9912235851318761,10,0.18242520054888992,0.3056712980286292,0.6837412587412588,0.9915480874991457,10,0.30135688499528696
B5,xy_bytype_r3,quantum,57,13,115,145,59,0.32566388337624363,0.32566388337624363,0.31990709345498575,0.9872632917720846,0.1769723622250816,0.17357976721001314,0.6335664335664336,0.6226689976689976,10,0.914149318868056,2.3056471609126064,106.61,eAT,1,molecule,xy,0.1,bytype,3,bytype,eig,0,"[0.000,3.142]",none,1,1,Z,ridge,1,1,adam,adjoint,100,23,22,0,1.0,1,0.6451312248343904,0.05538495507151772,6.58956685076542,0.01717087107833762,0.24753029182188693,0.5714154118608711,0.9632044801028943,0.29761304424779217,0.9872632917720846,10,0.1769723622250816,0.29761304424779217,0.6335664335664336,0.9888187072317215,10,0.2905786834213876
B5,none_r3,quantum,57,13,92,145,59,0.6751865925229205,0.6751865925229205,0.4626826717404033,0.8055880528714502,0.30586988295169704,0.30897833498788485,0.3245337995337995,0.22703962703962705,10,0.34109004947932786,0.8262262088257245,75.19,eAT,1,molecule,none,0.0,fixed,3,fixed,eig,0,"[0.000,3.142]",none,1,1,Z,ridge,1,1,adam,adjoint,100,23,22,0,1.0,1,0.5095155546145079,0.33572486888055825,1.9651201053963183,0.004995619440797778,0.0,0.0,0.9632044801028943,0.46295818850825887,0.8055880528714502,10,0.30586988295169704,0.46295818850825887,0.3245337995337995,0.9803385974844157,10,0.466257182927304
B5,zz_fixed_r3,quantum,57,13,92,145,59,0.6948589819569864,0.6948589819569864,0.47350230984369873,0.6845970229685534,0.24001599523232053,0.23320189508125289,0.6813519813519814,0.686013986013986,10,0.7237405043143446,1.6018288633379796,106.76,eAT,1,molecule,zz,0.1,fixed,3,fixed,eig,0,"[0.000,3.142]",none,1,1,Z,ridge,1,1,adam,adjoint,100,23,22,0,1.0,1,0.6684555825019756,0.1846672021102568,3.9700185840217137,0.2248139303417581,0.1,0.06719368409052928,0.9632044801028943,0.42172793034096184,0.6845970229685534,10,0.24001599523232053,0.42172793034096184,0.6813519813519814,0.9652936733289169,10,0.41160275137370006
B5,xy_shuffled_r3,quantum,57,13,115,145,59,0.8622687760668382,0.8622687760668382,0.8235917574303068,0.8809786740269291,0.4529045364667652,0.45910853110942934,0.3812937062937063,0.34860139860139855,10,0.8580628494064828,2.1288766503293086,112.21,eAT,1,molecule,xy,0.1,bytype_shuffled,3,bytype_shuffled,eig,0,"[0.000,3.142]",none,1,1,Z,ridge,1,1,adam,adjoint,100,23,22,0,1.0,1,0.6451312248343904,0.09156808781189904,6.084354641161104,0.09691509405951262,0.23725910361773958,0.46826427698595324,0.9632044801028943,0.6971718092564468,0.8809786740269291,10,0.4529045364667652,0.6971718092564468,0.3812937062937063,0.9124965214389545,10,0.6945697217771087
B5,krr_res,classical,57,13,145,145,59,0.46751226359158804,0.46751226359158804,0.46751226359158804,0.9753813110461366,0.2956776750809564,0.2956776750809564,0.4488344988344988,0.4488344988344988,10,,,,,,,,,,,,,,,,,,,,,,,,,,,,,,,,,,,,,0.4671013348529065,,,0.2956776750809564,,0.4488344988344988,,,
B5,krr_cos_cl,classical,57,13,145,145,59,0.5932586322060682,0.5932586322060682,0.5932586322060682,0.9651658658073337,0.2887985740791237,0.2887985740791237,0.3635780885780886,0.3635780885780886,10,,,,,,,,,,,,,,,,,,,,,,,,,,,,,,,,,,,,,0.6010850112427187,,,0.2887985740791237,,0.3635780885780886,,,
B5,ridge_raw_eig,classical,57,13,14,145,59,0.5824970135148986,0.5824970135148986,0.5824970135148986,0.964955381389396,0.3043830248030804,0.3043830248030804,0.41165501165501167,0.41165501165501167,10,,,,,,,,,,,,,,,,,,,,,,,,,,,,,,,,,,,,,0.5867994130552352,,,0.3043830248030804,,0.41165501165501167,,,
B5,composition,classical,57,13,0,145,59,0.6495803032061866,0.6495803032061866,0.6495803032061866,0.9575299340089093,0.3260116271929829,0.3260116271929829,nan,nan,10,,,,,,,,,,,,,,,,,,,,,,,,,,,,,,,,,,,,,0.6519238083146259,,,0.3260116271929829,,nan,,,
B5,zz_bytype_r3,quantum,58,13,115,153,51,0.3467872630101833,0.3467872630101833,0.3321149989250371,0.9912359615061129,0.32680492287959145,0.3066827869679314,0.3235191637630662,0.39146341463414636,7,0.9126009926204296,3.055055106351711,110.36,eAT,1,molecule,zz,0.1,bytype,3,bytype,eig,0,"[0.000,3.142]",none,1,1,Z,ridge,1,1,adam,adjoint,100,23,22,0,1.0,1,0.510728030456802,0.044637122902847486,9.38381568378544,0.1018624964990541,0.23579164072514966,1.052950815368108,0.9613239143401757,0.36086790523962403,0.9912359615061129,7,0.32680492287959145,0.36086790523962403,0.3235191637630662,0.9918154416872822,7,0.3450772458286069
B5,xy_bytype_r3,quantum,58,13,115,153,51,0.3793245821478343,0.3793245821478343,0.3788847659024301,0.9884524216763394,0.2596253415545228,0.2593901783455306,0.409581881533101,0.409581881533101,7,0.9439805736774277,2.4789583801730544,113.9,eAT,1,molecule,xy,0.1,bytype,3,bytype,eig,0,"[0.000,3.142]",none,1,1,Z,ridge,1,1,adam,adjoint,100,23,22,0,1.0,1,0.6982242009930884,0.03911411918416914,7.61429424921189,0.020861903543302675,0.19263642492338473,0.8842070079347955,0.9613239143401757,0.39269112206077805,0.9884524216763394,7,0.2596253415545228,0.39269112206077805,0.409581881533101,0.9885130667327724,7,0.38953106701509543
B5,none_r3,quantum,58,13,92,153,51,0.500476938625396,0.500476938625396,0.46125485581403186,0.9819242085677929,0.368235210380462,0.3918361804114714,0.1841463414634146,0.02648083623693379,7,0.32593001790680914,1.1628229374488201,81.58,eAT,1,molecule,none,0.0,fixed,3,fixed,eig,0,"[0.000,3.142]",none,1,1,Z,ridge,1,1,adam,adjoint,100,23,22,0,1.0,1,0.5528490558426696,0.3726589531721058,3.014021786971028,0.05718347660321576,0.0,0.0,0.9613239143401757,0.5057849852497333,0.9819242085677929,7,0.368235210380462,0.5057849852497333,0.1841463414634146,0.9839039411506026,7,0.4593696445382368
B5,zz_fixed_r3,quantum,58,13,92,153,51,0.5277494175227403,0.5277494175227403,0.5309036402231047,0.9752841227262391,0.3847312552809397,0.34458053284680945,0.5048780487804878,0.49163763066202093,7,0.47343697019924846,1.768820153102851,113.94,eAT,1,molecule,zz,0.1,fixed,3,fixed,eig,0,"[0.000,3.142]",none,1,1,Z,ridge,1,1,adam,adjoint,100,23,22,0,1.0,1,0.510728030456802,0.2689304991215042,4.761640629018031,0.5712788285532365,0.1,0.06719368409052928,0.9613239143401757,0.5047570722914864,0.9752841227262391,7,0.3847312552809397,0.5047570722914864,0.5048780487804878,0.976273551601868,7,0.5245787691324176
B5,xy_shuffled_r3,quantum,58,13,115,153,51,0.5878498065378989,0.5878498065378989,0.5785132342608904,0.9538858864735928,0.5573342807819694,0.5435573563582887,0.22630662020905923,0.22421602787456446,7,0.8383118159588829,2.048924451256553,117.58,eAT,1,molecule,xy,0.1,bytype_shuffled,3,bytype_shuffled,eig,0,"[0.000,3.142]",none,1,1,Z,ridge,1,1,adam,adjoint,100,23,22,0,1.0,1,0.6982242009930884,0.11289460311213241,6.293414924208327,0.1089463889806747,0.029980571311546068,0.5669054944306416,0.9613239143401757,0.5575893083486552,0.9538858864735928,7,0.5573342807819694,0.5575893083486552,0.22630662020905923,0.955671400435972,7,0.5492858837691866
B5,krr_res,classical,58,13,153,153,51,0.5634756689997557,0.5634756689997557,0.5634756689997557,0.9731496608968299,0.44822788819241066,0.44822788819241066,-0.08885017421602785,-0.08885017421602785,7,,,,,,,,,,,,,,,,,,,,,,,,,,,,,,,,,,,,,0.6011966420464494,,,0.44822788819241066,,-0.08885017421602785,,,
B5,krr_cos_cl,classical,58,13,153,153,51,0.39180576427226316,0.39180576427226316,0.39180576427226316,0.9860048061863746,0.3704473642519676,0.3704473642519676,0.245993031358885,0.245993031358885,7,,,,,,,,,,,,,,,,,,,,,,,,,,,,,,,,,,,,,0.4041451464497256,,,0.3704473642519676,,0.245993031358885,,,
B5,ridge_raw_eig,classical,58,13,14,153,51,0.5621999275952677,0.5621999275952677,0.5621999275952677,0.9775480661862846,0.35236463804654455,0.35236463804654455,0.2353658536585366,0.2353658536585366,7,,,,,,,,,,,,,,,,,,,,,,,,,,,,,,,,,,,,,0.5867460406623798,,,0.35236463804654455,,0.2353658536585366,,,
B5,composition,classical,58,13,0,153,51,0.7377808766552143,0.7377808766552143,0.7377808766552143,0.96311080240479,0.4131040680246588,0.4131040680246588,nan,nan,7,,,,,,,,,,,,,,,,,,,,,,,,,,,,,,,,,,,,,0.8036147560827268,,,0.4131040680246588,,nan,,,
B5,zz_bytype_r3,quantum,59,13,115,148,56,0.3783227657922716,0.3783227657922716,0.37427390944287237,0.9834638720760703,0.2753696528170792,0.2742108671149747,0.8448551448551449,0.8442957042957043,11,0.9476318834187861,2.278095063186621,106.27,eAT,1,molecule,zz,0.1,bytype,3,bytype,eig,0,"[0.000,3.142]",none,1,1,Z,ridge,1,1,adam,adjoint,100,23,22,0,1.0,1,0.4617419870775349,0.024180558209717685,6.996829459390867,0.016837711895342156,0.3042537367148787,0.8488557110708248,0.9684665804406566,0.3777820632988264,0.9834638720760703,11,0.2753696528170792,0.3777820632988264,0.8448551448551449,0.9835889934570068,11,0.37339282718795797
B5,xy_bytype_r3,quantum,59,13,115,148,56,0.6872281973943465,0.6872281973943465,0.6609950833042552,0.8882304186501382,0.5933045079239974,0.56297165121842,0.47596403596403597,0.47596403596403597,11,0.9498326297759508,2.9005439442040006,109.46,eAT,1,molecule,xy,0.1,bytype,3,bytype,eig,0,"[0.000,3.142]",none,1,1,Z,ridge,1,1,adam,adjoint,100,23,22,0,1.0,1,0.6442732797596831,0.03232149615116645,8.908588427682222,0.14126306567145488,0.12724462944739298,0.8166543300008716,0.9684665804406566,0.6978781243858537,0.8882304186501382,11,0.5933045079239974,0.6978781243858537,0.47596403596403597,0.9129502768021671,11,0.6713375151571828
B5,none_r3,quantum,59,13,92,148,56,0.46901435711973083,0.46901435711973083,0.4588147475290119,0.9723644894518856,0.351932822925896,0.3454262601266729,0.2634565434565435,0.27184815184815186,11,0.43962904972894284,1.0951544064949483,77.62,eAT,1,molecule,none,0.0,fixed,3,fixed,eig,0,"[0.000,3.142]",none,1,1,Z,ridge,1,1,adam,adjoint,100,23,22,0,1.0,1,0.6010696935527646,0.33682199535529583,2.8383859352288954,0.002685762478116264,0.0,0.0,0.9684665804406566,0.4707553893335659,0.9723644894518856,11,0.351932822925896,0.4707553893335659,0.2634565434565435,0.9736893648793309,11,0.4590927958113477
B5,zz_fixed_r3,quantum,59,13,92,148,56,0.55449795847451,0.55449795847451,0.5532152517361958,0.9651329178539121,0.3207314530971854,0.31704158928105647,0.23044955044955048,0.28835164835164834,11,0.5157941842055025,1.5742324337131703,109.82,eAT,1,molecule,zz,0.1,fixed,3,fixed,eig,0,"[0.000,3.142]",none,1,1,Z,ridge,1,1,adam,adjoint,100,23,22,0,1.0,1,0.4617419870775349,0.22357815553945012,4.237468186927162,0.14006101484592007,0.1,0.06719368409052928,0.9684665804406566,0.5524512212742583,0.9651329178539121,11,0.3207314530971854,0.5524512212742583,0.23044955044955048,0.9654684355166951,11,0.5484184495284953
B5,xy_shuffled_r3,quantum,59,13,115,148,56,0.6180812463740144,0.6180812463740144,0.6112372656973164,0.9577288982143323,0.3642079947046377,0.3572409527123907,0.3739260739260739,0.38035964035964037,11,0.7876269053153647,1.7416415425824308,115.54,eAT,1,molecule,xy,0.1,bytype_shuffled,3,bytype_shuffled,eig,0,"[0.000,3.142]",none,1,1,Z,ridge,1,1,adam,adjoint,100,23,22,0,1.0,1,0.6442732797596831,0.1368263102451837,5.3491924238639355,0.018045128612207747,0.22914752480386144,0.39486861459599903,0.9684665804406566,0.6042272062862354,0.9577288982143323,11,0.3642079947046377,0.6042272062862354,0.3739260739260739,0.959633471339678,11,0.5982620422668854
B5,krr_res,classical,59,13,148,148,56,0.49987933816218166,0.49987933816218166,0.49987933816218166,0.9702232591771869,0.3820358809961688,0.3820358809961688,0.22767232767232767,0.22767232767232767,11,,,,,,,,,,,,,,,,,,,,,,,,,,,,,,,,,,,,,0.5000882386486334,,,0.3820358809961688,,0.22767232767232767,,,
B5,krr_cos_cl,classical,59,13,148,148,56,0.5184831456849202,0.5184831456849202,0.5184831456849202,0.9695368183954965,0.3061999549588403,0.3061999549588403,0.14233766233766235,0.14233766233766235,11,,,,,,,,,,,,,,,,,,,,,,,,,,,,,,,,,,,,,0.5262438251054091,,,0.3061999549588403,,0.14233766233766235,,,
B5,ridge_raw_eig,classical,59,13,14,148,56,0.5276590533030897,0.5276590533030897,0.5276590533030897,0.9684857038171234,0.2822079822825523,0.2822079822825523,0.3991208791208792,0.3991208791208792,11,,,,,,,,,,,,,,,,,,,,,,,,,,,,,,,,,,,,,0.5330057689749336,,,0.2822079822825523,,0.3991208791208792,,,
B5,composition,classical,59,13,0,148,56,0.7652573188630403,0.7652573188630403,0.7652573188630403,0.9360599498628871,0.4498260861078295,0.4498260861078295,nan,nan,11,,,,,,,,,,,,,,,,,,,,,,,,,,,,,,,,,,,,,0.7598243555694352,,,0.4498260861078295,,nan,,,
B5,zz_bytype_r3,quantum,60,13,114,157,47,0.44660388653111965,0.44660388653111965,0.4255974079986833,0.9814668351473306,0.3314370316916791,0.3155702411588814,0.6357142857142857,0.6357142857142857,12,0.9117367077744399,2.482652965658077,113.61,eAT,1,molecule,zz,0.1,bytype,3,bytype,eig,0,"[0.000,3.142]",none,1,1,Z,ridge,1,1,adam,adjoint,100,22,21,0,1.0,1,0.41605034813795194,0.03672197345824606,7.665083340427977,0.011148409699695765,0.12423089311805731,0.4947696941971523,0.9508473577359782,0.37871291791747624,0.9814668351473306,12,0.3314370316916791,0.37871291791747624,0.6357142857142857,0.9833679220122861,12,0.360853276011877
B5,xy_bytype_r3,quantum,60,13,114,157,47,0.9384950311398098,0.9384950311398098,0.5226862377377213,0.6461776254140372,0.31555612745908435,0.31345297290870916,0.2859357696566999,0.240531561461794,12,0.9042750479604962,2.3168226408261834,114.93,eAT,1,molecule,xy,0.1,bytype,3,bytype,eig,0,"[0.000,3.142]",none,1,1,Z,ridge,1,1,adam,adjoint,100,22,21,0,1.0,1,0.535845703883685,0.05129380430483995,7.153089405798545,0.16174346243367851,0.2603086446680173,1.0458898538980528,0.9508473577359782,0.4651127459822805,0.6461776254140372,12,0.31555612745908435,0.4651127459822805,0.2859357696566999,0.9797708214536642,12,0.4652827395317738
B5,none_r3,quantum,60,13,92,157,47,0.6231080297354782,0.6231080297354782,0.6366688710524162,0.9629520948642497,0.39767418579917563,0.4111887269352665,0.19507198228128458,0.19507198228128458,12,0.28585505977736864,1.1696354777795164,82.61,eAT,1,molecule,none,0.0,fixed,3,fixed,eig,0,"[0.000,3.142]",none,1,1,Z,ridge,1,1,adam,adjoint,100,22,21,0,1.0,1,0.3804258717701165,0.27167921145441226,3.062591134070732,0.0030796297993313316,0.0,0.0,0.9508473577359782,0.5079620387335673,0.9629520948642497,12,0.39767418579917563,0.5079620387335673,0.19507198228128458,0.9625531459714617,12,0.501303415667973
B5,zz_fixed_r3,quantum,60,13,92,157,47,0.4729761247476707,0.4729761247476707,0.4605890098691364,0.9783832063331529,0.3025894854269008,0.3050141803240543,0.4201550387596899,0.39689922480620154,12,0.6100268168962877,1.6937491654816186,116.27,eAT,1,molecule,zz,0.1,fixed,3,fixed,eig,0,"[0.000,3.142]",none,1,1,Z,ridge,1,1,adam,adjoint,100,22,21,0,1.0,1,0.41605034813795194,0.16224847859476474,4.604313216634112,0.47561619431787033,0.1,0.06719368409052928,0.9508473577359782,0.40169180776590885,0.9783832063331529,12,0.3025894854269008,0.40169180776590885,0.4201550387596899,0.9779299105485659,12,0.38805443584156657
B5,xy_shuffled_r3,quantum,60,13,114,157,47,0.7589508786518024,0.7589508786518024,0.6961264817736822,0.9413419234189871,0.3632780559263991,0.34735812373951486,0.33709856035437435,0.34872646733111856,12,0.8224544755771309,1.561517245779668,119.0,eAT,1,molecule,xy,0.1,bytype_shuffled,3,bytype_shuffled,eig,0,"[0.000,3.142]",none,1,1,Z,ridge,1,1,adam,adjoint,100,22,21,0,1.0,1,0.535845703883685,0.09513700650577026,4.821116761779892,0.013802174478031589,0.14248562566771875,0.26086849493609054,0.9508473577359782,0.539215872139487,0.9413419234189871,12,0.3632780559263991,0.539215872139487,0.33709856035437435,0.9546069844995521,12,0.5127125366566517
B5,krr_res,classical,60,13,157,157,47,0.37628754792891694,0.37628754792891694,0.37628754792891694,0.9888912068092827,0.23619202489494392,0.23619202489494392,0.44451827242524916,0.44451827242524916,12,,,,,,,,,,,,,,,,,,,,,,,,,,,,,,,,,,,,,0.3217056131702233,,,0.23619202489494392,,0.44451827242524916,,,
B5,krr_cos_cl,classical,60,13,157,157,47,0.5790294036643804,0.5790294036643804,0.5790294036643804,0.9685217614518431,0.33318610964097656,0.33318610964097656,0.3013842746400886,0.3013842746400886,12,,,,,,,,,,,,,,,,,,,,,,,,,,,,,,,,,,,,,0.43343920342278874,,,0.33318610964097656,,0.3013842746400886,,,
B5,ridge_raw_eig,classical,60,13,14,157,47,0.5380654197964915,0.5380654197964915,0.5380654197964915,0.9775801468125437,0.3171695054752274,0.3171695054752274,0.29778516057585824,0.29778516057585824,12,,,,,,,,,,,,,,,,,,,,,,,,,,,,,,,,,,,,,0.45794458883767764,,,0.3171695054752274,,0.29778516057585824,,,
B5,composition,classical,60,13,0,157,47,0.4647770031956186,0.4647770031956186,0.4647770031956186,0.9850120265912733,0.3066781688815063,0.3066781688815063,nan,nan,12,,,,,,,,,,,,,,,,,,,,,,,,,,,,,,,,,,,,,0.4881766752753773,,,0.3066781688815063,,nan,,,
B5,zz_bytype_r3,quantum,61,13,115,151,53,0.8641373633628312,0.8641373633628312,0.41277821762652395,0.45145394122847693,0.23223167778687584,0.22118741396920003,0.42705167173252273,0.44650455927051674,10,0.9198315028870591,1.6711941762634923,108.55,eAT,1,molecule,zz,0.1,bytype,3,bytype,eig,0,"[0.000,3.142]",none,1,1,Z,ridge,1,1,adam,adjoint,100,23,22,0,1.0,1,0.5971192296647915,0.04787015123946341,5.140185953382151,0.07625040546401514,0.03732482954889382,0.39048580760827645,0.9636547565058617,0.29804018586071723,0.45145394122847693,10,0.23223167778687584,0.29804018586071723,0.42705167173252273,0.9848070906280565,10,0.29755210526057313
B5,xy_bytype_r3,quantum,61,13,115,151,53,0.7362447532840806,0.7362447532840806,0.6563981409293548,0.8900798238790443,0.23515209780886406,0.23078782784877735,0.6382978723404256,0.6851063829787235,10,0.913775068620122,2.053335709415083,111.42,eAT,1,molecule,xy,0.1,bytype,3,bytype,eig,0,"[0.000,3.142]",none,1,1,Z,ridge,1,1,adam,adjoint,100,23,22,0,1.0,1,0.500770457195627,0.04317889830876302,6.315560167108481,0.0421429904322313,0.10263654017850307,0.4144482230047468,0.9636547565058617,0.41773809947091245,0.8900798238790443,10,0.23515209780886406,0.41773809947091245,0.6382978723404256,0.9456610701015282,10,0.4170521577420274
B5,none_r3,quantum,61,13,92,151,53,0.7979266893269769,0.7979266893269769,0.5759358410089401,0.8234464853218652,0.27323345121346815,0.268565917699383,0.2468085106382979,0.239209726443769,10,0.3331869302399568,1.5135449839436532,78.95,eAT,1,molecule,none,0.0,fixed,3,fixed,eig,0,"[0.000,3.142]",none,1,1,Z,ridge,1,1,adam,adjoint,100,23,22,0,1.0,1,0.5375301669664604,0.358432140723534,3.9294247882421938,0.007369842349871972,0.0,0.0,0.9636547565058617,0.3924897112964841,0.8234464853218652,10,0.27323345121346815,0.3924897112964841,0.2468085106382979,0.9660392555432319,10,0.391320726405825
B5,zz_fixed_r3,quantum,61,13,92,151,53,1.0311510344001857,1.0311510344001857,0.5967624782014908,0.49341795690436596,0.26575718121624253,0.25668525426724176,0.47781155015197574,0.45896656534954405,10,0.6090207027552412,2.126056712452384,112.18,eAT,1,molecule,zz,0.1,fixed,3,fixed,eig,0,"[0.000,3.142]",none,1,1,Z,ridge,1,1,adam,adjoint,100,23,22,0,1.0,1,0.5971192296647915,0.23346125678567187,5.732216938663053,0.31049944414407576,0.1,0.06719368409052928,0.9636547565058617,0.37287840113909937,0.49341795690436596,10,0.26575718121624253,0.37287840113909937,0.47781155015197574,0.9505787630186391,10,0.364416399834758
B5,xy_shuffled_r3,quantum,61,13,115,151,53,0.781832019232639,0.781832019232639,0.6608404066080132,0.8932773316586373,0.4309382532043905,0.42020249371245727,0.656838905775076,0.662613981762918,10,0.739070034142718,1.7396186088141916,115.72,eAT,1,molecule,xy,0.1,bytype_shuffled,3,bytype_shuffled,eig,0,"[0.000,3.142]",none,1,1,Z,ridge,1,1,adam,adjoint,100,23,22,0,1.0,1,0.500770457195627,0.1306660182983904,5.350642830303313,0.18333476796353199,0.10569280944234802,0.28353874459865425,0.9636547565058617,0.49632017584910515,0.8932773316586373,10,0.4309382532043905,0.49632017584910515,0.656838905775076,0.9556419423405429,10,0.4832194175936761
B5,krr_res,classical,61,13,151,151,53,0.5173267092998759,0.5173267092998759,0.5173267092998759,0.9760264397657298,0.24464743095571514,0.24464743095571514,0.4814589665653495,0.4814589665653495,10,,,,,,,,,,,,,,,,,,,,,,,,,,,,,,,,,,,,,0.48068825235750146,,,0.24464743095571514,,0.4814589665653495,,,
B5,krr_cos_cl,classical,61,13,151,151,53,0.6014236648492249,0.6014236648492249,0.6014236648492249,0.9653000146109206,0.24456862981943603,0.24456862981943603,0.36626139817629183,0.36626139817629183,10,,,,,,,,,,,,,,,,,,,,,,,,,,,,,,,,,,,,,0.42295009957561025,,,0.24456862981943603,,0.36626139817629183,,,
B5,ridge_raw_eig,classical,61,13,14,151,53,0.7806015486187904,0.7806015486187904,0.7806015486187904,0.8733488934325697,0.2233861250551033,0.2233861250551033,0.3996960486322188,0.3996960486322188,10,,,,,,,,,,,,,,,,,,,,,,,,,,,,,,,,,,,,,0.49578230598971684,,,0.2233861250551033,,0.3996960486322188,,,
B5,composition,classical,61,13,0,151,53,0.7061375921627349,0.7061375921627349,0.7061375921627349,0.9590658295213429,0.2818467796558056,0.2818467796558056,nan,nan,10,,,,,,,,,,,,,,,,,,,,,,,,,,,,,,,,,,,,,0.730662973941444,,,0.2818467796558056,,nan,,,
B5,zz_bytype_r3,quantum,62,13,115,150,54,0.2556006694290581,0.2556006694290581,0.2589366238100563,0.9923281204801145,0.17566378743959482,0.1750878178976231,0.48550824175824175,0.48550824175824175,11,0.9324638927859582,2.1209739135022865,107.81,eAT,1,molecule,zz,0.1,bytype,3,bytype,eig,0,"[0.000,3.142]",none,1,1,Z,ridge,1,1,adam,adjoint,100,23,22,0,1.0,1,0.4710873413802037,0.031815405194631316,6.682800248399857,0.6017152702649933,0.21236422537824298,0.4864633780851573,0.9685910135569655,0.23730124400587999,0.9923281204801145,11,0.17566378743959482,0.23730124400587999,0.48550824175824175,0.9921773433816247,11,0.24053046732103406
B5,xy_bytype_r3,quantum,62,13,115,150,54,0.4464396811369781,0.4464396811369781,0.44529127649399075,0.9824107548225309,0.32588816201455084,0.3239251353592681,0.14072802197802198,0.14072802197802198,11,0.9177869444760116,2.0371678381058196,110.62,eAT,1,molecule,xy,0.1,bytype,3,bytype,eig,0,"[0.000,3.142]",none,1,1,Z,ridge,1,1,adam,adjoint,100,23,22,0,1.0,1,0.540961698750163,0.04447411417569823,6.418742657728164,0.038361665898468685,0.22186840485946202,0.8823068975042606,0.9685910135569655,0.4591766791020977,0.9824107548225309,11,0.32588816201455084,0.4591766791020977,0.14072802197802198,0.9824891673408049,11,0.45611222166657883
B5,none_r3,quantum,62,13,92,150,54,0.4960633783425816,0.4960633783425816,0.5269678802893702,0.9751910972559842,0.2787397824135832,0.28009855897180747,0.3296016483516483,0.2535714285714286,11,0.20539749666473892,1.1541298041549226,78.3,eAT,1,molecule,none,0.0,fixed,3,fixed,eig,0,"[0.000,3.142]",none,1,1,Z,ridge,1,1,adam,adjoint,100,23,22,0,1.0,1,0.5097920696063449,0.40508205468966535,3.082950371737421,0.0056829619853382115,0.0,0.0,0.9685910135569655,0.4675026839424382,0.9751910972559842,11,0.2787397824135832,0.4675026839424382,0.3296016483516483,0.9740708722489811,11,0.5045499870820985
B5,zz_fixed_r3,quantum,62,13,92,150,54,0.4380811293710757,0.4380811293710757,0.4449951784001332,0.9720305610290714,0.24639435805077867,0.2714398274909829,0.28763736263736267,0.2472527472527473,11,0.5002750497007552,2.2250900574895907,111.21,eAT,1,molecule,zz,0.1,fixed,3,fixed,eig,0,"[0.000,3.142]",none,1,1,Z,ridge,1,1,adam,adjoint,100,23,22,0,1.0,1,0.4710873413802037,0.23541409825782567,6.166244446243618,0.5501049880252357,0.1,0.06719368409052928,0.9685910135569655,0.372480679621448,0.9720305610290714,11,0.24639435805077867,0.372480679621448,0.28763736263736267,0.971582309564742,11,0.37938560698552265
B5,xy_shuffled_r3,quantum,62,13,115,150,54,0.8222762913121263,0.8222762913121263,0.7546752597058526,0.8454225759497783,0.5218854065269933,0.516535316787303,0.06483516483516485,0.032898351648351656,11,0.7634507486397232,2.618830477028861,115.65,eAT,1,molecule,xy,0.1,bytype_shuffled,3,bytype_shuffled,eig,0,"[0.000,3.142]",none,1,1,Z,ridge,1,1,adam,adjoint,100,23,22,0,1.0,1,0.540961698750163,0.12796408485393462,8.251455074950275,0.053371922894917115,0.030207063231205776,1.586644470360606,0.9685910135569655,0.6413165627658,0.8454225759497783,11,0.5218854065269933,0.6413165627658,0.06483516483516485,0.894707539481218,11,0.6272492757225157
B5,krr_res,classical,62,13,150,150,54,0.530006000818508,0.530006000818508,0.530006000818508,0.9721217720607099,0.3468038921258167,0.3468038921258167,-0.17905219780219778,-0.17905219780219778,11,,,,,,,,,,,,,,,,,,,,,,,,,,,,,,,,,,,,,0.5424544101225339,,,0.3468038921258167,,-0.17905219780219778,,,
B5,krr_cos_cl,classical,62,13,150,150,54,0.36047316730085577,0.36047316730085577,0.36047316730085577,0.9852222558056815,0.22976014357475627,0.22976014357475627,0.38853021978021973,0.38853021978021973,11,,,,,,,,,,,,,,,,,,,,,,,,,,,,,,,,,,,,,0.36286832417465303,,,0.22976014357475627,,0.38853021978021973,,,
B5,ridge_raw_eig,classical,62,13,14,150,54,0.5925461799100253,0.5925461799100253,0.5925461799100253,0.9690874880977802,0.3175686729698149,0.3175686729698149,0.22184065934065936,0.22184065934065936,11,,,,,,,,,,,,,,,,,,,,,,,,,,,,,,,,,,,,,0.5705559629241159,,,0.3175686729698149,,0.22184065934065936,,,
B5,composition,classical,62,13,0,150,54,0.7983663158833153,0.7983663158833153,0.7983663158833153,0.9409107946500573,0.3536683923076919,0.3536683923076919,nan,nan,11,,,,,,,,,,,,,,,,,,,,,,,,,,,,,,,,,,,,,0.8178836243608087,,,0.3536683923076919,,nan,,,
B5,zz_bytype_r3,quantum,63,13,114,157,47,0.49849341877057957,0.49849341877057957,0.49181729327541773,0.9522579351019446,0.30557590026052955,0.2997626849363081,0.46998123827392124,0.4729831144465291,10,0.9399793452218029,2.436914735255432,113.12,eAT,1,molecule,zz,0.1,bytype,3,bytype,eig,0,"[0.000,3.142]",none,1,1,Z,ridge,1,1,adam,adjoint,100,22,21,0,1.0,1,0.6426236988589414,0.038570695181500615,7.715036016804428,0.01786359710179758,0.13647063453271643,0.6711764604848205,0.9643551392392553,0.5164820360413697,0.9522579351019446,10,0.30557590026052955,0.5164820360413697,0.46998123827392124,0.9535528318065228,10,0.5072351373743162
B5,xy_bytype_r3,quantum,63,13,114,157,47,0.5354672662975408,0.5354672662975408,0.5447919655933297,0.96404618863487,0.3139455364370419,0.31592057276638863,0.5115384615384616,0.5115384615384616,10,0.9490342208047651,2.4182875493220113,115.64,eAT,1,molecule,xy,0.1,bytype,3,bytype,eig,0,"[0.000,3.142]",none,1,1,Z,ridge,1,1,adam,adjoint,100,22,21,0,1.0,1,0.6978186496243539,0.035564871215071785,7.656064150333691,0.10278238592004743,0.5154084135011495,0.7895951402152946,0.9643551392392553,0.4840802976540203,0.96404618863487,10,0.3139455364370419,0.4840802976540203,0.5115384615384616,0.9626778375182222,10,0.48940596850315954
B5,none_r3,quantum,63,13,92,157,47,0.5783341582041636,0.5783341582041636,0.6450439326456121,0.9672717423958327,0.31874316381706114,0.3639824012553968,0.12861163227016884,0.1196998123827392,10,0.4034487392635844,1.3560139621862035,82.22,eAT,1,molecule,none,0.0,fixed,3,fixed,eig,0,"[0.000,3.142]",none,1,1,Z,ridge,1,1,adam,adjoint,100,22,21,0,1.0,1,0.5754139836774604,0.3432639374081523,3.6569819374214223,0.04918707973726484,0.0,0.0,0.9643551392392553,0.5579622467403534,0.9672717423958327,10,0.31874316381706114,0.5579622467403534,0.12861163227016884,0.9671968271229899,10,0.6447835980901989
B5,zz_fixed_r3,quantum,63,13,92,157,47,0.5856347592571468,0.5856347592571468,0.5847564196823895,0.9635419734622418,0.39189179622397075,0.40096176539421435,0.33020637898686683,0.3181988742964353,10,0.7902270576201258,1.6972295660107612,116.95,eAT,1,molecule,zz,0.1,fixed,3,fixed,eig,0,"[0.000,3.142]",none,1,1,Z,ridge,1,1,adam,adjoint,100,22,21,0,1.0,1,0.6426236988589414,0.13480506415267837,4.746916141656691,0.5899554446707477,0.1,0.06719368409052928,0.9643551392392553,0.5885831711844474,0.9635419734622418,10,0.39189179622397075,0.5885831711844474,0.33020637898686683,0.9628515158397744,10,0.5836503785984188
B5,xy_shuffled_r3,quantum,63,13,114,157,47,0.5478240032814822,0.5478240032814822,0.5479626661754307,0.9664240757241256,0.34616518124633444,0.3520768758174554,0.09784240150093809,0.13536585365853665,10,0.8185585345384215,2.6161971720426616,120.51,eAT,1,molecule,xy,0.1,bytype_shuffled,3,bytype_shuffled,eig,0,"[0.000,3.142]",none,1,1,Z,ridge,1,1,adam,adjoint,100,22,21,0,1.0,1,0.6978186496243539,0.12661323841426253,8.282626846710489,0.23170723188247258,0.5788536063644594,0.8906056225032518,0.9643551392392553,0.5702415254067448,0.9664240757241256,10,0.34616518124633444,0.5702415254067448,0.09784240150093809,0.9660720479075904,10,0.5713610237224047
B5,krr_res,classical,63,13,157,157,47,0.46806599218078365,0.46806599218078365,0.46806599218078365,0.9800833637311533,0.3046588256376397,0.3046588256376397,0.3067542213883677,0.3067542213883677,10,,,,,,,,,,,,,,,,,,,,,,,,,,,,,,,,,,,,,0.4391676109544448,,,0.3046588256376397,,0.3067542213883677,,,
B5,krr_cos_cl,classical,63,13,157,157,47,0.5430990246331476,0.5430990246331476,0.5430990246331476,0.9729989156774812,0.32323578728816044,0.32323578728816044,0.17298311444652908,0.17298311444652908,10,,,,,,,,,,,,,,,,,,,,,,,,,,,,,,,,,,,,,0.5508803518268275,,,0.32323578728816044,,0.17298311444652908,,,
B5,ridge_raw_eig,classical,63,13,14,157,47,0.4915173121840169,0.4915173121840169,0.4915173121840169,0.9754974722916757,0.2882018870482718,0.2882018870482718,0.34418386491557224,0.34418386491557224,10,,,,,,,,,,,,,,,,,,,,,,,,,,,,,,,,,,,,,0.47505234269761554,,,0.2882018870482718,,0.34418386491557224,,,
B5,composition,classical,63,13,0,157,47,0.7341729150882277,0.7341729150882277,0.7341729150882277,0.9549573794000364,0.34167073286875493,0.34167073286875493,nan,nan,10,,,,,,,,,,,,,,,,,,,,,,,,,,,,,,,,,,,,,0.7316479236955628,,,0.34167073286875493,,nan,,,
B5,zz_bytype_r3,quantum,64,13,115,149,55,0.45768020123451225,0.45768020123451225,0.4542314656515613,0.9732206914536567,0.4131572134271165,0.4094275694956807,0.16332006486805253,0.164499484004128,10,0.9088994399219618,2.4648756950076223,107.54,eAT,1,molecule,zz,0.1,bytype,3,bytype,eig,0,"[0.000,3.142]",none,1,1,Z,ridge,1,1,adam,adjoint,100,23,22,0,1.0,1,0.4814272577567763,0.04385829281847643,7.697606065028286,0.3284628577216388,0.38296190487408394,0.6362605519991877,0.9609041262747426,0.46282207269637876,0.9732206914536567,10,0.4131572134271165,0.46282207269637876,0.16332006486805253,0.9735667708328583,10,0.4601079492813741
B5,xy_bytype_r3,quantum,64,13,115,149,55,0.35224102982632555,0.35224102982632555,0.3587014573712532,0.986090335246806,0.2866959805167822,0.2896341410534602,0.2760725342768687,0.28410732714138287,10,0.9517857627848884,2.4346307764248456,109.69,eAT,1,molecule,xy,0.1,bytype,3,bytype,eig,0,"[0.000,3.142]",none,1,1,Z,ridge,1,1,adam,adjoint,100,23,22,0,1.0,1,0.43472253190482063,0.02095981527601298,7.603153647330059,0.011359284035105641,0.14847889010276494,1.0135986519473323,0.9609041262747426,0.3592196551427169,0.986090335246806,10,0.2866959805167822,0.3592196551427169,0.2760725342768687,0.9857069875167815,10,0.3666858466206529
B5,none_r3,quantum,64,13,92,149,55,0.5204870446535036,0.5204870446535036,0.5260550631603405,0.9746500716225135,0.35165979271482417,0.34976208763036193,0.1649049093321539,0.12591036414565832,10,0.3856931243454325,1.1698066984561792,77.76,eAT,1,molecule,none,0.0,fixed,3,fixed,eig,0,"[0.000,3.142]",none,1,1,Z,ridge,1,1,adam,adjoint,100,23,22,0,1.0,1,0.5192537867791337,0.31898117142809257,3.0921914704267297,0.014397210418679024,0.0,0.0,0.9609041262747426,0.5105068717830483,0.9746500716225135,10,0.35165979271482417,0.5105068717830483,0.1649049093321539,0.9744574014122774,10,0.5255224744918343
B5,zz_fixed_r3,quantum,64,13,92,149,55,0.50856551202824,0.50856551202824,0.5000315646874416,0.9750855179840584,0.3551369235628225,0.3460096549639012,-0.033222762789326274,0.01579684505381099,10,0.580360581681662,2.452180366253985,108.75,eAT,1,molecule,zz,0.1,fixed,3,fixed,eig,0,"[0.000,3.142]",none,1,1,Z,ridge,1,1,adam,adjoint,100,23,22,0,1.0,1,0.4814272577567763,0.20202585440764614,6.727153233684377,0.3791085371409891,0.1,0.06719368409052928,0.9609041262747426,0.5063956730938408,0.9750855179840584,10,0.3551369235628225,0.5063956730938408,-0.033222762789326274,0.9769081822521154,10,0.49451860368881584
B5,xy_shuffled_r3,quantum,64,13,115,149,55,0.5779999524239355,0.5779999524239355,0.5746409245644655,0.9665644612793348,0.414183872590305,0.41347740510399467,0.23822055137844617,0.23350287483414423,10,0.795606193467873,1.9803378041508948,114.7,eAT,1,molecule,xy,0.1,bytype_shuffled,3,bytype_shuffled,eig,0,"[0.000,3.142]",none,1,1,Z,ridge,1,1,adam,adjoint,100,23,22,0,1.0,1,0.43472253190482063,0.08885459308131034,6.184433690880135,0.07404682303667143,0.21552270935429,0.9713332369595187,0.9609041262747426,0.5998153083964053,0.9665644612793348,10,0.414183872590305,0.5998153083964053,0.23822055137844617,0.9670291051841993,10,0.5958440297686937
B5,krr_res,classical,64,13,149,149,55,0.427973008750517,0.427973008750517,0.427973008750517,0.9805603682834334,0.3169703668205218,0.3169703668205218,0.302609464838567,0.302609464838567,10,,,,,,,,,,,,,,,,,,,,,,,,,,,,,,,,,,,,,0.445331770891326,,,0.3169703668205218,,0.302609464838567,,,
B5,krr_cos_cl,classical,64,13,149,149,55,0.5429967076502841,0.5429967076502841,0.5429967076502841,0.9745421165216119,0.3572983519164102,0.3572983519164102,0.13869969040247682,0.13869969040247682,10,,,,,,,,,,,,,,,,,,,,,,,,,,,,,,,,,,,,,0.5471700208823452,,,0.3572983519164102,,0.13869969040247682,,,
B5,ridge_raw_eig,classical,64,13,14,149,55,0.5811385757974277,0.5811385757974277,0.5811385757974277,0.972270232057656,0.3240886645687408,0.3240886645687408,0.2712737726669615,0.2712737726669615,10,,,,,,,,,,,,,,,,,,,,,,,,,,,,,,,,,,,,,0.5827097454443901,,,0.3240886645687408,,0.2712737726669615,,,
B5,composition,classical,64,13,0,149,55,0.6240999380128812,0.6240999380128812,0.6240999380128812,0.9627565440987663,0.34393461465919517,0.34393461465919517,nan,nan,10,,,,,,,,,,,,,,,,,,,,,,,,,,,,,,,,,,,,,0.626044529709599,,,0.34393461465919517,,nan,,,
B5,zz_bytype_r3,quantum,65,13,114,147,57,0.35806384290182963,0.35806384290182963,0.35651391897461426,0.980646181594558,0.2418181045756973,0.2426538858711321,0.8732638888888888,0.8739583333333333,7,0.8868036567077875,2.101638442353697,105.49,eAT,1,molecule,zz,0.1,bytype,3,bytype,eig,0,"[0.000,3.142]",none,1,1,Z,ridge,1,1,adam,adjoint,100,22,21,0,1.0,1,0.4539179283765043,0.05138184964699674,7.208359226598411,0.03490503072755116,0.16967709099111158,0.5348066009884352,0.9648461794412507,0.33469405602837926,0.980646181594558,7,0.2418181045756973,0.33469405602837926,0.8732638888888888,0.9804873785419854,7,0.32693400866784633
B5,xy_bytype_r3,quantum,65,13,114,147,57,0.4421430132599748,0.4421430132599748,0.4239146908143191,0.9687704887363627,0.30612359163415687,0.28996453972809855,0.7462053571428572,0.7273313492063492,7,0.8835681260778699,1.9943140194215803,110.25,eAT,1,molecule,xy,0.1,bytype,3,bytype,eig,0,"[0.000,3.142]",none,1,1,Z,ridge,1,1,adam,adjoint,100,22,21,0,1.0,1,0.5351249958994828,0.062305606055148934,6.840249765574441,0.07037104158194783,-0.15980711780129034,0.5718584819688787,0.9648461794412507,0.42237526088210986,0.9687704887363627,7,0.30612359163415687,0.42237526088210986,0.7462053571428572,0.9720804781403275,7,0.407633790825176
B5,none_r3,quantum,65,13,92,147,57,0.6416101316260645,0.6416101316260645,0.5993039721983571,0.9405218899621945,0.403270213854487,0.3476780491233436,0.13809523809523808,0.5136656746031746,7,0.3683886276690565,0.7607836362969302,78.74,eAT,1,molecule,none,0.0,fixed,3,fixed,eig,0,"[0.000,3.142]",none,1,1,Z,ridge,1,1,adam,adjoint,100,22,21,0,1.0,1,0.46714966283596326,0.2950570396277603,2.252554369619538,0.02591315286593485,0.0,0.0,0.9648461794412507,0.6121332401448734,0.9405218899621945,7,0.403270213854487,0.6121332401448734,0.13809523809523808,0.9537335314588693,7,0.566768701293895
B5,zz_fixed_r3,quantum,65,13,92,147,57,0.5546300234387627,0.5546300234387627,0.5591478393754986,0.9602524375280057,0.430451950004714,0.4367329313169554,0.7803571428571429,0.771329365079365,7,0.7420927237288837,1.1847105144620689,108.36,eAT,1,molecule,zz,0.1,fixed,3,fixed,eig,0,"[0.000,3.142]",none,1,1,Z,ridge,1,1,adam,adjoint,100,22,21,0,1.0,1,0.4539179283765043,0.1170687365582119,3.626202709654734,0.8952207157140661,0.1,0.06719368409052928,0.9648461794412507,0.5738708070063702,0.9602524375280057,7,0.430451950004714,0.5738708070063702,0.7803571428571429,0.9588194304183556,7,0.5785565718485101
B5,xy_shuffled_r3,quantum,65,13,114,147,57,0.474680534996833,0.474680534996833,0.49140797543978476,0.9612272037164974,0.3323633213513644,0.33139750127899176,0.5812003968253968,0.5651041666666666,7,0.7810871705904071,2.4344750729744837,112.46,eAT,1,molecule,xy,0.1,bytype_shuffled,3,bytype_shuffled,eig,0,"[0.000,3.142]",none,1,1,Z,ridge,1,1,adam,adjoint,100,22,21,0,1.0,1,0.5351249958994828,0.11714572694015257,8.349947593529082,0.02585174212563556,0.40296086476996,2.7656373584302973,0.9648461794412507,0.4433898736197753,0.9612272037164974,7,0.3323633213513644,0.4433898736197753,0.5812003968253968,0.958533534132436,7,0.46279782347715237
B5,krr_res,classical,65,13,147,147,57,0.5998681077361335,0.5998681077361335,0.5998681077361335,0.9561919243200941,0.4845349602676567,0.4845349602676567,0.2035218253968254,0.2035218253968254,7,,,,,,,,,,,,,,,,,,,,,,,,,,,,,,,,,,,,,0.581689906595516,,,0.4845349602676567,,0.2035218253968254,,,
B5,krr_cos_cl,classical,65,13,147,147,57,0.5680249662308948,0.5680249662308948,0.5680249662308948,0.958838311950281,0.4090411327436024,0.4090411327436024,0.00230654761904762,0.00230654761904762,7,,,,,,,,,,,,,,,,,,,,,,,,,,,,,,,,,,,,,0.5751222194898076,,,0.4090411327436024,,0.00230654761904762,,,
B5,ridge_raw_eig,classical,65,13,14,147,57,0.48532741399600016,0.48532741399600016,0.48532741399600016,0.9621860396594403,0.2654538079010851,0.2654538079010851,0.5932787698412697,0.5932787698412697,7,,,,,,,,,,,,,,,,,,,,,,,,,,,,,,,,,,,,,0.4465776597503721,,,0.2654538079010851,,0.5932787698412697,,,
B5,composition,classical,65,13,0,147,57,0.6028969308243374,0.6028969308243374,0.6028969308243374,0.9468848917128622,0.42332263040935664,0.42332263040935664,nan,nan,7,,,,,,,,,,,,,,,,,,,,,,,,,,,,,,,,,,,,,0.5574516100607014,,,0.42332263040935664,,nan,,,
B5,zz_bytype_r3,quantum,66,13,115,158,46,0.3585610076929277,0.3585610076929277,0.35603154726387054,0.9874873521062033,0.22910634759602458,0.22187578711399594,0.3370748299319728,0.3370748299319728,12,0.9339093108307338,2.145140768053589,112.16,eAT,1,molecule,zz,0.1,bytype,3,bytype,eig,0,"[0.000,3.142]",none,1,1,Z,ridge,1,1,adam,adjoint,100,23,22,0,1.0,1,0.6131936731452459,0.040526392452403026,6.910185991861022,0.01158114828321429,0.12196872689424869,0.7161044215743936,0.9630308446338278,0.31105344286868036,0.9874873521062033,12,0.22910634759602458,0.31105344286868036,0.3370748299319728,0.9876212433859867,12,0.30910346426088264
B5,xy_bytype_r3,quantum,66,13,115,158,46,0.32963473584603953,0.32963473584603953,0.33014905583732285,0.9856164980063177,0.23115852062199746,0.23095126066111132,0.2314625850340136,0.32670068027210886,12,0.9307353835753803,2.441150024858125,116.43,eAT,1,molecule,xy,0.1,bytype,3,bytype,eig,0,"[0.000,3.142]",none,1,1,Z,ridge,1,1,adam,adjoint,100,23,22,0,1.0,1,0.6104002344960274,0.042279138107865245,7.863726687322176,0.04073491921895792,0.271166426378013,0.8002071205244525,0.9630308446338278,0.30651233534447275,0.9856164980063177,12,0.23115852062199746,0.30651233534447275,0.2314625850340136,0.9855354269116938,12,0.30808463097497996
B5,none_r3,quantum,66,13,92,158,46,0.5278113402707495,0.5278113402707495,0.5138080003512308,0.975984469496621,0.3272961950741249,0.30635697615972124,0.07721088435374149,0.07721088435374149,12,0.50058450566763,1.0535575392318435,82.66,eAT,1,molecule,none,0.0,fixed,3,fixed,eig,0,"[0.000,3.142]",none,1,1,Z,ridge,1,1,adam,adjoint,100,23,22,0,1.0,1,0.7110833623997656,0.3551260489444027,2.888578082867187,0.03491413559051293,0.0,0.0,0.9630308446338278,0.5093919092744773,0.975984469496621,12,0.3272961950741249,0.5093919092744773,0.07721088435374149,0.9783010494445491,12,0.4937513298229911
B5,zz_fixed_r3,quantum,66,13,92,158,46,0.5239193216711385,0.5239193216711385,0.49180026874488886,0.9755460852143321,0.31855603546588573,0.29792294183573903,0.41989795918367356,0.41989795918367356,12,0.7340012771416353,1.5964107171969983,116.47,eAT,1,molecule,zz,0.1,fixed,3,fixed,eig,0,"[0.000,3.142]",none,1,1,Z,ridge,1,1,adam,adjoint,100,23,22,0,1.0,1,0.6131936731452459,0.1631087339214649,4.536580002185435,0.24478158830209218,0.1,0.06719368409052928,0.9630308446338278,0.4668452912380487,0.9755460852143321,12,0.31855603546588573,0.4668452912380487,0.41989795918367356,0.9774881567467484,12,0.42803001580488764
B5,xy_shuffled_r3,quantum,66,13,115,158,46,0.6059969435489003,0.6059969435489003,0.5990467774187344,0.9673960804330026,0.450170383867595,0.442965404110112,0.06785714285714288,0.12023809523809526,12,0.8122263992598182,1.9038156066366312,119.96,eAT,1,molecule,xy,0.1,bytype_shuffled,3,bytype_shuffled,eig,0,"[0.000,3.142]",none,1,1,Z,ridge,1,1,adam,adjoint,100,23,22,0,1.0,1,0.6104002344960274,0.11461704992397038,6.1328002954341265,0.10402606626117451,0.1644015297878187,0.29912224753290867,0.9630308446338278,0.5719697836909062,0.9673960804330026,12,0.450170383867595,0.5719697836909062,0.06785714285714288,0.9677100161789632,12,0.5628998667771731
B5,krr_res,classical,66,13,158,158,46,0.4639605312954536,0.4639605312954536,0.4639605312954536,0.9796583557089321,0.2853219325323065,0.2853219325323065,0.4207482993197279,0.4207482993197279,12,,,,,,,,,,,,,,,,,,,,,,,,,,,,,,,,,,,,,0.42659368712326173,,,0.2853219325323065,,0.4207482993197279,,,
B5,krr_cos_cl,classical,66,13,158,158,46,0.46576442945080326,0.46576442945080326,0.46576442945080326,0.9719607684571643,0.23442910663104163,0.23442910663104163,0.2578231292517007,0.2578231292517007,12,,,,,,,,,,,,,,,,,,,,,,,,,,,,,,,,,,,,,0.43708484990940394,,,0.23442910663104163,,0.2578231292517007,,,
B5,ridge_raw_eig,classical,66,13,14,158,46,0.5728951120737129,0.5728951120737129,0.5728951120737129,0.9756133369218348,0.3355312727837194,0.3355312727837194,0.1607142857142857,0.1607142857142857,12,,,,,,,,,,,,,,,,,,,,,,,,,,,,,,,,,,,,,0.53953088858926,,,0.3355312727837194,,0.1607142857142857,,,
B5,composition,classical,66,13,0,158,46,0.7167740101379857,0.7167740101379857,0.7167740101379857,0.955979930776098,0.4419947241496595,0.4419947241496595,nan,nan,12,,,,,,,,,,,,,,,,,,,,,,,,,,,,,,,,,,,,,0.6975248412206824,,,0.4419947241496595,,nan,,,
B5,zz_bytype_r3,quantum,67,13,115,154,50,0.31474104849997914,0.31474104849997914,0.3106159153009554,0.9903690152172754,0.20508244761330482,0.2017750731424499,0.6282091097308489,0.6499482401656315,12,0.9378942358475179,2.5048102652486306,112.04,eAT,1,molecule,zz,0.1,bytype,3,bytype,eig,0,"[0.000,3.142]",none,1,1,Z,ridge,1,1,adam,adjoint,100,23,22,0,1.0,1,0.5776321115557368,0.035874283687180854,7.495634970977215,0.09641932438083554,0.17719947406607298,0.4572755354443038,0.9722515513571971,0.32889837465436406,0.9903690152172754,12,0.20508244761330482,0.32889837465436406,0.6282091097308489,0.9907276041422924,12,0.32205540463200677
B5,xy_bytype_r3,quantum,67,13,115,154,50,0.4141165974678337,0.4141165974678337,0.43201688330614874,0.9808394964258629,0.33627236467959437,0.34493272663442986,0.5639751552795031,0.5639751552795031,12,0.9106965615364695,2.084942373731179,114.48,eAT,1,molecule,xy,0.1,bytype,3,bytype,eig,0,"[0.000,3.142]",none,1,1,Z,ridge,1,1,adam,adjoint,100,23,22,0,1.0,1,0.5664518288061741,0.050586096036346444,6.239181939579133,0.04911954402581877,0.36509182317110456,0.9161280624591828,0.9722515513571971,0.4208185638485716,0.9808394964258629,12,0.33627236467959437,0.4208185638485716,0.5639751552795031,0.979244496762551,12,0.441046819869558
B5,none_r3,quantum,67,13,92,154,50,0.600814019537938,0.600814019537938,0.640163799010167,0.9670645282838523,0.4004998480342134,0.4332297822395556,0.3957556935817805,0.4066252587991718,12,0.46151124474622196,1.3043007780223717,81.54,eAT,1,molecule,none,0.0,fixed,3,fixed,eig,0,"[0.000,3.142]",none,1,1,Z,ridge,1,1,adam,adjoint,100,23,22,0,1.0,1,0.6274010605624133,0.33784841614715416,3.2775943236718614,0.00322961288465599,0.0,0.0,0.9722515513571971,0.6043551853459362,0.9670645282838523,12,0.4004998480342134,0.6043551853459362,0.3957556935817805,0.9644850154743384,12,0.6476826622010081
B5,zz_fixed_r3,quantum,67,13,92,154,50,0.6453650324931209,0.6453650324931209,0.6409683578838132,0.9580825221105767,0.4534762390842345,0.46034530878747865,0.20776397515527947,0.23840579710144924,12,0.6268417593332662,1.7145252016347785,114.43,eAT,1,molecule,zz,0.1,fixed,3,fixed,eig,0,"[0.000,3.142]",none,1,1,Z,ridge,1,1,adam,adjoint,100,23,22,0,1.0,1,0.5776321115557368,0.21554818250074928,4.479905112817009,0.4783494524604542,0.1,0.06719368409052928,0.9722515513571971,0.6755996327341497,0.9580825221105767,12,0.4534762390842345,0.6755996327341497,0.20776397515527947,0.9587882405225236,12,0.6724572949116954
B5,xy_shuffled_r3,quantum,67,13,115,154,50,0.8041885302243125,0.8041885302243125,0.8104702454269325,0.9437509907531012,0.5305846645933509,0.5366574129499149,0.08762939958592127,0.06692546583850927,12,0.7888937313529714,2.6072587612854203,119.69,eAT,1,molecule,xy,0.1,bytype_shuffled,3,bytype_shuffled,eig,0,"[0.000,3.142]",none,1,1,Z,ridge,1,1,adam,adjoint,100,23,22,0,1.0,1,0.5664518288061741,0.1195815319475568,7.8022116966763,0.14103652644000603,0.27232502856623314,1.0165003700681086,0.9722515513571971,0.8397932291208768,0.9437509907531012,12,0.5305846645933509,0.8397932291208768,0.08762939958592127,0.9432190474731943,12,0.8459787023796482
B5,krr_res,classical,67,13,154,154,50,0.5814428160160664,0.5814428160160664,0.5814428160160664,0.9706205940826407,0.36732398991091825,0.36732398991091825,0.5316252587991719,0.5316252587991719,12,,,,,,,,,,,,,,,,,,,,,,,,,,,,,,,,,,,,,0.5861935787450803,,,0.36732398991091825,,0.5316252587991719,,,
B5,krr_cos_cl,classical,67,13,154,154,50,0.601682194860959,0.601682194860959,0.601682194860959,0.9634614174422091,0.38466387000914953,0.38466387000914953,0.2687888198757764,0.2687888198757764,12,,,,,,,,,,,,,,,,,,,,,,,,,,,,,,,,,,,,,0.6136604186016833,,,0.38466387000914953,,0.2687888198757764,,,
B5,ridge_raw_eig,classical,67,13,14,154,50,0.6632209806663237,0.6632209806663237,0.6632209806663237,0.9599200562036003,0.3778532074768793,0.3778532074768793,0.5179606625258799,0.5179606625258799,12,,,,,,,,,,,,,,,,,,,,,,,,,,,,,,,,,,,,,0.6873196361042346,,,0.3778532074768793,,0.5179606625258799,,,
B5,composition,classical,67,13,0,154,50,0.9552957301381896,0.9552957301381896,0.9552957301381896,0.9214742044689549,0.5023438465320903,0.5023438465320903,nan,nan,12,,,,,,,,,,,,,,,,,,,,,,,,,,,,,,,,,,,,,1.0030823357903667,,,0.5023438465320903,,nan,,,
B5,zz_bytype_r3,quantum,68,13,115,145,59,0.44708339675039477,0.44708339675039477,0.4408585260186932,0.9835283351592341,0.27620155099140276,0.26358351593111456,0.5766382310499957,0.5861450640862405,9,0.8488618017410501,2.669554164659012,103.32,eAT,1,molecule,zz,0.1,bytype,3,bytype,eig,0,"[0.000,3.142]",none,1,1,Z,ridge,1,1,adam,adjoint,100,23,22,0,1.0,1,0.4247853020996925,0.06420128520623124,7.827521438829178,0.1397478075234617,0.1029559530421109,0.7037999446882043,0.9628128584362023,0.4371790241952292,0.9835283351592341,9,0.27620155099140276,0.4371790241952292,0.5766382310499957,0.9839828475134097,9,0.4257277703328339
B5,xy_bytype_r3,quantum,68,13,115,145,59,0.43898654796069475,0.43898654796069475,0.42864885456311186,0.9809905688754526,0.33510792622138197,0.33252494670961696,0.5405568287921229,0.5405568287921229,9,0.8915673771869189,2.528270673683723,105.93,eAT,1,molecule,xy,0.1,bytype,3,bytype,eig,0,"[0.000,3.142]",none,1,1,Z,ridge,1,1,adam,adjoint,100,23,22,0,1.0,1,0.5746440889660644,0.062310165750623855,7.413257675537842,0.09031761673669388,0.23465461991464218,0.9721123009933227,0.9628128584362023,0.4430151319780991,0.9809905688754526,9,0.33510792622138197,0.4430151319780991,0.5405568287921229,0.9812824775767782,9,0.43123568016275265
B5,none_r3,quantum,68,13,92,145,59,0.5035410386049809,0.5035410386049809,0.4914229176092059,0.9749019082564445,0.2991520718727625,0.3117790929267888,0.018370681605975745,0.0761437908496732,9,0.38164428599192335,1.1767416392418113,75.68,eAT,1,molecule,none,0.0,fixed,3,fixed,eig,0,"[0.000,3.142]",none,1,1,Z,ridge,1,1,adam,adjoint,100,23,22,0,1.0,1,0.5502274596727569,0.3402362936927978,2.886032328988866,0.013514900182076867,0.0,0.0,0.9628128584362023,0.45915379280086993,0.9749019082564445,9,0.2991520718727625,0.45915379280086993,0.018370681605975745,0.9749805887297563,9,0.461885769380977
B5,zz_fixed_r3,quantum,68,13,92,145,59,0.45229836257850836,0.45229836257850836,0.4480061336504777,0.9764871812413815,0.2143104628291578,0.20530917727832151,0.6474811136575842,0.6632374161785927,9,0.5848990757501654,1.9427147725259621,102.79,eAT,1,molecule,zz,0.1,fixed,3,fixed,eig,0,"[0.000,3.142]",none,1,1,Z,ridge,1,1,adam,adjoint,100,23,22,0,1.0,1,0.4247853020996925,0.17632877150932755,4.958900731917763,0.4743752389328266,0.1,0.06719368409052928,0.9628128584362023,0.3970121296732934,0.9764871812413815,9,0.2143104628291578,0.3970121296732934,0.6474811136575842,0.9764679335308554,9,0.39137358871169353
B5,xy_shuffled_r3,quantum,68,13,115,145,59,0.680586664652463,0.680586664652463,0.6717690270413876,0.9427169556061868,0.5171647784086466,0.5067050785307058,0.2904019183430948,0.2904019183430948,9,0.7756091409066693,2.453996968794322,107.35,eAT,1,molecule,xy,0.1,bytype_shuffled,3,bytype_shuffled,eig,0,"[0.000,3.142]",none,1,1,Z,ridge,1,1,adam,adjoint,100,23,22,0,1.0,1,0.5746440889660644,0.1289448807959995,7.195476360193256,0.22662967316437174,-0.12091211436516605,1.1756012613833364,0.9628128584362023,0.6424268971675018,0.9427169556061868,9,0.5171647784086466,0.6424268971675018,0.2904019183430948,0.9469576047388226,9,0.6322171280894432
B5,krr_res,classical,68,13,145,145,59,0.5344452304095982,0.5344452304095982,0.5344452304095982,0.972117502921495,0.35833501557527503,0.35833501557527503,0.5251506663271369,0.5251506663271369,9,,,,,,,,,,,,,,,,,,,,,,,,,,,,,,,,,,,,,0.5391074283882725,,,0.35833501557527503,,0.5251506663271369,,,
B5,krr_cos_cl,classical,68,13,145,145,59,0.5452751751396148,0.5452751751396148,0.5452751751396148,0.9751174275619469,0.3448248770366713,0.3448248770366713,0.07848654613360492,0.07848654613360492,9,,,,,,,,,,,,,,,,,,,,,,,,,,,,,,,,,,,,,0.5563706255251584,,,0.3448248770366713,,0.07848654613360492,,,
B5,ridge_raw_eig,classical,68,13,14,145,59,0.5649442949345151,0.5649442949345151,0.5649442949345151,0.9753879111948384,0.32687386914305955,0.32687386914305955,0.16169255581020286,0.16169255581020286,9,,,,,,,,,,,,,,,,,,,,,,,,,,,,,,,,,,,,,0.5693991048053861,,,0.32687386914305955,,0.16169255581020286,,,
B5,composition,classical,68,13,0,145,59,0.6109830485679605,0.6109830485679605,0.6109830485679605,0.9587153034836906,0.3376782908496725,0.3376782908496725,nan,nan,9,,,,,,,,,,,,,,,,,,,,,,,,,,,,,,,,,,,,,0.5634590209836157,,,0.3376782908496725,,nan,,,
B5,zz_bytype_r3,quantum,69,13,115,145,59,0.5093398445981362,0.5093398445981362,0.4840540006266436,0.9628305485856037,0.2039942017960052,0.19545486306487023,0.4732215153267785,0.4792220936957779,12,0.8938880215125475,2.237830955740341,102.08,eAT,1,molecule,zz,0.1,bytype,3,bytype,eig,0,"[0.000,3.142]",none,1,1,Z,ridge,1,1,adam,adjoint,100,23,22,0,1.0,1,0.4958944155150308,0.052620337551178745,6.8258957437723105,0.025911491670083726,0.17021282789380834,0.804533342634714,0.9657376180420333,0.36772292783106136,0.9628305485856037,12,0.2039942017960052,0.36772292783106136,0.4732215153267785,0.9686155772678973,12,0.36030855778287285
B5,xy_bytype_r3,quantum,69,13,115,145,59,0.49957374770012214,0.49957374770012214,0.4919180811582771,0.9722171850301817,0.23646279083891358,0.2345157881038851,0.40266049739733945,0.39109311740890684,12,0.9410923781293059,2.391349982393544,106.12,eAT,1,molecule,xy,0.1,bytype,3,bytype,eig,0,"[0.000,3.142]",none,1,1,Z,ridge,1,1,adam,adjoint,100,23,22,0,1.0,1,0.6242611751170649,0.036773741252351194,7.294163853091359,0.02246614319106504,0.2822723432684816,0.7910443463202105,0.9657376180420333,0.4110261069090399,0.9722171850301817,12,0.23646279083891358,0.4110261069090399,0.40266049739733945,0.9725570173217176,12,0.4049514436363357
B5,none_r3,quantum,69,13,92,145,59,0.7700597352928431,0.7700597352928431,0.6358421757179561,0.8724617677624302,0.3143309529624011,0.30595990524281547,-0.061422787738577164,0.1172787738577212,12,0.28239959362042905,1.327332489630042,75.77,eAT,1,molecule,none,0.0,fixed,3,fixed,eig,0,"[0.000,3.142]",none,1,1,Z,ridge,1,1,adam,adjoint,100,23,22,0,1.0,1,0.4681867001239048,0.3359709662704244,3.412101080018729,0.013570180858919605,0.0,0.0,0.9657376180420333,0.488977380117059,0.8724617677624302,12,0.3143309529624011,0.488977380117059,-0.061422787738577164,0.9544773074384146,12,0.4943325628662843
B5,zz_fixed_r3,quantum,69,13,92,145,59,0.5299220476120213,0.5299220476120213,0.5011991024514356,0.9824410396203306,0.3055382808968298,0.2907569043818785,0.20021688837478308,0.14556101792943896,12,0.7385707745234881,1.9090671314727983,102.73,eAT,1,molecule,zz,0.1,fixed,3,fixed,eig,0,"[0.000,3.142]",none,1,1,Z,ridge,1,1,adam,adjoint,100,23,22,0,1.0,1,0.4958944155150308,0.12964129296622204,5.098441239739161,0.6423791615448262,0.1,0.06719368409052928,0.9657376180420333,0.5349305410902657,0.9824410396203306,12,0.3055382808968298,0.5349305410902657,0.20021688837478308,0.9842079694729364,12,0.5154225361564883
B5,xy_shuffled_r3,quantum,69,13,115,145,59,0.6709716441963289,0.6709716441963289,0.6923573598712767,0.9650247392585909,0.35089567161629126,0.3521905512323531,0.5981636784268363,0.5935367264314633,12,0.8147215609136969,1.8223935393237434,108.29,eAT,1,molecule,xy,0.1,bytype_shuffled,3,bytype_shuffled,eig,0,"[0.000,3.142]",none,1,1,Z,ridge,1,1,adam,adjoint,100,23,22,0,1.0,1,0.6242611751170649,0.11566213610787113,5.558716699149759,0.060430803466693606,0.13146481580103458,0.5959883607444757,0.9657376180420333,0.6175774919577619,0.9650247392585909,12,0.35089567161629126,0.6175774919577619,0.5981636784268363,0.960387473214953,12,0.6186210044288827
B5,krr_res,classical,69,13,145,145,59,0.4617373527081247,0.4617373527081247,0.4617373527081247,0.9846336704191369,0.3058899495666199,0.3058899495666199,0.7104684788895315,0.7104684788895315,12,,,,,,,,,,,,,,,,,,,,,,,,,,,,,,,,,,,,,0.4463809774124395,,,0.3058899495666199,,0.7104684788895315,,,
B5,krr_cos_cl,classical,69,13,145,145,59,0.6620979375796981,0.6620979375796981,0.6620979375796981,0.9686571821799553,0.28614227752765614,0.28614227752765614,0.17361191440138807,0.17361191440138807,12,,,,,,,,,,,,,,,,,,,,,,,,,,,,,,,,,,,,,0.605666895170901,,,0.28614227752765614,,0.17361191440138807,,,
B5,ridge_raw_eig,classical,69,13,14,145,59,0.7970612421199238,0.7970612421199238,0.7970612421199238,0.8860530011114937,0.295730176547953,0.295730176547953,0.3897484094852516,0.3897484094852516,12,,,,,,,,,,,,,,,,,,,,,,,,,,,,,,,,,,,,,0.6246123069056944,,,0.295730176547953,,0.3897484094852516,,,
B5,composition,classical,69,13,0,145,59,0.7436824646554084,0.7436824646554084,0.7436824646554084,0.9534210035419923,0.3769136519230768,0.3769136519230768,nan,nan,12,,,,,,,,,,,,,,,,,,,,,,,,,,,,,,,,,,,,,0.6731086753788955,,,0.3769136519230768,,nan,,,
B5,zz_bytype_r3,quantum,70,13,115,156,48,0.4863206276575693,0.4863206276575693,0.4986707480016883,0.9719436117637257,0.2847032957300798,0.2949482790382988,0.27351916376306623,0.28815331010452966,9,0.8854481051564104,3.319252854055441,109.02,eAT,1,molecule,zz,0.1,bytype,3,bytype,eig,0,"[0.000,3.142]",none,1,1,Z,ridge,1,1,adam,adjoint,100,23,22,0,1.0,1,0.5116424637612221,0.05860961370629065,9.69306414887839,0.02415695511456055,0.00961521578919606,0.6862979717630111,0.9608197451218233,0.43535333349603544,0.9719436117637257,9,0.2847032957300798,0.43535333349603544,0.27351916376306623,0.9711144921411968,9,0.44256128879953016
B5,xy_bytype_r3,quantum,70,13,115,156,48,0.4630536990466343,0.4630536990466343,0.39746434279648285,0.8908946860638652,0.1885074150836914,0.19991361131789961,0.41533101045296167,0.4226480836236934,9,0.9444004506950235,2.4458439803043546,114.04,eAT,1,molecule,xy,0.1,bytype,3,bytype,eig,0,"[0.000,3.142]",none,1,1,Z,ridge,1,1,adam,adjoint,100,23,22,0,1.0,1,0.5914790357142129,0.03288596780905224,7.142487674680229,0.015687273660776022,-0.07924423186482167,1.0263017214925496,0.9608197451218233,0.26194013866453136,0.8908946860638652,9,0.1885074150836914,0.26194013866453136,0.41533101045296167,0.9607161989069192,9,0.28519013908261326
B5,none_r3,quantum,70,13,92,156,48,0.530875840694744,0.530875840694744,0.4530840543003419,0.9658758110534762,0.24282293239308858,0.23907682166499283,0.33728222996515683,0.19860627177700346,9,0.2570352863938917,1.6095231108086807,80.65,eAT,1,molecule,none,0.0,fixed,3,fixed,eig,0,"[0.000,3.142]",none,1,1,Z,ridge,1,1,adam,adjoint,100,23,22,0,1.0,1,0.4820875348641269,0.3581740272734008,3.928317456475247,0.010828873248573092,0.0,0.0,0.9608197451218233,0.42493278561184206,0.9658758110534762,9,0.24282293239308858,0.42493278561184206,0.33728222996515683,0.9809978923382058,9,0.37765560207829785
B5,zz_fixed_r3,quantum,70,13,92,156,48,0.47725716019266384,0.47725716019266384,0.48384938085329754,0.9723359254315281,0.19967268010700487,0.20169481038003018,0.5958188153310106,0.47630662020905923,9,0.48324604496017104,2.4534329962504273,109.3,eAT,1,molecule,zz,0.1,fixed,3,fixed,eig,0,"[0.000,3.142]",none,1,1,Z,ridge,1,1,adam,adjoint,100,23,22,0,1.0,1,0.5116424637612221,0.2643932667149339,6.233367704332425,0.2503738165101347,0.1,0.06719368409052928,0.9608197451218233,0.3989499716510227,0.9723359254315281,9,0.19967268010700487,0.3989499716510227,0.5958188153310106,0.9723555214487276,9,0.4143286478135819
B5,xy_shuffled_r3,quantum,70,13,115,156,48,0.5476293931675498,0.5476293931675498,0.5398292011452416,0.9646252804050282,0.3610025812983564,0.35792472632075295,0.25923344947735194,0.29825783972125436,9,0.7947356152509547,1.9702017058086447,114.42,eAT,1,molecule,xy,0.1,bytype_shuffled,3,bytype_shuffled,eig,0,"[0.000,3.142]",none,1,1,Z,ridge,1,1,adam,adjoint,100,23,22,0,1.0,1,0.5914790357142129,0.12140958035783651,5.753491029555003,1.0595648633194998,0.3908096634481683,0.4954485101593064,0.9608197451218233,0.4908702298057802,0.9646252804050282,9,0.3610025812983564,0.4908702298057802,0.25923344947735194,0.9661829598693573,9,0.4854482559749371
B5,krr_res,classical,70,13,156,156,48,0.45225012497894373,0.45225012497894373,0.45225012497894373,0.9828328086368344,0.33447060505665216,0.33447060505665216,0.006620209059233442,0.006620209059233442,9,,,,,,,,,,,,,,,,,,,,,,,,,,,,,,,,,,,,,0.4804249017512538,,,0.33447060505665216,,0.006620209059233442,,,
B5,krr_cos_cl,classical,70,13,156,156,48,0.4642380205011712,0.4642380205011712,0.4642380205011712,0.9800843734436113,0.21960883269164794,0.21960883269164794,0.4289198606271777,0.4289198606271777,9,,,,,,,,,,,,,,,,,,,,,,,,,,,,,,,,,,,,,0.4059234942628235,,,0.21960883269164794,,0.4289198606271777,,,
B5,ridge_raw_eig,classical,70,13,14,156,48,0.5551828530323468,0.5551828530323468,0.5551828530323468,0.969776032993369,0.32654639148699366,0.32654639148699366,0.4574912891986063,0.4574912891986063,9,,,,,,,,,,,,,,,,,,,,,,,,,,,,,,,,,,,,,0.4681675466611992,,,0.32654639148699366,,0.4574912891986063,,,
B5,composition,classical,70,13,0,156,48,0.5889337107186462,0.5889337107186462,0.5889337107186462,0.9645713333678634,0.28282106577974847,0.28282106577974847,nan,nan,9,,,,,,,,,,,,,,,,,,,,,,,,,,,,,,,,,,,,,0.5661045016887476,,,0.28282106577974847,,nan,,,
B5,zz_bytype_r3,quantum,71,13,114,149,55,0.4253251147996964,0.4253251147996964,0.4314936465179204,0.9811534348354486,0.31812475159792947,0.32132696730696747,0.33448858833474215,0.33448858833474215,9,0.8670019854993425,2.7682027934157665,104.78,eAT,1,molecule,zz,0.1,bytype,3,bytype,eig,0,"[0.000,3.142]",none,1,1,Z,ridge,1,1,adam,adjoint,100,22,21,0,1.0,1,0.5160131675656494,0.06862872674242647,6.874856276142844,0.019146942023337377,0.2041244341147219,0.7167179713331518,0.9695653030382977,0.4384864239704236,0.9811534348354486,9,0.31812475159792947,0.4384864239704236,0.33448858833474215,0.9804077905507674,9,0.4437735239603616
B5,xy_bytype_r3,quantum,71,13,114,149,55,0.5200886623525137,0.5200886623525137,0.5030598859365103,0.9761562548052977,0.3655909079899313,0.35379244370008733,0.4207417582417582,0.3851648351648351,9,0.884515380077913,2.950572382732917,109.75,eAT,1,molecule,xy,0.1,bytype,3,bytype,eig,0,"[0.000,3.142]",none,1,1,Z,ridge,1,1,adam,adjoint,100,22,21,0,1.0,1,0.5550731264754819,0.06410240903998551,7.327772774412665,0.02225023287012842,0.05612180757859218,0.6152385041780056,0.9695653030382977,0.5260215424986766,0.9761562548052977,9,0.3655909079899313,0.5260215424986766,0.4207417582417582,0.9770661367782071,9,0.5122188495109671
B5,none_r3,quantum,71,13,92,149,55,0.48761009844945125,0.48761009844945125,0.47928302929775113,0.975988673804212,0.36738222251505054,0.35821468077667223,0.24824214247291174,0.2069296088526858,9,0.27141120562207316,0.984899221920669,77.12,eAT,1,molecule,none,0.0,fixed,3,fixed,eig,0,"[0.000,3.142]",none,1,1,Z,ridge,1,1,adam,adjoint,100,22,21,0,1.0,1,0.5525807063528939,0.4026041106381582,1.9840473006108619,0.004637010301940106,0.0,0.0,0.9695653030382977,0.4862452698651613,0.975988673804212,9,0.36738222251505054,0.4862452698651613,0.24824214247291174,0.9765202072509603,9,0.4803166669805318
B5,zz_fixed_r3,quantum,71,13,92,149,55,0.4342946409425781,0.4342946409425781,0.36057022573049824,0.9792947847847224,0.36072744103184323,0.28929159631942636,0.2350543687082149,0.17978271728271727,9,0.4831062199753775,2.373382239863664,104.15,eAT,1,molecule,zz,0.1,fixed,3,fixed,eig,0,"[0.000,3.142]",none,1,1,Z,ridge,1,1,adam,adjoint,100,22,21,0,1.0,1,0.5160131675656494,0.26672399672548747,5.018439195044452,0.08050081597044886,0.1,0.06719368409052928,0.9695653030382977,0.44361716872624074,0.9792947847847224,9,0.36072744103184323,0.44361716872624074,0.2350543687082149,0.9820166476332204,9,0.3565839093229014
B5,xy_shuffled_r3,quantum,71,13,114,149,55,0.841079112799144,0.841079112799144,0.8355317759446625,0.9334972518685087,0.6739543796501487,0.6747539252493412,0.1536646046261431,0.16685141781295626,9,0.7995123188978028,4.203939313162555,111.68,eAT,1,molecule,xy,0.1,bytype_shuffled,3,bytype_shuffled,eig,0,"[0.000,3.142]",none,1,1,Z,ridge,1,1,adam,adjoint,100,22,21,0,1.0,1,0.5550731264754819,0.11128532396921599,10.440520701865504,0.3564452386115193,0.8063686724373338,1.6543597257278397,0.9695653030382977,0.8759782440891084,0.9334972518685087,9,0.6739543796501487,0.8759782440891084,0.1536646046261431,0.9339375732109413,9,0.8709223921028161
B5,krr_res,classical,71,13,149,149,55,0.5950238490731328,0.5950238490731328,0.5950238490731328,0.9692651199790956,0.42223445363043044,0.42223445363043044,0.03218896488127255,0.03218896488127255,9,,,,,,,,,,,,,,,,,,,,,,,,,,,,,,,,,,,,,0.6105560442629249,,,0.42223445363043044,,0.03218896488127255,,,
B5,krr_cos_cl,classical,71,13,149,149,55,0.47304967394032177,0.47304967394032177,0.47304967394032177,0.97646865487536,0.3359739455712451,0.3359739455712451,0.38415718896488127,0.38415718896488127,9,,,,,,,,,,,,,,,,,,,,,,,,,,,,,,,,,,,,,0.47415349838752974,,,0.3359739455712451,,0.38415718896488127,,,
B5,ridge_raw_eig,classical,71,13,14,149,55,0.5827288713924017,0.5827288713924017,0.5827288713924017,0.9679919773682427,0.36489654167533997,0.36489654167533997,0.2619409436717129,0.2619409436717129,9,,,,,,,,,,,,,,,,,,,,,,,,,,,,,,,,,,,,,0.5922753013448591,,,0.36489654167533997,,0.2619409436717129,,,
B5,composition,classical,71,13,0,149,55,0.798200203138516,0.798200203138516,0.798200203138516,0.9379012564825463,0.44172041217948654,0.44172041217948654,nan,nan,9,,,,,,,,,,,,,,,,,,,,,,,,,,,,,,,,,,,,,0.790346113183455,,,0.44172041217948654,,nan,,,
B5,zz_bytype_r3,quantum,72,13,115,152,52,0.5334238379881525,0.5334238379881525,0.5388997848104352,0.9682972368252186,0.2816250851529083,0.2867442981153814,0.7061755952380951,0.6895089285714283,9,0.9226315456843527,2.3883652558067032,106.02,eAT,1,molecule,zz,0.1,bytype,3,bytype,eig,0,"[0.000,3.142]",none,1,1,Z,ridge,1,1,adam,adjoint,100,23,22,0,1.0,1,0.49631317657572704,0.03839898332815297,6.779755483504152,0.015470963026068495,0.13832956502678964,0.6646541500060891,0.959575618771953,0.41987508061429724,0.9682972368252186,9,0.2816250851529083,0.41987508061429724,0.7061755952380951,0.967401691066765,9,0.42362336786318994
B5,xy_bytype_r3,quantum,72,13,115,152,52,0.5411341464398576,0.5411341464398576,0.5350817759206076,0.9688906391431721,0.2991786367300053,0.2941215054439616,0.8416666666666667,0.8416666666666667,9,0.929302539015297,2.534496974772266,110.54,eAT,1,molecule,xy,0.1,bytype,3,bytype,eig,0,"[0.000,3.142]",none,1,1,Z,ridge,1,1,adam,adjoint,100,23,22,0,1.0,1,0.5484047692646882,0.038770824778915344,7.194573661151787,0.00986434076160703,0.07496559108494098,0.8622509978591283,0.959575618771953,0.44803006428726705,0.9688906391431721,9,0.2991786367300053,0.44803006428726705,0.8416666666666667,0.971194569460382,9,0.45102132499684666
B5,none_r3,quantum,72,13,92,152,52,0.7774628554137994,0.7774628554137994,0.5220073763165965,0.7993268589960109,0.33103191784013,0.30347969417735454,0.508705357142857,0.5287946428571428,9,0.2723495961361499,1.0141577169851064,79.42,eAT,1,molecule,none,0.0,fixed,3,fixed,eig,0,"[0.000,3.142]",none,1,1,Z,ridge,1,1,adam,adjoint,100,23,22,0,1.0,1,0.5173451306713236,0.3764463932699849,2.392475381306602,0.0011101780808117077,0.0,0.0,0.959575618771953,0.46864166022683706,0.7993268589960109,9,0.33103191784013,0.46864166022683706,0.508705357142857,0.9837613070280881,9,0.4842048950624811
B5,zz_fixed_r3,quantum,72,13,92,152,52,0.9075189605894185,0.9075189605894185,0.6106593317443522,0.8105664945467799,0.3377657717776071,0.3002938451483053,0.6621279761904761,0.7409970238095238,9,0.5955888991350112,2.1042881039653203,106.61,eAT,1,molecule,zz,0.1,fixed,3,fixed,eig,0,"[0.000,3.142]",none,1,1,Z,ridge,1,1,adam,adjoint,100,23,22,0,1.0,1,0.49631317657572704,0.20071455811278932,5.1746048942504705,0.489924814987412,0.1,0.06719368409052928,0.959575618771953,0.6175148858101949,0.8105664945467799,9,0.3377657717776071,0.6175148858101949,0.6621279761904761,0.9752258934799777,9,0.5735428687325483
B5,xy_shuffled_r3,quantum,72,13,115,152,52,0.6912101201768098,0.6912101201768098,0.6201968618194992,0.9519588743393559,0.5746885946183519,0.5347190139928307,0.4548363095238095,0.4496279761904762,9,0.7391620014871602,2.0945965732842744,111.97,eAT,1,molecule,xy,0.1,bytype_shuffled,3,bytype_shuffled,eig,0,"[0.000,3.142]",none,1,1,Z,ridge,1,1,adam,adjoint,100,23,22,0,1.0,1,0.5484047692646882,0.143044802389897,5.945846251500813,0.24357054633130593,0.07474906335809323,0.6422275177352311,0.959575618771953,0.6036143711493946,0.9519588743393559,9,0.5746885946183519,0.6036143711493946,0.4548363095238095,0.9660273777797993,9,0.5535935600148701
B5,krr_res,classical,72,13,152,152,52,0.6158820699406452,0.6158820699406452,0.6158820699406452,0.9746994195457681,0.4451900942677205,0.4451900942677205,0.28802083333333334,0.28802083333333334,9,,,,,,,,,,,,,,,,,,,,,,,,,,,,,,,,,,,,,0.6224509153550609,,,0.4451900942677205,,0.28802083333333334,,,
B5,krr_cos_cl,classical,72,13,152,152,52,0.5689570974978763,0.5689570974978763,0.5689570974978763,0.9757424013534761,0.3561782937248652,0.3561782937248652,0.5278273809523809,0.5278273809523809,9,,,,,,,,,,,,,,,,,,,,,,,,,,,,,,,,,,,,,0.4966714446209444,,,0.3561782937248652,,0.5278273809523809,,,
B5,ridge_raw_eig,classical,72,13,14,152,52,0.6382715426743477,0.6382715426743477,0.6382715426743477,0.913184573248047,0.3574972919387574,0.3574972919387574,0.6253720238095237,0.6253720238095237,9,,,,,,,,,,,,,,,,,,,,,,,,,,,,,,,,,,,,,0.4257424737845545,,,0.3574972919387574,,0.6253720238095237,,,
B5,composition,classical,72,13,0,152,52,0.7571420035749417,0.7571420035749417,0.7571420035749417,0.9621842567051926,0.45609892509920985,0.45609892509920985,nan,nan,9,,,,,,,,,,,,,,,,,,,,,,,,,,,,,,,,,,,,,0.6847666728783371,,,0.45609892509920985,,nan,,,
B5,zz_bytype_r3,quantum,73,13,115,161,43,0.29063708155546797,0.29063708155546797,0.28988221416067617,0.9900268932916038,0.19842105389091327,0.20642734902187243,0.7548872180451127,0.8338345864661654,10,0.9002185661316627,2.6609992556587656,112.96,eAT,1,molecule,zz,0.1,bytype,3,bytype,eig,0,"[0.000,3.142]",none,1,1,Z,ridge,1,1,adam,adjoint,100,23,22,0,1.0,1,0.46730584129866437,0.04662844689983035,8.180324545800172,0.017577388198294554,0.1731273383874599,0.8193534707144364,0.9656792587178149,0.2623493304909682,0.9900268932916038,10,0.19842105389091327,0.2623493304909682,0.7548872180451127,0.9901395073870949,10,0.2635556995047485
B5,xy_bytype_r3,quantum,73,13,115,161,43,0.4650097036106025,0.4650097036106025,0.44300464450836446,0.9022432595230538,0.22581100482285632,0.2379572989119156,0.6781954887218046,0.5768796992481203,10,0.8871478147882915,2.3222594914966046,117.7,eAT,1,molecule,xy,0.1,bytype,3,bytype,eig,0,"[0.000,3.142]",none,1,1,Z,ridge,1,1,adam,adjoint,100,23,22,0,1.0,1,0.5872544944963707,0.06627295297931263,7.138985957853709,0.5974091556575055,-0.006402875979136188,0.9275839689757732,0.9656792587178149,0.2811197017326664,0.9022432595230538,10,0.22581100482285632,0.2811197017326664,0.6781954887218046,0.9389228004508868,10,0.30509024841366844
B5,none_r3,quantum,73,13,92,161,43,0.490165581593736,0.490165581593736,0.5766366876062582,0.976515176482866,0.35509640538399867,0.38884340269590617,0.30488721804511276,0.2541353383458647,10,0.3961930305733475,1.0111589422529792,83.16,eAT,1,molecule,none,0.0,fixed,3,fixed,eig,0,"[0.000,3.142]",none,1,1,Z,ridge,1,1,adam,adjoint,100,23,22,0,1.0,1,0.5858145225911889,0.35371889153190705,2.6235246691128995,0.00639900774847756,0.0,0.0,0.9656792587178149,0.481145587438575,0.976515176482866,10,0.35509640538399867,0.481145587438575,0.30488721804511276,0.9711018450756855,10,0.5723273120164495
B5,zz_fixed_r3,quantum,73,13,92,161,43,0.6139640372776595,0.6139640372776595,0.6254911154704211,0.9433361773371,0.3930433451508867,0.3902998984690233,0.1825187969924812,0.28120300751879695,10,0.6563163477413371,1.8438620603205542,113.39,eAT,1,molecule,zz,0.1,fixed,3,fixed,eig,0,"[0.000,3.142]",none,1,1,Z,ridge,1,1,adam,adjoint,100,23,22,0,1.0,1,0.46730584129866437,0.16060537825933208,4.968419061355458,0.5695410927637312,0.1,0.06719368409052928,0.9656792587178149,0.4997215384316585,0.9433361773371,10,0.3930433451508867,0.4997215384316585,0.1825187969924812,0.9417962835949585,10,0.5078929104989633
B5,xy_shuffled_r3,quantum,73,13,115,161,43,0.8197248039322724,0.8197248039322724,0.7998265610183416,0.9366741638637313,0.6246747650796924,0.5995697395332759,0.3575187969924812,0.40488721804511274,10,0.7690684493828156,1.7969826164093095,118.87,eAT,1,molecule,xy,0.1,bytype_shuffled,3,bytype_shuffled,eig,0,"[0.000,3.142]",none,1,1,Z,ridge,1,1,adam,adjoint,100,23,22,0,1.0,1,0.5872544944963707,0.1356155910209577,5.524203351101702,0.09054282431426919,0.05855398992595112,0.6413241312595114,0.9656792587178149,0.7752233054187057,0.9366741638637313,10,0.6246747650796924,0.7752233054187057,0.3575187969924812,0.941193031244413,10,0.7562986065534232
B5,krr_res,classical,73,13,161,161,43,0.581617571026524,0.581617571026524,0.581617571026524,0.9638463845895195,0.416065576078317,0.416065576078317,0.29906015037593986,0.29906015037593986,10,,,,,,,,,,,,,,,,,,,,,,,,,,,,,,,,,,,,,0.6165360968905521,,,0.416065576078317,,0.29906015037593986,,,
B5,krr_cos_cl,classical,73,13,161,161,43,0.46996932934925123,0.46996932934925123,0.46996932934925123,0.9770085327557564,0.34836915259391826,0.34836915259391826,0.48609022556390985,0.48609022556390985,10,,,,,,,,,,,,,,,,,,,,,,,,,,,,,,,,,,,,,0.4714820812470036,,,0.34836915259391826,,0.48609022556390985,,,
B5,ridge_raw_eig,classical,73,13,14,161,43,0.6263562313725458,0.6263562313725458,0.6263562313725458,0.9621797871301151,0.36497400554545356,0.36497400554545356,0.40563909774436097,0.40563909774436097,10,,,,,,,,,,,,,,,,,,,,,,,,,,,,,,,,,,,,,0.6146648292832979,,,0.36497400554545356,,0.40563909774436097,,,
B5,composition,classical,73,13,0,161,43,0.7538414466524342,0.7538414466524342,0.7538414466524342,0.9427749546680898,0.426818609022558,0.426818609022558,nan,nan,10,,,,,,,,,,,,,,,,,,,,,,,,,,,,,,,,,,,,,0.7889863746566781,,,0.426818609022558,,nan,,,
B5,zz_bytype_r3,quantum,74,13,115,154,50,0.39117241853526935,0.39117241853526935,0.3885611288796973,0.9827762211527094,0.2599732214962634,0.2542740818495111,0.4911706349206349,0.5245039682539683,10,0.9173461658715318,2.3067473464008224,106.83,eAT,1,molecule,zz,0.1,bytype,3,bytype,eig,0,"[0.000,3.142]",none,1,1,Z,ridge,1,1,adam,adjoint,100,23,22,0,1.0,1,0.528039942328347,0.0436445258064131,7.352731953891311,0.015633359415907117,0.1124356639401273,0.7827253808328888,0.9620808054682684,0.3917860648903142,0.9827762211527094,10,0.2599732214962634,0.3917860648903142,0.4911706349206349,0.982771926920849,10,0.38930357123870846
B5,xy_bytype_r3,quantum,74,13,115,154,50,0.43269270707917684,0.43269270707917684,0.42394718457696795,0.9749313256412507,0.3440217968067317,0.33943601897098724,0.2617063492063492,0.14742063492063492,10,0.9254219349708641,2.506274958713856,112.67,eAT,1,molecule,xy,0.1,bytype,3,bytype,eig,0,"[0.000,3.142]",none,1,1,Z,ridge,1,1,adam,adjoint,100,23,22,0,1.0,1,0.5685431221955567,0.04240084593896823,7.988724037301196,0.015448619881896978,0.2253109472754365,1.1296578213555362,0.9620808054682684,0.4389597535675729,0.9749313256412507,10,0.3440217968067317,0.4389597535675729,0.2617063492063492,0.9760148098421504,10,0.4316738097499357
B5,none_r3,quantum,74,13,92,154,50,0.4936197153924,0.4936197153924,0.5015059427594576,0.9727820379328812,0.33855768053684504,0.3466105022410996,0.36522817460317464,0.361061507936508,10,0.38008612805633996,1.0453500833741323,80.48,eAT,1,molecule,none,0.0,fixed,3,fixed,eig,0,"[0.000,3.142]",none,1,1,Z,ridge,1,1,adam,adjoint,100,23,22,0,1.0,1,0.48888219142734995,0.3030648522120301,2.830709676798504,0.005748233243089938,0.0,0.0,0.9620808054682684,0.5048684307764968,0.9727820379328812,10,0.33855768053684504,0.5048684307764968,0.36522817460317464,0.970525391648025,10,0.5187296829681111
B5,zz_fixed_r3,quantum,74,13,92,154,50,0.5540170037637913,0.5540170037637913,0.5300344758060014,0.9663605564466184,0.3896783195950328,0.379354373326598,0.14508928571428573,0.14508928571428573,10,0.5862790614920835,1.8342712398903962,108.33,eAT,1,molecule,zz,0.1,fixed,3,fixed,eig,0,"[0.000,3.142]",none,1,1,Z,ridge,1,1,adam,adjoint,100,23,22,0,1.0,1,0.528039942328347,0.21846118050974977,5.150461069087609,0.2869601095170527,0.1,0.06719368409052928,0.9620808054682684,0.5607783927938083,0.9663605564466184,10,0.3896783195950328,0.5607783927938083,0.14508928571428573,0.9679427899546386,10,0.5436431277635383
B5,xy_shuffled_r3,quantum,74,13,115,154,50,0.6874378945714938,0.6874378945714938,0.679553383514485,0.9496267120053217,0.44148803602077696,0.43435025104060293,0.14632936507936511,0.18799603174603177,10,0.8028960340138449,1.9111198354952492,113.35,eAT,1,molecule,xy,0.1,bytype_shuffled,3,bytype_shuffled,eig,0,"[0.000,3.142]",none,1,1,Z,ridge,1,1,adam,adjoint,100,23,22,0,1.0,1,0.5685431221955567,0.1120621042188954,6.091673587090689,0.011265412061593753,0.09449401239213333,0.43520025813636415,0.9620808054682684,0.6612217924822197,0.9496267120053217,10,0.44148803602077696,0.6612217924822197,0.14632936507936511,0.950645265484377,10,0.654028117225122
B5,krr_res,classical,74,13,154,154,50,0.4569815585447732,0.4569815585447732,0.4569815585447732,0.976000940192228,0.2781334103802271,0.2781334103802271,0.4762896825396825,0.4762896825396825,10,,,,,,,,,,,,,,,,,,,,,,,,,,,,,,,,,,,,,0.47036305746784457,,,0.2781334103802271,,0.4762896825396825,,,
B5,krr_cos_cl,classical,74,13,154,154,50,0.5224013705106957,0.5224013705106957,0.5224013705106957,0.9707485621899249,0.3489007285894569,0.3489007285894569,0.2248015873015873,0.2248015873015873,10,,,,,,,,,,,,,,,,,,,,,,,,,,,,,,,,,,,,,0.5380736286145017,,,0.3489007285894569,,0.2248015873015873,,,
B5,ridge_raw_eig,classical,74,13,14,154,50,0.5697523995262466,0.5697523995262466,0.5697523995262466,0.9669804262729288,0.3349894537110605,0.3349894537110605,0.3028769841269841,0.3028769841269841,10,,,,,,,,,,,,,,,,,,,,,,,,,,,,,,,,,,,,,0.5668498240126959,,,0.3349894537110605,,0.3028769841269841,,,
B5,composition,classical,74,13,0,154,50,0.6156203161098673,0.6156203161098673,0.6156203161098673,0.9603754099947388,0.37112688541666544,0.37112688541666544,nan,nan,10,,,,,,,,,,,,,,,,,,,,,,,,,,,,,,,,,,,,,0.629218471122535,,,0.37112688541666544,,nan,,,
B5,zz_bytype_r3,quantum,75,13,115,156,48,0.43961748259332206,0.43961748259332206,0.38806779438453304,0.9695997430245726,0.24110773229466612,0.24108201000336377,0.559228650137741,0.5501377410468319,9,0.9311889189386288,2.0690124992225596,108.07,eAT,1,molecule,zz,0.1,bytype,3,bytype,eig,0,"[0.000,3.142]",none,1,1,Z,ridge,1,1,adam,adjoint,100,23,22,0,1.0,1,0.5241460892826332,0.036067059037627955,5.929986205671651,0.06651184013450183,0.3002451151095068,0.48358928352464886,0.960864586567556,0.3624633074828468,0.9695997430245726,9,0.24110773229466612,0.3624633074828468,0.559228650137741,0.9855888139863191,9,0.35888927319907943
B5,xy_bytype_r3,quantum,75,13,115,156,48,0.369107056867301,0.369107056867301,0.3712116302639627,0.9878145683178219,0.20084566789585717,0.20390302469072855,0.47203856749311296,0.45612947658402203,9,0.9108986696585296,2.7483213593582234,115.37,eAT,1,molecule,xy,0.1,bytype,3,bytype,eig,0,"[0.000,3.142]",none,1,1,Z,ridge,1,1,adam,adjoint,100,23,22,0,1.0,1,0.5163744478502499,0.04600965025779946,7.876949876267487,0.013090954965213846,0.08072424091727451,0.7584931986916127,0.960864586567556,0.3927174659605646,0.9878145683178219,9,0.20084566789585717,0.3927174659605646,0.47203856749311296,0.9879449208964981,9,0.39258213851093127
B5,none_r3,quantum,75,13,92,156,48,0.5807241232045373,0.5807241232045373,0.5051101856288326,0.9561904245440405,0.3300222035538079,0.32763112529644756,0.22479338842975205,0.20309917355371898,9,0.3910931152224143,1.5423184010245508,80.34,eAT,1,molecule,none,0.0,fixed,3,fixed,eig,0,"[0.000,3.142]",none,1,1,Z,ridge,1,1,adam,adjoint,100,23,22,0,1.0,1,0.5687300776769976,0.3463036598776149,3.6807610077475728,0.0021279963608453085,0.0,0.0,0.960864586567556,0.49078898281390404,0.9561904245440405,9,0.3300222035538079,0.49078898281390404,0.22479338842975205,0.9770923685402252,9,0.46197546522795946
B5,zz_fixed_r3,quantum,75,13,92,156,48,0.8165733963125757,0.8165733963125757,0.4438636614208245,0.5309135489600205,0.2424462500532611,0.2347695686729778,0.4021349862258953,0.3566804407713498,9,0.6819570226024949,1.6981357564124913,109.51,eAT,1,molecule,zz,0.1,fixed,3,fixed,eig,0,"[0.000,3.142]",none,1,1,Z,ridge,1,1,adam,adjoint,100,23,22,0,1.0,1,0.5241460892826332,0.1667009828267072,4.222434535044258,0.23429261759579612,0.1,0.06719368409052928,0.960864586567556,0.39796406027754455,0.5309135489600205,9,0.2424462500532611,0.39796406027754455,0.4021349862258953,0.9754763472493063,9,0.3865855044777391
B5,xy_shuffled_r3,quantum,75,13,115,156,48,0.7838816448592824,0.7838816448592824,0.7159692593996865,0.915399596625563,0.6438932342526418,0.589718945126528,0.09779614325068876,0.0872589531680441,9,0.6695123368869632,3.297898436494689,114.44,eAT,1,molecule,xy,0.1,bytype_shuffled,3,bytype_shuffled,eig,0,"[0.000,3.142]",none,1,1,Z,ridge,1,1,adam,adjoint,100,23,22,0,1.0,1,0.5163744478502499,0.17065538456131377,9.452089943133764,0.23236622058514733,0.07888280193560536,1.6022264533367936,0.960864586567556,0.7669655570184968,0.915399596625563,9,0.6438932342526418,0.7669655570184968,0.09779614325068876,0.9403177144035734,9,0.7058239826230845
B5,krr_res,classical,75,13,156,156,48,0.6365187157909338,0.6365187157909338,0.6365187157909338,0.963491185988577,0.43106011657335297,0.43106011657335297,0.1046831955922865,0.1046831955922865,9,,,,,,,,,,,,,,,,,,,,,,,,,,,,,,,,,,,,,0.6212909672350733,,,0.43106011657335297,,0.1046831955922865,,,
B5,krr_cos_cl,classical,75,13,156,156,48,0.437945352353909,0.437945352353909,0.437945352353909,0.9841996119278884,0.29341425766407475,0.29341425766407475,0.49579889807162536,0.49579889807162536,9,,,,,,,,,,,,,,,,,,,,,,,,,,,,,,,,,,,,,0.4297440455780357,,,0.29341425766407475,,0.49579889807162536,,,
B5,ridge_raw_eig,classical,75,13,14,156,48,0.5365779942854116,0.5365779942854116,0.5365779942854116,0.9593275510575149,0.30600212045533776,0.30600212045533776,0.38932506887052337,0.38932506887052337,9,,,,,,,,,,,,,,,,,,,,,,,,,,,,,,,,,,,,,0.45771823507116705,,,0.30600212045533776,,0.38932506887052337,,,
B5,composition,classical,75,13,0,156,48,0.664080953755275,0.664080953755275,0.664080953755275,0.9662412675665842,0.3659116040633604,0.3659116040633604,nan,nan,9,,,,,,,,,,,,,,,,,,,,,,,,,,,,,,,,,,,,,0.6648878096675008,,,0.3659116040633604,,nan,,,
B5,zz_bytype_r3,quantum,76,13,115,150,54,0.5608230468068253,0.5608230468068253,0.5528009153697511,0.9695986588043766,0.36600933708185823,0.3551867507060291,0.3102857142857143,0.30181512605042016,12,0.9377121656901277,2.096442564108787,105.83,eAT,1,molecule,zz,0.1,bytype,3,bytype,eig,0,"[0.000,3.142]",none,1,1,Z,ridge,1,1,adam,adjoint,100,23,22,0,1.0,1,0.46398156693956205,0.028900406964366365,6.48100724669379,0.5124329051571274,0.21772675490039828,0.7305667064813308,0.9605300536598549,0.5892053362261594,0.9695986588043766,12,0.36600933708185823,0.5892053362261594,0.3102857142857143,0.9711624373658487,12,0.5767645536482737
B5,xy_bytype_r3,quantum,76,13,115,150,54,0.46293200725767986,0.46293200725767986,0.4567174409728273,0.9855299395305861,0.23836773358523658,0.23556955519612913,0.29542857142857143,0.3010756302521008,12,0.9622247685139829,2.157982966967904,110.76,eAT,1,molecule,xy,0.1,bytype,3,bytype,eig,0,"[0.000,3.142]",none,1,1,Z,ridge,1,1,adam,adjoint,100,23,22,0,1.0,1,0.6485876115971535,0.024500547167045448,6.671255147457981,0.0215787730214131,0.35266758609242965,0.9802151075001331,0.9605300536598549,0.4411717840997171,0.9855299395305861,12,0.23836773358523658,0.4411717840997171,0.29542857142857143,0.9860029520694358,12,0.43250837026699807
B5,none_r3,quantum,76,13,92,150,54,0.5340746842424624,0.5340746842424624,0.524905097510515,0.9840274080576276,0.2980972784054468,0.299656857326552,-0.13425210084033612,-0.2045546218487395,12,0.47125512709997214,1.1027062680019293,79.07,eAT,1,molecule,none,0.0,fixed,3,fixed,eig,0,"[0.000,3.142]",none,1,1,Z,ridge,1,1,adam,adjoint,100,23,22,0,1.0,1,0.5402212598443731,0.285639221374306,2.8801008424104215,0.016524591846406943,0.0,0.0,0.9605300536598549,0.5297699684745363,0.9840274080576276,12,0.2980972784054468,0.5297699684745363,-0.13425210084033612,0.9839008330879814,12,0.528900088822285
B5,zz_fixed_r3,quantum,76,13,92,150,54,0.5509304163891501,0.5509304163891501,0.5337017826376341,0.98116073123424,0.31856381560322644,0.31434220597535484,-0.01867226890756302,-0.14796638655462185,12,0.4802706998623704,1.4359837200674095,107.01,eAT,1,molecule,zz,0.1,fixed,3,fixed,eig,0,"[0.000,3.142]",none,1,1,Z,ridge,1,1,adam,adjoint,100,23,22,0,1.0,1,0.46398156693956205,0.24114481506225932,3.894169164850517,0.40442594099699636,0.1,0.06719368409052928,0.9605300536598549,0.5269831734206074,0.98116073123424,12,0.31856381560322644,0.5269831734206074,-0.01867226890756302,0.9821139241844917,12,0.5187861866474326
B5,xy_shuffled_r3,quantum,76,13,115,150,54,0.8230035593352498,0.8230035593352498,0.7864281494624306,0.9458357960919616,0.5772777612981398,0.5498118951599983,-0.0977310924369748,-0.09557983193277313,12,0.7935078617673451,1.991187061767546,112.02,eAT,1,molecule,xy,0.1,bytype_shuffled,3,bytype_shuffled,eig,0,"[0.000,3.142]",none,1,1,Z,ridge,1,1,adam,adjoint,100,23,22,0,1.0,1,0.6485876115971535,0.13392824274990686,6.155617138180148,0.21764184197923694,0.14878881532011395,0.6197629266613265,0.9605300536598549,0.7889962763804674,0.9458357960919616,12,0.5772777612981398,0.7889962763804674,-0.0977310924369748,0.9559498457920559,12,0.7553712570029562
B5,krr_res,classical,76,13,150,150,54,0.5923827694236136,0.5923827694236136,0.5923827694236136,0.9631573334857851,0.20225935420190042,0.20225935420190042,0.37581512605042017,0.37581512605042017,12,,,,,,,,,,,,,,,,,,,,,,,,,,,,,,,,,,,,,0.46176433507138126,,,0.20225935420190042,,0.37581512605042017,,,
B5,krr_cos_cl,classical,76,13,150,150,54,0.4750054527713697,0.4750054527713697,0.4750054527713697,0.9848652881864975,0.2624209435467506,0.2624209435467506,0.03667226890756301,0.03667226890756301,12,,,,,,,,,,,,,,,,,,,,,,,,,,,,,,,,,,,,,0.4893302125798156,,,0.2624209435467506,,0.03667226890756301,,,
B5,ridge_raw_eig,classical,76,13,14,150,54,0.5917495481585994,0.5917495481585994,0.5917495481585994,0.9797978108452833,0.32800290759762774,0.32800290759762774,-0.05934453781512605,-0.05934453781512605,12,,,,,,,,,,,,,,,,,,,,,,,,,,,,,,,,,,,,,0.6060597377023246,,,0.32800290759762774,,-0.05934453781512605,,,
B5,composition,classical,76,13,0,150,54,0.7146298777690925,0.7146298777690925,0.7146298777690925,0.9647792045230255,0.2911355526666661,0.2911355526666661,nan,nan,12,,,,,,,,,,,,,,,,,,,,,,,,,,,,,,,,,,,,,0.7874721152346917,,,0.2911355526666661,,nan,,,
B5,zz_bytype_r3,quantum,77,13,114,151,53,0.28092783746614536,0.28092783746614536,0.27592249293822135,0.9894406702005518,0.23856787224665643,0.23662908881410324,0.43836805555555564,0.421701388888889,9,0.9516994451149587,2.1955163257440233,105.4,eAT,1,molecule,zz,0.1,bytype,3,bytype,eig,0,"[0.000,3.142]",none,1,1,Z,ridge,1,1,adam,adjoint,100,22,21,0,1.0,1,0.49909800068689963,0.02410671037519196,6.936243683486834,0.01797239809214959,0.03626587762785794,0.4939726998090927,0.9632944656331313,0.29778808137266966,0.9894406702005518,9,0.23856787224665643,0.29778808137266966,0.43836805555555564,0.9895183521111153,9,0.2925648535538444
B5,xy_bytype_r3,quantum,77,13,114,151,53,0.3585375433735511,0.3585375433735511,0.34954999687767885,0.9866484746820805,0.24656913482303913,0.24648397242036366,0.42777777777777776,0.46562499999999996,9,0.9146772298875518,2.290437580198009,110.92,eAT,1,molecule,xy,0.1,bytype,3,bytype,eig,0,"[0.000,3.142]",none,1,1,Z,ridge,1,1,adam,adjoint,100,22,21,0,1.0,1,0.5710884219729245,0.04872684614187659,7.236126195821142,0.00949089978121046,0.33073407642967184,0.7097362317766552,0.9632944656331313,0.3702108684738974,0.9866484746820805,9,0.24656913482303913,0.3702108684738974,0.42777777777777776,0.9866845595856969,9,0.3602835920965446
B5,none_r3,quantum,77,13,92,151,53,0.4742947107567447,0.4742947107567447,0.4429630691668003,0.974038844382601,0.37705779506859766,0.3487130684335528,-0.1307291666666667,0.15156249999999996,9,0.3442105482843784,1.0125650147024168,77.65,eAT,1,molecule,none,0.0,fixed,3,fixed,eig,0,"[0.000,3.142]",none,1,1,Z,ridge,1,1,adam,adjoint,100,22,21,0,1.0,1,0.5119871467539213,0.33575577025519954,2.7240380191401505,0.0020655475343834737,0.0,0.0,0.9632944656331313,0.4649021138592411,0.974038844382601,9,0.37705779506859766,0.4649021138592411,-0.1307291666666667,0.9754982100178624,9,0.45865105015382285
B5,zz_fixed_r3,quantum,77,13,92,151,53,0.3543922676771811,0.3543922676771811,0.3692206554439684,0.9807734137665639,0.32285822842949335,0.3306836652971888,0.1869791666666666,0.20607638888888882,9,0.6851773323926991,1.7040160950975054,105.83,eAT,1,molecule,zz,0.1,fixed,3,fixed,eig,0,"[0.000,3.142]",none,1,1,Z,ridge,1,1,adam,adjoint,100,22,21,0,1.0,1,0.49909800068689963,0.15712736397372024,4.754605646656467,0.49711693506183874,0.1,0.06719368409052928,0.9632944656331313,0.3307087787869265,0.9807734137665639,9,0.32285822842949335,0.3307087787869265,0.1869791666666666,0.9814341869988948,9,0.35113980805433265
B5,xy_shuffled_r3,quantum,77,13,114,151,53,0.5974516952884149,0.5974516952884149,0.5981781878497832,0.9544601638196791,0.46064523396066787,0.45632339266402216,0.09513888888888887,0.06232638888888886,9,0.7720100926149535,2.94305209421441,111.38,eAT,1,molecule,xy,0.1,bytype_shuffled,3,bytype_shuffled,eig,0,"[0.000,3.142]",none,1,1,Z,ridge,1,1,adam,adjoint,100,22,21,0,1.0,1,0.5710884219729245,0.13020239643427942,9.297916057057574,0.26618924549494877,0.3042576432454465,2.0620139752803186,0.9632944656331313,0.593749170773279,0.9544601638196791,9,0.46064523396066787,0.593749170773279,0.09513888888888887,0.9566562060745601,9,0.5917389540649364
B5,krr_res,classical,77,13,151,151,53,0.5145290929754397,0.5145290929754397,0.5145290929754397,0.9720312040653643,0.40343489115269177,0.40343489115269177,0.23576388888888888,0.23576388888888888,9,,,,,,,,,,,,,,,,,,,,,,,,,,,,,,,,,,,,,0.5392689831880869,,,0.40343489115269177,,0.23576388888888888,,,
B5,krr_cos_cl,classical,77,13,151,151,53,0.36593434660750973,0.36593434660750973,0.36593434660750973,0.9816508829544367,0.2712496603650738,0.2712496603650738,0.46388888888888885,0.46388888888888885,9,,,,,,,,,,,,,,,,,,,,,,,,,,,,,,,,,,,,,0.3852291334745197,,,0.2712496603650738,,0.46388888888888885,,,
B5,ridge_raw_eig,classical,77,13,14,151,53,0.570893227525316,0.570893227525316,0.570893227525316,0.9696011760518125,0.3668322119872937,0.3668322119872937,0.1411458333333333,0.1411458333333333,9,,,,,,,,,,,,,,,,,,,,,,,,,,,,,,,,,,,,,0.5588599377225206,,,0.3668322119872937,,0.1411458333333333,,,
B5,composition,classical,77,13,0,151,53,0.6784057261650706,0.6784057261650706,0.6784057261650706,0.9534495416421924,0.3691160262118764,0.3691160262118764,nan,nan,9,,,,,,,,,,,,,,,,,,,,,,,,,,,,,,,,,,,,,0.6687761544694083,,,0.3691160262118764,,nan,,,
B5,zz_bytype_r3,quantum,78,13,115,150,54,0.46314397432196414,0.46314397432196414,0.5568971997465945,0.9701048060607249,0.3163805063610871,0.4358447977537665,0.33201867576867583,0.08826867576867581,8,0.907165368957894,2.965235954720731,105.69,eAT,1,molecule,zz,0.1,bytype,3,bytype,eig,0,"[0.000,3.142]",none,1,1,Z,ridge,1,1,adam,adjoint,100,23,22,0,1.0,1,0.4874294865802942,0.045250336545724724,8.393675871261882,0.008376599961081694,0.20385622786346022,0.923498612216551,0.9650351838282625,0.4753610080153279,0.9701048060607249,8,0.3163805063610871,0.4753610080153279,0.33201867576867583,0.9511627218930876,8,0.5769921134049517
B5,xy_bytype_r3,quantum,78,13,115,150,54,0.4576621980067574,0.4576621980067574,0.4560956444506581,0.9700938997133381,0.40658919283819445,0.4044654737665992,0.04801240426240431,-0.01623584748584746,8,0.9420993044648925,2.487259050412863,110.67,eAT,1,molecule,xy,0.1,bytype,3,bytype,eig,0,"[0.000,3.142]",none,1,1,Z,ridge,1,1,adam,adjoint,100,23,22,0,1.0,1,0.6871153540943173,0.039784456914912655,7.040669476501889,0.061531482009438886,0.06607441074913627,1.2196880554925358,0.9650351838282625,0.454408435193767,0.9700938997133381,8,0.40658919283819445,0.454408435193767,0.04801240426240431,0.9708929499773336,8,0.4540658588614943
B5,none_r3,quantum,78,13,92,150,54,0.459477011468793,0.459477011468793,0.4554515777201547,0.971852089681285,0.41644365135787664,0.41022217529573607,0.2155261405261405,0.15950091575091574,8,0.3582592554010615,1.1308882479049402,78.08,eAT,1,molecule,none,0.0,fixed,3,fixed,eig,0,"[0.000,3.142]",none,1,1,Z,ridge,1,1,adam,adjoint,100,23,22,0,1.0,1,0.5124585586047773,0.32886553697512855,2.6588437208367885,0.009072909261280357,0.0,0.0,0.9650351838282625,0.4357125613488992,0.971852089681285,8,0.41644365135787664,0.4357125613488992,0.2155261405261405,0.9737427434087417,8,0.44001354044133406
B5,zz_fixed_r3,quantum,78,13,92,150,54,0.390542645037635,0.390542645037635,0.38328497137382267,0.9819298431328186,0.31059798325626026,0.3022749300821183,0.7043248418248419,0.7146312021312022,8,0.6526489739398648,1.773615712350542,105.74,eAT,1,molecule,zz,0.1,fixed,3,fixed,eig,0,"[0.000,3.142]",none,1,1,Z,ridge,1,1,adam,adjoint,100,23,22,0,1.0,1,0.4874294865802942,0.16930913229563008,4.347328859070115,1.7566212758009503,0.1,0.06719368409052928,0.9650351838282625,0.36442272091675926,0.9819298431328186,8,0.31059798325626026,0.36442272091675926,0.7043248418248419,0.9827175505307304,8,0.3614818475103676
B5,xy_shuffled_r3,quantum,78,13,115,150,54,0.6392872454358022,0.6392872454358022,0.6142616217779677,0.9449223000570047,0.5714758813864825,0.5550847122624872,0.10080336330336333,0.20288669663669667,8,0.8517158404383657,2.266749311304599,110.95,eAT,1,molecule,xy,0.1,bytype_shuffled,3,bytype_shuffled,eig,0,"[0.000,3.142]",none,1,1,Z,ridge,1,1,adam,adjoint,100,23,22,0,1.0,1,0.6871153540943173,0.10188832280377058,6.416473862798828,0.05435456575750103,0.26180640138193345,0.7889769778672151,0.9650351838282625,0.6254797306607268,0.9449223000570047,8,0.5714758813864825,0.6254797306607268,0.10080336330336333,0.9486299885488516,8,0.6023265123977576
B5,krr_res,classical,78,13,150,150,54,0.5895175071479161,0.5895175071479161,0.5895175071479161,0.953299504426928,0.47561721596086687,0.47561721596086687,0.241760323010323,0.241760323010323,8,,,,,,,,,,,,,,,,,,,,,,,,,,,,,,,,,,,,,0.6105356729724977,,,0.47561721596086687,,0.241760323010323,,,
B5,krr_cos_cl,classical,78,13,150,150,54,0.5003318288823626,0.5003318288823626,0.5003318288823626,0.9686815389790278,0.44164334631598834,0.44164334631598834,0.21099941724941731,0.21099941724941731,8,,,,,,,,,,,,,,,,,,,,,,,,,,,,,,,,,,,,,0.5110237859652181,,,0.44164334631598834,,0.21099941724941731,,,
B5,ridge_raw_eig,classical,78,13,14,150,54,0.4787914422491646,0.4787914422491646,0.4787914422491646,0.9710298516898472,0.3846133230526016,0.3846133230526016,0.35207570207570216,0.35207570207570216,8,,,,,,,,,,,,,,,,,,,,,,,,,,,,,,,,,,,,,0.5018043373147574,,,0.3846133230526016,,0.35207570207570216,,,
B5,composition,classical,78,13,0,150,54,0.6247091035284003,0.6247091035284003,0.6247091035284003,0.946618087755589,0.48729256313131364,0.48729256313131364,nan,nan,8,,,,,,,,,,,,,,,,,,,,,,,,,,,,,,,,,,,,,0.6649696543685919,,,0.48729256313131364,,nan,,,
B5,zz_bytype_r3,quantum,79,13,114,157,47,0.3561472890655301,0.3561472890655301,0.356639854997414,0.9887576610056722,0.2274851966110249,0.2272545872735707,0.17249417249417248,0.19852369852369853,7,0.925396946956311,2.2719759573357403,109.13,eAT,1,molecule,zz,0.1,bytype,3,bytype,eig,0,"[0.000,3.142]",none,1,1,Z,ridge,1,1,adam,adjoint,100,22,21,0,1.0,1,0.4492133862905742,0.03351269008537081,6.437215892601418,0.12751188944707093,0.13207898070705304,0.471561594691408,0.9658183183406553,0.29481208396958547,0.9887576610056722,7,0.2274851966110249,0.29481208396958547,0.17249417249417248,0.9874140557417531,7,0.28626094889803566
B5,xy_bytype_r3,quantum,79,13,114,157,47,0.44944837693325346,0.44944837693325346,0.44104382780742246,0.9772298202028437,0.20981301435448094,0.2096901713096173,0.5881118881118882,0.5881118881118882,7,0.9240420452112116,2.72397079697138,113.92,eAT,1,molecule,xy,0.1,bytype,3,bytype,eig,0,"[0.000,3.142]",none,1,1,Z,ridge,1,1,adam,adjoint,100,22,21,0,1.0,1,0.4651734575433183,0.03533362445701976,7.717858126372382,0.010286096287257126,-0.04073031591375183,0.916938156265167,0.9658183183406553,0.3742651519713415,0.9772298202028437,7,0.20981301435448094,0.3742651519713415,0.5881118881118882,0.9788191930379192,7,0.37134384201127074
B5,none_r3,quantum,79,13,92,157,47,0.6739552502976979,0.6739552502976979,0.6407034252502045,0.962936822765638,0.33273255191077566,0.33036995931554475,-0.01779331779331778,0.005827505827505834,7,0.32408668775031707,1.360713324654655,81.44,eAT,1,molecule,none,0.0,fixed,3,fixed,eig,0,"[0.000,3.142]",none,1,1,Z,ridge,1,1,adam,adjoint,100,22,21,0,1.0,1,0.47427287683821145,0.32056735109390144,3.21709375935613,0.007897237661412159,0.0,0.0,0.9658183183406553,0.5550395762844537,0.962936822765638,7,0.33273255191077566,0.5550395762844537,-0.01779331779331778,0.9684876480894955,7,0.5390697688145669
B5,zz_fixed_r3,quantum,79,13,92,157,47,0.5102840385297726,0.5102840385297726,0.4826368625048442,0.9774516538873526,0.3538151144113875,0.33912343602825884,0.18803418803418806,0.23581973581973584,7,0.6159826336777053,1.8365588359491267,110.6,eAT,1,molecule,zz,0.1,fixed,3,fixed,eig,0,"[0.000,3.142]",none,1,1,Z,ridge,1,1,adam,adjoint,100,22,21,0,1.0,1,0.4492133862905742,0.1725057415200259,4.525776933465447,0.11205817064827656,0.1,0.06719368409052928,0.9658183183406553,0.43376240224740553,0.9774516538873526,7,0.3538151144113875,0.43376240224740553,0.18803418803418806,0.9786272091961398,7,0.4163910916687045
B5,xy_shuffled_r3,quantum,79,13,114,157,47,0.6196841761367159,0.6196841761367159,0.6017275868003735,0.9678277488941739,0.35716979461229303,0.3395717619865667,0.08127428127428128,0.1278943278943279,7,0.8250782973767141,2.1950714879080646,115.18,eAT,1,molecule,xy,0.1,bytype_shuffled,3,bytype_shuffled,eig,0,"[0.000,3.142]",none,1,1,Z,ridge,1,1,adam,adjoint,100,22,21,0,1.0,1,0.4651734575433183,0.08136893320863806,6.219321565324979,0.05624343666046387,0.22941830712297573,0.38893802674643263,0.9658183183406553,0.5038919847612444,0.9678277488941739,7,0.35716979461229303,0.5038919847612444,0.08127428127428128,0.9698102165636088,7,0.48798739659068463
B5,krr_res,classical,79,13,157,157,47,0.5147840205928932,0.5147840205928932,0.5147840205928932,0.9786983142639128,0.2735688726681894,0.2735688726681894,0.27117327117327117,0.27117327117327117,7,,,,,,,,,,,,,,,,,,,,,,,,,,,,,,,,,,,,,0.4840672797758852,,,0.2735688726681894,,0.27117327117327117,,,
B5,krr_cos_cl,classical,79,13,157,157,47,0.5819997034702586,0.5819997034702586,0.5819997034702586,0.9727849260538657,0.24110352294798096,0.24110352294798096,0.33372183372183367,0.33372183372183367,7,,,,,,,,,,,,,,,,,,,,,,,,,,,,,,,,,,,,,0.5005781174195942,,,0.24110352294798096,,0.33372183372183367,,,
B5,ridge_raw_eig,classical,79,13,14,157,47,0.629708251237958,0.629708251237958,0.629708251237958,0.9738744856094597,0.3139386137323417,0.3139386137323417,-0.013364413364413349,-0.013364413364413349,7,,,,,,,,,,,,,,,,,,,,,,,,,,,,,,,,,,,,,0.5983932783809405,,,0.3139386137323417,,-0.013364413364413349,,,
B5,composition,classical,79,13,0,157,47,0.8287845612786172,0.8287845612786172,0.8287845612786172,0.9513511151283978,0.3132685487179471,0.3132685487179471,nan,nan,7,,,,,,,,,,,,,,,,,,,,,,,,,,,,,,,,,,,,,0.7853604384192858,,,0.3132685487179471,,nan,,,
B5,zz_bytype_r3,quantum,80,13,114,155,49,0.2839560583157769,0.2839560583157769,0.27797267505242906,0.9911755765980779,0.25299284668954214,0.251808782752533,0.5584973166368516,0.5584973166368516,8,0.9388993161827245,2.5177456747549702,105.85,eAT,1,molecule,zz,0.1,bytype,3,bytype,eig,0,"[0.000,3.142]",none,1,1,Z,ridge,1,1,adam,adjoint,100,22,21,0,1.0,1,0.5333411628175084,0.03258750975605065,7.709790717900432,0.19007860589385178,0.3186247625406596,0.5359846479993521,0.9611174696695861,0.3141420744114006,0.9911755765980779,8,0.25299284668954214,0.3141420744114006,0.5584973166368516,0.9915866441247159,8,0.3062721311183327
B5,xy_bytype_r3,quantum,80,13,114,155,49,0.44450792097183056,0.44450792097183056,0.45216237858710356,0.9775230461033504,0.33436376616978425,0.3409470380291437,0.3908765652951699,0.3908765652951699,8,0.9601979304090368,2.5064509961560177,113.3,eAT,1,molecule,xy,0.1,bytype,3,bytype,eig,0,"[0.000,3.142]",none,1,1,Z,ridge,1,1,adam,adjoint,100,22,21,0,1.0,1,0.6186892643538509,0.024625113154993862,7.675204377787924,0.016540074261600545,0.16130912989300106,0.8868237944923084,0.9611174696695861,0.44304746792419886,0.9775230461033504,8,0.33436376616978425,0.44304746792419886,0.3908765652951699,0.9769345505480618,8,0.4496162183596651
B5,none_r3,quantum,80,13,92,155,49,0.4599589789139777,0.4599589789139777,0.4226328742236547,0.9675909533318185,0.3075642870296063,0.3016097601071577,0.5036672629695885,0.4601073345259392,8,0.33117136596502234,1.2126353660240305,81.54,eAT,1,molecule,none,0.0,fixed,3,fixed,eig,0,"[0.000,3.142]",none,1,1,Z,ridge,1,1,adam,adjoint,100,22,21,0,1.0,1,0.5095628968643958,0.34081025626472006,3.144531490835264,0.011909549919820855,0.0,0.0,0.9611174696695861,0.40175575372700584,0.9675909533318185,8,0.3075642870296063,0.40175575372700584,0.5036672629695885,0.9782234800819471,8,0.40129662843979225
B5,zz_fixed_r3,quantum,80,13,92,155,49,0.4200471626369492,0.4200471626369492,0.42563322371268364,0.9695956926631761,0.3106972718408045,0.3077626416619305,0.3310375670840787,0.4147584973166369,8,0.5020130555147867,1.5744923451668535,110.04,eAT,1,molecule,zz,0.1,fixed,3,fixed,eig,0,"[0.000,3.142]",none,1,1,Z,ridge,1,1,adam,adjoint,100,22,21,0,1.0,1,0.5333411628175084,0.26559693603968165,4.240326000423349,0.14057358639535134,0.1,0.06719368409052928,0.9611174696695861,0.37892935040635306,0.9695956926631761,8,0.3106972718408045,0.37892935040635306,0.3310375670840787,0.9730976141380968,8,0.3992333296562245
B5,xy_shuffled_r3,quantum,80,13,114,155,49,0.5790249028204791,0.5790249028204791,0.5669721397537014,0.9612818087976817,0.48716106694569794,0.4654823484043192,0.22280858676207516,0.21279069767441858,8,0.8082814978114701,1.7995483552205676,112.87,eAT,1,molecule,xy,0.1,bytype_shuffled,3,bytype_shuffled,eig,0,"[0.000,3.142]",none,1,1,Z,ridge,1,1,adam,adjoint,100,22,21,0,1.0,1,0.6186892643538509,0.1186141790820437,5.51054117364049,0.1394746355303592,0.17028727900073848,0.1966112916642304,0.9611174696695861,0.544978964734508,0.9612818087976817,8,0.48716106694569794,0.544978964734508,0.22280858676207516,0.9633367560025158,8,0.5266517092216407
B5,krr_res,classical,80,13,155,155,49,0.5331048213712207,0.5331048213712207,0.5331048213712207,0.9657535504011574,0.3198600833198042,0.3198600833198042,0.29203935599284436,0.29203935599284436,8,,,,,,,,,,,,,,,,,,,,,,,,,,,,,,,,,,,,,0.4956648217932836,,,0.3198600833198042,,0.29203935599284436,,,
B5,krr_cos_cl,classical,80,13,155,155,49,0.4519775408196466,0.4519775408196466,0.4519775408196466,0.9764498785218744,0.29777396315048055,0.29777396315048055,0.4646690518783543,0.4646690518783543,8,,,,,,,,,,,,,,,,,,,,,,,,,,,,,,,,,,,,,0.4320395971317038,,,0.29777396315048055,,0.4646690518783543,,,
B5,ridge_raw_eig,classical,80,13,14,155,49,0.4861202205392579,0.4861202205392579,0.4861202205392579,0.9715590479484529,0.2952690892743183,0.2952690892743183,0.47602862254025047,0.47602862254025047,8,,,,,,,,,,,,,,,,,,,,,,,,,,,,,,,,,,,,,0.43693665487276356,,,0.2952690892743183,,0.47602862254025047,,,
B5,composition,classical,80,13,0,155,49,0.6374535892831029,0.6374535892831029,0.6374535892831029,0.9632600663833786,0.34831842857142825,0.34831842857142825,nan,nan,8,,,,,,,,,,,,,,,,,,,,,,,,,,,,,,,,,,,,,0.6309860575998725,,,0.34831842857142825,,nan,,,
B5,zz_bytype_r3,quantum,81,13,115,154,50,0.3635360332141784,0.3635360332141784,0.35375134880316467,0.9880614859672011,0.2513172680468738,0.24303923623187038,0.4586354617604617,0.4586354617604617,9,0.8698951433448385,2.1471373391284327,108.63,eAT,1,molecule,zz,0.1,bytype,3,bytype,eig,0,"[0.000,3.142]",none,1,1,Z,ridge,1,1,adam,adjoint,100,23,22,0,1.0,1,0.5258179316644784,0.06841146662592043,6.171681765193807,0.25997839910599185,0.12352587628051599,0.4045085663633842,0.9636531529839275,0.3334760720700551,0.9880614859672011,9,0.2513172680468738,0.3334760720700551,0.4586354617604617,0.9873720278820539,9,0.3141856686691524
B5,xy_bytype_r3,quantum,81,13,115,154,50,0.5920268120738342,0.5920268120738342,0.5751580839011846,0.9689139104706926,0.29702238456655844,0.29333537490618805,0.28744588744588745,0.31522366522366524,9,0.9432745251849805,2.4322713362072914,113.52,eAT,1,molecule,xy,0.1,bytype,3,bytype,eig,0,"[0.000,3.142]",none,1,1,Z,ridge,1,1,adam,adjoint,100,23,22,0,1.0,1,0.7396461891792094,0.04195678127631043,6.991264312774457,0.17027034955066772,0.06750453945988215,0.9131888914139696,0.9636531529839275,0.5940073035932548,0.9689139104706926,9,0.29702238456655844,0.5940073035932548,0.28744588744588745,0.9714558808130646,9,0.5756896864898132
B5,none_r3,quantum,81,13,92,154,50,0.6377224477192135,0.6377224477192135,0.6461141334871272,0.9662613125063757,0.31778766988317236,0.29674010208756485,0.3369859307359308,0.3158549783549784,9,0.32445562897766833,0.9953946384237989,80.88,eAT,1,molecule,none,0.0,fixed,3,fixed,eig,0,"[0.000,3.142]",none,1,1,Z,ridge,1,1,adam,adjoint,100,23,22,0,1.0,1,0.5689200446845266,0.3843307337484054,2.3837647622080924,0.011296905018676594,0.0,0.0,0.9636531529839275,0.5816564843909132,0.9662613125063757,9,0.31778766988317236,0.5816564843909132,0.3369859307359308,0.9648434392777013,9,0.5877837640905773
B5,zz_fixed_r3,quantum,81,13,92,154,50,0.6410939410115293,0.6410939410115293,0.6145329816365678,0.9624951042571986,0.32845252423987176,0.3280504683501409,0.3459550865800865,0.41842081529581526,9,0.508637152847371,1.5924188728664863,109.85,eAT,1,molecule,zz,0.1,fixed,3,fixed,eig,0,"[0.000,3.142]",none,1,1,Z,ridge,1,1,adam,adjoint,100,23,22,0,1.0,1,0.5258179316644784,0.25836739598656466,3.972756496753628,0.1352012291431981,0.1,0.06719368409052928,0.9636531529839275,0.57791942477981,0.9624951042571986,9,0.32845252423987176,0.57791942477981,0.3459550865800865,0.9662416360994653,9,0.566189635268957
B5,xy_shuffled_r3,quantum,81,13,115,154,50,0.9351713780499682,0.9351713780499682,0.9392966768473342,0.9269699389597625,0.4889988630654267,0.4893733208917741,0.09101280663780664,0.07153228715728716,9,0.8465261353573088,2.774548496469128,114.98,eAT,1,molecule,xy,0.1,bytype_shuffled,3,bytype_shuffled,eig,0,"[0.000,3.142]",none,1,1,Z,ridge,1,1,adam,adjoint,100,23,22,0,1.0,1,0.7396461891792094,0.11351635912157232,7.975097843184659,0.34968213010724086,0.31136529335822277,0.8949939680045587,0.9636531529839275,0.8652669393572014,0.9269699389597625,9,0.4889988630654267,0.8652669393572014,0.09101280663780664,0.9255106135559258,9,0.8641454149249882
B5,krr_res,classical,81,13,154,154,50,0.48912601538134737,0.48912601538134737,0.48912601538134737,0.9803519902167689,0.32399593739459326,0.32399593739459326,0.04969787157287159,0.04969787157287159,9,,,,,,,,,,,,,,,,,,,,,,,,,,,,,,,,,,,,,0.48360837476444907,,,0.32399593739459326,,0.04969787157287159,,,
B5,krr_cos_cl,classical,81,13,154,154,50,0.6997161041806131,0.6997161041806131,0.6997161041806131,0.9630823927733378,0.25503976805377454,0.25503976805377454,0.5185425685425685,0.5185425685425685,9,,,,,,,,,,,,,,,,,,,,,,,,,,,,,,,,,,,,,0.6615349013683266,,,0.25503976805377454,,0.5185425685425685,,,
B5,ridge_raw_eig,classical,81,13,14,154,50,0.6790596370807498,0.6790596370807498,0.6790596370807498,0.9669094543004244,0.316195144052904,0.316195144052904,0.3844065656565656,0.3844065656565656,9,,,,,,,,,,,,,,,,,,,,,,,,,,,,,,,,,,,,,0.6436231757116787,,,0.316195144052904,,0.3844065656565656,,,
B5,composition,classical,81,13,0,154,50,0.8646430997861779,0.8646430997861779,0.8646430997861779,0.9512724218533233,0.37560681145833225,0.37560681145833225,nan,nan,9,,,,,,,,,,,,,,,,,,,,,,,,,,,,,,,,,,,,,0.8818198177791308,,,0.37560681145833225,,nan,,,
