config,arm,kind,seed,n_qubits,n_params,n_train,n_test,mae,mae_ridge,mae_krr,r2,isomer_mae,isomer_mae_krr,isomer_rho,isomer_rho_krr,n_isomer_groups,loss_drop,param_shift_rel,time_s,split,entangler,alpha,alpha_mode,n_rounds,bond_param_mode,encode_source,drop_q0,angle_range,rz_source,n_reupload,observable,readout,use_cnot,scaler,optimizer,diff_method,epochs,n_types,loss_first,loss_last,param_shift,grad_norm_last,alpha_mean,angle_max,comp_r2,isomer_mae_tr,r2_ridge,n_isomer_groups_ridge,isomer_mae_ridge,isomer_mae_tr_ridge,isomer_rho_ridge,r2_krr,n_isomer_groups_krr,isomer_mae_tr_krr
B5,zz_bytype_r3,quantum,42,13,114,150,54,0.7255296744481613,0.7255296744481613,0.7046716553650126,0.9522182597260517,0.4997106800805413,0.48625743650152714,0.22866666666666668,0.22733333333333333,10,0.8351304731396771,2.5084436922426505,103.81,molecule,zz,0.1,bytype,3,bytype,eig,0,"[0.000,3.142]",none,1,Z,ridge,1,1,adam,adjoint,100,22,0.5921914656426241,0.09763432675122057,6.332361789069653,0.4163011301700457,0.0769030288961215,0.5379115808806924,0.9625054122237194,0.7668850759266198,0.9522182597260517,10,0.4997106800805413,0.7668850759266198,0.22866666666666668,0.9538954088007062,10,0.7458466590211098
B5,xy_bytype_r3,quantum,42,13,114,150,54,0.4822066950014455,0.4822066950014455,0.476609461092503,0.9750502476706856,0.37963140507055937,0.3708336377455629,0.07266666666666673,0.06766666666666672,10,0.9049067301666797,2.8168230069120304,112.14,molecule,xy,0.1,bytype,3,bytype,eig,0,"[0.000,3.142]",none,1,Z,ridge,1,1,adam,adjoint,100,22,0.5328635163147197,0.050671734141247524,7.1108402515485185,0.012948503128927265,0.056092428325070554,0.5549020658051836,0.9625054122237194,0.5053683682162275,0.9750502476706856,10,0.37963140507055937,0.5053683682162275,0.07266666666666673,0.9753002414374544,10,0.5006653592166007
B5,none_r3,quantum,42,13,92,150,54,0.48130239274160863,0.48130239274160863,0.49722977342732555,0.9792785961634193,0.2852064853812691,0.3098971812805007,0.28833333333333333,0.15733333333333335,10,0.2775333979158776,1.3656838786355967,80.45,molecule,none,0.0,fixed,3,fixed,eig,0,"[0.000,3.142]",none,1,Z,ridge,1,1,adam,adjoint,100,22,0.5209261405157443,0.3763517386752058,2.8069951983385995,0.019731653952862444,0.0,0.0,0.9625054122237194,0.4812441188863296,0.9792785961634193,10,0.2852064853812691,0.4812441188863296,0.28833333333333333,0.980392306408663,10,0.4972378620119366
B5,zz_fixed_r3,quantum,42,13,92,150,54,0.49299887786131474,0.49299887786131474,0.47528449686676194,0.9790154280446803,0.3484025681401846,0.33844143174779956,0.11566666666666667,0.12433333333333332,10,0.5923019879121194,1.989283569454154,114.36,molecule,zz,0.1,fixed,3,fixed,eig,0,"[0.000,3.142]",none,1,Z,ridge,1,1,adam,adjoint,100,22,0.5921914656426241,0.24143528331790634,4.287656000981423,0.46444739321407263,0.1,0.06719368409052928,0.9625054122237194,0.49495841873777524,0.9790154280446803,10,0.3484025681401846,0.49495841873777524,0.11566666666666667,0.9804317843273057,10,0.4773937846478195
B5,xy_shuffled_r3,quantum,42,13,114,150,54,0.570483340520014,0.570483340520014,0.5500706985422156,0.9623982938783466,0.4516789433126513,0.4315499203425767,0.22966666666666669,0.23833333333333337,10,0.7381342605294291,3.9423142791173444,121.76,molecule,xy,0.1,bytype_shuffled,3,bytype_shuffled,eig,0,"[0.000,3.142]",none,1,Z,ridge,1,1,adam,adjoint,100,22,0.5328635163147197,0.13953869873664274,9.952051297299551,0.07286273458897387,0.39782506481857743,1.3083990868227027,0.9625054122237194,0.5874577637886951,0.9623982938783466,10,0.4516789433126513,0.5874577637886951,0.22966666666666669,0.9681100637873935,10,0.5658627703260872
B5,krr_res,classical,42,13,150,150,54,0.41356483029429325,0.41356483029429325,0.41356483029429325,0.9850445576367876,0.30478239758698533,0.30478239758698533,0.22966666666666666,0.22966666666666666,10,,,,,,,,,,,,,,,,,,,,,,,,,,,,,,0.4224315369112441,,,0.30478239758698533,,0.22966666666666666,,,
B5,krr_cos_cl,classical,42,13,150,150,54,0.5194198033547972,0.5194198033547972,0.5194198033547972,0.9778328917987754,0.32174727291039035,0.32174727291039035,0.22466666666666668,0.22466666666666668,10,,,,,,,,,,,,,,,,,,,,,,,,,,,,,,0.5186257938729265,,,0.32174727291039035,,0.22466666666666668,,,
B5,ridge_raw_eig,classical,42,13,14,150,54,0.5564991171059129,0.5564991171059129,0.5564991171059129,0.9745800336754127,0.3394662170540218,0.3394662170540218,0.16499999999999995,0.16499999999999995,10,,,,,,,,,,,,,,,,,,,,,,,,,,,,,,0.5541056752182861,,,0.3394662170540218,,0.16499999999999995,,,
B5,composition,classical,42,13,0,150,54,0.741868137997619,0.741868137997619,0.741868137997619,0.9599949288716224,0.3400642723208013,0.3400642723208013,nan,nan,10,,,,,,,,,,,,,,,,,,,,,,,,,,,,,,0.7776342905116852,,,0.3400642723208013,,nan,,,
B5,zz_bytype_r3,quantum,43,13,114,159,45,0.41643595265118594,0.41643595265118594,0.42743379101661166,0.9857079430757004,0.2405530047335283,0.23614478551740223,0.5472619047619048,0.5663095238095238,9,0.9156307366572498,2.917622803166196,113.62,molecule,zz,0.1,bytype,3,bytype,eig,0,"[0.000,3.142]",none,1,Z,ridge,1,1,adam,adjoint,100,22,0.44887701102973077,0.037871422752073954,8.58682813295114,0.00982058428203442,0.1343964003665182,1.0744587709753066,0.957994129331869,0.4308435611654854,0.9857079430757004,9,0.2405530047335283,0.4308435611654854,0.5472619047619048,0.9857187998996877,9,0.4381166114441644
B5,xy_bytype_r3,quantum,43,13,114,159,45,0.4158963572246168,0.4158963572246168,0.4202946710203436,0.9876688471350678,0.3023652591078479,0.30197727412735986,0.2839285714285715,0.2839285714285715,9,0.8528542178601506,2.630439979415073,118.01,molecule,xy,0.1,bytype,3,bytype,eig,0,"[0.000,3.142]",none,1,Z,ridge,1,1,adam,adjoint,100,22,0.5782384025050726,0.08508534199990596,7.741623075049068,0.18021103926405535,0.1324464418997418,0.8448054100103302,0.957994129331869,0.4324400310380028,0.9876688471350678,9,0.3023652591078479,0.4324400310380028,0.2839285714285715,0.9876941335865655,9,0.4342420922138251
B5,none_r3,quantum,43,13,92,159,45,0.5689513312581158,0.5689513312581158,0.4968338752725546,0.9635690662173952,0.3256778748661512,0.31414759891609556,0.31059523809523815,0.2257142857142858,9,0.26844855289798303,1.3774191384460777,86.86,molecule,none,0.0,fixed,3,fixed,eig,0,"[0.000,3.142]",none,1,Z,ridge,1,1,adam,adjoint,100,22,0.48940938739052514,0.3580281455708503,3.4078024216025873,0.03016581420772872,0.0,0.0,0.957994129331869,0.43086749663150814,0.9635690662173952,9,0.3256778748661512,0.43086749663150814,0.31059523809523815,0.9800164574627859,9,0.43089378185361404
B5,zz_fixed_r3,quantum,43,13,92,159,45,0.500465019996837,0.500465019996837,0.48273830359082315,0.9769174272865192,0.29151583641557455,0.2826099660627378,0.1982142857142858,0.1982142857142858,9,0.4568997804326153,1.9272345810870395,119.71,molecule,zz,0.1,fixed,3,fixed,eig,0,"[0.000,3.142]",none,1,Z,ridge,1,1,adam,adjoint,100,22,0.44887701102973077,0.24378520324899813,4.96079621759851,0.2094290740188222,0.1,0.06719368409052928,0.957994129331869,0.41002273329560435,0.9769174272865192,9,0.29151583641557455,0.41002273329560435,0.1982142857142858,0.9792563001672647,9,0.3994291894111376
B5,xy_shuffled_r3,quantum,43,13,114,159,45,0.6999848305599355,0.6999848305599355,0.6834819983809587,0.9532970916077127,0.5754216011772186,0.5445547963987076,0.24023809523809528,0.25928571428571434,9,0.8145281798740085,2.142370565235944,125.78,molecule,xy,0.1,bytype_shuffled,3,bytype_shuffled,eig,0,"[0.000,3.142]",none,1,Z,ridge,1,1,adam,adjoint,100,22,0.5782384025050726,0.10724692897936153,6.305190588999706,0.4618059593010148,0.3827784098323828,0.615781474445591,0.957994129331869,0.6326674575613411,0.9532970916077127,9,0.5754216011772186,0.6326674575613411,0.24023809523809528,0.9549756428462477,9,0.6220488550299459
B5,krr_res,classical,43,13,159,159,45,0.5129304097571896,0.5129304097571896,0.5129304097571896,0.9851258960489377,0.29982789040540414,0.29982789040540414,0.09976190476190476,0.09976190476190476,9,,,,,,,,,,,,,,,,,,,,,,,,,,,,,,0.5413860276542193,,,0.29982789040540414,,0.09976190476190476,,,
B5,krr_cos_cl,classical,43,13,159,159,45,0.5092356701582594,0.5092356701582594,0.5092356701582594,0.9822940103730574,0.30198316944330444,0.30198316944330444,0.2800000000000001,0.2800000000000001,9,,,,,,,,,,,,,,,,,,,,,,,,,,,,,,0.468809172742815,,,0.30198316944330444,,0.2800000000000001,,,
B5,ridge_raw_eig,classical,43,13,14,159,45,0.5590254227325631,0.5590254227325631,0.5590254227325631,0.9793600746831262,0.26810429566642374,0.26810429566642374,0.45761904761904776,0.45761904761904776,9,,,,,,,,,,,,,,,,,,,,,,,,,,,,,,0.5150191027693344,,,0.26810429566642374,,0.45761904761904776,,,
B5,composition,classical,43,13,0,159,45,0.6726005127621452,0.6726005127621452,0.6726005127621452,0.969431594887405,0.4162543412500003,0.4162543412500003,nan,nan,9,,,,,,,,,,,,,,,,,,,,,,,,,,,,,,0.7273262002880159,,,0.4162543412500003,,nan,,,
B5,zz_bytype_r3,quantum,44,13,114,153,51,0.4392682672409585,0.4392682672409585,0.44386979065380266,0.9818200641641133,0.3333154096639617,0.3408596005518126,0.7739887092760965,0.7990257263712641,7,0.8581877756052971,2.7085051679280148,108.92,molecule,zz,0.1,bytype,3,bytype,eig,0,"[0.000,3.142]",none,1,Z,ridge,1,1,adam,adjoint,100,22,0.4647092006792427,0.06590144544500776,7.82420178338306,0.017333418332364237,0.2020919605057672,0.5522136115074039,0.9671451656168382,0.4312008382071955,0.9818200641641133,7,0.3333154096639617,0.4312008382071955,0.7739887092760965,0.982269938573617,7,0.43464747910738494
B5,xy_bytype_r3,quantum,44,13,114,153,51,0.5195554454875821,0.5195554454875821,0.5097481585067023,0.9691966512661224,0.37064257146717006,0.36320795546099816,0.651880835546201,0.6438043784187276,7,0.8674605767759409,2.6456297119879153,114.62,molecule,xy,0.1,bytype,3,bytype,eig,0,"[0.000,3.142]",none,1,Z,ridge,1,1,adam,adjoint,100,22,0.4560587999931997,0.06044577030735519,7.642570136405666,0.05908853605105056,0.3357863419097722,0.905957271078479,0.9671451656168382,0.4772913422735847,0.9691966512661224,7,0.37064257146717006,0.4772913422735847,0.651880835546201,0.9709254525556335,7,0.4644028880576539
B5,none_r3,quantum,44,13,92,153,51,0.47313058486834975,0.47313058486834975,0.46059809437252336,0.9716476436874023,0.3317235664888546,0.3289638730736115,0.5820296789404341,0.5494209832882602,7,0.15740415017247128,0.9588513594603275,84.31,molecule,none,0.0,fixed,3,fixed,eig,0,"[0.000,3.142]",none,1,Z,ridge,1,1,adam,adjoint,100,22,0.4675584958529588,0.39396284815730487,2.320143359732837,0.007635606314662568,0.0,0.0,0.9671451656168382,0.39247763912529654,0.9716476436874023,7,0.3317235664888546,0.39247763912529654,0.5820296789404341,0.9741870734948282,7,0.3898449947053919
B5,zz_fixed_r3,quantum,44,13,92,153,51,0.5174524036082384,0.5174524036082384,0.4867678560453594,0.975544896566474,0.37047603638636417,0.33787595107329077,0.6988874476355967,0.7419889091480154,7,0.45735818608557965,1.8362793841660772,116.98,molecule,zz,0.1,fixed,3,fixed,eig,0,"[0.000,3.142]",none,1,Z,ridge,1,1,adam,adjoint,100,22,0.4647092006792427,0.25217064359930463,4.6268937040146625,0.11411622342210236,0.1,0.06719368409052928,0.9671451656168382,0.46125391192926307,0.975544896566474,7,0.37047603638636417,0.46125391192926307,0.6988874476355967,0.9781694948827317,7,0.438646680435999
B5,xy_shuffled_r3,quantum,44,13,114,153,51,0.6529317600634948,0.6529317600634948,0.6154551230157452,0.956912086702584,0.4356161619604294,0.40155589001073505,0.489165208417463,0.514455124675208,7,0.7060482724003257,1.914401893436414,122.17,molecule,xy,0.1,bytype_shuffled,3,bytype_shuffled,eig,0,"[0.000,3.142]",none,1,Z,ridge,1,1,adam,adjoint,100,22,0.4560587999931997,0.13405927214503535,5.530233756281019,0.19117271396302424,0.3217740968166022,0.5298245034383868,0.9671451656168382,0.5697432706443009,0.956912086702584,7,0.4356161619604294,0.5697432706443009,0.489165208417463,0.9641205304909729,7,0.542729899575938
B5,krr_res,classical,44,13,153,153,51,0.6191792459146808,0.6191792459146808,0.6191792459146808,0.9631242385958902,0.43873688842819314,0.43873688842819314,0.08636282055988614,0.08636282055988614,7,,,,,,,,,,,,,,,,,,,,,,,,,,,,,,0.6146521409593696,,,0.43873688842819314,,0.08636282055988614,,,
B5,krr_cos_cl,classical,44,13,153,153,51,0.4690103472867664,0.4690103472867664,0.4690103472867664,0.9743302484241488,0.3129851219985315,0.3129851219985315,0.47696486333247673,0.47696486333247673,7,,,,,,,,,,,,,,,,,,,,,,,,,,,,,,0.4144701088486258,,,0.3129851219985315,,0.47696486333247673,,,
B5,ridge_raw_eig,classical,44,13,14,153,51,0.5681235918911659,0.5681235918911659,0.5681235918911659,0.9678948573899169,0.3964424588758377,0.3964424588758377,0.6381507564540275,0.6381507564540275,7,,,,,,,,,,,,,,,,,,,,,,,,,,,,,,0.5028031781681999,,,0.3964424588758377,,0.6381507564540275,,,
B5,composition,classical,44,13,0,153,51,0.7690302996922418,0.7690302996922418,0.7690302996922418,0.9447308755984314,0.48974084489303044,0.48974084489303044,nan,nan,7,,,,,,,,,,,,,,,,,,,,,,,,,,,,,,0.7455295813556443,,,0.48974084489303044,,nan,,,
B5,zz_bytype_r3,quantum,45,13,114,153,51,0.36673193391359554,0.36673193391359554,0.36755862687680285,0.9887764379695879,0.24290605703886275,0.25819621212074023,0.2375776397515528,0.2375776397515528,12,0.8826194079713641,3.0748375127059373,109.67,molecule,zz,0.1,bytype,3,bytype,eig,0,"[0.000,3.142]",none,1,Z,ridge,1,1,adam,adjoint,100,22,0.7426885611304667,0.08717722299838987,8.670959939354113,0.018656837860771283,0.1283669157868965,1.0051899601418937,0.9625370453145851,0.3829569740717421,0.9887764379695879,12,0.24290605703886275,0.3829569740717421,0.2375776397515528,0.988204889887699,12,0.3751102632599647
B5,xy_bytype_r3,quantum,45,13,114,153,51,0.39734691895766144,0.39734691895766144,0.3828647783832266,0.9869571277625212,0.31095615117443326,0.30519004517616405,0.3450310559006211,0.3375776397515528,12,0.9181604617980392,2.2075242278916525,114.78,molecule,xy,0.1,bytype,3,bytype,eig,0,"[0.000,3.142]",none,1,Z,ridge,1,1,adam,adjoint,100,22,0.6847027281667477,0.05603575507878936,6.225159562450259,0.2671250966737694,0.29530691880879756,0.8343223620697507,0.9625370453145851,0.4021392758023506,0.9869571277625212,12,0.31095615117443326,0.4021392758023506,0.3450310559006211,0.987601510301995,12,0.3932203739041714
B5,none_r3,quantum,45,13,92,153,51,0.4707280162902139,0.4707280162902139,0.4817677746907346,0.9778465883508888,0.2768003458693919,0.2526384844350066,0.10341614906832296,0.33695652173913043,12,0.16456278790515916,1.2920174445631767,84.29,molecule,none,0.0,fixed,3,fixed,eig,0,"[0.000,3.142]",none,1,Z,ridge,1,1,adam,adjoint,100,22,0.4739303188597518,0.39593902431541,3.03744490416342,0.0032224201213643965,0.0,0.0,0.9625370453145851,0.40637146086223075,0.9778465883508888,12,0.2768003458693919,0.40637146086223075,0.10341614906832296,0.9786480163339791,12,0.4232441440504624
B5,zz_fixed_r3,quantum,45,13,92,153,51,0.49981164463886185,0.49981164463886185,0.4880044010053047,0.981801615044833,0.3368482256593851,0.330778716423595,0.3,0.1260869565217391,12,0.686974204253123,1.6587197085471161,117.95,molecule,zz,0.1,fixed,3,fixed,eig,0,"[0.000,3.142]",none,1,Z,ridge,1,1,adam,adjoint,100,22,0.7426885611304667,0.23248067783996734,4.065408890702787,0.4057822696634281,0.1,0.06719368409052928,0.9625370453145851,0.47617311046539335,0.981801615044833,12,0.3368482256593851,0.47617311046539335,0.3,0.9823818455158834,12,0.45682968623351544
B5,xy_shuffled_r3,quantum,45,13,114,153,51,0.6598185842351327,0.6598185842351327,0.6621652816081133,0.9653491222859337,0.438618408394784,0.4413551773383375,0.0866459627329192,0.0888198757763975,12,0.8167939947947117,2.1020649808240424,121.95,molecule,xy,0.1,bytype_shuffled,3,bytype_shuffled,eig,0,"[0.000,3.142]",none,1,Z,ridge,1,1,adam,adjoint,100,22,0.6847027281667477,0.12544165158059234,5.92776729284933,0.01107006867875477,0.010121254912922827,0.8405422408827509,0.9625370453145851,0.6109635575622726,0.9653491222859337,12,0.438618408394784,0.6109635575622726,0.0866459627329192,0.9647873718107834,12,0.608666298201693
B5,krr_res,classical,45,13,153,153,51,0.47823035416285853,0.47823035416285853,0.47823035416285853,0.9811713789323633,0.31142040552735223,0.31142040552735223,0.3248447204968944,0.3248447204968944,12,,,,,,,,,,,,,,,,,,,,,,,,,,,,,,0.48518744787451845,,,0.31142040552735223,,0.3248447204968944,,,
B5,krr_cos_cl,classical,45,13,153,153,51,0.4652454411533137,0.4652454411533137,0.4652454411533137,0.9776230137721018,0.32687277476846605,0.32687277476846605,0.21211180124223605,0.21211180124223605,12,,,,,,,,,,,,,,,,,,,,,,,,,,,,,,0.41192838890897265,,,0.32687277476846605,,0.21211180124223605,,,
B5,ridge_raw_eig,classical,45,13,14,153,51,0.4637847087117523,0.4637847087117523,0.4637847087117523,0.9841320670812173,0.3024904104752315,0.3024904104752315,0.15248447204968943,0.15248447204968943,12,,,,,,,,,,,,,,,,,,,,,,,,,,,,,,0.45053169491623574,,,0.3024904104752315,,0.15248447204968943,,,
B5,composition,classical,45,13,0,153,51,0.6799610715763171,0.6799610715763171,0.6799610715763171,0.960987456760548,0.34746805158102767,0.34746805158102767,nan,nan,12,,,,,,,,,,,,,,,,,,,,,,,,,,,,,,0.6119671274453298,,,0.34746805158102767,,nan,,,
B5,zz_bytype_r3,quantum,46,13,114,150,54,0.3669469278790267,0.3669469278790267,0.3570814996835127,0.9874582671212917,0.20139361371331255,0.20003299544731945,0.34583333333333327,0.34583333333333327,11,0.9258985337558873,2.3872228574306917,105.34,molecule,zz,0.1,bytype,3,bytype,eig,0,"[0.000,3.142]",none,1,Z,ridge,1,1,adam,adjoint,100,22,0.4562333357927917,0.03380755913168848,7.423110620802557,0.010386680675408586,0.16228033363293043,0.4663600884071954,0.9557740146845558,0.38050033161125185,0.9874582671212917,11,0.20139361371331255,0.38050033161125185,0.34583333333333327,0.9881302861347452,11,0.3713496732170132
B5,xy_bytype_r3,quantum,46,13,114,150,54,0.3762578749608202,0.3762578749608202,0.3792295421286243,0.9856980082811574,0.30926974925430245,0.3075374959595565,0.04999999999999999,0.06458333333333337,11,0.9328352259186848,2.383344781542911,113.13,molecule,xy,0.1,bytype,3,bytype,eig,0,"[0.000,3.142]",none,1,Z,ridge,1,1,adam,adjoint,100,22,0.5107515514597151,0.03430451256547296,7.411051676987883,0.01566396107202056,0.3918053595884473,0.787281139023535,0.9557740146845558,0.3788699078716385,0.9856980082811574,11,0.30926974925430245,0.3788699078716385,0.04999999999999999,0.985646782350592,11,0.38480752380695726
B5,none_r3,quantum,46,13,92,150,54,0.6146288256207738,0.6146288256207738,0.5849893706226399,0.9725302427797166,0.28585324686067937,0.26388569783363175,0.22336309523809528,0.22336309523809528,11,0.3461502554526148,1.0292314935342401,82.01,molecule,none,0.0,fixed,3,fixed,eig,0,"[0.000,3.142]",none,1,Z,ridge,1,1,adam,adjoint,100,22,0.48464012049415395,0.31688181898251655,2.7176607069630716,0.003852299123455347,0.0,0.0,0.9557740146845558,0.573797108193074,0.9725302427797166,11,0.28585324686067937,0.573797108193074,0.22336309523809528,0.9760862139489008,11,0.544584938579039
B5,zz_fixed_r3,quantum,46,13,92,150,54,0.6179741877452243,0.6179741877452243,0.5612796682984753,0.9726570718875134,0.3566475255049581,0.34277766037712737,0.11874999999999997,0.21875,11,0.4878253733916837,1.6000923811623113,114.29,molecule,zz,0.1,fixed,3,fixed,eig,0,"[0.000,3.142]",none,1,Z,ridge,1,1,adam,adjoint,100,22,0.4562333357927917,0.23367113840593967,4.385014223985455,0.244062251313149,0.1,0.06719368409052928,0.9557740146845558,0.5864655228512249,0.9726570718875134,11,0.3566475255049581,0.5864655228512249,0.11874999999999997,0.9761977896085724,11,0.5288655069819667
B5,xy_shuffled_r3,quantum,46,13,114,150,54,0.7938023884328472,0.7938023884328472,0.7505062719405109,0.9344881063986259,0.5487693665796086,0.5084848314226874,0.4418154761904762,0.4147321428571428,11,0.7389792500920244,1.8048239364923253,120.82,molecule,xy,0.1,bytype_shuffled,3,bytype_shuffled,eig,0,"[0.000,3.142]",none,1,Z,ridge,1,1,adam,adjoint,100,22,0.5107515514597151,0.13331675297867684,5.612131138051415,0.7494238134367177,0.12711716422357558,0.4272607580639827,0.9557740146845558,0.8033959902597112,0.9344881063986259,11,0.5487693665796086,0.8033959902597112,0.4418154761904762,0.943619042645416,11,0.7589216601945231
B5,krr_res,classical,46,13,150,150,54,0.4130099876126928,0.4130099876126928,0.4130099876126928,0.9858931640537111,0.25101220815613184,0.25101220815613184,0.23482142857142854,0.23482142857142854,11,,,,,,,,,,,,,,,,,,,,,,,,,,,,,,0.4099591233498878,,,0.25101220815613184,,0.23482142857142854,,,
B5,krr_cos_cl,classical,46,13,150,150,54,0.607400422468844,0.607400422468844,0.607400422468844,0.9767689547452598,0.27867934960572366,0.27867934960572366,0.05208333333333335,0.05208333333333335,11,,,,,,,,,,,,,,,,,,,,,,,,,,,,,,0.585800231293569,,,0.27867934960572366,,0.05208333333333335,,,
B5,ridge_raw_eig,classical,46,13,14,150,54,0.5622234438442226,0.5622234438442226,0.5622234438442226,0.9779740629039472,0.3021024779020931,0.3021024779020931,0.13660714285714284,0.13660714285714284,11,,,,,,,,,,,,,,,,,,,,,,,,,,,,,,0.5313822924516521,,,0.3021024779020931,,0.13660714285714284,,,
B5,composition,classical,46,13,0,150,54,0.5891061891390414,0.5891061891390414,0.5891061891390414,0.9742663836279389,0.2951081552669552,0.2951081552669552,nan,nan,11,,,,,,,,,,,,,,,,,,,,,,,,,,,,,,0.5825821579870549,,,0.2951081552669552,,nan,,,
B5,zz_bytype_r3,quantum,47,13,114,163,41,0.47155854512555817,0.47155854512555817,0.46122951353024055,0.9776143239941815,0.394096983117752,0.38380505478920907,0.05757575757575761,0.05757575757575761,9,0.8924545176439438,2.3744953256835335,115.69,molecule,zz,0.1,bytype,3,bytype,eig,0,"[0.000,3.142]",none,1,Z,ridge,1,1,adam,adjoint,100,22,0.5320626453497631,0.05722093383777956,6.986549836027073,0.5832491166756956,0.012357526408997727,0.6220460758226347,0.9583282748595388,0.47182847903673797,0.9776143239941815,9,0.394096983117752,0.47182847903673797,0.05757575757575761,0.9782216140803116,9,0.46123211728181185
B5,xy_bytype_r3,quantum,47,13,114,163,41,0.47953066401305633,0.47953066401305633,0.4816842025584438,0.9709268171722398,0.3220446256381103,0.32013294213485743,0.5606060606060606,0.5363636363636364,9,0.9320793027388713,2.7173333455526523,122.9,molecule,xy,0.1,bytype,3,bytype,eig,0,"[0.000,3.142]",none,1,Z,ridge,1,1,adam,adjoint,100,22,0.4936173060686371,0.033526831608341794,7.995292572048642,0.026373016589492888,0.48140834791330017,1.3395009816799,0.9583282748595388,0.41887460525834197,0.9709268171722398,9,0.3220446256381103,0.41887460525834197,0.5606060606060606,0.9704207485532825,9,0.41884982996107223
B5,none_r3,quantum,47,13,92,163,41,0.6694915009871272,0.6694915009871272,0.5038814650970387,0.9550444338293491,0.38301342512738584,0.34341583738404197,0.29999999999999993,0.12121212121212124,9,0.32372488172219654,1.3086091925911976,89.85,molecule,none,0.0,fixed,3,fixed,eig,0,"[0.000,3.142]",none,1,Z,ridge,1,1,adam,adjoint,100,22,0.5165330479251765,0.34931844807999307,3.236568521139002,0.0235027673006405,0.0,0.0,0.9583282748595388,0.5545764746622066,0.9550444338293491,9,0.38301342512738584,0.5545764746622066,0.29999999999999993,0.9835433984698065,9,0.5122333626722443
B5,zz_fixed_r3,quantum,47,13,92,163,41,0.6465541190932229,0.6465541190932229,0.6269685649682327,0.9647465583069642,0.4216145417724949,0.417358058563329,0.2333333333333333,0.2333333333333333,9,0.6026518611350776,2.1635926950389037,126.24,molecule,zz,0.1,fixed,3,fixed,eig,0,"[0.000,3.142]",none,1,Z,ridge,1,1,adam,adjoint,100,22,0.5320626453497631,0.21141410188927562,5.56754895162986,0.2864441998405326,0.1,0.06719368409052928,0.9583282748595388,0.621755617145886,0.9647465583069642,9,0.4216145417724949,0.621755617145886,0.2333333333333333,0.9708688673913836,9,0.6237305645535183
B5,xy_shuffled_r3,quantum,47,13,114,163,41,0.5486272703752769,0.5486272703752769,0.5499117537298239,0.9788464626994976,0.4365059919940182,0.4399901907800497,0.4636363636363637,0.4636363636363637,9,0.8132741484968721,2.0753331813769065,129.73,molecule,xy,0.1,bytype_shuffled,3,bytype_shuffled,eig,0,"[0.000,3.142]",none,1,Z,ridge,1,1,adam,adjoint,100,22,0.4936173060686371,0.09217111179234641,6.10631595742413,0.20443241686476502,0.3004865209623628,0.3152887181755134,0.9583282748595388,0.5187817410989445,0.9788464626994976,9,0.4365059919940182,0.5187817410989445,0.4636363636363637,0.9788059663031755,9,0.5241111270898389
B5,krr_res,classical,47,13,163,163,41,0.545813562827144,0.545813562827144,0.545813562827144,0.9794572691741533,0.23118433247420755,0.23118433247420755,0.490909090909091,0.490909090909091,9,,,,,,,,,,,,,,,,,,,,,,,,,,,,,,0.48094384123343176,,,0.23118433247420755,,0.490909090909091,,,
B5,krr_cos_cl,classical,47,13,163,163,41,0.5026228166386478,0.5026228166386478,0.5026228166386478,0.9822431918450386,0.37864999996040766,0.37864999996040766,0.21515151515151515,0.21515151515151515,9,,,,,,,,,,,,,,,,,,,,,,,,,,,,,,0.5228336425289735,,,0.37864999996040766,,0.21515151515151515,,,
B5,ridge_raw_eig,classical,47,13,14,163,41,0.6306254207297574,0.6306254207297574,0.6306254207297574,0.9743467622690984,0.3421788370645212,0.3421788370645212,0.3242424242424242,0.3242424242424242,9,,,,,,,,,,,,,,,,,,,,,,,,,,,,,,0.6115682479941693,,,0.3421788370645212,,0.3242424242424242,,,
B5,composition,classical,47,13,0,163,41,0.7216995506084545,0.7216995506084545,0.7216995506084545,0.9688319014550455,0.48546297676767686,0.48546297676767686,nan,nan,9,,,,,,,,,,,,,,,,,,,,,,,,,,,,,,0.7407794279047966,,,0.48546297676767686,,nan,,,
B5,zz_bytype_r3,quantum,48,13,114,156,48,0.3509463533587535,0.3509463533587535,0.3483389609522887,0.9878720165227358,0.27442339674268584,0.2731763522776034,0.529695885509839,0.5135957066189625,9,0.9171804626198587,2.3451831591806274,112.32,molecule,zz,0.1,bytype,3,bytype,eig,0,"[0.000,3.142]",none,1,Z,ridge,1,1,adam,adjoint,100,22,0.47232543282301154,0.039117773839276795,7.056375829956844,0.01885225039527543,0.1911192426344521,0.48119843068340956,0.9630952339677498,0.3717881959538034,0.9878720165227358,9,0.27442339674268584,0.3717881959538034,0.529695885509839,0.9876214340061101,9,0.3721112097947666
B5,xy_bytype_r3,quantum,48,13,114,156,48,0.7849656285859526,0.7849656285859526,0.7502967483427333,0.9331633590478737,0.5114560379149984,0.47266857710626164,0.07602862254025045,0.10322003577817532,9,0.9070967972764402,2.1390520079267774,117.48,molecule,xy,0.1,bytype,3,bytype,eig,0,"[0.000,3.142]",none,1,Z,ridge,1,1,adam,adjoint,100,22,0.6389899307293527,0.0593642110728625,6.436151832605166,0.020929519839588465,0.20939325273508197,0.5877496957772229,0.9630952339677498,0.8350399774220715,0.9331633590478737,9,0.5114560379149984,0.8350399774220715,0.07602862254025045,0.939370251326894,9,0.7949586524160845
B5,none_r3,quantum,48,13,92,156,48,0.5449394917735776,0.5449394917735776,0.5602926721860252,0.9731898211687785,0.2987833962678582,0.3033125448780097,0.39132379248658317,0.39132379248658317,9,0.4615913018861374,0.9118220586401734,85.41,molecule,none,0.0,fixed,3,fixed,eig,0,"[0.000,3.142]",none,1,Z,ridge,1,1,adam,adjoint,100,22,0.5492852552764061,0.2957399591865105,2.315881138182129,0.00685411317145797,0.0,0.0,0.9630952339677498,0.5649183062975902,0.9731898211687785,9,0.2987833962678582,0.5649183062975902,0.39132379248658317,0.9729246997790726,9,0.5838215531624042
B5,zz_fixed_r3,quantum,48,13,92,156,48,0.5206990809411352,0.5206990809411352,0.5155160695687931,0.9771257128143601,0.3209090519418487,0.3315484390048538,0.2824686940966011,0.3144007155635063,9,0.49096433150981494,1.6031650815500895,117.54,molecule,zz,0.1,fixed,3,fixed,eig,0,"[0.000,3.142]",none,1,Z,ridge,1,1,adam,adjoint,100,22,0.47232543282301154,0.24043049244197767,4.232097552025546,0.12085907755382848,0.1,0.06719368409052928,0.9630952339677498,0.5164758136762269,0.9771257128143601,9,0.3209090519418487,0.5164758136762269,0.2824686940966011,0.9776799045471032,9,0.5108753247604005
B5,xy_shuffled_r3,quantum,48,13,114,156,48,0.642552621255752,0.642552621255752,0.6378835501533741,0.9606149653466033,0.4921256546507483,0.49202563552991524,0.2602862254025045,0.22540250447227198,9,0.8066397057548225,1.6518537770085095,123.37,molecule,xy,0.1,bytype_shuffled,3,bytype_shuffled,eig,0,"[0.000,3.142]",none,1,Z,ridge,1,1,adam,adjoint,100,22,0.6389899307293527,0.12355528102553325,4.970230585647835,0.012591494248600775,0.178827139346733,0.5873487278275958,0.9630952339677498,0.659651387656305,0.9606149653466033,9,0.4921256546507483,0.659651387656305,0.2602862254025045,0.9597670273660582,9,0.6573365699130984
B5,krr_res,classical,48,13,156,156,48,0.4412714652976704,0.4412714652976704,0.4412714652976704,0.9806764037257059,0.3371653185954745,0.3371653185954745,0.24320214669051876,0.24320214669051876,9,,,,,,,,,,,,,,,,,,,,,,,,,,,,,,0.42899412118119024,,,0.3371653185954745,,0.24320214669051876,,,
B5,krr_cos_cl,classical,48,13,156,156,48,0.5440836140840334,0.5440836140840334,0.5440836140840334,0.9735318210512438,0.33639507904003607,0.33639507904003607,0.3040250447227192,0.3040250447227192,9,,,,,,,,,,,,,,,,,,,,,,,,,,,,,,0.5602140874234828,,,0.33639507904003607,,0.3040250447227192,,,
B5,ridge_raw_eig,classical,48,13,14,156,48,0.5336021071205592,0.5336021071205592,0.5336021071205592,0.9735736415058466,0.2694430457300343,0.2694430457300343,0.5735241502683364,0.5735241502683364,9,,,,,,,,,,,,,,,,,,,,,,,,,,,,,,0.5353846167286693,,,0.2694430457300343,,0.5735241502683364,,,
B5,composition,classical,48,13,0,156,48,0.6909050463002021,0.6909050463002021,0.6909050463002021,0.959185348699178,0.47453321705426316,0.47453321705426316,nan,nan,9,,,,,,,,,,,,,,,,,,,,,,,,,,,,,,0.6940896176846315,,,0.47453321705426316,,nan,,,
B5,zz_bytype_r3,quantum,49,13,114,157,47,0.32124749657320084,0.32124749657320084,0.33391716078421996,0.9943863602407959,0.1981617737163644,0.2049936081123269,0.3589700996677741,0.34152823920265785,11,0.9181978271617476,2.3728530323628982,112.9,molecule,zz,0.1,bytype,3,bytype,eig,0,"[0.000,3.142]",none,1,Z,ridge,1,1,adam,adjoint,100,22,0.7001938203665639,0.05727737591390193,7.1163534670890165,0.026447184091648267,0.15840621292267534,0.5955822926340522,0.9605883134480587,0.30751053735064443,0.9943863602407959,11,0.1981617737163644,0.30751053735064443,0.3589700996677741,0.9940310258252637,11,0.3163197898384802
B5,xy_bytype_r3,quantum,49,13,114,157,47,0.4317138361692978,0.4317138361692978,0.4361163259060904,0.9851216303545964,0.2594166075235562,0.26263689191331824,0.12475083056478406,0.10880398671096346,11,0.9508687873704249,2.719718353199504,117.09,molecule,xy,0.1,bytype,3,bytype,eig,0,"[0.000,3.142]",none,1,Z,ridge,1,1,adam,adjoint,100,22,0.6389462683774374,0.031392204970525465,8.156627009058223,0.01073627472761488,0.3325833167282191,0.5857905227716061,0.9605883134480587,0.41905902189295435,0.9851216303545964,11,0.2594166075235562,0.41905902189295435,0.12475083056478406,0.984774416068092,11,0.4230513516053752
B5,none_r3,quantum,49,13,92,157,47,0.5438000403547583,0.5438000403547583,0.4373959794860472,0.9574257963740349,0.22799525255472483,0.2054619348328228,0.431063122923588,0.5705980066445182,11,0.381851370600053,0.852467340556186,85.91,molecule,none,0.0,fixed,3,fixed,eig,0,"[0.000,3.142]",none,1,Z,ridge,1,1,adam,adjoint,100,22,0.6603205457375628,0.4081762403122995,2.1567670057161665,0.03839532456191076,0.0,0.0,0.9605883134480587,0.3587151789779954,0.9574257963740349,11,0.22799525255472483,0.3587151789779954,0.431063122923588,0.9862705781452978,11,0.3885403947358085
B5,zz_fixed_r3,quantum,49,13,92,157,47,0.534740940376374,0.534740940376374,0.5263731449831793,0.983241181164182,0.3167712656736578,0.296639773960501,0.13621262458471767,0.1267441860465116,11,0.6292992023559216,2.115051740175786,118.61,molecule,zz,0.1,fixed,3,fixed,eig,0,"[0.000,3.142]",none,1,Z,ridge,1,1,adam,adjoint,100,22,0.7001938203665639,0.2595624077153398,5.56264719620633,0.08517850877694053,0.1,0.06719368409052928,0.9605883134480587,0.5054226523206895,0.983241181164182,11,0.3167712656736578,0.5054226523206895,0.13621262458471767,0.9838812139249452,11,0.49195098356631467
B5,xy_shuffled_r3,quantum,49,13,114,157,47,0.5823008555984548,0.5823008555984548,0.5921278353677171,0.9768271751006052,0.33535602376217305,0.3420986410687018,0.25465116279069766,0.23970099667774086,11,0.8109882153359627,2.3111918357069388,124.18,molecule,xy,0.1,bytype_shuffled,3,bytype_shuffled,eig,0,"[0.000,3.142]",none,1,Z,ridge,1,1,adam,adjoint,100,22,0.6389462683774374,0.12076837449044643,6.93142719284331,0.30260658836280846,0.3014588917501814,0.7959667699339906,0.9605883134480587,0.5321896084431337,0.9768271751006052,11,0.33535602376217305,0.5321896084431337,0.25465116279069766,0.9759878982431874,11,0.5356233853687621
B5,krr_res,classical,49,13,157,157,47,0.5406613067093046,0.5406613067093046,0.5406613067093046,0.9802602323437338,0.3413679621389524,0.3413679621389524,0.012956810631229231,0.012956810631229231,11,,,,,,,,,,,,,,,,,,,,,,,,,,,,,,0.5441379235067112,,,0.3413679621389524,,0.012956810631229231,,,
B5,krr_cos_cl,classical,49,13,157,157,47,0.3216290440479781,0.3216290440479781,0.3216290440479781,0.992624226772238,0.21918335682889195,0.21918335682889195,0.0812292358803987,0.0812292358803987,11,,,,,,,,,,,,,,,,,,,,,,,,,,,,,,0.2808266810642427,,,0.21918335682889195,,0.0812292358803987,,,
B5,ridge_raw_eig,classical,49,13,14,157,47,0.4760581643108983,0.4760581643108983,0.4760581643108983,0.9855159681403237,0.2496849605068521,0.2496849605068521,0.1833887043189369,0.1833887043189369,11,,,,,,,,,,,,,,,,,,,,,,,,,,,,,,0.47282278243043946,,,0.2496849605068521,,0.1833887043189369,,,
B5,composition,classical,49,13,0,157,47,0.7177252629558729,0.7177252629558729,0.7177252629558729,0.9657966054808863,0.31482599612403067,0.31482599612403067,nan,nan,11,,,,,,,,,,,,,,,,,,,,,,,,,,,,,,0.7083759208545863,,,0.31482599612403067,,nan,,,
B5,zz_bytype_r3,quantum,50,13,114,158,46,0.37126204976600297,0.37126204976600297,0.37201742093503215,0.9831621892454199,0.2813067585274403,0.27929068408682906,0.5875457875457876,0.5692307692307691,6,0.9396666427396918,2.3390652069750013,111.36,molecule,zz,0.1,bytype,3,bytype,eig,0,"[0.000,3.142]",none,1,Z,ridge,1,1,adam,adjoint,100,22,0.5049815693699171,0.030467233434666327,7.357266057442423,0.010549976348093567,0.11503221953682638,0.45878517842399374,0.9614430051083583,0.3877437677686407,0.9831621892454199,6,0.2813067585274403,0.3877437677686407,0.5875457875457876,0.9831847508354767,6,0.3916264598794494
B5,xy_bytype_r3,quantum,50,13,114,158,46,0.41550390223568656,0.41550390223568656,0.4177646314415286,0.9781630598201052,0.357450528867561,0.35664131781429903,0.5090354090354091,0.4870573870573871,6,0.8420412264232334,2.8457735447293837,116.99,molecule,xy,0.1,bytype,3,bytype,eig,0,"[0.000,3.142]",none,1,Z,ridge,1,1,adam,adjoint,100,22,0.4352910396106758,0.06875803876585805,8.951060041152957,0.031656553583955034,-0.0792508838225736,1.536537601871042,0.9614430051083583,0.40878674804676435,0.9781630598201052,6,0.357450528867561,0.40878674804676435,0.5090354090354091,0.977992638891799,6,0.4101796533725532
B5,none_r3,quantum,50,13,92,158,46,0.3589512160249444,0.3589512160249444,0.40020063005088014,0.9862230043619674,0.303843666896001,0.3060384953258351,0.44554334554334557,0.46880341880341875,6,0.2869136694629605,1.215584887574525,86.77,molecule,none,0.0,fixed,3,fixed,eig,0,"[0.000,3.142]",none,1,Z,ridge,1,1,adam,adjoint,100,22,0.5127431058003766,0.3656300998233556,3.2533254480280993,0.0010453223962658422,0.0,0.0,0.9614430051083583,0.3613571700444512,0.9862230043619674,6,0.303843666896001,0.3613571700444512,0.44554334554334557,0.9839810553429219,6,0.40017329283487324
B5,zz_fixed_r3,quantum,50,13,92,158,46,0.40568064084304145,0.40568064084304145,0.4205236538144719,0.9826348265198328,0.3883641726009006,0.3737192085891755,0.38815628815628817,0.3706959706959707,6,0.463782441652049,1.6038336391329635,119.37,molecule,zz,0.1,fixed,3,fixed,eig,0,"[0.000,3.142]",none,1,Z,ridge,1,1,adam,adjoint,100,22,0.5049815693699171,0.2707799841382534,4.452796708246597,0.2779564285728026,0.1,0.06719368409052928,0.9614430051083583,0.4105556971035651,0.9826348265198328,6,0.3883641726009006,0.4105556971035651,0.38815628815628817,0.982260929887979,6,0.4208221397426469
B5,xy_shuffled_r3,quantum,50,13,114,158,46,0.7387423370682182,0.7387423370682182,0.6690258672764308,0.8142952244497396,0.3993331404787287,0.3967991605623743,0.45164835164835165,0.4470695970695971,6,0.6341167453967982,2.3269857193374843,125.36,molecule,xy,0.1,bytype_shuffled,3,bytype_shuffled,eig,0,"[0.000,3.142]",none,1,Z,ridge,1,1,adam,adjoint,100,22,0.4352910396106758,0.15926570227236533,7.319271390119004,0.13539101534702908,0.4601606025938836,1.2333141801013874,0.9614430051083583,0.5299824605289638,0.8142952244497396,6,0.3993331404787287,0.5299824605289638,0.45164835164835165,0.9006689844452243,6,0.5305940112220082
B5,krr_res,classical,50,13,158,158,46,0.418990264440855,0.418990264440855,0.418990264440855,0.9744809000256521,0.354726359745611,0.354726359745611,0.27655677655677663,0.27655677655677663,6,,,,,,,,,,,,,,,,,,,,,,,,,,,,,,0.43646718317984834,,,0.354726359745611,,0.27655677655677663,,,
B5,krr_cos_cl,classical,50,13,158,158,46,0.5065158893511115,0.5065158893511115,0.5065158893511115,0.9662576500478196,0.4523732321865394,0.4523732321865394,0.3882173382173382,0.3882173382173382,6,,,,,,,,,,,,,,,,,,,,,,,,,,,,,,0.5521559913409001,,,0.4523732321865394,,0.3882173382173382,,,
B5,ridge_raw_eig,classical,50,13,14,158,46,0.3764909598104941,0.3764909598104941,0.3764909598104941,0.9834837514058204,0.29247251375718464,0.29247251375718464,0.4617216117216118,0.4617216117216118,6,,,,,,,,,,,,,,,,,,,,,,,,,,,,,,0.386821141826499,,,0.29247251375718464,,0.4617216117216118,,,
B5,composition,classical,50,13,0,158,46,0.5619858893666619,0.5619858893666619,0.5619858893666619,0.9656223691781873,0.3709228056729583,0.3709228056729583,nan,nan,6,,,,,,,,,,,,,,,,,,,,,,,,,,,,,,0.5690653125954549,,,0.3709228056729583,,nan,,,
B5,zz_bytype_r3,quantum,51,13,114,154,50,0.5790406078044128,0.5790406078044128,0.5731351310680962,0.9692669681024343,0.4432087268293394,0.43888005386916973,0.6056547619047619,0.6041666666666666,11,0.8637357918800644,2.103493636965473,109.21,molecule,zz,0.1,bytype,3,bytype,eig,0,"[0.000,3.142]",none,1,Z,ridge,1,1,adam,adjoint,100,22,0.582637351506814,0.0793926173241726,7.236499049451707,0.0783278201355875,0.049083705905519276,0.6992623726168848,0.9666560679620392,0.5432083496222266,0.9692669681024343,11,0.4432087268293394,0.5432083496222266,0.6056547619047619,0.9700563551501162,11,0.5379190474818174
B5,xy_bytype_r3,quantum,51,13,114,154,50,0.44950002062457783,0.44950002062457783,0.4279410080859444,0.9763301330453787,0.22801902197600935,0.23103711592544288,0.78125,0.78125,11,0.9446324527190159,2.2172365232712883,114.81,molecule,xy,0.1,bytype,3,bytype,eig,0,"[0.000,3.142]",none,1,Z,ridge,1,1,adam,adjoint,100,22,0.5710630915806739,0.031618362723517965,7.627800584274194,0.017507436915319304,-0.019966872815508283,0.5550842214111614,0.9666560679620392,0.4294726155157076,0.9763301330453787,11,0.22801902197600935,0.4294726155157076,0.78125,0.9787706838546895,11,0.41036482577551936
B5,none_r3,quantum,51,13,92,154,50,0.45376012333123256,0.45376012333123256,0.49248259361683466,0.9730840240606909,0.32880772936165803,0.32574142434695225,0.4505952380952381,0.4133928571428572,11,0.37695973175866626,0.9174688243836535,83.73,molecule,none,0.0,fixed,3,fixed,eig,0,"[0.000,3.142]",none,1,Z,ridge,1,1,adam,adjoint,100,22,0.5737096526770777,0.35744421589656894,2.7259715006877814,0.016571140574236105,0.0,0.0,0.9666560679620392,0.3961646020771397,0.9730840240606909,11,0.32880772936165803,0.3961646020771397,0.4505952380952381,0.9710238874045707,11,0.4409078605984056
B5,zz_fixed_r3,quantum,51,13,92,154,50,0.4960277261347255,0.4960277261347255,0.5008872603810025,0.9752559114316321,0.3326387866189025,0.3133668481409814,0.4238095238095238,0.42470238095238094,11,0.5761496154010757,1.3844290205462766,118.31,molecule,zz,0.1,fixed,3,fixed,eig,0,"[0.000,3.142]",none,1,Z,ridge,1,1,adam,adjoint,100,22,0.582637351506814,0.24695106551786175,4.251840495994157,0.34363180974123064,0.1,0.06719368409052928,0.9666560679620392,0.4630497780614077,0.9752559114316321,11,0.3326387866189025,0.4630497780614077,0.4238095238095238,0.975070224390549,11,0.4618120929438572
B5,xy_shuffled_r3,quantum,51,13,114,154,50,0.6328271354938529,0.6328271354938529,0.6223911198127436,0.952184372349445,0.26877185043467494,0.26457038320439336,0.5651785714285714,0.5889880952380953,11,0.8115038378174597,1.7147534550324237,122.44,molecule,xy,0.1,bytype_shuffled,3,bytype_shuffled,eig,0,"[0.000,3.142]",none,1,Z,ridge,1,1,adam,adjoint,100,22,0.5710630915806739,0.10764320112705354,5.899143942877467,0.12191902019289183,0.04573921558030873,0.6954543638312142,0.9666560679620392,0.605953062311806,0.952184372349445,11,0.26877185043467494,0.605953062311806,0.5651785714285714,0.9519285905120334,11,0.5959164803166516
B5,krr_res,classical,51,13,154,154,50,0.4789273590529292,0.4789273590529292,0.4789273590529292,0.9787635696360371,0.36192637330661387,0.36192637330661387,0.08035714285714284,0.08035714285714284,11,,,,,,,,,,,,,,,,,,,,,,,,,,,,,,0.5043384108914143,,,0.36192637330661387,,0.08035714285714284,,,
B5,krr_cos_cl,classical,51,13,154,154,50,0.5054865940567294,0.5054865940567294,0.5054865940567294,0.9696495924609099,0.3213639276580375,0.3213639276580375,0.44226190476190474,0.44226190476190474,11,,,,,,,,,,,,,,,,,,,,,,,,,,,,,,0.45277902939172743,,,0.3213639276580375,,0.44226190476190474,,,
B5,ridge_raw_eig,classical,51,13,14,154,50,0.5438241452452642,0.5438241452452642,0.5438241452452642,0.9688561268918111,0.33128480377783953,0.33128480377783953,0.5372023809523809,0.5372023809523809,11,,,,,,,,,,,,,,,,,,,,,,,,,,,,,,0.48666146069485905,,,0.33128480377783953,,0.5372023809523809,,,
B5,composition,classical,51,13,0,154,50,0.7217365226551843,0.7217365226551843,0.7217365226551843,0.9444785874957022,0.3947950554487171,0.3947950554487171,nan,nan,11,,,,,,,,,,,,,,,,,,,,,,,,,,,,,,0.7074682383759833,,,0.3947950554487171,,nan,,,
B5,zz_bytype_r3,quantum,52,13,114,155,49,0.41007393907366674,0.41007393907366674,0.4102776812483351,0.9886847193735268,0.22573636103792635,0.2149047396515381,0.296234772978959,0.40254706533776297,11,0.8954916130657489,2.4975929924729208,111.24,molecule,zz,0.1,bytype,3,bytype,eig,0,"[0.000,3.142]",none,1,Z,ridge,1,1,adam,adjoint,100,22,0.5652351907320723,0.059071818021882674,7.150537779542261,0.045800764971021125,0.15198540916116743,0.5681994631084962,0.9636189315208242,0.3466707911397914,0.9886847193735268,11,0.22573636103792635,0.3466707911397914,0.296234772978959,0.9888010327006338,11,0.3382542411073171
B5,xy_bytype_r3,quantum,52,13,114,155,49,0.9539778398772778,0.9539778398772778,0.8174263137353439,0.7620345164174311,0.7365119953679122,0.5134461520942167,0.06411960132890364,0.05614617940199332,11,0.9130333135354155,3.7528707649955826,116.54,molecule,xy,0.1,bytype,3,bytype,eig,0,"[0.000,3.142]",none,1,Z,ridge,1,1,adam,adjoint,100,22,0.699487569524336,0.06083211614469723,10.744362379184377,0.016600968344103025,-0.3160664372491229,1.4700669803915123,0.9636189315208242,1.0141182019869,0.7620345164174311,11,0.7365119953679122,1.0141182019869,0.06411960132890364,0.8876266615498396,11,0.8596032030497094
B5,none_r3,quantum,52,13,92,155,49,0.9436119471051615,0.9436119471051615,0.5976905617142809,0.6323971649688345,0.32141937809032267,0.32710874896402314,0.22535991140642303,0.21860465116279065,11,0.30065044215851666,1.3824046683948785,84.42,molecule,none,0.0,fixed,3,fixed,eig,0,"[0.000,3.142]",none,1,Z,ridge,1,1,adam,adjoint,100,22,0.4277786157375412,0.29916678577009126,3.309380026474178,0.004838323311348354,0.0,0.0,0.9636189315208242,0.48354575193215465,0.6323971649688345,11,0.32141937809032267,0.48354575193215465,0.22535991140642303,0.9768555585648252,11,0.5081223440451789
B5,zz_fixed_r3,quantum,52,13,92,155,49,1.005609749492401,1.005609749492401,0.6238784435197342,0.5246633465058368,0.270981510817444,0.27915390290577097,0.4064230343300111,0.4117386489479513,11,0.6320235495378849,1.9396339495216641,118.25,molecule,zz,0.1,fixed,3,fixed,eig,0,"[0.000,3.142]",none,1,Z,ridge,1,1,adam,adjoint,100,22,0.5652351907320723,0.20799323916186466,4.837311321917254,0.16133408802271318,0.1,0.06719368409052928,0.9636189315208242,0.4751275086306277,0.5246633465058368,11,0.270981510817444,0.4751275086306277,0.4064230343300111,0.9726770102012293,11,0.4793108546315099
B5,xy_shuffled_r3,quantum,52,13,114,155,49,1.3004235072419168,1.3004235072419168,0.709808035806203,0.10724622450084176,0.45847337998693355,0.45450202621045777,0.14296788482834993,0.026024363233665554,11,0.7705231471287931,2.36074878002648,123.53,molecule,xy,0.1,bytype_shuffled,3,bytype_shuffled,eig,0,"[0.000,3.142]",none,1,Z,ridge,1,1,adam,adjoint,100,22,0.699487569524336,0.16051620607697417,6.7587566871229,0.0241110808651243,-0.09849053779124381,0.44165895294249496,0.9636189315208242,0.6216931720038199,0.10724622450084176,11,0.45847337998693355,0.6216931720038199,0.14296788482834993,0.9674137408819969,11,0.6267640455619604
B5,krr_res,classical,52,13,155,155,49,0.5993402139077388,0.5993402139077388,0.5993402139077388,0.9693298060168762,0.33641235862478525,0.33641235862478525,0.1163898117386489,0.1163898117386489,11,,,,,,,,,,,,,,,,,,,,,,,,,,,,,,0.592311052584647,,,0.33641235862478525,,0.1163898117386489,,,
B5,krr_cos_cl,classical,52,13,155,155,49,0.5710720720271207,0.5710720720271207,0.5710720720271207,0.9728495939110613,0.342270061161593,0.342270061161593,0.22834994462901437,0.22834994462901437,11,,,,,,,,,,,,,,,,,,,,,,,,,,,,,,0.4952718674749412,,,0.342270061161593,,0.22834994462901437,,,
B5,ridge_raw_eig,classical,52,13,14,155,49,0.8093936856313851,0.8093936856313851,0.8093936856313851,0.7774655903047092,0.3432413369591296,0.3432413369591296,0.22392026578073088,0.22392026578073088,11,,,,,,,,,,,,,,,,,,,,,,,,,,,,,,0.4840257940124322,,,0.3432413369591296,,0.22392026578073088,,,
B5,composition,classical,52,13,0,155,49,0.7395693397268341,0.7395693397268341,0.7395693397268341,0.9554776383345222,0.3725917131782943,0.3725917131782943,nan,nan,11,,,,,,,,,,,,,,,,,,,,,,,,,,,,,,0.6757954298332438,,,0.3725917131782943,,nan,,,
B5,zz_bytype_r3,quantum,53,13,114,157,47,0.4005256017802898,0.4005256017802898,0.3894909163721843,0.9758104901259788,0.2958485923585148,0.2822732055630758,0.38658536585365855,0.4414634146341464,10,0.8291475279181907,1.9730136464153072,112.15,molecule,zz,0.1,bytype,3,bytype,eig,0,"[0.000,3.142]",none,1,Z,ridge,1,1,adam,adjoint,100,22,0.5167255235803005,0.08828383309146162,6.920103324014313,0.18763290827595036,0.2504606080680623,0.3944143537080407,0.9716311660434237,0.3918712987056232,0.9758104901259788,10,0.2958485923585148,0.3918712987056232,0.38658536585365855,0.9766164770937339,10,0.38719822719708114
B5,xy_bytype_r3,quantum,53,13,114,157,47,0.43431381119292634,0.43431381119292634,0.4318134444465645,0.9672466620600424,0.33344517810478874,0.320869140504475,0.4841463414634147,0.49024390243902444,10,0.9085111350339689,2.207610802783137,118.68,molecule,xy,0.1,bytype,3,bytype,eig,0,"[0.000,3.142]",none,1,Z,ridge,1,1,adam,adjoint,100,22,0.6034693369971803,0.05521072468367538,7.742924070609192,0.8815814001629131,0.01642100395423636,0.781388258709026,0.9716311660434237,0.41511691152271346,0.9672466620600424,10,0.33344517810478874,0.41511691152271346,0.4841463414634147,0.9681778410705476,10,0.41179760843481683
B5,none_r3,quantum,53,13,92,157,47,0.6620528084441855,0.6620528084441855,0.6784022599464735,0.9297189835464712,0.44253455010784826,0.437616585313105,-0.12804878048780485,-0.12804878048780485,10,0.3152390593395878,0.9855311323400231,85.97,molecule,none,0.0,fixed,3,fixed,eig,0,"[0.000,3.142]",none,1,Z,ridge,1,1,adam,adjoint,100,22,0.5320337032507445,0.3643158991010224,2.994374470490054,0.02889633628329805,0.0,0.0,0.9716311660434237,0.6027245568242171,0.9297189835464712,10,0.44253455010784826,0.6027245568242171,-0.12804878048780485,0.9291299226002697,10,0.6267050758248135
B5,zz_fixed_r3,quantum,53,13,92,157,47,0.5343973338732532,0.5343973338732532,0.5241602915489539,0.9655508815236755,0.34348356019914955,0.36563984006899064,0.10121951219512192,0.1439024390243902,10,0.6552061302509954,1.3252020254523877,119.69,molecule,zz,0.1,fixed,3,fixed,eig,0,"[0.000,3.142]",none,1,Z,ridge,1,1,adam,adjoint,100,22,0.5167255235803005,0.17816379287333234,4.158928890248946,0.34167071887022277,0.1,0.06719368409052928,0.9716311660434237,0.5147265336776642,0.9655508815236755,10,0.34348356019914955,0.5147265336776642,0.10121951219512192,0.9637511601886054,10,0.5148671966483859
B5,xy_shuffled_r3,quantum,53,13,114,157,47,0.6591176721984623,0.6591176721984623,0.6565133034798726,0.9409203736502629,0.48492967725601754,0.4596799712552527,0.25121951219512195,0.2207317073170732,10,0.760458804894395,2.6507112181047154,125.04,molecule,xy,0.1,bytype_shuffled,3,bytype_shuffled,eig,0,"[0.000,3.142]",none,1,Z,ridge,1,1,adam,adjoint,100,22,0.6034693369971803,0.14455576619389165,9.297044419705621,0.011458197412643898,0.30171006247369503,1.3945906484576707,0.9716311660434237,0.6620597297980758,0.9409203736502629,10,0.48492967725601754,0.6620597297980758,0.25121951219512195,0.9443465910000417,10,0.6581953530835265
B5,krr_res,classical,53,13,157,157,47,0.4706139709590132,0.4706139709590132,0.4706139709590132,0.972212245755955,0.3372795363218884,0.3372795363218884,0.33658536585365856,0.33658536585365856,10,,,,,,,,,,,,,,,,,,,,,,,,,,,,,,0.4853407735155468,,,0.3372795363218884,,0.33658536585365856,,,
B5,krr_cos_cl,classical,53,13,157,157,47,0.6057548816365915,0.6057548816365915,0.6057548816365915,0.9518412199501005,0.40011721591516336,0.40011721591516336,0.019512195121951244,0.019512195121951244,10,,,,,,,,,,,,,,,,,,,,,,,,,,,,,,0.6081013762160552,,,0.40011721591516336,,0.019512195121951244,,,
B5,ridge_raw_eig,classical,53,13,14,157,47,0.6348225329858442,0.6348225329858442,0.6348225329858442,0.9498115788407836,0.405996145237722,0.405996145237722,-0.028048780487804882,-0.028048780487804882,10,,,,,,,,,,,,,,,,,,,,,,,,,,,,,,0.6054107194491534,,,0.405996145237722,,-0.028048780487804882,,,
B5,composition,classical,53,13,0,157,47,0.8402934813393702,0.8402934813393702,0.8402934813393702,0.9131659474583724,0.36732820696863966,0.36732820696863966,nan,nan,10,,,,,,,,,,,,,,,,,,,,,,,,,,,,,,0.8744711701713547,,,0.36732820696863966,,nan,,,
B5,zz_bytype_r3,quantum,54,13,114,151,53,0.43912947892692983,0.43912947892692983,0.42919259961041567,0.9832393783317274,0.31023589188604445,0.29724462549549213,0.2959134199134199,0.3297229437229438,11,0.9342278183935923,2.2829412888661316,107.33,molecule,zz,0.1,bytype,3,bytype,eig,0,"[0.000,3.142]",none,1,Z,ridge,1,1,adam,adjoint,100,22,0.5926415079288585,0.038979324886992205,6.70648241565939,0.08037905531830924,0.35957004249695185,0.6864933486206422,0.9689526964722991,0.4458837923622947,0.9832393783317274,11,0.31023589188604445,0.4458837923622947,0.2959134199134199,0.9837457185975194,11,0.4296509590421896
B5,xy_bytype_r3,quantum,54,13,114,151,53,0.43853840205167016,0.43853840205167016,0.4338728921977729,0.9833524852183619,0.29548150602993883,0.3080035834193548,0.3814675324675324,0.4152770562770563,11,0.9445798221557392,3.14780446783777,112.94,molecule,xy,0.1,bytype,3,bytype,eig,0,"[0.000,3.142]",none,1,Z,ridge,1,1,adam,adjoint,100,22,0.6286878104012189,0.0348419902609545,9.247147710037307,0.017114964621574868,0.0217706381742795,0.9614655234485142,0.9689526964722991,0.4362199657837582,0.9833524852183619,11,0.29548150602993883,0.4362199657837582,0.3814675324675324,0.9833812483064964,11,0.4259349778895749
B5,none_r3,quantum,54,13,92,151,53,0.6182529035827793,0.6182529035827793,0.6462550312706361,0.9722768491387906,0.33450536375188733,0.3462137350044685,0.239965367965368,0.222995670995671,11,0.4092653996359265,1.2563916799868022,82.37,molecule,none,0.0,fixed,3,fixed,eig,0,"[0.000,3.142]",none,1,Z,ridge,1,1,adam,adjoint,100,22,0.5970246686341737,0.352683129033102,3.101539051192229,0.04413100041037084,0.0,0.0,0.9689526964722991,0.5911158127590753,0.9722768491387906,11,0.33450536375188733,0.5911158127590753,0.239965367965368,0.9705307205310284,11,0.6233265607499189
B5,zz_fixed_r3,quantum,54,13,92,151,53,0.7861269572767812,0.7861269572767812,0.7537567040231246,0.9553917975911825,0.3507970072594189,0.34567474027455874,0.2941601731601731,0.2971601731601731,11,0.5541011531822899,1.486895769058693,116.89,molecule,zz,0.1,fixed,3,fixed,eig,0,"[0.000,3.142]",none,1,Z,ridge,1,1,adam,adjoint,100,22,0.5926415079288585,0.2642581649617868,3.8192529579340544,0.6306977787863465,0.1,0.06719368409052928,0.9689526964722991,0.7654969282304841,0.9553917975911825,11,0.3507970072594189,0.7654969282304841,0.2941601731601731,0.9605959743834768,11,0.744358273340612
B5,xy_shuffled_r3,quantum,54,13,114,151,53,0.8445939182661709,0.8445939182661709,0.8538854139304748,0.940605017014726,0.37081782741290054,0.3704388514467105,0.21677056277056272,0.18834199134199137,11,0.7476495435933539,2.589219534153829,121.77,molecule,xy,0.1,bytype_shuffled,3,bytype_shuffled,eig,0,"[0.000,3.142]",none,1,Z,ridge,1,1,adam,adjoint,100,22,0.6286878104012189,0.15864965589204255,7.606220694667495,0.24394300480486866,0.39929297478808257,1.427501308557859,0.9689526964722991,0.8029859169861008,0.940605017014726,11,0.37081782741290054,0.8029859169861008,0.21677056277056272,0.939370668361986,11,0.8115528431734975
B5,krr_res,classical,54,13,151,151,53,0.5421260244130759,0.5421260244130759,0.5421260244130759,0.973122398291736,0.30839398926415884,0.30839398926415884,-0.03591774891774891,-0.03591774891774891,11,,,,,,,,,,,,,,,,,,,,,,,,,,,,,,0.4928032524469099,,,0.30839398926415884,,-0.03591774891774891,,,
B5,krr_cos_cl,classical,54,13,151,151,53,0.669730721246505,0.669730721246505,0.669730721246505,0.9679752931700292,0.22151116542599297,0.22151116542599297,0.19663203463203463,0.19663203463203463,11,,,,,,,,,,,,,,,,,,,,,,,,,,,,,,0.6181341792622074,,,0.22151116542599297,,0.19663203463203463,,,
B5,ridge_raw_eig,classical,54,13,14,151,53,0.6076317993235965,0.6076317993235965,0.6076317993235965,0.9721533274297652,0.2920628100560029,0.2920628100560029,0.092,0.092,11,,,,,,,,,,,,,,,,,,,,,,,,,,,,,,0.5972216200823923,,,0.2920628100560029,,0.092,,,
B5,composition,classical,54,13,0,151,53,0.8946351265264394,0.8946351265264394,0.8946351265264394,0.9366459189522128,0.3151252540000006,0.3151252540000006,nan,nan,11,,,,,,,,,,,,,,,,,,,,,,,,,,,,,,0.8366591828011911,,,0.3151252540000006,,nan,,,
B5,zz_bytype_r3,quantum,55,13,114,161,43,0.4719956875041345,0.4719956875041345,0.4569090852355211,0.9830354526079107,0.3500050214872456,0.3285486566174543,0.5434210526315789,0.5434210526315789,10,0.9180441289819625,2.1971067248768152,115.2,molecule,zz,0.1,bytype,3,bytype,eig,0,"[0.000,3.142]",none,1,Z,ridge,1,1,adam,adjoint,100,22,0.9450305715018105,0.07745080362610458,7.867378431257366,0.059223601478938924,0.1816013545384968,0.4901204900220271,0.9616464682122158,0.5067807595019506,0.9830354526079107,10,0.3500050214872456,0.5067807595019506,0.5434210526315789,0.9843357697792994,10,0.4891801390107277
B5,xy_bytype_r3,quantum,55,13,114,161,43,0.5064491246472383,0.5064491246472383,0.49011972038224794,0.9748995139764742,0.40206764511090565,0.3842870202006134,0.3603383458646616,0.3357142857142857,10,0.9385220347719587,2.149757410454532,119.75,molecule,xy,0.1,bytype,3,bytype,eig,0,"[0.000,3.142]",none,1,Z,ridge,1,1,adam,adjoint,100,22,0.7418276802900902,0.04560605633407262,7.697830465834073,0.019252110503404737,-0.006093494209406394,0.8592085142841256,0.9616464682122158,0.538645000710824,0.9748995139764742,10,0.40206764511090565,0.538645000710824,0.3603383458646616,0.9772387268281061,10,0.5220378428167889
B5,none_r3,quantum,55,13,92,161,43,0.48605422938732734,0.48605422938732734,0.49006040372538723,0.9834822694359614,0.32821245385156805,0.32532710128056835,0.4734962406015037,0.4734962406015037,10,0.38708937655077735,0.9600613883612827,88.54,molecule,none,0.0,fixed,3,fixed,eig,0,"[0.000,3.142]",none,1,Z,ridge,1,1,adam,adjoint,100,22,0.5329916318233856,0.3266762333540898,2.9874697926757903,0.08263754176417851,0.0,0.0,0.9616464682122158,0.4708088201914194,0.9834822694359614,10,0.32821245385156805,0.4708088201914194,0.4734962406015037,0.983954195020931,10,0.4701503735017581
B5,zz_fixed_r3,quantum,55,13,92,161,43,0.4695452757684287,0.4695452757684287,0.47202536812209656,0.9862416720948255,0.2826969389324418,0.28269264038388114,0.38796992481203,0.4011278195488721,10,0.7664365781304078,1.5083112211927405,122.08,molecule,zz,0.1,fixed,3,fixed,eig,0,"[0.000,3.142]",none,1,Z,ridge,1,1,adam,adjoint,100,22,0.9450305715018105,0.2207245740513392,4.844316628247731,0.39578488768378095,0.1,0.06719368409052928,0.9616464682122158,0.46421193793663,0.9862416720948255,10,0.2826969389324418,0.46421193793663,0.38796992481203,0.9865218466142527,10,0.4650870891480113
B5,xy_shuffled_r3,quantum,55,13,114,161,43,0.6715990685849699,0.6715990685849699,0.6661338786252978,0.96528133239263,0.4876478722748033,0.4870699782167838,0.16879699248120297,0.1958646616541353,10,0.8180150551153728,1.2742992542713345,127.76,molecule,xy,0.1,bytype_shuffled,3,bytype_shuffled,eig,0,"[0.000,3.142]",none,1,Z,ridge,1,1,adam,adjoint,100,22,0.7418276802900902,0.13500146951148298,4.56299839898935,0.1381556387984917,0.24520013087331957,0.37514017779748837,0.9616464682122158,0.7081869420828655,0.96528133239263,10,0.4876478722748033,0.7081869420828655,0.16879699248120297,0.965870763998639,10,0.7031704608424101
B5,krr_res,classical,55,13,161,161,43,0.49229192875691247,0.49229192875691247,0.49229192875691247,0.9834949238921663,0.3382840133320122,0.3382840133320122,0.5590225563909774,0.5590225563909774,10,,,,,,,,,,,,,,,,,,,,,,,,,,,,,,0.5191230762273574,,,0.3382840133320122,,0.5590225563909774,,,
B5,krr_cos_cl,classical,55,13,161,161,43,0.3007076423604094,0.3007076423604094,0.3007076423604094,0.992539130420516,0.18661640767982546,0.18661640767982546,0.7321428571428572,0.7321428571428572,10,,,,,,,,,,,,,,,,,,,,,,,,,,,,,,0.30619307135832174,,,0.18661640767982546,,0.7321428571428572,,,
B5,ridge_raw_eig,classical,55,13,14,161,43,0.5258141499967165,0.5258141499967165,0.5258141499967165,0.980553905307713,0.31818749648619576,0.31818749648619576,0.35507518796992477,0.35507518796992477,10,,,,,,,,,,,,,,,,,,,,,,,,,,,,,,0.5248244321910621,,,0.31818749648619576,,0.35507518796992477,,,
B5,composition,classical,55,13,0,161,43,0.6887955210803587,0.6887955210803587,0.6887955210803587,0.9637122962176113,0.5165328832080206,0.5165328832080206,nan,nan,10,,,,,,,,,,,,,,,,,,,,,,,,,,,,,,0.7032679445594091,,,0.5165328832080206,,nan,,,
B5,zz_bytype_r3,quantum,56,13,114,153,51,0.4914027884325905,0.4914027884325905,0.45452442113142716,0.9586076571699693,0.288580609586747,0.285173266301946,0.2610474631751228,0.19721767594108022,11,0.9079923704393041,1.8484301680999804,110.25,molecule,zz,0.1,bytype,3,bytype,eig,0,"[0.000,3.142]",none,1,Z,ridge,1,1,adam,adjoint,100,22,0.7022671767164592,0.06461393824796367,6.096987075612288,0.05398615488608249,0.06924278712613656,0.4230757277886165,0.9621506178182391,0.37884909393792404,0.9586076571699693,11,0.288580609586747,0.37884909393792404,0.2610474631751228,0.9734850256663018,11,0.3767165936005341
B5,xy_bytype_r3,quantum,56,13,114,153,51,0.4692265541314015,0.4692265541314015,0.4471163826511673,0.9687647635524783,0.2417407164313388,0.24225530559543165,0.39132569558101477,0.39132569558101477,11,0.9334007415898463,2.174564750105606,116.03,molecule,xy,0.1,bytype,3,bytype,eig,0,"[0.000,3.142]",none,1,Z,ridge,1,1,adam,adjoint,100,22,0.7211731390540036,0.04802959624631932,7.172731437349496,0.01974459131815823,0.31039331168297507,0.7270474576441108,0.9621506178182391,0.3837702725384121,0.9687647635524783,11,0.2417407164313388,0.3837702725384121,0.39132569558101477,0.9743754574962201,11,0.37858283491442807
B5,none_r3,quantum,56,13,92,153,51,0.7252237654208358,0.7252237654208358,0.5316016575968936,0.8405099127635045,0.38909328966393153,0.3832415612831353,0.10621931260229132,0.10621931260229132,11,0.32287096544704585,1.0943306205124879,83.91,molecule,none,0.0,fixed,3,fixed,eig,0,"[0.000,3.142]",none,1,Z,ridge,1,1,adam,adjoint,100,22,0.48253042414360464,0.3267353602427865,3.0963275692802106,0.01493315623194452,0.0,0.0,0.9621506178182391,0.47573496824556855,0.8405099127635045,11,0.38909328966393153,0.47573496824556855,0.10621931260229132,0.9728610142832333,11,0.47023723656877203
B5,zz_fixed_r3,quantum,56,13,92,153,51,0.7026748100292345,0.7026748100292345,0.5671772795319635,0.9020763443985671,0.4590146338439538,0.4373634476493479,-0.12896890343698855,-0.08510638297872343,11,0.6872437862157353,1.6403528052951477,117.94,molecule,zz,0.1,fixed,3,fixed,eig,0,"[0.000,3.142]",none,1,Z,ridge,1,1,adam,adjoint,100,22,0.7022671767164592,0.2196384232548049,4.805292245451973,0.26038260151069387,0.1,0.06719368409052928,0.9621506178182391,0.49649322027171894,0.9020763443985671,11,0.4590146338439538,0.49649322027171894,-0.12896890343698855,0.9632601210025568,11,0.46704462352620474
B5,xy_shuffled_r3,quantum,56,13,114,153,51,0.9593638295182547,0.9593638295182547,0.9500120638475228,0.9007084578311897,0.6937836962617094,0.7008009958878932,0.23633387888707036,0.19934533551554826,11,0.7777409942629868,2.564523248882137,121.78,molecule,xy,0.1,bytype_shuffled,3,bytype_shuffled,eig,0,"[0.000,3.142]",none,1,Z,ridge,1,1,adam,adjoint,100,22,0.7211731390540036,0.16028722485038358,8.458996922569103,0.41798590602801033,0.24389033428115478,1.5495697614048212,0.9621506178182391,0.7734353213270435,0.9007084578311897,11,0.6937836962617094,0.7734353213270435,0.23633387888707036,0.9054131603132978,11,0.7890712529089291
B5,krr_res,classical,56,13,153,153,51,0.5907050241296563,0.5907050241296563,0.5907050241296563,0.968941077660781,0.3598604663903934,0.3598604663903934,0.1818330605564648,0.1818330605564648,11,,,,,,,,,,,,,,,,,,,,,,,,,,,,,,0.5793763451876623,,,0.3598604663903934,,0.1818330605564648,,,
B5,krr_cos_cl,classical,56,13,153,153,51,0.5285778686682653,0.5285778686682653,0.5285778686682653,0.9739509420116326,0.3729290362546924,0.3729290362546924,-0.007855973813420607,-0.007855973813420607,11,,,,,,,,,,,,,,,,,,,,,,,,,,,,,,0.4788128767069167,,,0.3729290362546924,,-0.007855973813420607,,,
B5,ridge_raw_eig,classical,56,13,14,153,51,0.6583778084218574,0.6583778084218574,0.6583778084218574,0.8874034059883011,0.3407006612223035,0.3407006612223035,0.2564648117839607,0.2564648117839607,11,,,,,,,,,,,,,,,,,,,,,,,,,,,,,,0.45386458855944206,,,0.3407006612223035,,0.2564648117839607,,,
B5,composition,classical,56,13,0,153,51,0.7200777784492008,0.7200777784492008,0.7200777784492008,0.9606191765367271,0.4285906059777117,0.4285906059777117,nan,nan,11,,,,,,,,,,,,,,,,,,,,,,,,,,,,,,0.6844269046702803,,,0.4285906059777117,,nan,,,
B5,zz_bytype_r3,quantum,57,13,114,145,59,0.757734254542413,0.757734254542413,0.5958343836747306,0.6643006738791112,0.24055286230812728,0.24471101997521003,0.5321678321678321,0.4866550116550116,10,0.8719088603960453,2.3617138454473166,104.43,molecule,zz,0.1,bytype,3,bytype,eig,0,"[0.000,3.142]",none,1,Z,ridge,1,1,adam,adjoint,100,22,0.5276392696233658,0.06758591534585522,6.72490991135264,0.03106829049569915,0.06308118354343466,0.7964228361542153,0.9632044801028943,0.5106911965020076,0.6643006738791112,10,0.24055286230812728,0.5106911965020076,0.5321678321678321,0.9143690111235224,10,0.5144011899064946
B5,xy_bytype_r3,quantum,57,13,114,145,59,0.793671309786419,0.793671309786419,0.6579057482245931,0.8153749808526538,0.34854463984133,0.3517403267491127,0.19102564102564104,0.17890442890442887,10,0.9031958613485037,2.7192025689718653,108.37,molecule,xy,0.1,bytype,3,bytype,eig,0,"[0.000,3.142]",none,1,Z,ridge,1,1,adam,adjoint,100,22,0.692504618655789,0.06703731312115661,7.742848415909995,0.022977979780330268,-0.06431124500194314,1.0204168255425363,0.9632044801028943,0.623018513847485,0.8153749808526538,10,0.34854463984133,0.623018513847485,0.19102564102564104,0.9476142282213322,10,0.6180665057276311
B5,none_r3,quantum,57,13,92,145,59,0.6751865925229205,0.6751865925229205,0.46268267174041794,0.8055880528714502,0.30586988295169704,0.3089783349879126,0.3245337995337995,0.22703962703962705,10,0.34109004947932786,0.8262262088257245,80.03,molecule,none,0.0,fixed,3,fixed,eig,0,"[0.000,3.142]",none,1,Z,ridge,1,1,adam,adjoint,100,22,0.5095155546145079,0.33572486888055825,1.9651201053963183,0.004995619440797778,0.0,0.0,0.9632044801028943,0.46295818850825887,0.8055880528714502,10,0.30586988295169704,0.46295818850825887,0.3245337995337995,0.9803385974844149,10,0.46625718292730767
B5,zz_fixed_r3,quantum,57,13,92,145,59,0.39538866733838507,0.39538866733838507,0.38833779981930283,0.9784454226055891,0.2912077289222484,0.28083367560434935,0.33502331002331,0.33438228438228434,10,0.5791673779059306,2.0578647494858946,110.82,molecule,zz,0.1,fixed,3,fixed,eig,0,"[0.000,3.142]",none,1,Z,ridge,1,1,adam,adjoint,100,22,0.5276392696233658,0.2220478173554007,5.100271000135176,0.46082875551664226,0.1,0.06719368409052928,0.9632044801028943,0.33822980709587713,0.9784454226055891,10,0.2912077289222484,0.33822980709587713,0.33502331002331,0.9783317904465021,10,0.3233297745944291
B5,xy_shuffled_r3,quantum,57,13,114,145,59,0.6186535779889314,0.6186535779889314,0.6106270698332849,0.9639343214879234,0.43690778125537055,0.43783325582135196,-0.10629370629370628,-0.09924242424242422,10,0.8406576147156782,2.3862160230137297,116.14,molecule,xy,0.1,bytype_shuffled,3,bytype_shuffled,eig,0,"[0.000,3.142]",none,1,Z,ridge,1,1,adam,adjoint,100,22,0.692504618655789,0.11034533775702308,6.794679133006538,0.017207606731001378,0.17304808199542537,1.132517774453459,0.9632044801028943,0.5902132498476662,0.9639343214879234,10,0.43690778125537055,0.5902132498476662,-0.10629370629370628,0.9655367474565013,10,0.593572840051659
B5,krr_res,classical,57,13,145,145,59,0.46751226359157383,0.46751226359157383,0.46751226359157383,0.9753813110461249,0.2956776750809315,0.2956776750809315,0.4488344988344988,0.4488344988344988,10,,,,,,,,,,,,,,,,,,,,,,,,,,,,,,0.4671013348528438,,,0.2956776750809315,,0.4488344988344988,,,
B5,krr_cos_cl,classical,57,13,145,145,59,0.593258632205881,0.593258632205881,0.593258632205881,0.9651658658073572,0.28879857407922277,0.28879857407922277,0.3635780885780886,0.3635780885780886,10,,,,,,,,,,,,,,,,,,,,,,,,,,,,,,0.6010850112424418,,,0.28879857407922277,,0.3635780885780886,,,
B5,ridge_raw_eig,classical,57,13,14,145,59,0.5824970135148986,0.5824970135148986,0.5824970135148986,0.964955381389396,0.3043830248030804,0.3043830248030804,0.41165501165501167,0.41165501165501167,10,,,,,,,,,,,,,,,,,,,,,,,,,,,,,,0.5867994130552352,,,0.3043830248030804,,0.41165501165501167,,,
B5,composition,classical,57,13,0,145,59,0.6495803032061866,0.6495803032061866,0.6495803032061866,0.9575299340089093,0.3260116271929829,0.3260116271929829,nan,nan,10,,,,,,,,,,,,,,,,,,,,,,,,,,,,,,0.6519238083146259,,,0.3260116271929829,,nan,,,
B5,zz_bytype_r3,quantum,58,13,114,153,51,0.34799088626151553,0.34799088626151553,0.3392677829305673,0.9867856351866031,0.2508952965470913,0.24227156086242244,0.6278745644599303,0.5120209059233449,7,0.9217048463801156,2.656653361480429,108.27,molecule,zz,0.1,bytype,3,bytype,eig,0,"[0.000,3.142]",none,1,Z,ridge,1,1,adam,adjoint,100,22,0.5274762879220402,0.04129883699370252,8.132091512819708,0.013996753269253695,0.2862631388464259,0.5504551016153943,0.9613239143401757,0.3231303448692613,0.9867856351866031,7,0.2508952965470913,0.3231303448692613,0.6278745644599303,0.9871275338372145,7,0.31599106598282223
B5,xy_bytype_r3,quantum,58,13,114,153,51,0.3172424076596159,0.3172424076596159,0.3241825454761507,0.9917840749566218,0.24449868053628165,0.24598120167619078,0.5742160278745645,0.5742160278745645,7,0.9203871252475353,2.8031333297899175,115.17,molecule,xy,0.1,bytype,3,bytype,eig,0,"[0.000,3.142]",none,1,Z,ridge,1,1,adam,adjoint,100,22,0.48169834526234395,0.03834939002984052,8.58047086270369,0.013576561155327715,-0.007940248347110308,0.6574208869923761,0.9613239143401757,0.3380151990511108,0.9917840749566218,7,0.24449868053628165,0.3380151990511108,0.5742160278745645,0.991443156471104,7,0.3466305315057607
B5,none_r3,quantum,58,13,92,153,51,0.500476938625396,0.500476938625396,0.46125485581403425,0.9819242085677929,0.368235210380462,0.39183618041147195,0.1841463414634146,0.02648083623693379,7,0.32593001790680914,1.1628229374488201,83.72,molecule,none,0.0,fixed,3,fixed,eig,0,"[0.000,3.142]",none,1,Z,ridge,1,1,adam,adjoint,100,22,0.5528490558426696,0.3726589531721058,3.014021786971028,0.05718347660321576,0.0,0.0,0.9613239143401757,0.5057849852497333,0.9819242085677929,7,0.368235210380462,0.5057849852497333,0.1841463414634146,0.9839039411506025,7,0.4593696445382389
B5,zz_fixed_r3,quantum,58,13,92,153,51,0.4917781799471881,0.4917781799471881,0.4801254338675567,0.9811699874400717,0.4496744925666427,0.4023080603590191,0.1519163763066202,0.13449477351916372,7,0.5539052893466612,1.6706410936318228,116.93,molecule,zz,0.1,fixed,3,fixed,eig,0,"[0.000,3.142]",none,1,Z,ridge,1,1,adam,adjoint,100,22,0.5274762879220402,0.23530438203707976,4.4973438899312725,0.4781807674545509,0.1,0.06719368409052928,0.9613239143401757,0.5278169013677958,0.9811699874400717,7,0.4496744925666427,0.5278169013677958,0.1519163763066202,0.9821756888252487,7,0.5118402648977833
B5,xy_shuffled_r3,quantum,58,13,114,153,51,0.676901476859473,0.676901476859473,0.7055552751275114,0.9498502173737933,0.5776845833070696,0.5833252295316669,0.1862369337979094,0.1775261324041812,7,0.7258366437408458,2.44060357572599,121.45,molecule,xy,0.1,bytype_shuffled,3,bytype_shuffled,eig,0,"[0.000,3.142]",none,1,Z,ridge,1,1,adam,adjoint,100,22,0.48169834526234395,0.1320640350416051,7.470756972696968,0.15347878266672285,-0.0024586557674374458,2.1004276689920407,0.9613239143401757,0.6923899525783817,0.9498502173737933,7,0.5776845833070696,0.6923899525783817,0.1862369337979094,0.9466136590294093,7,0.7271536008119897
B5,krr_res,classical,58,13,153,153,51,0.5634756689997664,0.5634756689997664,0.5634756689997664,0.9731496608968409,0.44822788819246473,0.44822788819246473,-0.08885017421602785,-0.08885017421602785,7,,,,,,,,,,,,,,,,,,,,,,,,,,,,,,0.6011966420464037,,,0.44822788819246473,,-0.08885017421602785,,,
B5,krr_cos_cl,classical,58,13,153,153,51,0.3918057642722628,0.3918057642722628,0.3918057642722628,0.9860048061863746,0.37044736425196795,0.37044736425196795,0.245993031358885,0.245993031358885,7,,,,,,,,,,,,,,,,,,,,,,,,,,,,,,0.40414514644972527,,,0.37044736425196795,,0.245993031358885,,,
B5,ridge_raw_eig,classical,58,13,14,153,51,0.5621999275952677,0.5621999275952677,0.5621999275952677,0.9775480661862846,0.35236463804654455,0.35236463804654455,0.2353658536585366,0.2353658536585366,7,,,,,,,,,,,,,,,,,,,,,,,,,,,,,,0.5867460406623798,,,0.35236463804654455,,0.2353658536585366,,,
B5,composition,classical,58,13,0,153,51,0.7377808766552143,0.7377808766552143,0.7377808766552143,0.96311080240479,0.4131040680246588,0.4131040680246588,nan,nan,7,,,,,,,,,,,,,,,,,,,,,,,,,,,,,,0.8036147560827268,,,0.4131040680246588,,nan,,,
B5,zz_bytype_r3,quantum,59,13,114,148,56,0.3902213857739965,0.3902213857739965,0.3969739868201333,0.9786351603150483,0.3165466658344653,0.3233123296720486,0.46387612387612387,0.4448551448551449,11,0.90800209444839,2.1952920819903214,104.11,molecule,zz,0.1,bytype,3,bytype,eig,0,"[0.000,3.142]",none,1,Z,ridge,1,1,adam,adjoint,100,22,0.5778212957105022,0.05315834898848374,6.719370604508566,0.05326873500676648,0.10971865513626389,0.5648502092409392,0.9684665804406566,0.39283334287715055,0.9786351603150483,11,0.3165466658344653,0.39283334287715055,0.46387612387612387,0.9786372598354066,11,0.3983684789259278
B5,xy_bytype_r3,quantum,59,13,114,148,56,0.37389331535643955,0.37389331535643955,0.3684745456431955,0.9823433534496491,0.2931551736200092,0.2971928605580543,0.6012187812187814,0.5602797202797203,11,0.911612840277228,2.532841946866542,111.97,molecule,xy,0.1,bytype,3,bytype,eig,0,"[0.000,3.142]",none,1,Z,ridge,1,1,adam,adjoint,100,22,0.5835546323887165,0.051578736499904985,7.752546398386874,0.2413279102750327,-0.07377907242658187,0.6605662620793434,0.9684665804406566,0.3806091341544406,0.9823433534496491,11,0.2931551736200092,0.3806091341544406,0.6012187812187814,0.9827123584246479,11,0.3742721492956083
B5,none_r3,quantum,59,13,92,148,56,0.46901435711973083,0.46901435711973083,0.4588147475289576,0.9723644894518856,0.351932822925896,0.34542626012698036,0.2634565434565435,0.27184815184815186,11,0.43962904972894284,1.0951544064949483,79.57,molecule,none,0.0,fixed,3,fixed,eig,0,"[0.000,3.142]",none,1,Z,ridge,1,1,adam,adjoint,100,22,0.6010696935527646,0.33682199535529583,2.8383859352288954,0.002685762478116264,0.0,0.0,0.9684665804406566,0.4707553893335659,0.9723644894518856,11,0.351932822925896,0.4707553893335659,0.2634565434565435,0.973689364879325,11,0.45909279581132567
B5,zz_fixed_r3,quantum,59,13,92,148,56,0.5296539881939972,0.5296539881939972,0.5037308481458564,0.9672275576609799,0.3736528314742459,0.37480566123194864,0.3027572427572428,0.3027572427572428,11,0.6029252213134847,1.737727552118801,112.15,molecule,zz,0.1,fixed,3,fixed,eig,0,"[0.000,3.142]",none,1,Z,ridge,1,1,adam,adjoint,100,22,0.5778212957105022,0.2294382631146032,4.677559083369702,0.17773564807017544,0.1,0.06719368409052928,0.9684665804406566,0.5337681672128338,0.9672275576609799,11,0.3736528314742459,0.5337681672128338,0.3027572427572428,0.9710678271897422,11,0.5063096532051553
B5,xy_shuffled_r3,quantum,59,13,114,148,56,0.5137059237357365,0.5137059237357365,0.5170096874293592,0.9685600693435134,0.34512748851902186,0.3476253195703238,0.4440959040959041,0.4440959040959041,11,0.7610006557491744,1.8977982623890897,118.89,molecule,xy,0.1,bytype_shuffled,3,bytype_shuffled,eig,0,"[0.000,3.142]",none,1,Z,ridge,1,1,adam,adjoint,100,22,0.5835546323887165,0.13946917447543486,5.808798729881678,0.059995512788733246,0.001753725160861689,0.6108848332145742,0.9684665804406566,0.519263574606126,0.9685600693435134,11,0.34512748851902186,0.519263574606126,0.4440959040959041,0.9680391601672534,11,0.5226367836138671
B5,krr_res,classical,59,13,148,148,56,0.49987933816216945,0.49987933816216945,0.49987933816216945,0.9702232591771878,0.3820358809960806,0.3820358809960806,0.22767232767232767,0.22767232767232767,11,,,,,,,,,,,,,,,,,,,,,,,,,,,,,,0.5000882386486135,,,0.3820358809960806,,0.22767232767232767,,,
B5,krr_cos_cl,classical,59,13,148,148,56,0.5184831456849398,0.5184831456849398,0.5184831456849398,0.9695368183954934,0.3061999549588323,0.3061999549588323,0.14233766233766235,0.14233766233766235,11,,,,,,,,,,,,,,,,,,,,,,,,,,,,,,0.5262438251054273,,,0.3061999549588323,,0.14233766233766235,,,
B5,ridge_raw_eig,classical,59,13,14,148,56,0.5276590533030897,0.5276590533030897,0.5276590533030897,0.9684857038171234,0.2822079822825523,0.2822079822825523,0.3991208791208792,0.3991208791208792,11,,,,,,,,,,,,,,,,,,,,,,,,,,,,,,0.5330057689749336,,,0.2822079822825523,,0.3991208791208792,,,
B5,composition,classical,59,13,0,148,56,0.7652573188630403,0.7652573188630403,0.7652573188630403,0.9360599498628871,0.4498260861078295,0.4498260861078295,nan,nan,11,,,,,,,,,,,,,,,,,,,,,,,,,,,,,,0.7598243555694352,,,0.4498260861078295,,nan,,,
B5,zz_bytype_r3,quantum,60,13,114,157,47,0.8792501045704786,0.8792501045704786,0.838852339365556,0.9472841750133553,0.4497506852970271,0.40447933288025084,0.25764119601328905,0.2983388704318937,12,0.8906684526533438,2.2712165900149666,110.7,molecule,zz,0.1,bytype,3,bytype,eig,0,"[0.000,3.142]",none,1,Z,ridge,1,1,adam,adjoint,100,22,0.44589864244707944,0.04875078853851258,7.0122827021910155,0.058026290884596404,0.006779770417068561,0.7401501219119774,0.9508473577359782,0.8902355407521322,0.9472841750133553,12,0.4497506852970271,0.8902355407521322,0.25764119601328905,0.9514979681601483,12,0.8727534715935874
B5,xy_bytype_r3,quantum,60,13,114,157,47,0.7346124862387596,0.7346124862387596,0.7164773592575157,0.9612066442337291,0.5186893526803795,0.4870560523064093,-0.011018826135105238,0.10526024363233659,12,0.834206110375717,2.668485169829737,116.5,molecule,xy,0.1,bytype,3,bytype,eig,0,"[0.000,3.142]",none,1,Z,ridge,1,1,adam,adjoint,100,22,0.4354175296343124,0.07218956584866917,8.238832209889331,0.08347162665708202,-0.06419784518406332,0.9936313490473537,0.9508473577359782,0.7200681067743038,0.9612066442337291,12,0.5186893526803795,0.7200681067743038,-0.011018826135105238,0.9647929727738509,12,0.7028527131135099
B5,none_r3,quantum,60,13,92,157,47,0.6231080297354782,0.6231080297354782,0.6366688710518748,0.9629520948642497,0.39767418579917563,0.4111887269348471,0.19507198228128458,0.19507198228128458,12,0.28585505977736864,1.1696354777795164,85.37,molecule,none,0.0,fixed,3,fixed,eig,0,"[0.000,3.142]",none,1,Z,ridge,1,1,adam,adjoint,100,22,0.3804258717701165,0.27167921145441226,3.062591134070732,0.0030796297993313316,0.0,0.0,0.9508473577359782,0.5079620387335673,0.9629520948642497,12,0.39767418579917563,0.5079620387335673,0.19507198228128458,0.9625531459714463,12,0.5013034156668696
B5,zz_fixed_r3,quantum,60,13,92,157,47,0.5774352541017048,0.5774352541017048,0.5685628397573088,0.9636281394700139,0.27782459600634013,0.2803606336582281,0.03704318936877076,0.1292358803986711,12,0.5776391939539417,1.9590285093698614,123.13,molecule,zz,0.1,fixed,3,fixed,eig,0,"[0.000,3.142]",none,1,Z,ridge,1,1,adam,adjoint,100,22,0.44589864244707944,0.18833011003879166,5.32545257661564,0.17971964520001737,0.1,0.06719368409052928,0.9508473577359782,0.3702461262730846,0.9636281394700139,12,0.27782459600634013,0.3702461262730846,0.03704318936877076,0.9697537692515438,12,0.39881362414022414
B5,xy_shuffled_r3,quantum,60,13,114,157,47,0.7061508061860462,0.7061508061860462,0.6968151778400544,0.958637072401483,0.4632895403492999,0.4666859239388208,-0.06738648947951278,-0.030177187153931403,12,0.7304276002543406,2.009469982046699,124.93,molecule,xy,0.1,bytype_shuffled,3,bytype_shuffled,eig,0,"[0.000,3.142]",none,1,Z,ridge,1,1,adam,adjoint,100,22,0.4354175296343124,0.11737654835484836,6.204151403977417,0.011049263956147899,0.3212595914433997,0.9184971910859346,0.9508473577359782,0.5950865608897372,0.958637072401483,12,0.4632895403492999,0.5950865608897372,-0.06738648947951278,0.9606046062237729,12,0.5881179006470474
B5,krr_res,classical,60,13,157,157,47,0.376287547929168,0.376287547929168,0.376287547929168,0.988891206809271,0.23619202489485205,0.23619202489485205,0.44451827242524916,0.44451827242524916,12,,,,,,,,,,,,,,,,,,,,,,,,,,,,,,0.3217056131704069,,,0.23619202489485205,,0.44451827242524916,,,
B5,krr_cos_cl,classical,60,13,157,157,47,0.579029403664369,0.579029403664369,0.579029403664369,0.968521761451844,0.3331861096409556,0.3331861096409556,0.3013842746400886,0.3013842746400886,12,,,,,,,,,,,,,,,,,,,,,,,,,,,,,,0.4334392034227873,,,0.3331861096409556,,0.3013842746400886,,,
B5,ridge_raw_eig,classical,60,13,14,157,47,0.5380654197964915,0.5380654197964915,0.5380654197964915,0.9775801468125437,0.3171695054752274,0.3171695054752274,0.29778516057585824,0.29778516057585824,12,,,,,,,,,,,,,,,,,,,,,,,,,,,,,,0.45794458883767764,,,0.3171695054752274,,0.29778516057585824,,,
B5,composition,classical,60,13,0,157,47,0.4647770031956186,0.4647770031956186,0.4647770031956186,0.9850120265912733,0.3066781688815063,0.3066781688815063,nan,nan,12,,,,,,,,,,,,,,,,,,,,,,,,,,,,,,0.4881766752753773,,,0.3066781688815063,,nan,,,
B5,zz_bytype_r3,quantum,61,13,114,151,53,0.5555027897887401,0.5555027897887401,0.5501678251234536,0.9707737087501037,0.27302717890462885,0.27607561560257937,0.42401215805471126,0.42401215805471126,10,0.927661608332994,3.117687647288108,108.05,molecule,zz,0.1,bytype,3,bytype,eig,0,"[0.000,3.142]",none,1,Z,ridge,1,1,adam,adjoint,100,22,0.5841475276899515,0.042256292649348944,9.556381963086963,0.06773724511932513,0.291907318966517,0.8181544718713348,0.9636547565058617,0.44841872921636966,0.9707737087501037,10,0.27302717890462885,0.44841872921636966,0.42401215805471126,0.9705831010379551,10,0.4427661933716316
B5,xy_bytype_r3,quantum,61,13,114,151,53,0.7355390683224018,0.7355390683224018,0.7361331189583254,0.9533204111434738,0.2590584967872864,0.26698443178387765,0.6884498480243161,0.7012158054711246,10,0.9016778206163303,2.718730925534979,113.94,molecule,xy,0.1,bytype,3,bytype,eig,0,"[0.000,3.142]",none,1,Z,ridge,1,1,adam,adjoint,100,22,0.5499423090516126,0.05407152636124217,8.333493960457757,0.019929264738549612,0.4053285167353117,0.5552578739171324,0.9636547565058617,0.6921265802427369,0.9533204111434738,10,0.2590584967872864,0.6921265802427369,0.6884498480243161,0.9543030004481224,10,0.6982818994046396
B5,none_r3,quantum,61,13,92,151,53,0.7979266893269769,0.7979266893269769,0.5759358410086944,0.8234464853218652,0.27323345121346815,0.268565917699307,0.2468085106382979,0.239209726443769,10,0.3331869302399568,1.5135449839436532,82.21,molecule,none,0.0,fixed,3,fixed,eig,0,"[0.000,3.142]",none,1,Z,ridge,1,1,adam,adjoint,100,22,0.5375301669664604,0.358432140723534,3.9294247882421938,0.007369842349871972,0.0,0.0,0.9636547565058617,0.3924897112964841,0.8234464853218652,10,0.27323345121346815,0.3924897112964841,0.2468085106382979,0.9660392555432151,10,0.3913207264052446
B5,zz_fixed_r3,quantum,61,13,92,151,53,0.4940386606325137,0.4940386606325137,0.3929270052154675,0.9395581121945418,0.22460407884782857,0.202922010834668,0.35197568389057754,0.3446808510638298,10,0.5916042975228949,1.6291050563191523,115.01,molecule,zz,0.1,fixed,3,fixed,eig,0,"[0.000,3.142]",none,1,Z,ridge,1,1,adam,adjoint,100,22,0.5841475276899515,0.23856333992120196,4.392349246376662,0.2990512454023967,0.1,0.06719368409052928,0.9636547565058617,0.35372696413488725,0.9395581121945418,10,0.22460407884782857,0.35372696413488725,0.35197568389057754,0.990460930550232,10,0.38364457386146744
B5,xy_shuffled_r3,quantum,61,13,114,151,53,0.9269200486744346,0.9269200486744346,0.762687692362546,0.7972433540421934,0.47168834068779786,0.4726929289972792,0.2212765957446808,0.2212765957446808,10,0.7161383376111199,2.213920337407154,120.27,molecule,xy,0.1,bytype_shuffled,3,bytype_shuffled,eig,0,"[0.000,3.142]",none,1,Z,ridge,1,1,adam,adjoint,100,22,0.5499423090516126,0.15610753806537,6.786141132038167,0.982820879728461,0.3839218073129745,0.9932007711298043,0.9636547565058617,0.6297779480488485,0.7972433540421934,10,0.47168834068779786,0.6297779480488485,0.2212765957446808,0.9402636810434524,10,0.62553174269939
B5,krr_res,classical,61,13,151,151,53,0.5173267092999406,0.5173267092999406,0.5173267092999406,0.9760264397657236,0.24464743095567132,0.24464743095567132,0.4814589665653495,0.4814589665653495,10,,,,,,,,,,,,,,,,,,,,,,,,,,,,,,0.480688252357685,,,0.24464743095567132,,0.4814589665653495,,,
B5,krr_cos_cl,classical,61,13,151,151,53,0.6014236648494403,0.6014236648494403,0.6014236648494403,0.9653000146108506,0.24456862981975822,0.24456862981975822,0.36626139817629183,0.36626139817629183,10,,,,,,,,,,,,,,,,,,,,,,,,,,,,,,0.42295009957545115,,,0.24456862981975822,,0.36626139817629183,,,
B5,ridge_raw_eig,classical,61,13,14,151,53,0.7806015486187904,0.7806015486187904,0.7806015486187904,0.8733488934325697,0.2233861250551033,0.2233861250551033,0.3996960486322188,0.3996960486322188,10,,,,,,,,,,,,,,,,,,,,,,,,,,,,,,0.49578230598971684,,,0.2233861250551033,,0.3996960486322188,,,
B5,composition,classical,61,13,0,151,53,0.7061375921627349,0.7061375921627349,0.7061375921627349,0.9590658295213429,0.2818467796558056,0.2818467796558056,nan,nan,10,,,,,,,,,,,,,,,,,,,,,,,,,,,,,,0.730662973941444,,,0.2818467796558056,,nan,,,
B2,zz_bytype_r3,quantum,42,13,102,186,48,0.823542485967128,0.823542485967128,0.778089482015549,0.911671519777188,0.712361927455614,0.6522162596977139,0.12520825023953935,0.24410779041567532,5,0.91157232101263,3.348022398701563,131.09,molecule,zz,0.1,bytype,3,bytype,eig,0,"[0.000,3.142]",none,1,Z,ridge,1,1,adam,adjoint,100,10,0.46607957612658446,0.04121433514029109,7.940185791492388,0.01990829675252875,0.14109991996386315,0.5754342344394401,0.9247372722389396,0.8343174233294179,0.911671519777188,5,0.712361927455614,0.8343174233294179,0.12520825023953935,0.9240661466826551,5,0.7867667157112037
B2,xy_bytype_r3,quantum,42,13,102,186,48,0.44993153602703284,0.44993153602703284,0.4480737208330294,0.9740270207753543,0.38129679530412286,0.3887272894365974,0.5343781375070487,0.5133518546534818,5,0.9207537606934275,2.672019799267679,138.61,molecule,xy,0.1,bytype,3,bytype,eig,0,"[0.000,3.142]",none,1,Z,ridge,1,1,adam,adjoint,100,10,0.4557047804696344,0.036112890086245734,6.336974822199435,0.011235360637651818,0.4003972866583637,0.26983812067044016,0.9247372722389396,0.4566233895896512,0.9740270207753543,5,0.38129679530412286,0.4566233895896512,0.5343781375070487,0.9742284722668145,5,0.4547262068931352
B2,none_r3,quantum,42,13,92,186,48,0.747559073748263,0.747559073748263,0.7852190836438576,0.9173792663660914,0.736258051797997,0.7800203712333326,-0.15232181252206287,-0.11496742723275889,5,0.3025982120822032,1.2252173375233997,103.04,molecule,none,0.0,fixed,3,fixed,eig,0,"[0.000,3.142]",none,1,Z,ridge,1,1,adam,adjoint,100,10,0.47331339587494203,0.3300896085286285,2.5182835040751455,0.006136951929782935,0.0,0.0,0.9247372722389396,0.7559160312429591,0.9173792663660914,5,0.736258051797997,0.7559160312429591,-0.15232181252206287,0.9034337106429924,5,0.8007497861804008
B2,zz_fixed_r3,quantum,42,13,92,186,48,0.6277345646302547,0.6277345646302547,0.6318312090823911,0.9482160831775168,0.5889053506200965,0.5931926310464326,0.11351964681126134,0.07361628775896614,5,0.7043383114869877,2.0660212647092364,140.3,molecule,zz,0.1,fixed,3,fixed,eig,0,"[0.000,3.142]",none,1,Z,ridge,1,1,adam,adjoint,100,10,0.46607957612658446,0.137801874459015,4.453054662396105,0.9374372602294916,0.1,0.03807498052542948,0.9247372722389396,0.6326404789945862,0.9482160831775168,5,0.5889053506200965,0.6326404789945862,0.11351964681126134,0.9473345168914706,5,0.6408285817603013
B2,xy_shuffled_r3,quantum,42,13,102,186,48,0.5125890246390531,0.5125890246390531,0.5056379491247692,0.967530623313036,0.4604836444891545,0.44428721714807917,0.20574527683413799,0.2346348686774219,5,0.8762611259701725,3.611690277112093,149.5,molecule,xy,0.1,bytype_shuffled,3,bytype_shuffled,eig,0,"[0.000,3.142]",none,1,Z,ridge,1,1,adam,adjoint,100,10,0.4557047804696344,0.056388396425322264,8.565501781803613,0.009642765700291338,0.29236457957789086,0.9561254631180259,0.9247372722389396,0.5163839991690918,0.967530623313036,5,0.4604836444891545,0.5163839991690918,0.20574527683413799,0.9680175438452686,5,0.5092804923255375
B2,krr_res,classical,42,13,186,186,48,0.6811571597325932,0.6811571597325932,0.6811571597325932,0.9395774103351695,0.6390560073705921,0.6390560073705921,0.5852507942620583,0.5852507942620583,5,,,,,,,,,,,,,,,,,,,,,,,,,,,,,,0.6950594074130979,,,0.6390560073705921,,0.5852507942620583,,,
B2,krr_cos_cl,classical,42,13,186,186,48,0.636100935104195,0.636100935104195,0.636100935104195,0.9519416708433773,0.5406194706923186,0.5406194706923186,0.1986003566729474,0.1986003566729474,5,,,,,,,,,,,,,,,,,,,,,,,,,,,,,,0.6478626699135183,,,0.5406194706923186,,0.1986003566729474,,,
B2,ridge_raw_eig,classical,42,13,14,186,48,0.7368428468203495,0.7368428468203495,0.7368428468203495,0.9296944840337931,0.6504060412509536,0.6504060412509536,0.14094953857156609,0.14094953857156609,5,,,,,,,,,,,,,,,,,,,,,,,,,,,,,,0.7507673104932782,,,0.6504060412509536,,0.14094953857156609,,,
B2,composition,classical,42,13,0,186,48,0.6091131798716901,0.6091131798716901,0.6091131798716901,0.9482859377786128,0.5366802669706161,0.5366802669706161,nan,nan,5,,,,,,,,,,,,,,,,,,,,,,,,,,,,,,0.5987068286763032,,,0.5366802669706161,,nan,,,
B2,zz_bytype_r3,quantum,43,13,102,169,65,0.5358463706304354,0.5358463706304354,0.4774307344994213,0.9594511998714881,0.4963996439018793,0.4442763669923714,0.6780704792692939,0.7095240233305966,5,0.8823562065274211,2.465094752179185,118.71,molecule,zz,0.1,bytype,3,bytype,eig,0,"[0.000,3.142]",none,1,Z,ridge,1,1,adam,adjoint,100,10,0.4018152969006648,0.04727107580270479,6.878296576435903,0.013922833838190395,0.23833776975583404,0.4964041104689501,0.9314588503605206,0.5429437584706869,0.9594511998714881,5,0.4963996439018793,0.5429437584706869,0.6780704792692939,0.967766642571256,5,0.4830731219871506
B2,xy_bytype_r3,quantum,43,13,102,169,65,0.5183878826136423,0.5183878826136423,0.5051727318087882,0.933305167293343,0.4815693145184474,0.4609987191728534,0.5156205100574713,0.5359571702244116,5,0.9161517797088357,2.853465890870552,124.9,molecule,xy,0.1,bytype,3,bytype,eig,0,"[0.000,3.142]",none,1,Z,ridge,1,1,adam,adjoint,100,10,0.4111785860714741,0.034476592663930446,7.961959535551712,0.013266625529149053,0.3175406819583518,0.764249462346732,0.9314588503605206,0.5196304178722981,0.933305167293343,5,0.4815693145184474,0.5196304178722981,0.5156205100574713,0.940404920166592,5,0.5046658911103599
B2,none_r3,quantum,43,13,92,169,65,0.5582219001164194,0.5582219001164194,0.5473090361649415,0.9536012573801887,0.49851730906622393,0.4864067695074531,0.6146107006020798,0.6341750906540776,5,0.29039851653278625,0.9683889147466167,92.6,molecule,none,0.0,fixed,3,fixed,eig,0,"[0.000,3.142]",none,1,Z,ridge,1,1,adam,adjoint,100,10,0.4032780625483682,0.2861667114341059,2.3958416117621057,0.009167573586784857,0.0,0.0,0.9314588503605206,0.5614628356558506,0.9536012573801887,5,0.49851730906622393,0.5614628356558506,0.6146107006020798,0.9560322737546888,5,0.5478300376429187
B2,zz_fixed_r3,quantum,43,13,92,169,65,0.5732184107071732,0.5732184107071732,0.5825485940374797,0.9487146844093766,0.5176563569094825,0.5316426642159959,0.36158490695128626,0.38157691057744936,5,0.6078527226898391,2.0256867686327746,128.65,molecule,zz,0.1,fixed,3,fixed,eig,0,"[0.000,3.142]",none,1,Z,ridge,1,1,adam,adjoint,100,10,0.4018152969006648,0.15757077466116962,5.214216971036684,0.15147351193033165,0.1,0.03807498052542948,0.9314588503605206,0.5793225423532783,0.9487146844093766,5,0.5176563569094825,0.5793225423532783,0.36158490695128626,0.9499116682453822,5,0.5879617426118985
B2,xy_shuffled_r3,quantum,43,13,102,169,65,0.5530386401506835,0.5530386401506835,0.5651347635771994,0.9561692876252185,0.445975708357469,0.45249173310972546,0.5986513067870827,0.5986513067870827,5,0.9069035002203355,2.761627107752938,133.83,molecule,xy,0.1,bytype_shuffled,3,bytype_shuffled,eig,0,"[0.000,3.142]",none,1,Z,ridge,1,1,adam,adjoint,100,10,0.4111785860714741,0.038279287147605756,7.70570391416292,0.04518070600554755,0.8847739727905827,0.37956699107586395,0.9314588503605206,0.5544218124642438,0.9561692876252185,5,0.445975708357469,0.5544218124642438,0.5986513067870827,0.9560342652954936,5,0.5666968213008439
B2,krr_res,classical,43,13,169,169,65,0.6047720141099865,0.6047720141099865,0.6047720141099865,0.949523165311876,0.4912301368006724,0.4912301368006724,0.5986637075807335,0.5986637075807335,5,,,,,,,,,,,,,,,,,,,,,,,,,,,,,,0.6088856455314722,,,0.4912301368006724,,0.5986637075807335,,,
B2,krr_cos_cl,classical,43,13,169,169,65,0.6419241453647767,0.6419241453647767,0.6419241453647767,0.9422889027716317,0.6280785460972844,0.6280785460972844,0.5968305281882866,0.5968305281882866,5,,,,,,,,,,,,,,,,,,,,,,,,,,,,,,0.6496727442230593,,,0.6280785460972844,,0.5968305281882866,,,
B2,ridge_raw_eig,classical,43,13,14,169,65,0.6021230462798086,0.6021230462798086,0.6021230462798086,0.9489307654953059,0.5077271492352396,0.5077271492352396,0.5925723522167488,0.5925723522167488,5,,,,,,,,,,,,,,,,,,,,,,,,,,,,,,0.6109936214607954,,,0.5077271492352396,,0.5925723522167488,,,
B2,composition,classical,43,13,0,169,65,0.6624133951155353,0.6624133951155353,0.6624133951155353,0.9224203236303767,0.6565540891910129,0.6565540891910129,nan,nan,5,,,,,,,,,,,,,,,,,,,,,,,,,,,,,,0.6553848184209322,,,0.6565540891910129,,nan,,,
B2,zz_bytype_r3,quantum,44,13,102,171,63,0.4287889892214349,0.4287889892214349,0.4198661149006539,0.9809420231654714,0.267881052513675,0.2594787759746472,0.7648330980472768,0.8265495879219152,4,0.9149324458131731,2.857646048706369,120.65,molecule,zz,0.1,bytype,3,bytype,eig,0,"[0.000,3.142]",none,1,Z,ridge,1,1,adam,adjoint,100,10,0.5230400246677134,0.04449373564029994,7.818345134348052,0.027753069373848267,0.1402259035672705,0.4954758723208091,0.9295818641443715,0.43209658457262284,0.9809420231654714,4,0.267881052513675,0.43209658457262284,0.7648330980472768,0.9812452035631768,4,0.423479561095707
B2,xy_bytype_r3,quantum,44,13,102,171,63,0.5146939601985139,0.5146939601985139,0.5081640232731417,0.971345235647242,0.31453342488327557,0.3103822351122103,0.7223889545540196,0.7120095813990669,4,0.9404357858092807,2.696627460158509,124.93,molecule,xy,0.1,bytype,3,bytype,eig,0,"[0.000,3.142]",none,1,Z,ridge,1,1,adam,adjoint,100,10,0.5220098879369056,0.031093108774747254,7.377808106019212,0.010778651277120433,-0.052109632584128415,0.6564667281805051,0.9295818641443715,0.4942688389114673,0.971345235647242,4,0.31453342488327557,0.4942688389114673,0.7223889545540196,0.9719986110853082,4,0.4942089829101899
B2,none_r3,quantum,44,13,92,171,63,0.49634964299555856,0.49634964299555856,0.6307741655271845,0.9656177826248353,0.4741067639230196,0.578171422340086,0.5474491867768229,0.4165243194422192,4,0.3898721586631793,1.433846068711753,92.6,molecule,none,0.0,fixed,3,fixed,eig,0,"[0.000,3.142]",none,1,Z,ridge,1,1,adam,adjoint,100,10,0.5233159359587121,0.3192896223436469,3.4694933707691638,0.04767723344108028,0.0,0.0,0.9295818641443715,0.5080339105197048,0.9656177826248353,4,0.4741067639230196,0.5080339105197048,0.5474491867768229,0.9447436160501067,4,0.6266603032651902
B2,zz_fixed_r3,quantum,44,13,92,171,63,0.5161948239650297,0.5161948239650297,0.5471702088695911,0.9673613213055073,0.36412534487218107,0.37030523783788133,0.5993750560504791,0.5840313822224507,4,0.5872007229420715,2.237223284870313,128.23,molecule,zz,0.1,fixed,3,fixed,eig,0,"[0.000,3.142]",none,1,Z,ridge,1,1,adam,adjoint,100,10,0.5230400246677134,0.21591054405519317,5.637156535383316,0.3014865871698964,0.1,0.03807498052542948,0.9295818641443715,0.518646728705062,0.9673613213055073,4,0.36412534487218107,0.518646728705062,0.5993750560504791,0.9661855295016837,4,0.5540533083032311
B2,xy_shuffled_r3,quantum,44,13,102,171,63,0.4535099497799617,0.4535099497799617,0.4669190667966071,0.9755182532235387,0.373503262292539,0.3838393376342151,0.6245262118071614,0.5946847519520683,4,0.8343149995804826,2.53547005431586,135.18,molecule,xy,0.1,bytype_shuffled,3,bytype_shuffled,eig,0,"[0.000,3.142]",none,1,Z,ridge,1,1,adam,adjoint,100,10,0.5220098879369056,0.08648920850181846,6.936891282046414,0.014240066180065547,0.7214602140262225,0.38552143587153204,0.9295818641443715,0.4478818561121198,0.9755182532235387,4,0.373503262292539,0.4478818561121198,0.6245262118071614,0.9736379266616723,4,0.45865337133445894
B2,krr_res,classical,44,13,171,171,63,0.5926413132888756,0.5926413132888756,0.5926413132888756,0.9548686543288297,0.5497412867232492,0.5497412867232492,0.5528596408671558,0.5528596408671558,4,,,,,,,,,,,,,,,,,,,,,,,,,,,,,,0.5959010316851008,,,0.5497412867232492,,0.5528596408671558,,,
B2,krr_cos_cl,classical,44,13,171,171,63,0.6412364987158371,0.6412364987158371,0.6412364987158371,0.9498132955568802,0.6127955173818641,0.6127955173818641,0.4511915618123845,0.4511915618123845,4,,,,,,,,,,,,,,,,,,,,,,,,,,,,,,0.6420675946111787,,,0.6127955173818641,,0.4511915618123845,,,
B2,ridge_raw_eig,classical,44,13,14,171,63,0.6362925136697936,0.6362925136697936,0.6362925136697936,0.9509392254374132,0.4075452058271443,0.4075452058271443,0.5438031094034819,0.5438031094034819,4,,,,,,,,,,,,,,,,,,,,,,,,,,,,,,0.6490906357285264,,,0.4075452058271443,,0.5438031094034819,,,
B2,composition,classical,44,13,0,171,63,0.8146456615229258,0.8146456615229258,0.8146456615229258,0.9259861212906645,0.7278707640515227,0.7278707640515227,nan,nan,4,,,,,,,,,,,,,,,,,,,,,,,,,,,,,,0.8259985795683434,,,0.7278707640515227,,nan,,,
B2,zz_bytype_r3,quantum,45,13,102,162,72,0.3289145218185112,0.3289145218185112,0.3283349445109274,0.9851918424557006,0.2779624285172078,0.27504027818548304,0.6800785763354651,0.6687047270796629,4,0.9103040684663112,2.7302502690138963,114.31,molecule,zz,0.1,bytype,3,bytype,eig,0,"[0.000,3.142]",none,1,Z,ridge,1,1,adam,adjoint,100,10,0.5021627876507889,0.045041959019891505,7.2820131386490745,0.016462315348932156,0.45716504059386753,0.5433956713021098,0.9394922057911286,0.3225565667444963,0.9851918424557006,4,0.2779624285172078,0.3225565667444963,0.6800785763354651,0.9858243008542176,4,0.32178967850542695
B2,xy_bytype_r3,quantum,45,13,102,162,72,0.5081150463798424,0.5081150463798424,0.5126340310385948,0.9567974624140249,0.42186056872516353,0.4289367864556696,0.6004013238351096,0.6054459557116787,4,0.876810083518163,2.7022710707260713,119.51,molecule,xy,0.1,bytype,3,bytype,eig,0,"[0.000,3.142]",none,1,Z,ridge,1,1,adam,adjoint,100,10,0.43751185910048584,0.053897049382402105,7.207388152121961,0.030066283195441898,0.31261591767470515,0.48542450213478805,0.9394922057911286,0.4727326542729878,0.9567974624140249,4,0.42186056872516353,0.4727326542729878,0.6004013238351096,0.9576435792560155,4,0.4814210495407603
B2,none_r3,quantum,45,13,92,162,72,0.48449292214361706,0.48449292214361706,0.5342057554849896,0.9663631758373584,0.4136792246850521,0.4290329551575502,0.6632237270761219,0.679637435394211,4,0.3741740015797877,1.2836633858341453,88.08,molecule,none,0.0,fixed,3,fixed,eig,0,"[0.000,3.142]",none,1,Z,ridge,1,1,adam,adjoint,100,10,0.5022326714871501,0.3143102630726962,3.0178050817892275,0.01581400176670231,0.0,0.0,0.9394922057911286,0.48143532587054216,0.9663631758373584,4,0.4136792246850521,0.48143532587054216,0.6632237270761219,0.961982704551315,4,0.5179093361613076
B2,zz_fixed_r3,quantum,45,13,92,162,72,0.4958326847267641,0.4958326847267641,0.5060953517476305,0.954940112509325,0.40151766367377445,0.41279418009489965,0.5637561723426374,0.5340404414523382,4,0.5892219920837521,1.8722495912649983,122.63,molecule,zz,0.1,fixed,3,fixed,eig,0,"[0.000,3.142]",none,1,Z,ridge,1,1,adam,adjoint,100,10,0.5021627876507889,0.20627742956086087,4.588756071759895,0.2582091919887088,0.1,0.03807498052542948,0.9394922057911286,0.4499184279009913,0.954940112509325,4,0.40151766367377445,0.4499184279009913,0.5637561723426374,0.9515756974808076,4,0.45495571607048335
B2,xy_shuffled_r3,quantum,45,13,102,162,72,0.5080484483196642,0.5080484483196642,0.49364710660722927,0.9670701075141213,0.4473874318583849,0.4358054122078721,0.5769985129094198,0.5755190641675293,4,0.8027627599393407,3.408856636880469,131.43,molecule,xy,0.1,bytype_shuffled,3,bytype_shuffled,eig,0,"[0.000,3.142]",none,1,Z,ridge,1,1,adam,adjoint,100,10,0.43751185910048584,0.08629363158278794,9.091964608248272,0.01655997358867785,0.9244708258234275,0.8879473617036043,0.9394922057911286,0.5055147306343386,0.9670701075141213,4,0.4473874318583849,0.5055147306343386,0.5769985129094198,0.9681864767577262,4,0.4998024509315572
B2,krr_res,classical,45,13,162,162,72,0.8430975960862962,0.8430975960862962,0.8430975960862962,0.916706917994985,0.7094996519237874,0.7094996519237874,0.39516504939887037,0.39516504939887037,4,,,,,,,,,,,,,,,,,,,,,,,,,,,,,,0.8328115331217907,,,0.7094996519237874,,0.39516504939887037,,,
B2,krr_cos_cl,classical,45,13,162,162,72,0.6193456029320586,0.6193456029320586,0.6193456029320586,0.946173781783346,0.5818707124360913,0.5818707124360913,0.49709547816105215,0.49709547816105215,4,,,,,,,,,,,,,,,,,,,,,,,,,,,,,,0.610073669771221,,,0.5818707124360913,,0.49709547816105215,,,
B2,ridge_raw_eig,classical,45,13,14,162,72,0.7406755462186129,0.7406755462186129,0.7406755462186129,0.9366145508082981,0.5746760375529257,0.5746760375529257,0.5428391221572229,0.5428391221572229,4,,,,,,,,,,,,,,,,,,,,,,,,,,,,,,0.7280712442789773,,,0.5746760375529257,,0.5428391221572229,,,
B2,composition,classical,45,13,0,162,72,0.8409051471152678,0.8409051471152678,0.8409051471152678,0.9019157184054577,0.7863098947350777,0.7863098947350777,nan,nan,4,,,,,,,,,,,,,,,,,,,,,,,,,,,,,,0.834753770914757,,,0.7863098947350777,,nan,,,
B2,zz_bytype_r3,quantum,46,13,102,166,68,0.5608824060962833,0.5608824060962833,0.5451211742517414,0.9511265799699105,0.3965239595952318,0.3956674200899779,0.4272218942673487,0.42399317853863305,5,0.922715945920672,2.678683281077425,115.95,molecule,zz,0.1,bytype,3,bytype,eig,0,"[0.000,3.142]",none,1,Z,ridge,1,1,adam,adjoint,100,10,0.558437418457654,0.043158307648001715,7.92007203380428,0.018912018268058238,0.24134099730989886,0.41734363547873676,0.9355219237672779,0.5184234300578927,0.9511265799699105,5,0.3965239595952318,0.5184234300578927,0.4272218942673487,0.9538751459544119,5,0.5044733294569228
B2,xy_bytype_r3,quantum,46,13,102,166,68,0.3122893381364128,0.3122893381364128,0.2939045467368447,0.9838300430992356,0.24816153654269602,0.24559660608142386,0.6974288337924701,0.6991604355240718,5,0.924381241215143,2.277928104896952,122.27,molecule,xy,0.1,bytype,3,bytype,eig,0,"[0.000,3.142]",none,1,Z,ridge,1,1,adam,adjoint,100,10,0.5419059076475635,0.040978252114490084,6.735157831482976,0.011753573960646954,0.5893880731322021,0.5306561478338504,0.9355219237672779,0.2959723133176625,0.9838300430992356,5,0.24816153654269602,0.2959723133176625,0.6974288337924701,0.9858182170042193,5,0.28143808706966206
B2,none_r3,quantum,46,13,92,166,68,0.4829434589571315,0.4829434589571315,0.47482706542130054,0.9607556509404459,0.3955952635299677,0.3764692212765139,0.6394234553325462,0.619185360094451,5,0.5022794943085651,1.2326909813703275,89.32,molecule,none,0.0,fixed,3,fixed,eig,0,"[0.000,3.142]",none,1,Z,ridge,1,1,adam,adjoint,100,10,0.5554145065493846,0.2764411890681185,3.2548905323469284,0.018698755567652707,0.0,0.0,0.9355219237672779,0.46409693420372494,0.9607556509404459,5,0.3955952635299677,0.46409693420372494,0.6394234553325462,0.9638927859453744,5,0.4555713838963057
B2,zz_fixed_r3,quantum,46,13,92,166,68,0.4156783815133367,0.4156783815133367,0.39265019081831115,0.9715575861532114,0.33087146840056336,0.3116991298444291,0.7333169355896628,0.78913813459268,5,0.5971825204101237,1.6230517786990741,125.55,molecule,zz,0.1,fixed,3,fixed,eig,0,"[0.000,3.142]",none,1,Z,ridge,1,1,adam,adjoint,100,10,0.558437418457654,0.2249483534117893,4.44793389409832,0.256593840768215,0.1,0.03807498052542948,0.9355219237672779,0.3992368343784514,0.9715575861532114,5,0.33087146840056336,0.3992368343784514,0.7333169355896628,0.9742709570040161,5,0.38115008994408284
B2,xy_shuffled_r3,quantum,46,13,102,166,68,0.40152351546903575,0.40152351546903575,0.3964620922033019,0.9754574807529327,0.3554638725029876,0.3531359032835397,0.5754509379509379,0.5645202020202019,5,0.8839666857352666,2.5225301412020014,131.61,molecule,xy,0.1,bytype_shuffled,3,bytype_shuffled,eig,0,"[0.000,3.142]",none,1,Z,ridge,1,1,adam,adjoint,100,10,0.5419059076475635,0.06287913848398534,7.458373510184636,0.010388736297521392,0.41424548392031485,0.5436453791615611,0.9355219237672779,0.39345276138394814,0.9754574807529327,5,0.3554638725029876,0.39345276138394814,0.5754509379509379,0.976147029181832,5,0.3875794663541686
B2,krr_res,classical,46,13,166,166,68,0.5892267486342039,0.5892267486342039,0.5892267486342039,0.9279397870556534,0.4656399651755698,0.4656399651755698,0.5452446543355634,0.5452446543355634,5,,,,,,,,,,,,,,,,,,,,,,,,,,,,,,0.5380356371712696,,,0.4656399651755698,,0.5452446543355634,,,
B2,krr_cos_cl,classical,46,13,166,166,68,0.5169507325419374,0.5169507325419374,0.5169507325419374,0.9570894652305658,0.48398881288600965,0.48398881288600965,0.5389905548996458,0.5389905548996458,5,,,,,,,,,,,,,,,,,,,,,,,,,,,,,,0.5173331525023832,,,0.48398881288600965,,0.5389905548996458,,,
B2,ridge_raw_eig,classical,46,13,14,166,68,0.5122160259890716,0.5122160259890716,0.5122160259890716,0.9540173552560806,0.40278336893376016,0.40278336893376016,0.6607765971402334,0.6607765971402334,5,,,,,,,,,,,,,,,,,,,,,,,,,,,,,,0.46359036014770666,,,0.40278336893376016,,0.6607765971402334,,,
B2,composition,classical,46,13,0,166,68,0.8243920876980964,0.8243920876980964,0.8243920876980964,0.9066160588832575,0.6683035673443316,0.6683035673443316,nan,nan,5,,,,,,,,,,,,,,,,,,,,,,,,,,,,,,0.8086996293420562,,,0.6683035673443316,,nan,,,
B2,zz_bytype_r3,quantum,47,13,102,168,66,0.3746621787893945,0.3746621787893945,0.3816007615709084,0.9793719552626284,0.3429399670006797,0.3506083740754288,0.6466233766233767,0.6519580419580419,6,0.8927379598935334,2.521316584604605,117.72,molecule,zz,0.1,bytype,3,bytype,eig,0,"[0.000,3.142]",none,1,Z,ridge,1,1,adam,adjoint,100,10,0.42706401213762757,0.04580775719793472,7.033254499470878,0.013592489016163563,0.5061652621889808,0.38542156977094283,0.9373206415645479,0.3661142898719139,0.9793719552626284,6,0.3429399670006797,0.3661142898719139,0.6466233766233767,0.9780419552836094,6,0.37832186413698937
B2,xy_bytype_r3,quantum,47,13,102,168,66,0.6435479698241673,0.6435479698241673,0.6550265586060107,0.9327051773159232,0.5885532136275549,0.5991919921947846,0.3035464535464536,0.3012487512487513,6,0.915346573348432,3.329124365117621,124.17,molecule,xy,0.1,bytype,3,bytype,eig,0,"[0.000,3.142]",none,1,Z,ridge,1,1,adam,adjoint,100,10,0.4297749728806466,0.03638192414343143,9.28664772334948,0.09700849961377969,0.344745026011917,0.6816047764260348,0.9373206415645479,0.6526640315455924,0.9327051773159232,6,0.5885532136275549,0.6526640315455924,0.3035464535464536,0.9313583174687278,6,0.6622033819566392
B2,none_r3,quantum,47,13,92,168,66,1.3872714347925443,1.3872714347925443,0.6366604087666042,-0.8912277755878992,0.6361455602770877,0.4874739519048508,0.638011988011988,0.5547352647352647,6,0.42062367797977196,1.0432978744629586,91.84,molecule,none,0.0,fixed,3,fixed,eig,0,"[0.000,3.142]",none,1,Z,ridge,1,1,adam,adjoint,100,10,0.42934386674302527,0.24875167039551688,2.580376997025197,0.12053175074374144,0.0,0.0,0.9373206415645479,0.6036601405849216,-0.8912277755878992,6,0.6361455602770877,0.6036601405849216,0.638011988011988,0.9480921061951948,6,0.6046031045364562
B2,zz_fixed_r3,quantum,47,13,92,168,66,0.7460963879494624,0.7460963879494624,0.7283105157370017,0.8085240893536033,0.5101619379325402,0.49146466183308685,0.5199500499500499,0.5237562437562437,6,0.786952219893795,1.9352039904428684,127.27,molecule,zz,0.1,fixed,3,fixed,eig,0,"[0.000,3.142]",none,1,Z,ridge,1,1,adam,adjoint,100,10,0.42706401213762757,0.09098503974917092,4.9798388453083495,0.15449890745383654,0.1,0.03807498052542948,0.9373206415645479,0.522271343007593,0.8085240893536033,6,0.5101619379325402,0.522271343007593,0.5199500499500499,0.828985974429104,6,0.5152225704352107
B2,xy_shuffled_r3,quantum,47,13,102,168,66,0.5821346678753783,0.5821346678753783,0.5824180389644417,0.9474848416917033,0.5448796208736059,0.5418263245695474,0.6322077922077921,0.6316083916083917,6,0.8290177388027192,2.9974495988114227,134.75,molecule,xy,0.1,bytype_shuffled,3,bytype_shuffled,eig,0,"[0.000,3.142]",none,1,Z,ridge,1,1,adam,adjoint,100,10,0.4297749728806466,0.07348389666913298,8.361435452614408,0.016272707643056713,0.8108733210152679,0.36811751555388583,0.9373206415645479,0.5431217489919079,0.9474848416917033,6,0.5448796208736059,0.5431217489919079,0.6322077922077921,0.9493157479144504,6,0.550724534708888
B2,krr_res,classical,47,13,168,168,66,0.609402919037169,0.609402919037169,0.609402919037169,0.9232237485293215,0.5231541814283054,0.5231541814283054,0.4633866133866134,0.4633866133866134,6,,,,,,,,,,,,,,,,,,,,,,,,,,,,,,0.5321447957804368,,,0.5231541814283054,,0.4633866133866134,,,
B2,krr_cos_cl,classical,47,13,168,168,66,0.6957952144823472,0.6957952144823472,0.6957952144823472,0.9355508315156392,0.5176951075529846,0.5176951075529846,0.4400099900099901,0.4400099900099901,6,,,,,,,,,,,,,,,,,,,,,,,,,,,,,,0.6819757907525517,,,0.5176951075529846,,0.4400099900099901,,,
B2,ridge_raw_eig,classical,47,13,14,168,66,1.1354193030741917,1.1354193030741917,1.1354193030741917,0.42426189376523904,0.6418238881335628,0.6418238881335628,0.6561338661338662,0.6561338661338662,6,,,,,,,,,,,,,,,,,,,,,,,,,,,,,,0.719826574560302,,,0.6418238881335628,,0.6561338661338662,,,
B2,composition,classical,47,13,0,168,66,0.8399648482626734,0.8399648482626734,0.8399648482626734,0.900573293242947,0.7237326176108139,0.7237326176108139,nan,nan,6,,,,,,,,,,,,,,,,,,,,,,,,,,,,,,0.8303548539853915,,,0.7237326176108139,,nan,,,
B2,zz_bytype_r3,quantum,48,13,102,177,57,0.462726275731414,0.462726275731414,0.45665481037842265,0.9734456031735654,0.3794181807132189,0.3773669726593397,0.526863211955739,0.5452998587349887,5,0.8944611739868422,2.4317938084645303,124.83,molecule,zz,0.1,bytype,3,bytype,eig,0,"[0.000,3.142]",none,1,Z,ridge,1,1,adam,adjoint,100,10,0.4837439542169731,0.05105376901902208,6.945365245035417,0.01790556581496329,0.7322044802367407,0.5836709950747904,0.933223180756244,0.45343991485546387,0.9734456031735654,5,0.3794181807132189,0.45343991485546387,0.526863211955739,0.9741926003718828,5,0.4439249055813579
B2,xy_bytype_r3,quantum,48,13,102,177,57,0.5857555362371938,0.5857555362371938,0.5732925068505523,0.9380686984694501,0.5247748532938805,0.5186158293837346,0.43632251323018845,0.4031004146020831,5,0.8873047256148221,2.7505168773264104,130.8,molecule,xy,0.1,bytype,3,bytype,eig,0,"[0.000,3.142]",none,1,Z,ridge,1,1,adam,adjoint,100,10,0.47166573822922986,0.05315449978783056,7.855659579020115,0.024640848830160555,0.075578394962698,0.32555938267462436,0.933223180756244,0.5990801473692732,0.9380686984694501,5,0.5247748532938805,0.5990801473692732,0.43632251323018845,0.9400383490723729,5,0.5901726940379558
B2,none_r3,quantum,48,13,92,177,57,0.5898221350349198,0.5898221350349198,0.6812408685519223,0.9508941117549292,0.533136849599909,0.6148585058315137,0.5270353652819019,0.42119048713446533,5,0.47176563928398174,1.407443095696547,96.5,molecule,none,0.0,fixed,3,fixed,eig,0,"[0.000,3.142]",none,1,Z,ridge,1,1,adam,adjoint,100,10,0.48515912292505503,0.25627771914386055,3.5746787298052882,0.045272940819593564,0.0,0.0,0.933223180756244,0.5813047364151709,0.9508941117549292,5,0.533136849599909,0.5813047364151709,0.5270353652819019,0.9285348904889852,5,0.6557760251207763
B2,zz_fixed_r3,quantum,48,13,92,177,57,0.5789659858064735,0.5789659858064735,0.6482214211298193,0.9534686838205804,0.5159603339299397,0.5805528510858272,0.5447484042569491,0.5195365527047193,5,0.5459101067785818,1.6505550911480185,133.16,molecule,zz,0.1,fixed,3,fixed,eig,0,"[0.000,3.142]",none,1,Z,ridge,1,1,adam,adjoint,100,10,0.4837439542169731,0.21966324051689196,4.357199543029456,0.17022580061536524,0.1,0.03807498052542948,0.933223180756244,0.5805901122360795,0.9534686838205804,5,0.5159603339299397,0.5805901122360795,0.5447484042569491,0.9369004134770338,5,0.6542632000685069
B2,xy_shuffled_r3,quantum,48,13,102,177,57,0.48163062290341846,0.48163062290341846,0.47645072368838065,0.9643292861019058,0.41568414567899314,0.415890386983184,0.40009297137621536,0.39500448922432935,5,0.8541894661547063,2.2854821329812114,140.45,molecule,xy,0.1,bytype_shuffled,3,bytype_shuffled,eig,0,"[0.000,3.142]",none,1,Z,ridge,1,1,adam,adjoint,100,10,0.47166573822922986,0.06877383308773859,6.527489345233542,0.014516860959649892,0.5697004005674899,0.2647790002043699,0.933223180756244,0.4602782751337172,0.9643292861019058,5,0.41568414567899314,0.4602782751337172,0.40009297137621536,0.9663155792789584,5,0.45750899033203185
B2,krr_res,classical,48,13,177,177,57,0.5116609991093308,0.5116609991093308,0.5116609991093308,0.9424660829382712,0.5084851253780848,0.5084851253780848,0.6229944505220064,0.6229944505220064,5,,,,,,,,,,,,,,,,,,,,,,,,,,,,,,0.511826668884142,,,0.5084851253780848,,0.6229944505220064,,,
B2,krr_cos_cl,classical,48,13,177,177,57,0.5368590615833448,0.5368590615833448,0.5368590615833448,0.9584397178273609,0.43488532287752935,0.43488532287752935,0.707624878576441,0.707624878576441,5,,,,,,,,,,,,,,,,,,,,,,,,,,,,,,0.5297017789718846,,,0.43488532287752935,,0.707624878576441,,,
B2,ridge_raw_eig,classical,48,13,14,177,57,0.601705867278963,0.601705867278963,0.601705867278963,0.9458885606330544,0.43183371290863204,0.43183371290863204,0.7011068925681121,0.7011068925681121,5,,,,,,,,,,,,,,,,,,,,,,,,,,,,,,0.5804213041813561,,,0.43183371290863204,,0.7011068925681121,,,
B2,composition,classical,48,13,0,177,57,0.8685542701864432,0.8685542701864432,0.8685542701864432,0.9069730985533078,0.6458909170247913,0.6458909170247913,nan,nan,5,,,,,,,,,,,,,,,,,,,,,,,,,,,,,,0.8666676629428126,,,0.6458909170247913,,nan,,,
B2,zz_bytype_r3,quantum,49,13,102,171,63,0.515494843510966,0.515494843510966,0.5318361965473951,0.9734966155001046,0.3661927078352864,0.38797595860622547,0.5650793650793651,0.5650793650793651,6,0.8947660484444439,2.693610080923569,121.04,molecule,zz,0.1,bytype,3,bytype,eig,0,"[0.000,3.142]",none,1,Z,ridge,1,1,adam,adjoint,100,10,0.4732712914508415,0.04980420815717334,7.666705641536424,0.0718005243474519,0.0953427580803105,0.4675617576433588,0.9095175273987626,0.5077861338134794,0.9734966155001046,6,0.3661927078352864,0.5077861338134794,0.5650793650793651,0.9728241011237375,6,0.521421121016551
B2,xy_bytype_r3,quantum,49,13,102,171,63,0.5441245276862717,0.5441245276862717,0.5396350288181605,0.967148908943373,0.4010979478364334,0.3964509821313994,0.49522646665503806,0.5150473864759578,6,0.9355802977654596,2.3734144994963207,127.11,molecule,xy,0.1,bytype,3,bytype,eig,0,"[0.000,3.142]",none,1,Z,ridge,1,1,adam,adjoint,100,10,0.44379946052250385,0.02858942909870935,6.755346834295246,0.013950901514080707,0.03288467826778194,0.5322346938258544,0.9095175273987626,0.48058632233138343,0.967148908943373,6,0.4010979478364334,0.48058632233138343,0.49522646665503806,0.9685529355557458,6,0.485143069645964
B2,none_r3,quantum,49,13,92,171,63,1.005509802689805,1.005509802689805,0.5781746685897484,0.5755595127865555,0.5780269151219627,0.4391503546713927,0.5410895982324554,0.5428804000232571,6,0.4274288122347878,1.3611735743924593,93.44,molecule,none,0.0,fixed,3,fixed,eig,0,"[0.000,3.142]",none,1,Z,ridge,1,1,adam,adjoint,100,10,0.4754743782510822,0.2722429295071479,3.44380847762097,0.02895777518750011,0.0,0.0,0.9095175273987626,0.576802622006151,0.5755595127865555,6,0.5780269151219627,0.576802622006151,0.5410895982324554,0.9677411779848135,6,0.5718968610382917
B2,zz_fixed_r3,quantum,49,13,92,171,63,1.482386778521351,1.482386778521351,0.60068639378484,-1.078049647430678,0.6574807559081397,0.47579202384290054,0.6875632304203733,0.6154950869236583,6,0.728738956545021,2.143169137015093,128.34,molecule,zz,0.1,fixed,3,fixed,eig,0,"[0.000,3.142]",none,1,Z,ridge,1,1,adam,adjoint,100,10,0.4732712914508415,0.12838006435624075,5.636596762414008,0.4220470695383563,0.1,0.03807498052542948,0.9095175273987626,0.47332692062428167,-1.078049647430678,6,0.6574807559081397,0.47332692062428167,0.6875632304203733,0.9157198958679619,6,0.44991489787469907
B2,xy_shuffled_r3,quantum,49,13,102,171,63,0.5562011198695731,0.5562011198695731,0.5446417313588893,0.9686339552102459,0.4975495016152986,0.48153434431008785,0.4959183673469388,0.44732251875109014,6,0.8298789058203799,2.0829154043433236,135.23,molecule,xy,0.1,bytype_shuffled,3,bytype_shuffled,eig,0,"[0.000,3.142]",none,1,Z,ridge,1,1,adam,adjoint,100,10,0.44379946052250385,0.07549964982041346,5.928511848992892,0.009609731154893613,0.3266502295785617,0.21548866056811025,0.9095175273987626,0.5111841175661077,0.9686339552102459,6,0.4975495016152986,0.5111841175661077,0.4959183673469388,0.9706780093835959,6,0.5049938516677586
B2,krr_res,classical,49,13,171,171,63,0.7002082132273737,0.7002082132273737,0.7002082132273737,0.9365261909248719,0.39457096317129375,0.39457096317129375,0.6418803418803419,0.6418803418803419,6,,,,,,,,,,,,,,,,,,,,,,,,,,,,,,0.5975030015457847,,,0.39457096317129375,,0.6418803418803419,,,
B2,krr_cos_cl,classical,49,13,171,171,63,0.5924118308283997,0.5924118308283997,0.5924118308283997,0.9689742946208555,0.44543501520368545,0.44543501520368545,0.5016453491863327,0.5016453491863327,6,,,,,,,,,,,,,,,,,,,,,,,,,,,,,,0.5825839430409516,,,0.44543501520368545,,0.5016453491863327,,,
B2,ridge_raw_eig,classical,49,13,14,171,63,0.816626424030244,0.816626424030244,0.816626424030244,0.9074498186171418,0.4540038879320288,0.4540038879320288,0.6430257573114717,0.6430257573114717,6,,,,,,,,,,,,,,,,,,,,,,,,,,,,,,0.674427549778966,,,0.4540038879320288,,0.6430257573114717,,,
B2,composition,classical,49,13,0,171,63,0.692139150547343,0.692139150547343,0.692139150547343,0.9526125291070264,0.5755997222251483,0.5755997222251483,nan,nan,6,,,,,,,,,,,,,,,,,,,,,,,,,,,,,,0.6855810109474015,,,0.5755997222251483,,nan,,,
B2,zz_bytype_r3,quantum,50,13,102,173,61,0.45621143310096973,0.45621143310096973,0.44354466274248183,0.9743860835691357,0.39518829051873244,0.38344712380565205,0.5066483516483516,0.4871978021978021,5,0.9094520854687321,2.058396696446089,131.92,molecule,zz,0.1,bytype,3,bytype,eig,0,"[0.000,3.142]",none,1,Z,ridge,1,1,adam,adjoint,100,10,0.5239179108615191,0.04743967421408923,6.159903439924872,0.03001149766027717,0.2517722379345113,0.5342200581221067,0.9422382626055539,0.4483107665651701,0.9743860835691357,5,0.39518829051873244,0.4483107665651701,0.5066483516483516,0.9754219081189893,5,0.4358546012151354
B2,xy_bytype_r3,quantum,50,13,102,173,61,0.4820362198370446,0.4820362198370446,0.48044640940806294,0.9706553129178314,0.3855762001363573,0.38900530610777045,0.6645604395604393,0.6650366300366299,5,0.9341982764763247,2.5061278617763882,138.67,molecule,xy,0.1,bytype,3,bytype,eig,0,"[0.000,3.142]",none,1,Z,ridge,1,1,adam,adjoint,100,10,0.5271627835692014,0.03468821973639169,7.49977186773641,0.013146628362606227,0.028240869522222656,0.5292905860365894,0.9422382626055539,0.4679967356782318,0.9706553129178314,5,0.3855762001363573,0.4679967356782318,0.6645604395604393,0.9714414622792803,5,0.4665519314216489
B2,none_r3,quantum,50,13,92,173,61,0.459611879387665,0.459611879387665,0.48959885561362787,0.9703913538033555,0.34896077268355263,0.3798684710750984,0.69003663003663,0.6805311355311353,5,0.5090856855174266,0.9997384443715644,100.38,molecule,none,0.0,fixed,3,fixed,eig,0,"[0.000,3.142]",none,1,Z,ridge,1,1,adam,adjoint,100,10,0.5302859674992841,0.26032497221463924,2.67564573703754,0.011384842193564644,0.0,0.0,0.9422382626055539,0.4477623933121657,0.9703913538033555,5,0.34896077268355263,0.4477623933121657,0.69003663003663,0.9682513478643633,5,0.4787964823578609
B2,zz_fixed_r3,quantum,50,13,92,173,61,0.5037253729095302,0.5037253729095302,0.4747081230122445,0.9686166795016778,0.4703504138620823,0.4527855030545132,0.7795421245421245,0.7814468864468864,5,0.6438297839040688,1.5516663638388712,134.34,molecule,zz,0.1,fixed,3,fixed,eig,0,"[0.000,3.142]",none,1,Z,ridge,1,1,adam,adjoint,100,10,0.5239179108615191,0.18660395552807604,4.307962315177435,0.3325556668442729,0.1,0.03807498052542948,0.9422382626055539,0.5008968872691525,0.9686166795016778,5,0.4703504138620823,0.5008968872691525,0.7795421245421245,0.9709941733326225,5,0.470888714834354
B2,xy_shuffled_r3,quantum,50,13,102,173,61,0.4929723302285555,0.4929723302285555,0.5023631919401994,0.9552063661776125,0.4194115382449481,0.4267409558457596,0.6460439560439559,0.6383150183150181,5,0.8567204495486492,2.8401882797650613,140.14,molecule,xy,0.1,bytype_shuffled,3,bytype_shuffled,eig,0,"[0.000,3.142]",none,1,Z,ridge,1,1,adam,adjoint,100,10,0.5271627835692014,0.07553164664447794,8.499472227469795,0.07123151464617114,0.6408319912120956,0.2623907369281457,0.9422382626055539,0.4959859618282168,0.9552063661776125,5,0.4194115382449481,0.4959859618282168,0.6460439560439559,0.9548133439198093,5,0.5054223210249292
B2,krr_res,classical,50,13,173,173,61,0.6647292064399799,0.6647292064399799,0.6647292064399799,0.9441409234011,0.551430905572908,0.551430905572908,0.6318681318681318,0.6318681318681318,5,,,,,,,,,,,,,,,,,,,,,,,,,,,,,,0.6750470407693338,,,0.551430905572908,,0.6318681318681318,,,
B2,krr_cos_cl,classical,50,13,173,173,61,0.6459634207269472,0.6459634207269472,0.6459634207269472,0.9509243139007039,0.5228874125212454,0.5228874125212454,0.5079853479853479,0.5079853479853479,5,,,,,,,,,,,,,,,,,,,,,,,,,,,,,,0.6298395702513329,,,0.5228874125212454,,0.5079853479853479,,,
B2,ridge_raw_eig,classical,50,13,14,173,61,0.7481829372907705,0.7481829372907705,0.7481829372907705,0.9402903087345241,0.6020821892774474,0.6020821892774474,0.43650183150183147,0.43650183150183147,5,,,,,,,,,,,,,,,,,,,,,,,,,,,,,,0.7284424328028916,,,0.6020821892774474,,0.43650183150183147,,,
B2,composition,classical,50,13,0,173,61,0.9989042910954603,0.9989042910954603,0.9989042910954603,0.8929240826042955,0.8405894439269523,0.8405894439269523,nan,nan,5,,,,,,,,,,,,,,,,,,,,,,,,,,,,,,0.9820807605091278,,,0.8405894439269523,,nan,,,
B2,zz_bytype_r3,quantum,51,13,102,182,52,0.2716576041826635,0.2716576041826635,0.2619120445012826,0.9927229095648888,0.22054431153996404,0.21446674041865607,0.8317489177489179,0.8107489177489178,5,0.8981470506451052,2.0416719755581134,136.19,molecule,zz,0.1,bytype,3,bytype,eig,0,"[0.000,3.142]",none,1,Z,ridge,1,1,adam,adjoint,100,10,0.46592759368613046,0.04745609960276143,6.711822726152989,0.18919809657601122,0.3094164832094627,0.4119492351201832,0.9149241125955874,0.26302990389848446,0.9927229095648888,5,0.22054431153996404,0.26302990389848446,0.8317489177489179,0.9928126547833032,5,0.2519773564659933
B2,xy_bytype_r3,quantum,51,13,102,182,52,0.6542681719990064,0.6542681719990064,0.6662513094246675,0.9588713856582172,0.6022255423704812,0.6100362774336681,0.44780952380952377,0.3946277056277055,5,0.8876011045479333,2.4011823716041625,142.47,molecule,xy,0.1,bytype,3,bytype,eig,0,"[0.000,3.142]",none,1,Z,ridge,1,1,adam,adjoint,100,10,0.44404144561768705,0.04990976802236696,7.893682532898156,0.016086623967015424,0.36395923092339155,0.5708450264905427,0.9149241125955874,0.6250521816704733,0.9588713856582172,5,0.6022255423704812,0.6250521816704733,0.44780952380952377,0.9565111665295526,5,0.6348414164513835
B2,none_r3,quantum,51,13,92,182,52,0.4597073087605806,0.4597073087605806,0.4506406130626476,0.9789046578774261,0.4067490118318054,0.39277205726572917,0.6982857142857142,0.6931601731601731,5,0.45794910245220893,1.2205283225253751,103.96,molecule,none,0.0,fixed,3,fixed,eig,0,"[0.000,3.142]",none,1,Z,ridge,1,1,adam,adjoint,100,10,0.46203311512468587,0.25044546475013785,3.6264179605465805,0.027825760834963884,0.0,0.0,0.9149241125955874,0.46400228937078436,0.9789046578774261,5,0.4067490118318054,0.46400228937078436,0.6982857142857142,0.9793296648248296,5,0.4541725525830489
B2,zz_fixed_r3,quantum,51,13,92,182,52,0.5009846735995386,0.5009846735995386,0.45770472810403895,0.9657119504864303,0.34731319864686794,0.34046261311055703,0.639021645021645,0.6359307359307359,5,0.6995206004735451,2.0566729493269142,139.57,molecule,zz,0.1,fixed,3,fixed,eig,0,"[0.000,3.142]",none,1,Z,ridge,1,1,adam,adjoint,100,10,0.46592759368613046,0.1400016435736145,6.31642735249323,0.27564306213435863,0.1,0.03807498052542948,0.9149241125955874,0.44215917274731154,0.9657119504864303,5,0.34731319864686794,0.44215917274731154,0.639021645021645,0.9748160802293228,5,0.4181924636165833
B2,xy_shuffled_r3,quantum,51,13,102,182,52,0.42224824116962406,0.42224824116962406,0.4258789851476147,0.9831989065249114,0.3742303888078348,0.37290556778953715,0.5823982683982684,0.5751255411255412,5,0.8875570532909353,2.246629426693056,145.33,molecule,xy,0.1,bytype_shuffled,3,bytype_shuffled,eig,0,"[0.000,3.142]",none,1,Z,ridge,1,1,adam,adjoint,100,10,0.44404144561768705,0.04992932860620564,7.385602890102124,0.09965142277449428,0.7968097522518188,0.3793759920734194,0.9149241125955874,0.3963595964894448,0.9831989065249114,5,0.3742303888078348,0.3963595964894448,0.5823982683982684,0.9825841250862766,5,0.39901528699737143
B2,krr_res,classical,51,13,182,182,52,0.7209540653042349,0.7209540653042349,0.7209540653042349,0.9268945754849992,0.46189540522035444,0.46189540522035444,0.5171212121212122,0.5171212121212122,5,,,,,,,,,,,,,,,,,,,,,,,,,,,,,,0.7219470307078231,,,0.46189540522035444,,0.5171212121212122,,,
B2,krr_cos_cl,classical,51,13,182,182,52,0.46893895329193064,0.46893895329193064,0.46893895329193064,0.9804909776216103,0.39190001298956445,0.39190001298956445,0.7334848484848484,0.7334848484848484,5,,,,,,,,,,,,,,,,,,,,,,,,,,,,,,0.4808687355861063,,,0.39190001298956445,,0.7334848484848484,,,
B2,ridge_raw_eig,classical,51,13,14,182,52,0.6068946754185987,0.6068946754185987,0.6068946754185987,0.9579013279155336,0.5722046583827456,0.5722046583827456,0.5842337662337662,0.5842337662337662,5,,,,,,,,,,,,,,,,,,,,,,,,,,,,,,0.5836288372431302,,,0.5722046583827456,,0.5842337662337662,,,
B2,composition,classical,51,13,0,182,52,0.5997807912694306,0.5997807912694306,0.5997807912694306,0.9609164783129888,0.5242715154920594,0.5242715154920594,nan,nan,5,,,,,,,,,,,,,,,,,,,,,,,,,,,,,,0.6040192955744242,,,0.5242715154920594,,nan,,,
B2,zz_bytype_r3,quantum,52,13,102,185,49,0.5040867457061685,0.5040867457061685,0.4904538315573212,0.9615490656106707,0.48272357401951344,0.4815856530774633,0.7571741664132968,0.754972382689774,4,0.9140334924019128,2.4281803465030403,140.4,molecule,zz,0.1,bytype,3,bytype,eig,0,"[0.000,3.142]",none,1,Z,ridge,1,1,adam,adjoint,100,10,0.4098498545285944,0.03523336063340735,6.580751856147149,0.015585836631634967,0.40087332263265096,0.35293446868788614,0.9297330621307068,0.5163380328857755,0.9615490656106707,4,0.48272357401951344,0.5163380328857755,0.7571741664132968,0.9605580761527464,4,0.5031108185757331
B2,xy_bytype_r3,quantum,52,13,102,185,49,0.6826271635427366,0.6826271635427366,0.6911014449437134,0.9137649433220456,0.5082408118881435,0.5087561249405913,0.48693118475727176,0.5061340833079964,4,0.883069475741218,2.4128757533065834,144.85,molecule,xy,0.1,bytype,3,bytype,eig,0,"[0.000,3.142]",none,1,Z,ridge,1,1,adam,adjoint,100,10,0.41488256016312924,0.04851243526570037,6.539273993833419,0.016263215346832158,0.22641128289635848,0.3423914096358365,0.9297330621307068,0.5950549795442117,0.9137649433220456,4,0.5082408118881435,0.5950549795442117,0.48693118475727176,0.9091944373437675,4,0.6028062441141597
B2,none_r3,quantum,52,13,92,185,49,0.7617860160960765,0.7617860160960765,0.7329028173408821,0.905349852185984,0.6336096383679627,0.6097983245409374,0.10948363230971929,0.17300597952771862,4,0.40632268421170104,1.0115567040777145,104.21,molecule,none,0.0,fixed,3,fixed,eig,0,"[0.000,3.142]",none,1,Z,ridge,1,1,adam,adjoint,100,10,0.42270703783587843,0.25095157958722725,2.4215959542496295,0.005308941553941648,0.0,0.0,0.9297330621307068,0.6982562903792382,0.905349852185984,4,0.6336096383679627,0.6982562903792382,0.10948363230971929,0.9202510309360576,4,0.6836402996669418
B2,zz_fixed_r3,quantum,52,13,92,185,49,0.6807090536944884,0.6807090536944884,0.652564992121998,0.9217590078687765,0.5935239708467025,0.566017013480611,0.4209752204317422,0.44950086145738316,4,0.536215107437763,1.681651752432615,137.68,molecule,zz,0.1,fixed,3,fixed,eig,0,"[0.000,3.142]",none,1,Z,ridge,1,1,adam,adjoint,100,10,0.4098498545285944,0.1900821707491926,4.193921777647986,0.2704838719475726,0.1,0.03807498052542948,0.9297330621307068,0.6163766841652967,0.9217590078687765,4,0.5935239708467025,0.6163766841652967,0.4209752204317422,0.9299037297885708,4,0.5937396893704138
B2,xy_shuffled_r3,quantum,52,13,102,185,49,0.5514568945095003,0.5514568945095003,0.5619783470170291,0.899288052238187,0.4131874061126298,0.42877163598579177,0.6035915171784738,0.6029922975575149,4,0.8102410826010786,1.9572309706567357,146.75,molecule,xy,0.1,bytype_shuffled,3,bytype_shuffled,eig,0,"[0.000,3.142]",none,1,Z,ridge,1,1,adam,adjoint,100,10,0.41488256016312924,0.07872766546424825,5.304404741438291,0.01102412402397965,0.4268730220849573,0.3110908425880532,0.9297330621307068,0.42960224172956374,0.899288052238187,4,0.4131874061126298,0.42960224172956374,0.6035915171784738,0.8910433178153614,4,0.43518555351782473
B2,krr_res,classical,52,13,185,185,49,0.8500646051580806,0.8500646051580806,0.8500646051580806,0.8366147589046081,0.8378343377883958,0.8378343377883958,0.2172114117766292,0.2172114117766292,4,,,,,,,,,,,,,,,,,,,,,,,,,,,,,,0.8406990661383168,,,0.8378343377883958,,0.2172114117766292,,,
B2,krr_cos_cl,classical,52,13,185,185,49,0.6523236768468361,0.6523236768468361,0.6523236768468361,0.932500837361074,0.6705059550322414,0.6705059550322414,0.3379003243133678,0.3379003243133678,4,,,,,,,,,,,,,,,,,,,,,,,,,,,,,,0.655137405001884,,,0.6705059550322414,,0.3379003243133678,,,
B2,ridge_raw_eig,classical,52,13,14,185,49,0.8529436096819751,0.8529436096819751,0.8529436096819751,0.89263809288501,0.6749854034816337,0.6749854034816337,0.3027477956825783,0.3027477956825783,4,,,,,,,,,,,,,,,,,,,,,,,,,,,,,,0.7891080637856477,,,0.6749854034816337,,0.3027477956825783,,,
B2,composition,classical,52,13,0,185,49,0.7554036187962064,0.7554036187962064,0.7554036187962064,0.9187219436152076,0.7154706932407763,0.7154706932407763,nan,nan,4,,,,,,,,,,,,,,,,,,,,,,,,,,,,,,0.7400843435553341,,,0.7154706932407763,,nan,,,
B2,zz_bytype_r3,quantum,53,13,102,170,64,0.6502019577697701,0.6502019577697701,0.6877029551411996,0.929811597189439,0.6002131272714885,0.6212351741764537,0.6034346243187707,0.5499988832305907,5,0.8729464752387287,2.2654888657792807,128.66,molecule,zz,0.1,bytype,3,bytype,eig,0,"[0.000,3.142]",none,1,Z,ridge,1,1,adam,adjoint,100,10,0.53289084222391,0.06770565981755026,7.599726291323365,0.11976980392972963,0.2601967332252385,0.2610347602268594,0.9349358538044198,0.6502019577697701,0.929811597189439,5,0.6002131272714885,0.6502019577697701,0.6034346243187707,0.9221796491496768,5,0.6877029551411996
B2,xy_bytype_r3,quantum,53,13,102,170,64,0.4646029727628521,0.4646029727628521,0.4387690512857113,0.9594676837090979,0.3398284456677384,0.32897092791844695,0.8443180866389709,0.830347859711427,5,0.9134213174825789,2.1857411946446605,133.7,molecule,xy,0.1,bytype,3,bytype,eig,0,"[0.000,3.142]",none,1,Z,ridge,1,1,adam,adjoint,100,10,0.5664626822698751,0.049043592726210235,7.3322076633802915,0.017524632316222623,-0.19066906162142214,0.5877177740411039,0.9349358538044198,0.4646029727628521,0.9594676837090979,5,0.3398284456677384,0.4646029727628521,0.8443180866389709,0.9614774437037323,5,0.4387690512857113
B2,none_r3,quantum,53,13,92,170,64,0.5972268177224416,0.5972268177224416,0.5755044888901899,0.9488621813660113,0.5251053237819869,0.5042871249528936,0.699727857254534,0.7170545346421872,5,0.5008401555672538,0.9992548708188873,98.15,molecule,none,0.0,fixed,3,fixed,eig,0,"[0.000,3.142]",none,1,Z,ridge,1,1,adam,adjoint,100,10,0.5544507219821658,0.2767595361302417,3.0360717957112477,0.017832480750024474,0.0,0.0,0.9349358538044198,0.5972268177224416,0.9488621813660113,5,0.5251053237819869,0.5972268177224416,0.699727857254534,0.9510234848832613,5,0.5755044888901899
B2,zz_fixed_r3,quantum,53,13,92,170,64,0.5823053979185056,0.5823053979185056,0.586893569896486,0.9461809517137072,0.4320466989591871,0.429195649159576,0.6484648608505317,0.6442434724828019,5,0.7368032302763695,1.1263750649447568,127.2,molecule,zz,0.1,fixed,3,fixed,eig,0,"[0.000,3.142]",none,1,Z,ridge,1,1,adam,adjoint,100,10,0.53289084222391,0.14025514828863792,3.534943132354191,0.37926336585889503,0.1,0.03807498052542948,0.9349358538044198,0.5823053979185056,0.9461809517137072,5,0.4320466989591871,0.5823053979185056,0.6484648608505317,0.9465700933490766,5,0.586893569896486
B2,xy_shuffled_r3,quantum,53,13,102,170,64,0.734429448695982,0.734429448695982,0.7475139906548489,0.9026877243562501,0.4500814373036477,0.45978516227305877,0.7499470232511393,0.7468761865674975,5,0.7222273671213354,2.2139379399797856,136.54,molecule,xy,0.1,bytype_shuffled,3,bytype_shuffled,eig,0,"[0.000,3.142]",none,1,Z,ridge,1,1,adam,adjoint,100,10,0.5664626822698751,0.15734783068161362,7.426795436505095,0.12421508582816568,0.44430651048418,0.33144398730372926,0.9349358538044198,0.734429448695982,0.9026877243562501,5,0.4500814373036477,0.734429448695982,0.7499470232511393,0.9014521132768298,5,0.7475139906548489
B2,krr_res,classical,53,13,170,170,64,0.6491629752953142,0.6491629752953142,0.6491629752953142,0.9298281907152353,0.5739322760735959,0.5739322760735959,0.5280894727731619,0.5280894727731619,5,,,,,,,,,,,,,,,,,,,,,,,,,,,,,,0.6491629752953142,,,0.5739322760735959,,0.5280894727731619,,,
B2,krr_cos_cl,classical,53,13,170,170,64,0.5800067213715826,0.5800067213715826,0.5800067213715826,0.951554968299214,0.49235001361511843,0.49235001361511843,0.7309851162556955,0.7309851162556955,5,,,,,,,,,,,,,,,,,,,,,,,,,,,,,,0.5800067213715826,,,0.49235001361511843,,0.7309851162556955,,,
B2,ridge_raw_eig,classical,53,13,14,170,64,0.6033833589944305,0.6033833589944305,0.6033833589944305,0.9431462359024018,0.46246386375360105,0.46246386375360105,0.7105076135754489,0.7105076135754489,5,,,,,,,,,,,,,,,,,,,,,,,,,,,,,,0.6033833589944305,,,0.46246386375360105,,0.7105076135754489,,,
B2,composition,classical,53,13,0,170,64,0.8239778485739417,0.8239778485739417,0.8239778485739417,0.8996766177351222,0.7557943560763885,0.7557943560763885,nan,nan,5,,,,,,,,,,,,,,,,,,,,,,,,,,,,,,0.8239778485739417,,,0.7557943560763885,,nan,,,
B2,zz_bytype_r3,quantum,54,13,102,167,67,0.5206476315005526,0.5206476315005526,0.5212697930164728,0.9719546154428217,0.32474903742948724,0.34546300326914686,0.7768355827179356,0.7814404549698667,5,0.8925950270663693,2.628205089387204,126.72,molecule,zz,0.1,bytype,3,bytype,eig,0,"[0.000,3.142]",none,1,Z,ridge,1,1,adam,adjoint,100,10,0.4049928242123539,0.04349824332284255,7.319120576867265,0.41945834828694245,-0.1472660009234737,0.3734553187845438,0.9159389850059289,0.5296248326124718,0.9719546154428217,5,0.32474903742948724,0.5296248326124718,0.7768355827179356,0.973317098802007,5,0.530889046625235
B2,xy_bytype_r3,quantum,54,13,102,167,67,0.43040459982183504,0.43040459982183504,0.42923930053020587,0.9812999398387505,0.22474170305737992,0.24458486885839992,0.7570876835582718,0.7570876835582718,5,0.9143273818892673,2.7422414310034986,132.08,molecule,xy,0.1,bytype,3,bytype,eig,0,"[0.000,3.142]",none,1,Z,ridge,1,1,adam,adjoint,100,10,0.355472083934949,0.03045422409598521,7.636693104903535,0.039352020754818216,0.6912423745832843,0.4502764446101711,0.9159389850059289,0.41090634915743407,0.9812999398387505,5,0.22474170305737992,0.41090634915743407,0.7570876835582718,0.9799993941613381,5,0.40720313166922095
B2,none_r3,quantum,54,13,92,167,67,1.137288449278258,1.137288449278258,0.6019218798864978,0.3014969173532829,0.5075012020756521,0.3909688313037461,0.6990493166963755,0.7152215431627196,5,0.3907159218578102,1.0590369743799009,95.55,molecule,none,0.0,fixed,3,fixed,eig,0,"[0.000,3.142]",none,1,Z,ridge,1,1,adam,adjoint,100,10,0.4026086888893353,0.24530306386197437,2.614347567734793,0.007785958162747548,0.0,0.0,0.9159389850059289,0.5666387581526302,0.3014969173532829,5,0.5075012020756521,0.5666387581526302,0.6990493166963755,0.9705896719168616,5,0.5939641546382728
B2,zz_fixed_r3,quantum,54,13,92,167,67,0.7812671415526036,0.7812671415526036,0.6379790870500377,0.8832763421408463,0.5755107604500763,0.5095704856449673,0.6322192513368985,0.7528520499108734,5,0.6709259358416229,2.1259738348454524,128.37,molecule,zz,0.1,fixed,3,fixed,eig,0,"[0.000,3.142]",none,1,Z,ridge,1,1,adam,adjoint,100,10,0.4049928242123539,0.13327263461853847,5.460794244080863,0.4205834681578958,0.1,0.03807498052542948,0.9159389850059289,0.6059393161025127,0.8832763421408463,5,0.5755107604500763,0.6059393161025127,0.6322192513368985,0.9620811585442484,5,0.6003534348708747
B2,xy_shuffled_r3,quantum,54,13,102,167,67,0.4845308153478737,0.4845308153478737,0.49103772131819673,0.9659966103655148,0.40854602446151705,0.4132367263295949,0.6801757066462949,0.6389992360580596,5,0.8546540638275713,2.571862798248904,134.73,molecule,xy,0.1,bytype_shuffled,3,bytype_shuffled,eig,0,"[0.000,3.142]",none,1,Z,ridge,1,1,adam,adjoint,100,10,0.355472083934949,0.051666422822689344,7.162216526995598,0.06713370450615153,0.7392607296901594,0.5052251853086581,0.9159389850059289,0.3969010295214773,0.9659966103655148,5,0.40854602446151705,0.3969010295214773,0.6801757066462949,0.9686701210381855,5,0.4114038250525811
B2,krr_res,classical,54,13,167,167,67,0.7292899861770229,0.7292899861770229,0.7292899861770229,0.9382513962035487,0.561114442850456,0.561114442850456,0.5395530939648587,0.5395530939648587,5,,,,,,,,,,,,,,,,,,,,,,,,,,,,,,0.646977927047633,,,0.561114442850456,,0.5395530939648587,,,
B2,krr_cos_cl,classical,54,13,167,167,67,0.5699692296264798,0.5699692296264798,0.5699692296264798,0.9721872172871735,0.49714695051220625,0.49714695051220625,0.5689031862745099,0.5689031862745099,5,,,,,,,,,,,,,,,,,,,,,,,,,,,,,,0.569065450007725,,,0.49714695051220625,,0.5689031862745099,,,
B2,ridge_raw_eig,classical,54,13,14,167,67,0.6982063397659708,0.6982063397659708,0.6982063397659708,0.9574533632671863,0.5560508106917215,0.5560508106917215,0.6636342415754181,0.6636342415754181,5,,,,,,,,,,,,,,,,,,,,,,,,,,,,,,0.6794643988124623,,,0.5560508106917215,,0.6636342415754181,,,
B2,composition,classical,54,13,0,167,67,0.7874374776618848,0.7874374776618848,0.7874374776618848,0.949650243828704,0.744453151589152,0.744453151589152,nan,nan,5,,,,,,,,,,,,,,,,,,,,,,,,,,,,,,0.7896881901022025,,,0.744453151589152,,nan,,,
B2,zz_bytype_r3,quantum,55,13,102,180,54,0.5971903532702678,0.5971903532702678,0.5559321888741297,0.9581667868250079,0.42341347223259,0.4089532847991968,0.46940559440559443,0.5606643356643357,5,0.9038452087602734,1.827848401775946,137.47,molecule,zz,0.1,bytype,3,bytype,eig,0,"[0.000,3.142]",none,1,Z,ridge,1,1,adam,adjoint,100,10,0.4659968484716439,0.04480782968316142,6.265821334287278,0.011244351038051789,-0.017772554650635874,0.3358688073847094,0.9181416847681644,0.5882393822593895,0.9581667868250079,5,0.42341347223259,0.5882393822593895,0.46940559440559443,0.9661018457429771,5,0.5523637011397635
B2,xy_bytype_r3,quantum,55,13,102,180,54,0.40050108778598603,0.40050108778598603,0.3810147678532719,0.9840297678813069,0.18625832963388758,0.18001968556789946,0.871112221112221,0.8443639693639693,5,0.9076809403376577,1.9397192156204612,141.57,molecule,xy,0.1,bytype,3,bytype,eig,0,"[0.000,3.142]",none,1,Z,ridge,1,1,adam,adjoint,100,10,0.3554039603332395,0.03281055941823705,6.649311853189166,0.01814863483849606,0.3155387901331105,0.4386224030309795,0.9181416847681644,0.4098621477131238,0.9840297678813069,5,0.18625832963388758,0.4098621477131238,0.871112221112221,0.985360365755874,5,0.3934620672217146
B2,none_r3,quantum,55,13,92,180,54,0.6135952306876157,0.6135952306876157,0.6692230279245149,0.9687890445664656,0.40936194585632985,0.42652462904743393,0.5203463203463203,0.4451132201132201,5,0.43099827179659905,1.1417976061720605,101.97,molecule,none,0.0,fixed,3,fixed,eig,0,"[0.000,3.142]",none,1,Z,ridge,1,1,adam,adjoint,100,10,0.4220511611889568,0.24014784010676857,3.5529872351297254,0.019685596804252397,0.0,0.0,0.9181416847681644,0.6175285749514707,0.9687890445664656,5,0.40936194585632985,0.6175285749514707,0.5203463203463203,0.9630124506117292,5,0.6611419965708897
B2,zz_fixed_r3,quantum,55,13,92,180,54,0.5997359842390863,0.5997359842390863,0.5890744896201464,0.9632496311703491,0.43478918152713103,0.42566758678490674,0.5144105894105895,0.49984182484182493,5,0.718799963883486,1.9556378453182857,136.33,molecule,zz,0.1,fixed,3,fixed,eig,0,"[0.000,3.142]",none,1,Z,ridge,1,1,adam,adjoint,100,10,0.4659968484716439,0.13103833062040798,6.281017338990764,0.15833880642898537,0.1,0.03807498052542948,0.9181416847681644,0.616395048973481,0.9632496311703491,5,0.43478918152713103,0.616395048973481,0.5144105894105895,0.964805645943065,5,0.6048647375454137
B2,xy_shuffled_r3,quantum,55,13,102,180,54,0.5106063442538971,0.5106063442538971,0.48664471488226696,0.9704838261723849,0.4926658981875487,0.47973137179953496,0.6542790542790542,0.6491341991341991,5,0.768344523709486,2.387483834366662,147.44,molecule,xy,0.1,bytype_shuffled,3,bytype_shuffled,eig,0,"[0.000,3.142]",none,1,Z,ridge,1,1,adam,adjoint,100,10,0.3554039603332395,0.08233127370653152,8.18423843580565,0.1684629767429053,0.6819710070055053,0.28978536568152363,0.9181416847681644,0.5211437407310741,0.9704838261723849,5,0.4926658981875487,0.5211437407310741,0.6542790542790542,0.9726466328036667,5,0.4974721652960113
B2,krr_res,classical,55,13,180,180,54,0.7326307695713731,0.7326307695713731,0.7326307695713731,0.9487378143933779,0.5856754349897622,0.5856754349897622,0.4558275058275058,0.4558275058275058,5,,,,,,,,,,,,,,,,,,,,,,,,,,,,,,0.7417206699089475,,,0.5856754349897622,,0.4558275058275058,,,
B2,krr_cos_cl,classical,55,13,180,180,54,0.7220337029299038,0.7220337029299038,0.7220337029299038,0.9577992494082107,0.4346562409154615,0.4346562409154615,0.416042291042291,0.416042291042291,5,,,,,,,,,,,,,,,,,,,,,,,,,,,,,,0.7212111983095922,,,0.4346562409154615,,0.416042291042291,,,
B2,ridge_raw_eig,classical,55,13,14,180,54,0.7034176349382771,0.7034176349382771,0.7034176349382771,0.9572376187460285,0.4543506652332159,0.4543506652332159,0.6258741258741259,0.6258741258741259,5,,,,,,,,,,,,,,,,,,,,,,,,,,,,,,0.6665190930574194,,,0.4543506652332159,,0.6258741258741259,,,
B2,composition,classical,55,13,0,180,54,0.6850755703022929,0.6850755703022929,0.6850755703022929,0.9478050601774797,0.6252942240912946,0.6252942240912946,nan,nan,5,,,,,,,,,,,,,,,,,,,,,,,,,,,,,,0.689242793984109,,,0.6252942240912946,,nan,,,
B2,zz_bytype_r3,quantum,56,13,102,172,62,0.5893377205694981,0.5893377205694981,0.607532390423078,0.927913126211461,0.5603480815031594,0.574713345606623,0.3336928386540121,0.3475409836065575,4,0.9428679831719649,1.95448314555898,130.12,molecule,zz,0.1,bytype,3,bytype,eig,0,"[0.000,3.142]",none,1,Z,ridge,1,1,adam,adjoint,100,10,0.6673409659477406,0.0381265352965635,6.148127372829303,0.02779950026051883,0.33557225016786346,0.5851532873056383,0.9344862747723459,0.5985838648433317,0.927913126211461,4,0.5603480815031594,0.5985838648433317,0.3336928386540121,0.9259590064831605,4,0.6164078808550191
B2,xy_bytype_r3,quantum,56,13,102,172,62,0.5046267515061681,0.5046267515061681,0.4729703230265388,0.9537785938828872,0.4345649516540266,0.41279375696157755,0.5924935289042279,0.661820534943917,4,0.9361257030952811,1.9380341140953297,135.76,molecule,xy,0.1,bytype,3,bytype,eig,0,"[0.000,3.142]",none,1,Z,ridge,1,1,adam,adjoint,100,10,0.518249650796703,0.03310283206575548,6.096384414171414,0.01212645760367158,-0.19529651936488118,0.42584145587965266,0.9344862747723459,0.5081276966264915,0.9537785938828872,4,0.4345649516540266,0.5081276966264915,0.5924935289042279,0.9572034608399709,4,0.47550508994752866
B2,none_r3,quantum,56,13,92,172,62,0.541620234084932,0.541620234084932,0.553180816073215,0.9529331168563254,0.5384117634024571,0.548694198219429,0.39421915444348576,0.37631578947368427,4,0.5181329755935382,1.1652938753149502,98.77,molecule,none,0.0,fixed,3,fixed,eig,0,"[0.000,3.142]",none,1,Z,ridge,1,1,adam,adjoint,100,10,0.5491395092359213,0.2646122212995381,3.2971128512892443,0.008151110558045495,0.0,0.0,0.9344862747723459,0.5453920204460996,0.9529331168563254,4,0.5384117634024571,0.5453920204460996,0.39421915444348576,0.9511629880199505,4,0.5576131524119323
B2,zz_fixed_r3,quantum,56,13,92,172,62,0.48411969458587456,0.48411969458587456,0.47852667130547,0.960490874547943,0.45582041930411693,0.4481938382828348,0.6039689387402936,0.6741156169111303,4,0.7291710501701512,1.3769070786837307,130.66,molecule,zz,0.1,fixed,3,fixed,eig,0,"[0.000,3.142]",none,1,Z,ridge,1,1,adam,adjoint,100,10,0.6673409659477406,0.18073525298606355,4.033547470122666,0.32964493040594806,0.1,0.03807498052542948,0.9344862747723459,0.4865881874901208,0.960490874547943,4,0.45582041930411693,0.4865881874901208,0.6039689387402936,0.9620278688400415,4,0.4786997799534575
B2,xy_shuffled_r3,quantum,56,13,102,172,62,0.4449634298544513,0.4449634298544513,0.42393931914133404,0.9677014663875627,0.35478406107915944,0.3360214524023853,0.6128127696289906,0.5975409836065574,4,0.8453228192531672,2.312056026511029,139.82,molecule,xy,0.1,bytype_shuffled,3,bytype_shuffled,eig,0,"[0.000,3.142]",none,1,Z,ridge,1,1,adam,adjoint,100,10,0.518249650796703,0.08016139490826463,7.272927871701851,0.021409739969603717,0.5957361900342718,0.25873524413848564,0.9344862747723459,0.4437209046743085,0.9677014663875627,4,0.35478406107915944,0.4437209046743085,0.6128127696289906,0.9708691508143675,4,0.4227287703739328
B2,krr_res,classical,56,13,172,172,62,0.9227977870377091,0.9227977870377091,0.9227977870377091,0.8461011348380247,0.9518253843678198,0.9518253843678198,0.044866264020707515,0.044866264020707515,4,,,,,,,,,,,,,,,,,,,,,,,,,,,,,,0.9375829096630474,,,0.9518253843678198,,0.044866264020707515,,,
B2,krr_cos_cl,classical,56,13,172,172,62,0.4557036723070491,0.4557036723070491,0.4557036723070491,0.9657284819045706,0.4319308327261439,0.4319308327261439,0.5357204486626401,0.5357204486626401,4,,,,,,,,,,,,,,,,,,,,,,,,,,,,,,0.4582975238050716,,,0.4319308327261439,,0.5357204486626401,,,
B2,ridge_raw_eig,classical,56,13,14,172,62,0.6020915876715476,0.6020915876715476,0.6020915876715476,0.934500324946813,0.5290091093466349,0.5290091093466349,0.4710094909404659,0.4710094909404659,4,,,,,,,,,,,,,,,,,,,,,,,,,,,,,,0.6063034587847307,,,0.5290091093466349,,0.4710094909404659,,,
B2,composition,classical,56,13,0,172,62,0.761651350923576,0.761651350923576,0.761651350923576,0.8946785273631336,0.6328931059141235,0.6328931059141235,nan,nan,4,,,,,,,,,,,,,,,,,,,,,,,,,,,,,,0.7723885069437834,,,0.6328931059141235,,nan,,,
B2,zz_bytype_r3,quantum,57,13,102,176,58,0.33364857787498314,0.33364857787498314,0.33289939476109337,0.9840003844391817,0.26162752597921296,0.26877339202090866,0.71727969348659,0.6952943225357019,6,0.8996288458594388,2.6166767543154923,133.85,molecule,zz,0.1,bytype,3,bytype,eig,0,"[0.000,3.142]",none,1,Z,ridge,1,1,adam,adjoint,100,10,0.4812809480519977,0.04830672422184252,7.051044864655478,0.019103228229025018,0.3303013963031168,0.2716870603774552,0.9231435594512458,0.33364857787498314,0.9840003844391817,6,0.26162752597921296,0.33364857787498314,0.71727969348659,0.98334934192541,6,0.33289939476109337
B2,xy_bytype_r3,quantum,57,13,102,176,58,0.5070778623837232,0.5070778623837232,0.4890789528426751,0.9725625906764219,0.44418640087305183,0.4481009556109422,0.6127168234064785,0.6029049111807733,6,0.8830054687363956,2.0995409313448894,136.5,molecule,xy,0.1,bytype,3,bytype,eig,0,"[0.000,3.142]",none,1,Z,ridge,1,1,adam,adjoint,100,10,0.4475021247909814,0.05235530132938786,5.6575414894783185,0.016003727382462155,0.2758224356796294,0.2740492318762829,0.9231435594512458,0.5070778623837232,0.9725625906764219,6,0.44418640087305183,0.5070778623837232,0.6127168234064785,0.9738102884432028,6,0.4890789528426751
B2,none_r3,quantum,57,13,92,176,58,0.5738841170776193,0.5738841170776193,0.5979325459380106,0.9622456735931304,0.4852316151599259,0.46889777029376345,0.7836920933472659,0.7625113200975271,6,0.2794641279604631,1.3063391086972111,99.17,molecule,none,0.0,fixed,3,fixed,eig,0,"[0.000,3.142]",none,1,Z,ridge,1,1,adam,adjoint,100,10,0.47270092577265194,0.34059797376549417,3.107034392693631,0.03056206131399993,0.0,0.0,0.9231435594512458,0.5738841170776193,0.9622456735931304,6,0.4852316151599259,0.5738841170776193,0.7836920933472659,0.9583730253540181,6,0.5979325459380106
B2,zz_fixed_r3,quantum,57,13,92,176,58,0.7404948135532627,0.7404948135532627,0.7692569858126906,0.9428015856567583,0.7322731024566972,0.7660592365910219,0.5779728317659353,0.5214907697666319,6,0.6651911435931525,1.7381721687446403,133.16,molecule,zz,0.1,fixed,3,fixed,eig,0,"[0.000,3.142]",none,1,Z,ridge,1,1,adam,adjoint,100,10,0.4812809480519977,0.16113712382769277,4.307935741503463,0.311381423913543,0.1,0.03807498052542948,0.9231435594512458,0.7404948135532627,0.9428015856567583,6,0.7322731024566972,0.7404948135532627,0.5779728317659353,0.9378740065861837,6,0.7692569858126906
B2,xy_shuffled_r3,quantum,57,13,102,176,58,0.8021055168470316,0.8021055168470316,0.7924132739352939,0.9350578514546207,0.6489510080368303,0.6614952501231985,0.5409613375130616,0.5328944618599789,6,0.8297110856124,2.8299666443279357,141.97,molecule,xy,0.1,bytype_shuffled,3,bytype_shuffled,eig,0,"[0.000,3.142]",none,1,Z,ridge,1,1,adam,adjoint,100,10,0.4475021247909814,0.0762046510168005,7.6257878401395045,0.11248951622712153,0.6543345778368039,0.31963492619851197,0.9231435594512458,0.8021055168470316,0.9350578514546207,6,0.6489510080368303,0.8021055168470316,0.5409613375130616,0.9372477577461029,6,0.7924132739352939
B2,krr_res,classical,57,13,176,176,58,0.7909495918035991,0.7909495918035991,0.7909495918035991,0.9251724239860254,0.7183757083563097,0.7183757083563097,0.26616161616161615,0.26616161616161615,6,,,,,,,,,,,,,,,,,,,,,,,,,,,,,,0.7909495918035991,,,0.7183757083563097,,0.26616161616161615,,,
B2,krr_cos_cl,classical,57,13,176,176,58,0.5209110152706901,0.5209110152706901,0.5209110152706901,0.967412667256915,0.5082684760031401,0.5082684760031401,0.45013235806339247,0.45013235806339247,6,,,,,,,,,,,,,,,,,,,,,,,,,,,,,,0.5209110152706901,,,0.5082684760031401,,0.45013235806339247,,,
B2,ridge_raw_eig,classical,57,13,14,176,58,0.6325088720934653,0.6325088720934653,0.6325088720934653,0.954700985832822,0.4804034058413135,0.4804034058413135,0.628571926158133,0.628571926158133,6,,,,,,,,,,,,,,,,,,,,,,,,,,,,,,0.6325088720934653,,,0.4804034058413135,,0.628571926158133,,,
B2,composition,classical,57,13,0,176,58,0.7179945283391487,0.7179945283391487,0.7179945283391487,0.943555358023355,0.6453726863756941,0.6453726863756941,nan,nan,6,,,,,,,,,,,,,,,,,,,,,,,,,,,,,,0.7179945283391487,,,0.6453726863756941,,nan,,,
B2,zz_bytype_r3,quantum,58,13,102,182,52,0.6783815847643704,0.6783815847643704,0.6579763830527756,0.8363995796111324,0.5562830040894444,0.5299566856794335,0.6469704440858286,0.6636006514852669,6,0.8760625785311189,2.8489110373805344,137.72,molecule,zz,0.1,bytype,3,bytype,eig,0,"[0.000,3.142]",none,1,Z,ridge,1,1,adam,adjoint,100,10,0.4325567375300249,0.05360996668846286,8.285244777993674,0.01609069552802237,-0.5205455270595702,0.5458573658012904,0.9448165838876652,0.6783815847643704,0.8363995796111324,6,0.5562830040894444,0.6783815847643704,0.6469704440858286,0.8459232380342414,6,0.6579763830527756
B2,xy_bytype_r3,quantum,58,13,102,182,52,0.43429754031585344,0.43429754031585344,0.4096065252609621,0.9654627931302758,0.35996146647854654,0.3416651580093173,0.6814289343135497,0.680745173629789,6,0.8705376269523675,3.0626613724281833,141.38,molecule,xy,0.1,bytype,3,bytype,eig,0,"[0.000,3.142]",none,1,Z,ridge,1,1,adam,adjoint,100,10,0.46274168671333854,0.05990763686997293,8.906876631010844,0.02649217300237688,0.42797945100984053,0.9385618415739625,0.9448165838876652,0.43429754031585344,0.9654627931302758,6,0.35996146647854654,0.43429754031585344,0.6814289343135497,0.9685014978731641,6,0.4096065252609621
B2,none_r3,quantum,58,13,92,182,52,0.605534257022414,0.605534257022414,0.6280196029441978,0.939464228984951,0.3903216061923681,0.3888398370398714,0.6206948180025103,0.6388624409778256,6,0.35421500544234363,1.074826276959597,101.9,molecule,none,0.0,fixed,3,fixed,eig,0,"[0.000,3.142]",none,1,Z,ridge,1,1,adam,adjoint,100,10,0.44187506574965923,0.28535628693030773,2.785935598305796,0.008859227129709763,0.0,0.0,0.9448165838876652,0.605534257022414,0.939464228984951,6,0.3903216061923681,0.605534257022414,0.6206948180025103,0.9348660822478793,6,0.6280196029441978
B2,zz_fixed_r3,quantum,58,13,92,182,52,0.5663900433347903,0.5663900433347903,0.5511350853606403,0.9327644896566645,0.43697119672067686,0.4304986066279337,0.6217732054270514,0.735322305899229,6,0.4970593308700211,1.6048066485916115,138.4,molecule,zz,0.1,fixed,3,fixed,eig,0,"[0.000,3.142]",none,1,Z,ridge,1,1,adam,adjoint,100,10,0.4325567375300249,0.21755037501003138,4.3201184282344345,0.17485737633014795,0.1,0.03807498052542948,0.9448165838876652,0.5663900433347903,0.9327644896566645,6,0.43697119672067686,0.5663900433347903,0.6217732054270514,0.9393729209463252,6,0.5511350853606403
B2,xy_shuffled_r3,quantum,58,13,102,182,52,0.4219083472596453,0.4219083472596453,0.41301485578616115,0.9635528591424743,0.2750394711174809,0.2701609692730582,0.7075280915665532,0.6855745323053016,6,0.8039078312024454,2.724953482607755,146.06,molecule,xy,0.1,bytype_shuffled,3,bytype_shuffled,eig,0,"[0.000,3.142]",none,1,Z,ridge,1,1,adam,adjoint,100,10,0.46274168671333854,0.09074002094065714,7.924749602855337,0.019237782397931148,0.8625220025525946,0.33335195981132076,0.9448165838876652,0.4219083472596453,0.9635528591424743,6,0.2750394711174809,0.4219083472596453,0.7075280915665532,0.965718501059653,6,0.41301485578616115
B2,krr_res,classical,58,13,182,182,52,0.6661175155622713,0.6661175155622713,0.6661175155622713,0.908383028439185,0.5432340406623027,0.5432340406623027,0.48461254557408395,0.48461254557408395,6,,,,,,,,,,,,,,,,,,,,,,,,,,,,,,0.6661175155622713,,,0.5432340406623027,,0.48461254557408395,,,
B2,krr_cos_cl,classical,58,13,182,182,52,0.6515303873588084,0.6515303873588084,0.6515303873588084,0.9278633366319873,0.385915555054277,0.385915555054277,0.6040182894029047,0.6040182894029047,6,,,,,,,,,,,,,,,,,,,,,,,,,,,,,,0.6515303873588084,,,0.385915555054277,,0.6040182894029047,,,
B2,ridge_raw_eig,classical,58,13,14,182,52,0.700595474841665,0.700595474841665,0.700595474841665,0.9035133448045009,0.4931557001509033,0.4931557001509033,0.5175775506544738,0.5175775506544738,6,,,,,,,,,,,,,,,,,,,,,,,,,,,,,,0.700595474841665,,,0.4931557001509033,,0.5175775506544738,,,
B2,composition,classical,58,13,0,182,52,0.9568669545089494,0.9568669545089494,0.9568669545089494,0.8234716873941126,0.6818719915821363,0.6818719915821363,nan,nan,6,,,,,,,,,,,,,,,,,,,,,,,,,,,,,,0.9568669545089494,,,0.6818719915821363,,nan,,,
B2,zz_bytype_r3,quantum,59,13,102,170,64,0.4516838753268909,0.4516838753268909,0.44448467991044016,0.9818110035419736,0.40156617923921606,0.3953094457795102,0.667669643446041,0.70001604100983,6,0.8991235855698061,2.6948494473235067,130.63,molecule,zz,0.1,bytype,3,bytype,eig,0,"[0.000,3.142]",none,1,Z,ridge,1,1,adam,adjoint,100,10,0.4556572408193163,0.045965068663008056,7.836610264685676,0.017158902097701923,0.07663583138981134,0.6460567870410243,0.9285045486303167,0.44467576484422056,0.9818110035419736,6,0.40156617923921606,0.44467576484422056,0.667669643446041,0.9824480509388018,6,0.4366242598251664
B2,xy_bytype_r3,quantum,59,13,102,170,64,0.47655106700957783,0.47655106700957783,0.45589293129002983,0.9657422291889086,0.43863714126679565,0.4112963316181686,0.7669894862441446,0.7558086955602483,6,0.9054966147446764,2.1852495172726605,132.99,molecule,xy,0.1,bytype,3,bytype,eig,0,"[0.000,3.142]",none,1,Z,ridge,1,1,adam,adjoint,100,10,0.4225132808105893,0.039928935351933884,6.354695923724663,0.01691408278160236,-0.09467331336766838,0.32156204559713086,0.9285045486303167,0.4810758309592152,0.9657422291889086,6,0.43863714126679565,0.4810758309592152,0.7669894862441446,0.9730839761145844,6,0.45982915471852287
B2,none_r3,quantum,59,13,92,170,64,0.5018312791007966,0.5018312791007966,0.4928492403884458,0.9682687336213698,0.4615235401360226,0.4523414246968763,0.5590334441266118,0.5825698341226292,6,0.4845630662826198,1.4906538131874032,96.92,molecule,none,0.0,fixed,3,fixed,eig,0,"[0.000,3.142]",none,1,Z,ridge,1,1,adam,adjoint,100,10,0.4723225942957975,0.24345250972926402,3.863428565464082,0.11534689356260079,0.0,0.0,0.9285045486303167,0.4982189932107152,0.9682687336213698,6,0.4615235401360226,0.4982189932107152,0.5590334441266118,0.9705160487980532,6,0.48868938539679824
B2,zz_fixed_r3,quantum,59,13,92,170,64,0.5982891742253243,0.5982891742253243,0.5974682259337505,0.9598837824596809,0.5034986286035463,0.5064273530752591,0.48905251638170893,0.4838666739287858,6,0.6797811075498531,1.8068962282676393,129.81,molecule,zz,0.1,fixed,3,fixed,eig,0,"[0.000,3.142]",none,1,Z,ridge,1,1,adam,adjoint,100,10,0.4556572408193163,0.14591005699205134,4.863745099129287,0.21801095498921202,0.1,0.03807498052542948,0.9285045486303167,0.5976557926867145,0.9598837824596809,6,0.5034986286035463,0.5976557926867145,0.48905251638170893,0.9602078759628048,6,0.5965746193346675
B2,xy_shuffled_r3,quantum,59,13,102,170,64,0.5742671441595234,0.5742671441595234,0.5452410503915895,0.9638537803414371,0.49983466957445094,0.4652874537168303,0.5459665708112913,0.5446515527260869,6,0.8749014444767469,2.303016833564117,137.15,molecule,xy,0.1,bytype_shuffled,3,bytype_shuffled,eig,0,"[0.000,3.142]",none,1,Z,ridge,1,1,adam,adjoint,100,10,0.4225132808105893,0.05285580111879532,6.697162758230287,0.008011287698447478,0.5916663479869435,0.25100756492408544,0.9285045486303167,0.5716722231149178,0.9638537803414371,6,0.49983466957445094,0.5716722231149178,0.5459665708112913,0.9698312005202344,6,0.5422640005027141
B2,krr_res,classical,59,13,170,170,64,0.5201841986871318,0.5201841986871318,0.5201841986871318,0.9615964514656395,0.47986894440199146,0.47986894440199146,0.6479371100489113,0.6479371100489113,6,,,,,,,,,,,,,,,,,,,,,,,,,,,,,,0.5250175113027011,,,0.47986894440199146,,0.6479371100489113,,,
B2,krr_cos_cl,classical,59,13,170,170,64,0.5574406054242469,0.5574406054242469,0.5574406054242469,0.9603476672707956,0.5433412895233317,0.5433412895233317,0.6702051801430684,0.6702051801430684,6,,,,,,,,,,,,,,,,,,,,,,,,,,,,,,0.5602212347946011,,,0.5433412895233317,,0.6702051801430684,,,
B2,ridge_raw_eig,classical,59,13,14,170,64,0.6336808484349414,0.6336808484349414,0.6336808484349414,0.9537593137407605,0.5401400516934588,0.5401400516934588,0.6390033936617788,0.6390033936617788,6,,,,,,,,,,,,,,,,,,,,,,,,,,,,,,0.6285820294908456,,,0.5401400516934588,,0.6390033936617788,,,
B2,composition,classical,59,13,0,170,64,0.816630865286161,0.816630865286161,0.816630865286161,0.929677977211076,0.7119300157996016,0.7119300157996016,nan,nan,6,,,,,,,,,,,,,,,,,,,,,,,,,,,,,,0.8213602094707217,,,0.7119300157996016,,nan,,,
B2,zz_bytype_r3,quantum,60,13,102,160,74,0.5509832516739683,0.5509832516739683,0.5412020089168945,0.9563964893074978,0.32945711964131563,0.3262927359287375,0.493293164417894,0.4965547430219383,6,0.9255930958402577,2.109323145961871,122.24,molecule,zz,0.1,bytype,3,bytype,eig,0,"[0.000,3.142]",none,1,Z,ridge,1,1,adam,adjoint,100,10,0.46312142371818305,0.034459431388922226,6.190110009811595,0.10880731562605807,-0.16149851472330182,0.29399873137501514,0.9201183938957355,0.4550139552083241,0.9563964893074978,6,0.32945711964131563,0.4550139552083241,0.493293164417894,0.9587383162306377,6,0.4488307615265577
B2,xy_bytype_r3,quantum,60,13,102,160,74,0.581012089523966,0.581012089523966,0.5708484705795653,0.961204454899625,0.4190655215004168,0.4076335850668051,0.35648851268894527,0.3711266023090104,6,0.894940628194752,2.6005047261875527,128.17,molecule,xy,0.1,bytype,3,bytype,eig,0,"[0.000,3.142]",none,1,Z,ridge,1,1,adam,adjoint,100,10,0.42196329702171803,0.04433119890997302,7.631552503917252,0.012192277805156982,0.2038600839488407,1.0522662327518517,0.9201183938957355,0.5321429009472155,0.961204454899625,6,0.4190655215004168,0.5321429009472155,0.35648851268894527,0.9627223787425828,6,0.5251500915919334
B2,none_r3,quantum,60,13,92,160,74,0.7522846432480013,0.7522846432480013,0.5972947570962748,0.8614191748817591,0.5440635248024223,0.4581561657689394,0.4770015012624962,0.4932454111617773,6,0.32178930396819416,1.2364240148046124,90.79,molecule,none,0.0,fixed,3,fixed,eig,0,"[0.000,3.142]",none,1,Z,ridge,1,1,adam,adjoint,100,10,0.4400851894256322,0.2984704826336471,3.2374712443585394,0.024183650580293464,0.0,0.0,0.9201183938957355,0.569299532621148,0.8614191748817591,6,0.5440635248024223,0.569299532621148,0.4770015012624962,0.9606809564814757,6,0.5507611952409608
B2,zz_fixed_r3,quantum,60,13,92,160,74,0.7697733042250408,0.7697733042250408,0.6016247955228019,0.7638819359783102,0.5358635327743503,0.39934479045960336,0.4383789486168722,0.47471121764560836,6,0.5708861646910096,1.6755209429230207,122.89,molecule,zz,0.1,fixed,3,fixed,eig,0,"[0.000,3.142]",none,1,Z,ridge,1,1,adam,adjoint,100,10,0.46312142371818305,0.19873181034546958,4.554761342157802,0.22067329930541793,0.1,0.03807498052542948,0.9201183938957355,0.5051470821823523,0.7638819359783102,6,0.5358635327743503,0.5051470821823523,0.4383789486168722,0.9464366258691685,6,0.49802511566711083
B2,xy_shuffled_r3,quantum,60,13,102,160,74,0.5147179945174113,0.5147179945174113,0.5124694261967573,0.9719727205789194,0.3468366990791678,0.3479778248809438,0.527324850107835,0.5376370565267464,6,0.8666267135196313,2.4955312476813267,129.55,molecule,xy,0.1,bytype_shuffled,3,bytype_shuffled,eig,0,"[0.000,3.142]",none,1,Z,ridge,1,1,adam,adjoint,100,10,0.42196329702171803,0.0562786316978785,7.323492839702161,0.19455373756413086,0.5306859755405355,0.2574803981078701,0.9201183938957355,0.4955550155128474,0.9719727205789194,6,0.3468366990791678,0.4955550155128474,0.527324850107835,0.9717297979299557,6,0.4911775527973244
B2,krr_res,classical,60,13,160,160,74,0.6350546962325974,0.6350546962325974,0.6350546962325974,0.9437644492907176,0.46716736693703315,0.46716736693703315,0.3821196827685653,0.3821196827685653,6,,,,,,,,,,,,,,,,,,,,,,,,,,,,,,0.581903468781216,,,0.46716736693703315,,0.3821196827685653,,,
B2,krr_cos_cl,classical,60,13,160,160,74,0.576838489170022,0.576838489170022,0.576838489170022,0.9659254405598046,0.3818722489553415,0.3818722489553415,0.3807681816577294,0.3807681816577294,6,,,,,,,,,,,,,,,,,,,,,,,,,,,,,,0.5591289175299239,,,0.3818722489553415,,0.3807681816577294,,,
B2,ridge_raw_eig,classical,60,13,14,160,74,0.7937080608193661,0.7937080608193661,0.7937080608193661,0.8938178043273086,0.5205291636822855,0.5205291636822855,0.41509595907577157,0.41509595907577157,6,,,,,,,,,,,,,,,,,,,,,,,,,,,,,,0.6600490186597275,,,0.5205291636822855,,0.41509595907577157,,,
B2,composition,classical,60,13,0,160,74,0.6796414525134068,0.6796414525134068,0.6796414525134068,0.9451577333851447,0.5050921995760642,0.5050921995760642,nan,nan,6,,,,,,,,,,,,,,,,,,,,,,,,,,,,,,0.6617270526248262,,,0.5050921995760642,,nan,,,
B2,zz_bytype_r3,quantum,61,13,102,163,71,0.34466059031179447,0.34466059031179447,0.34545495994078085,0.9882812703643208,0.2751820260749283,0.28387168639748067,0.6320222634508349,0.6254359925788497,6,0.9336247738949869,2.764899722126436,125.21,molecule,zz,0.1,bytype,3,bytype,eig,0,"[0.000,3.142]",none,1,Z,ridge,1,1,adam,adjoint,100,10,0.44996631336938187,0.02986661578953193,8.052496373097961,0.021153906471236404,-0.23354329594189688,0.3116787347035982,0.9209275257418831,0.34557415556785226,0.9882812703643208,6,0.2751820260749283,0.34557415556785226,0.6320222634508349,0.9879441853649442,6,0.3456063288737521
B2,xy_bytype_r3,quantum,61,13,102,163,71,0.3473947326051965,0.3473947326051965,0.3574260724103893,0.9857714724702369,0.3121614412920755,0.3086519158275699,0.40679653679653666,0.40679653679653666,6,0.9258851991351165,2.531597731383838,127.65,molecule,xy,0.1,bytype,3,bytype,eig,0,"[0.000,3.142]",none,1,Z,ridge,1,1,adam,adjoint,100,10,0.47282337464677787,0.03504321025620816,7.37302745085927,0.036365409931229255,0.12307692353260398,0.4025588123393356,0.9209275257418831,0.34066129997007244,0.9857714724702369,6,0.3121614412920755,0.34066129997007244,0.40679653679653666,0.9846048621612693,6,0.34578558562006073
B2,none_r3,quantum,61,13,92,163,71,0.45971295979312926,0.45971295979312926,0.4549902327257153,0.9729453694897084,0.41453538222295927,0.38996335100217194,0.5441372912801484,0.5842980828695115,6,0.3348540923170303,0.9466571723584206,93.7,molecule,none,0.0,fixed,3,fixed,eig,0,"[0.000,3.142]",none,1,Z,ridge,1,1,adam,adjoint,100,10,0.4669087712083215,0.31056245843049907,2.457685895360824,0.003740956317212045,0.0,0.0,0.9209275257418831,0.4359396186083536,0.9729453694897084,6,0.41453538222295927,0.4359396186083536,0.5441372912801484,0.975806725087701,6,0.45265177853910615
B2,zz_fixed_r3,quantum,61,13,92,163,71,0.5739455420512091,0.5739455420512091,0.41798518588344413,0.9061145215777381,0.46694459438880276,0.3828623804723532,0.6224737167594311,0.6157946815089673,6,0.6216803295816405,1.9894412073690655,123.3,molecule,zz,0.1,fixed,3,fixed,eig,0,"[0.000,3.142]",none,1,Z,ridge,1,1,adam,adjoint,100,10,0.44996631336938187,0.1702311073732688,5.363877887434595,0.5486577930645592,0.1,0.03807498052542948,0.9209275257418831,0.4647004744255838,0.9061145215777381,6,0.46694459438880276,0.4647004744255838,0.6224737167594311,0.9788643914847306,6,0.4024273012647571
B2,xy_shuffled_r3,quantum,61,13,102,163,71,0.3902725372522977,0.3902725372522977,0.38807102478767924,0.9817366875351791,0.3443599371108741,0.34563984004408205,0.6925479282622139,0.7118923933209648,6,0.8720432759380689,2.229812802609758,131.35,molecule,xy,0.1,bytype_shuffled,3,bytype_shuffled,eig,0,"[0.000,3.142]",none,1,Z,ridge,1,1,adam,adjoint,100,10,0.47282337464677787,0.06050093007970885,6.4941087598985945,0.014945873496798684,0.6527330863262472,0.27106788935342974,0.9209275257418831,0.37208752175754084,0.9817366875351791,6,0.3443599371108741,0.37208752175754084,0.6925479282622139,0.9822386549761293,6,0.3734232830985321
B2,krr_res,classical,61,13,163,163,71,0.7944776314684879,0.7944776314684879,0.7944776314684879,0.9257884961255713,0.616144205667829,0.616144205667829,0.36048237476808903,0.36048237476808903,6,,,,,,,,,,,,,,,,,,,,,,,,,,,,,,0.7511808292765961,,,0.616144205667829,,0.36048237476808903,,,
B2,krr_cos_cl,classical,61,13,163,163,71,0.5075548066522648,0.5075548066522648,0.5075548066522648,0.9687965613987075,0.4335100409334895,0.4335100409334895,0.48251700680272114,0.48251700680272114,6,,,,,,,,,,,,,,,,,,,,,,,,,,,,,,0.49263682249857005,,,0.4335100409334895,,0.48251700680272114,,,
B2,ridge_raw_eig,classical,61,13,14,163,71,0.571934411251857,0.571934411251857,0.571934411251857,0.9643531389200473,0.37778562100499086,0.37778562100499086,0.6011317254174398,0.6011317254174398,6,,,,,,,,,,,,,,,,,,,,,,,,,,,,,,0.554802277902998,,,0.37778562100499086,,0.6011317254174398,,,
B2,composition,classical,61,13,0,163,71,0.8207339872859799,0.8207339872859799,0.8207339872859799,0.9388181802538629,0.6972822428355969,0.6972822428355969,nan,nan,6,,,,,,,,,,,,,,,,,,,,,,,,,,,,,,0.8099775347975356,,,0.6972822428355969,,nan,,,
B3,zz_bytype_r3,quantum,42,13,107,352,134,0.5699499322087049,0.5699499322087049,0.5741601660196075,0.960163533948211,0.473417815960536,0.4847400529721388,0.6631310014999854,0.6519657778347618,8,0.7615072215781203,2.738130701532527,261.78,molecule,zz,0.1,bytype,3,bytype,eig,0,"[0.000,3.142]",none,1,Z,ridge,1,1,adam,adjoint,100,15,0.6272808721611582,0.1496019580526146,6.68836425726798,0.1914975744298436,0.3104387338675032,0.33309111758512405,0.9457454409377412,0.5558374850126244,0.960163533948211,8,0.473417815960536,0.5558374850126244,0.6631310014999854,0.9600213003899034,8,0.5607596366942702
B3,xy_bytype_r3,quantum,42,13,107,352,134,0.4930271770482073,0.4930271770482073,0.45852901314595174,0.9624926887235635,0.40783128025175247,0.39977109196989624,0.7617745742077293,0.7855784144554198,8,0.8028066999212152,3.3158865235303776,269.83,molecule,xy,0.1,bytype,3,bytype,eig,0,"[0.000,3.142]",none,1,Z,ridge,1,1,adam,adjoint,100,15,0.6671689040551034,0.1315612379005719,8.09963413825507,0.042573276361423766,0.28269725115882055,0.5038222880411379,0.9457454409377412,0.4603821440771363,0.9624926887235635,8,0.40783128025175247,0.4603821440771363,0.7617745742077293,0.974489014974455,8,0.45242636643007655
B3,none_r3,quantum,42,13,92,352,134,0.6555109420422922,0.6555109420422922,0.6641447398304928,0.9549187447445442,0.6095868863178813,0.5867855873010706,0.41636304871598984,0.5594480608518042,8,0.12237414701687421,1.4341935300001096,193.94,molecule,none,0.0,fixed,3,fixed,eig,0,"[0.000,3.142]",none,1,Z,ridge,1,1,adam,adjoint,100,15,0.6921417799874824,0.6074415200467732,2.947808358271457,0.0026159830261412655,0.0,0.0,0.9457454409377412,0.6536135638383322,0.9549187447445442,8,0.6095868863178813,0.6536135638383322,0.41636304871598984,0.9509614248909585,8,0.6558035560600659
B3,zz_fixed_r3,quantum,42,13,92,352,134,0.8264354048245105,0.8264354048245105,0.8189906106239702,0.9282273073653848,0.8026477187651965,0.7777586895523284,0.272340924078892,0.3014667225228722,8,0.42709182719934174,2.8623690711601113,260.6,molecule,zz,0.1,fixed,3,fixed,eig,0,"[0.000,3.142]",none,1,Z,ridge,1,1,adam,adjoint,100,15,0.6272808721611582,0.3593743383026525,6.1694843879652925,0.38657381824517273,0.1,0.04148148148148149,0.9457454409377412,0.8306165711205505,0.9282273073653848,8,0.8026477187651965,0.8306165711205505,0.272340924078892,0.9293863186248034,8,0.8097475014388937
B3,xy_shuffled_r3,quantum,42,13,107,352,134,0.750821819867168,0.750821819867168,0.7290327725063176,0.9327872864589865,0.7243864220751332,0.7115069762635491,0.3613960905404756,0.3564578469658683,8,0.4668636212393526,2.746001073305924,284.3,molecule,xy,0.1,bytype_shuffled,3,bytype_shuffled,eig,0,"[0.000,3.142]",none,1,Z,ridge,1,1,adam,adjoint,100,15,0.6671689040551034,0.35569201352964763,6.707589020070989,0.012384597810524115,0.4118140421497135,0.25978316913498917,0.9457454409377412,0.7399420775567734,0.9327872864589865,8,0.7243864220751332,0.7399420775567734,0.3613960905404756,0.9370822008445683,8,0.7231614346514185
B3,krr_res,classical,42,13,352,352,134,0.5509370729020072,0.5509370729020072,0.5509370729020072,0.9635723967764888,0.4823367149705594,0.4823367149705594,0.6744225768289938,0.6744225768289938,8,,,,,,,,,,,,,,,,,,,,,,,,,,,,,,0.555021560406663,,,0.4823367149705594,,0.6744225768289938,,,
B3,krr_cos_cl,classical,42,13,352,352,134,0.6635130196284773,0.6635130196284773,0.6635130196284773,0.9529965131723497,0.6016657291636746,0.6016657291636746,0.605301501825566,0.605301501825566,8,,,,,,,,,,,,,,,,,,,,,,,,,,,,,,0.6542954955197273,,,0.6016657291636746,,0.605301501825566,,,
B3,ridge_raw_eig,classical,42,13,14,352,134,0.7900560918012477,0.7900560918012477,0.7900560918012477,0.9352017494346871,0.7393665104999624,0.7393665104999624,0.2765176816647404,0.2765176816647404,8,,,,,,,,,,,,,,,,,,,,,,,,,,,,,,0.7763428099280769,,,0.7393665104999624,,0.2765176816647404,,,
B3,composition,classical,42,13,0,352,134,0.8659567807988756,0.8659567807988756,0.8659567807988756,0.9183861341830745,0.7591031701306815,0.7591031701306815,nan,nan,8,,,,,,,,,,,,,,,,,,,,,,,,,,,,,,0.8577153648347199,,,0.7591031701306815,,nan,,,
B3,zz_bytype_r3,quantum,43,13,107,333,153,0.5111117983159331,0.5111117983159331,0.49039890790623464,0.9606546306907637,0.3916581494721819,0.3796545773665464,0.7564038187004563,0.7225450213750668,8,0.7739380379282319,2.9839298181032228,247.68,molecule,zz,0.1,bytype,3,bytype,eig,0,"[0.000,3.142]",none,1,Z,ridge,1,1,adam,adjoint,100,15,0.6884900144463957,0.15564140353257216,8.538059587422062,0.14971731943395475,0.07105069832108322,0.361978701386051,0.9328994816003787,0.5126682735723819,0.9606546306907637,8,0.3916581494721819,0.5126682735723819,0.7564038187004563,0.9638259625035087,8,0.49070053718677104
B3,xy_bytype_r3,quantum,43,13,107,333,153,0.5598177489221712,0.5598177489221712,0.559666422730821,0.9477905394277671,0.5241042956342479,0.517336123695238,0.6356204230920874,0.6221431418294135,8,0.8695696186657803,3.3976419882768276,258.25,molecule,xy,0.1,bytype,3,bytype,eig,0,"[0.000,3.142]",none,1,Z,ridge,1,1,adam,adjoint,100,15,0.8207905613728903,0.1070560259153943,9.721833796706008,0.027837385778722742,0.5665370302931031,0.8634075586641347,0.9328994816003787,0.5592404306117109,0.9477905394277671,8,0.5241042956342479,0.5592404306117109,0.6356204230920874,0.9493027859408564,8,0.5573716505392997
B3,none_r3,quantum,43,13,92,333,153,0.5631909633502274,0.5631909633502274,0.5198700954953164,0.9701119301665455,0.48978793011722016,0.46139818735167865,0.5892421272379595,0.6211046467061265,8,0.24866730069378326,1.1938190804168245,184.18,molecule,none,0.0,fixed,3,fixed,eig,0,"[0.000,3.142]",none,1,Z,ridge,1,1,adam,adjoint,100,15,0.7670485708646901,0.5763086732467435,2.9535668843613148,0.006120672007096597,0.0,0.0,0.9328994816003787,0.5643350502877191,0.9701119301665455,8,0.48978793011722016,0.5643350502877191,0.5892421272379595,0.9734795477326557,8,0.5196675027942277
B3,zz_fixed_r3,quantum,43,13,92,333,153,0.569711955279543,0.569711955279543,0.5512161916301835,0.9668144281257676,0.5422099160884748,0.5300213916863131,0.4980221856912178,0.5036703901906086,8,0.46155254338961293,1.9355916910336919,249.91,molecule,zz,0.1,fixed,3,fixed,eig,0,"[0.000,3.142]",none,1,Z,ridge,1,1,adam,adjoint,100,15,0.6884900144463957,0.3707156971803104,4.982307827975501,0.1671630758509601,0.1,0.04148148148148149,0.9328994816003787,0.5685027908849272,0.9668144281257676,8,0.5422099160884748,0.5685027908849272,0.4980221856912178,0.9685906328684833,8,0.5500459950064106
B3,xy_shuffled_r3,quantum,43,13,107,333,153,0.6827453736203446,0.6827453736203446,0.6813658413556711,0.9478123056973062,0.6539589641093075,0.6565345812832475,0.28144663062923014,0.2746392857017838,8,0.712316611850704,3.0941334674826058,268.1,molecule,xy,0.1,bytype_shuffled,3,bytype_shuffled,eig,0,"[0.000,3.142]",none,1,Z,ridge,1,1,adam,adjoint,100,15,0.8207905613728903,0.23612780965671576,8.853390504203023,0.017857330664557802,0.8258968758704487,0.42476389070530723,0.9328994816003787,0.6879023071543251,0.9478123056973062,8,0.6539589641093075,0.6879023071543251,0.28144663062923014,0.9465949087316761,8,0.6867256561820279
B3,krr_res,classical,43,13,333,333,153,0.5906005588456998,0.5906005588456998,0.5906005588456998,0.9673614064792235,0.5532918182059923,0.5532918182059923,0.4927143566537463,0.4927143566537463,8,,,,,,,,,,,,,,,,,,,,,,,,,,,,,,0.5975842768973721,,,0.5532918182059923,,0.4927143566537463,,,
B3,krr_cos_cl,classical,43,13,333,333,153,0.4836933659631923,0.4836933659631923,0.4836933659631923,0.9755776533820604,0.444378898151069,0.444378898151069,0.6284173138433894,0.6284173138433894,8,,,,,,,,,,,,,,,,,,,,,,,,,,,,,,0.48375829165899503,,,0.444378898151069,,0.6284173138433894,,,
B3,ridge_raw_eig,classical,43,13,14,333,153,0.5790539897601542,0.5790539897601542,0.5790539897601542,0.9635049701035008,0.5085965832237838,0.5085965832237838,0.5405410909145982,0.5405410909145982,8,,,,,,,,,,,,,,,,,,,,,,,,,,,,,,0.5756103405996149,,,0.5085965832237838,,0.5405410909145982,,,
B3,composition,classical,43,13,0,333,153,0.6681600210559228,0.6681600210559228,0.6681600210559228,0.9565615890961796,0.6647049485648038,0.6647049485648038,nan,nan,8,,,,,,,,,,,,,,,,,,,,,,,,,,,,,,0.6709452168747625,,,0.6647049485648038,,nan,,,
B3,zz_bytype_r3,quantum,44,13,107,367,119,0.3707731539362891,0.3707731539362891,0.383469993892103,0.9862416384988567,0.30746604460197874,0.3265551484233437,0.7914951457182309,0.7996533378392721,8,0.7954753439328117,3.370227798943155,270.07,molecule,zz,0.1,bytype,3,bytype,eig,0,"[0.000,3.142]",none,1,Z,ridge,1,1,adam,adjoint,100,15,0.7639778412790873,0.15625230523055836,9.460261516661035,0.09388825058235617,0.12532570387554118,0.5017761167040379,0.9425865545779384,0.3698243967736489,0.9862416384988567,8,0.30746604460197874,0.3698243967736489,0.7914951457182309,0.9859858486733923,8,0.3824945012564055
B3,xy_bytype_r3,quantum,44,13,107,367,119,0.4138055301465701,0.4138055301465701,0.3965372009576328,0.9820172075294631,0.38566366168864613,0.37466706586473125,0.6573491512311072,0.6688953531972108,8,0.8283725167225511,2.992019407903219,283.92,molecule,xy,0.1,bytype,3,bytype,eig,0,"[0.000,3.142]",none,1,Z,ridge,1,1,adam,adjoint,100,15,0.7595415264766753,0.1303582006339036,8.398626962416548,0.01840337297452675,0.28617076535345176,0.6276749545082477,0.9425865545779384,0.408953817152197,0.9820172075294631,8,0.38566366168864613,0.408953817152197,0.6573491512311072,0.9830128223068675,8,0.3917810584877579
B3,none_r3,quantum,44,13,92,367,119,0.6602476130628346,0.6602476130628346,0.6040766643543554,0.9594996923779683,0.5847940880437279,0.5155925875176972,0.5326848159903944,0.6004601050001962,8,0.19637977257113198,1.4709315341488778,203.37,molecule,none,0.0,fixed,3,fixed,eig,0,"[0.000,3.142]",none,1,Z,ridge,1,1,adam,adjoint,100,15,0.7917172687861371,0.6362400116012777,3.559229486307421,0.056644909158755585,0.0,0.0,0.9425865545779384,0.6647190606686655,0.9594996923779683,8,0.5847940880437279,0.6647190606686655,0.5326848159903944,0.9656947828660185,8,0.6072716298230298
B3,zz_fixed_r3,quantum,44,13,92,367,119,0.5976709042563683,0.5976709042563683,0.6143138001743996,0.9658173668597627,0.47732059295081386,0.49798037436686593,0.6449603590875743,0.639618543347825,8,0.3846381507330767,2.4191687196256706,272.37,molecule,zz,0.1,fixed,3,fixed,eig,0,"[0.000,3.142]",none,1,Z,ridge,1,1,adam,adjoint,100,15,0.7639778412790873,0.47012281720845117,6.09560648248986,0.26510258864980857,0.1,0.04148148148148149,0.9425865545779384,0.5993000317229086,0.9658173668597627,8,0.47732059295081386,0.5993000317229086,0.6449603590875743,0.9649530091309725,8,0.6169525615805952
B3,xy_shuffled_r3,quantum,44,13,107,367,119,0.893956324290121,0.893956324290121,0.8627928206107599,0.9137597886699028,0.7594721874264158,0.7272488890196231,0.6070365719030507,0.5915379487975969,8,0.5194485795450077,3.663334322478843,296.73,molecule,xy,0.1,bytype_shuffled,3,bytype_shuffled,eig,0,"[0.000,3.142]",none,1,Z,ridge,1,1,adam,adjoint,100,15,0.7595415264766753,0.36499875944291943,10.28301431863973,0.038648902596077034,0.15663925696047912,1.5941455164045486,0.9425865545779384,0.8984649872902664,0.9137597886699028,8,0.7594721874264158,0.8984649872902664,0.6070365719030507,0.9241084488676059,8,0.867290078668538
B3,krr_res,classical,44,13,367,367,119,0.5179166319444971,0.5179166319444971,0.5179166319444971,0.9698889349623728,0.4699137781769269,0.4699137781769269,0.7127744271951547,0.7127744271951547,8,,,,,,,,,,,,,,,,,,,,,,,,,,,,,,0.5220878204776638,,,0.4699137781769269,,0.7127744271951547,,,
B3,krr_cos_cl,classical,44,13,367,367,119,0.6164080912673997,0.6164080912673997,0.6164080912673997,0.9624043189610388,0.5360697507582743,0.5360697507582743,0.49250900803737097,0.49250900803737097,8,,,,,,,,,,,,,,,,,,,,,,,,,,,,,,0.6214593156552739,,,0.5360697507582743,,0.49250900803737097,,,
B3,ridge_raw_eig,classical,44,13,14,367,119,0.7296062819473834,0.7296062819473834,0.7296062819473834,0.9504215266136267,0.6307806642273589,0.6307806642273589,0.4941053375219761,0.4941053375219761,8,,,,,,,,,,,,,,,,,,,,,,,,,,,,,,0.7348142929677512,,,0.6307806642273589,,0.4941053375219761,,,
B3,composition,classical,44,13,0,367,119,0.8827604859400948,0.8827604859400948,0.8827604859400948,0.9328492981639867,0.8066688020121989,0.8066688020121989,nan,nan,8,,,,,,,,,,,,,,,,,,,,,,,,,,,,,,0.889002819054272,,,0.8066688020121989,,nan,,,
B3,zz_bytype_r3,quantum,45,13,107,361,125,0.44959514854300614,0.44959514854300614,0.4458872767060372,0.9833014111555473,0.4044900677612043,0.4043112366388422,0.6417334089060844,0.6537172346944643,9,0.8251599611290729,2.6178419514097704,267.58,molecule,zz,0.1,bytype,3,bytype,eig,0,"[0.000,3.142]",none,1,Z,ridge,1,1,adam,adjoint,100,15,0.7464597653674965,0.13051105439243624,7.168253734393295,0.0340383703031662,0.40570852816126457,0.48865153051745297,0.9346144364898379,0.4513504354513607,0.9833014111555473,9,0.4044900677612043,0.4513504354513607,0.6417334089060844,0.9837156930231962,9,0.44798266134563924
B3,xy_bytype_r3,quantum,45,13,107,361,125,0.5800844739823641,0.5800844739823641,0.44343752103104767,0.8593217757230256,0.5433005541282915,0.39470000208329026,0.7148917338196275,0.7585186713981781,9,0.8565077282432906,3.093644682875533,277.75,molecule,xy,0.1,bytype,3,bytype,eig,0,"[0.000,3.142]",none,1,Z,ridge,1,1,adam,adjoint,100,15,0.7830027801027855,0.11235484770876793,8.471111114621024,0.018646161392325777,0.5374107476621772,0.8039046143957519,0.9346144364898379,0.5831242066405767,0.8593217757230256,9,0.5433005541282915,0.5831242066405767,0.7148917338196275,0.9817151493162115,9,0.44371563253789725
B3,none_r3,quantum,45,13,92,361,125,0.5792660407187513,0.5792660407187513,0.574606798595181,0.9705080864733074,0.5566876689470802,0.5282426823018389,0.38978083902182575,0.519561636971504,9,0.24683696383986958,1.3081373145997641,197.11,molecule,none,0.0,fixed,3,fixed,eig,0,"[0.000,3.142]",none,1,Z,ridge,1,1,adam,adjoint,100,15,0.7718797247614382,0.5813512770517706,3.075341619338936,0.007054262325840993,0.0,0.0,0.9346144364898379,0.5808155352983972,0.9705080864733074,9,0.5566876689470802,0.5808155352983972,0.38978083902182575,0.9743965482065092,9,0.5762688917779032
B3,zz_fixed_r3,quantum,45,13,92,361,125,0.642349751637432,0.642349751637432,0.6221483812713453,0.9589075025146803,0.5740276300097829,0.577192728276544,0.4923697191486565,0.46932814181391025,9,0.36688568231773816,2.1811777773622225,264.97,molecule,zz,0.1,fixed,3,fixed,eig,0,"[0.000,3.142]",none,1,Z,ridge,1,1,adam,adjoint,100,15,0.7464597653674965,0.4725943650279038,5.34591798879554,0.11971755578918086,0.1,0.04148148148148149,0.9346144364898379,0.6449755784176714,0.9589075025146803,9,0.5740276300097829,0.6449755784176714,0.4923697191486565,0.9690435432426261,9,0.6239222828948944
B3,xy_shuffled_r3,quantum,45,13,107,361,125,0.7340909305588807,0.7340909305588807,0.6975643157206572,0.9573651076814941,0.6110802838310421,0.5916541293849972,0.3374456820851507,0.37891509976424587,9,0.5696248730115171,2.7697609452588337,291.82,molecule,xy,0.1,bytype_shuffled,3,bytype_shuffled,eig,0,"[0.000,3.142]",none,1,Z,ridge,1,1,adam,adjoint,100,15,0.7830027801027855,0.33698492091907145,7.584242902263941,0.012859420233307238,0.3926435958575642,0.3099490676147894,0.9346144364898379,0.7376934494829356,0.9573651076814941,9,0.6110802838310421,0.7376934494829356,0.3374456820851507,0.963072302866846,9,0.7008247104605226
B3,krr_res,classical,45,13,361,361,125,0.6724689818115885,0.6724689818115885,0.6724689818115885,0.9310220629551961,0.6120792548977788,0.6120792548977788,0.40530970452697207,0.40530970452697207,9,,,,,,,,,,,,,,,,,,,,,,,,,,,,,,0.6744468954452024,,,0.6120792548977788,,0.40530970452697207,,,
B3,krr_cos_cl,classical,45,13,361,361,125,0.5847795285030614,0.5847795285030614,0.5847795285030614,0.9722456623223912,0.5271330321996162,0.5271330321996162,0.524326930185564,0.524326930185564,9,,,,,,,,,,,,,,,,,,,,,,,,,,,,,,0.5864750871580603,,,0.5271330321996162,,0.524326930185564,,,
B3,ridge_raw_eig,classical,45,13,14,361,125,0.6416599716537432,0.6416599716537432,0.6416599716537432,0.9632939960010045,0.5979517433804971,0.5979517433804971,0.3482515586879913,0.3482515586879913,9,,,,,,,,,,,,,,,,,,,,,,,,,,,,,,0.6442917725894014,,,0.5979517433804971,,0.3482515586879913,,,
B3,composition,classical,45,13,0,361,125,0.7611201901144896,0.7611201901144896,0.7611201901144896,0.9530277278406297,0.7067695522980623,0.7067695522980623,nan,nan,9,,,,,,,,,,,,,,,,,,,,,,,,,,,,,,0.7587929955542252,,,0.7067695522980623,,nan,,,
B3,zz_bytype_r3,quantum,46,13,107,358,128,0.5231396976333162,0.5231396976333162,0.4890130405265147,0.9655361138251789,0.3699048406836972,0.37572396284878407,0.7181028517643312,0.7008791244457829,11,0.7652642858660654,2.6306698665179833,267.64,molecule,zz,0.1,bytype,3,bytype,eig,0,"[0.000,3.142]",none,1,Z,ridge,1,1,adam,adjoint,100,15,0.7338911977053177,0.1722704743899664,7.965073809714442,0.08088312012104787,0.1688815071835648,0.6013663796961489,0.9334585963868824,0.5231396976333162,0.9655361138251789,11,0.3699048406836972,0.5231396976333162,0.7181028517643312,0.9720459038716915,11,0.4890130405265147
B3,xy_bytype_r3,quantum,46,13,107,358,128,0.5359967749670649,0.5359967749670649,0.4457216579499915,0.9238618467149494,0.459515528161947,0.38800705800775115,0.6204597276043848,0.6507396155172114,11,0.8204056395796422,2.661259842778089,277.79,molecule,xy,0.1,bytype,3,bytype,eig,0,"[0.000,3.142]",none,1,Z,ridge,1,1,adam,adjoint,100,15,0.7091773892804244,0.12736425965239698,8.057693344324331,0.07638808737841965,0.2793276864336552,0.5939054889603927,0.9334585963868824,0.5359967749670649,0.9238618467149494,11,0.459515528161947,0.5359967749670649,0.6204597276043848,0.9832837371073039,11,0.4457216579499915
B3,none_r3,quantum,46,13,92,358,128,0.5496481609608377,0.5496481609608377,0.5159945474692778,0.9759770889728632,0.4661765250373986,0.4799368247828041,0.5554834918525695,0.4774418630974201,11,0.18697280854329282,1.2334636972429267,198.13,molecule,none,0.0,fixed,3,fixed,eig,0,"[0.000,3.142]",none,1,Z,ridge,1,1,adam,adjoint,100,15,0.7569626018047764,0.6154311781830991,3.2569308698004575,0.0030661179246335695,0.0,0.0,0.9334585963868824,0.5496481609608377,0.9759770889728632,11,0.4661765250373986,0.5496481609608377,0.5554834918525695,0.979555861322483,11,0.5159945474692778
B3,zz_fixed_r3,quantum,46,13,92,358,128,0.609830623357041,0.609830623357041,0.5623403866228678,0.9666236536722627,0.5766199140207507,0.5421385887653118,0.37920781020894434,0.45953675126117166,11,0.39185329818957837,2.364409306194742,263.2,molecule,zz,0.1,fixed,3,fixed,eig,0,"[0.000,3.142]",none,1,Z,ridge,1,1,adam,adjoint,100,15,0.7338911977053177,0.44631351137218905,6.479606153399847,0.4332140803344275,0.1,0.04148148148148149,0.9334585963868824,0.609830623357041,0.9666236536722627,11,0.5766199140207507,0.609830623357041,0.37920781020894434,0.973760318027238,11,0.5623403866228678
B3,xy_shuffled_r3,quantum,46,13,107,358,128,0.6689938273563472,0.6689938273563472,0.6682824630388968,0.9645172531447483,0.5577549985115825,0.5629470122549391,0.49851144791448476,0.45378646051529115,11,0.5630191245079262,2.5180419290096427,292.51,molecule,xy,0.1,bytype_shuffled,3,bytype_shuffled,eig,0,"[0.000,3.142]",none,1,Z,ridge,1,1,adam,adjoint,100,15,0.7091773892804244,0.30989695644694304,7.624061869482942,0.3004765825847265,0.5459239147420859,0.4185780915065928,0.9334585963868824,0.6689938273563472,0.9645172531447483,11,0.5577549985115825,0.6689938273563472,0.49851144791448476,0.9649463788237792,11,0.6682824630388968
B3,krr_res,classical,46,13,358,358,128,0.5498981542140267,0.5498981542140267,0.5498981542140267,0.9724626662186654,0.4867028591250111,0.4867028591250111,0.7010087191034773,0.7010087191034773,11,,,,,,,,,,,,,,,,,,,,,,,,,,,,,,0.5498981542140267,,,0.4867028591250111,,0.7010087191034773,,,
B3,krr_cos_cl,classical,46,13,358,358,128,0.5274327616929377,0.5274327616929377,0.5274327616929377,0.9766585142271597,0.48701687004361166,0.48701687004361166,0.5428453261917854,0.5428453261917854,11,,,,,,,,,,,,,,,,,,,,,,,,,,,,,,0.5274327616929377,,,0.48701687004361166,,0.5428453261917854,,,
B3,ridge_raw_eig,classical,46,13,14,358,128,0.6041159606063367,0.6041159606063367,0.6041159606063367,0.9681827487162041,0.5272361099373983,0.5272361099373983,0.48868933066261694,0.48868933066261694,11,,,,,,,,,,,,,,,,,,,,,,,,,,,,,,0.6041159606063367,,,0.5272361099373983,,0.48868933066261694,,,
B3,composition,classical,46,13,0,358,128,0.7859441074928271,0.7859441074928271,0.7859441074928271,0.9534154792750181,0.6959334254879057,0.6959334254879057,nan,nan,11,,,,,,,,,,,,,,,,,,,,,,,,,,,,,,0.7859441074928271,,,0.6959334254879057,,nan,,,
B3,zz_bytype_r3,quantum,47,13,107,355,131,0.507113180287166,0.507113180287166,0.5054305009277459,0.9695743452835153,0.45629109258902634,0.45661797139819604,0.6615708056478405,0.6683554817275748,8,0.8096984784482395,2.7342086905660725,264.4,molecule,zz,0.1,bytype,3,bytype,eig,0,"[0.000,3.142]",none,1,Z,ridge,1,1,adam,adjoint,100,15,0.7108792477922133,0.13528140249442921,7.8214423321543,0.01615520431055951,0.4329054914202271,0.5028703314211205,0.9379172428279707,0.4676658835936377,0.9695743452835153,8,0.45629109258902634,0.4676658835936377,0.6615708056478405,0.971382917033784,8,0.4704140110868107
B3,xy_bytype_r3,quantum,47,13,107,355,131,0.5585711947599389,0.5585711947599389,0.5193471817589793,0.9653267014970189,0.47998031715177386,0.4663510352070807,0.7227695874861573,0.7241296373200443,8,0.8379270765012238,2.905684352835274,273.2,molecule,xy,0.1,bytype,3,bytype,eig,0,"[0.000,3.142]",none,1,Z,ridge,1,1,adam,adjoint,100,15,0.7601484201642195,0.12319947674899108,8.311963413604325,0.05099120326148809,0.3123288293865655,0.7425985832831282,0.9379172428279707,0.5354833609453195,0.9653267014970189,8,0.47998031715177386,0.5354833609453195,0.7227695874861573,0.9734447437068278,8,0.5092044815551606
B3,none_r3,quantum,47,13,92,355,131,0.699934480362811,0.699934480362811,0.708229130597789,0.95460437811811,0.6035797263299603,0.6344624888607541,0.4991746262458472,0.4351627387873754,8,0.28707720049474794,1.1105074012893434,195.05,molecule,none,0.0,fixed,3,fixed,eig,0,"[0.000,3.142]",none,1,Z,ridge,1,1,adam,adjoint,100,15,0.7690567922879173,0.5482781213364312,2.746605570138147,0.003851974540178062,0.0,0.0,0.9379172428279707,0.6943982036491229,0.95460437811811,8,0.6035797263299603,0.6943982036491229,0.4991746262458472,0.9513363838817842,8,0.7047070367976945
B3,zz_fixed_r3,quantum,47,13,92,355,131,0.703089457001538,0.703089457001538,0.737628785807812,0.9420115720921833,0.5854424636935633,0.6126018066763168,0.49302671650055374,0.46735707364341084,8,0.4451633677548937,2.2019933730139916,261.55,molecule,zz,0.1,fixed,3,fixed,eig,0,"[0.000,3.142]",none,1,Z,ridge,1,1,adam,adjoint,100,15,0.7108792477922133,0.3944218477779661,5.666364987981024,0.23888989474284658,0.1,0.04148148148148149,0.9379172428279707,0.6547767300110978,0.9420115720921833,8,0.5854424636935633,0.6547767300110978,0.49302671650055374,0.9370152275175745,8,0.6845231333238961
B3,xy_shuffled_r3,quantum,47,13,107,355,131,0.7488159843200128,0.7488159843200128,0.7286285793289199,0.945341852622141,0.712790192832783,0.689663436860009,0.38674903100775193,0.3912574404761905,8,0.6502379960014656,2.660450176542954,289.12,molecule,xy,0.1,bytype_shuffled,3,bytype_shuffled,eig,0,"[0.000,3.142]",none,1,Z,ridge,1,1,adam,adjoint,100,15,0.7601484201642195,0.2658710347729573,7.61044967240316,0.011139909966357869,0.7448828599468258,0.6975260872488898,0.9379172428279707,0.7285136289837413,0.945341852622141,8,0.712790192832783,0.7285136289837413,0.38674903100775193,0.9488094255264758,8,0.7071143314588708
B3,krr_res,classical,47,13,355,355,131,0.6443748340665054,0.6443748340665054,0.6443748340665054,0.9550750631339542,0.6204821439611712,0.6204821439611712,0.4636424591638981,0.4636424591638981,8,,,,,,,,,,,,,,,,,,,,,,,,,,,,,,0.6322492968270652,,,0.6204821439611712,,0.4636424591638981,,,
B3,krr_cos_cl,classical,47,13,355,355,131,0.6717283860047597,0.6717283860047597,0.6717283860047597,0.9583626323187949,0.601514620982851,0.601514620982851,0.4397083506367663,0.4397083506367663,8,,,,,,,,,,,,,,,,,,,,,,,,,,,,,,0.6693340290953543,,,0.601514620982851,,0.4397083506367663,,,
B3,ridge_raw_eig,classical,47,13,14,355,131,0.7612472404411321,0.7612472404411321,0.7612472404411321,0.9494699790058256,0.6340939462837947,0.6340939462837947,0.4411146871539313,0.4411146871539313,8,,,,,,,,,,,,,,,,,,,,,,,,,,,,,,0.7502443639830257,,,0.6340939462837947,,0.4411146871539313,,,
B3,composition,classical,47,13,0,355,131,0.8149821406877351,0.8149821406877351,0.8149821406877351,0.9425785939439011,0.7331239112078638,0.7331239112078638,nan,nan,8,,,,,,,,,,,,,,,,,,,,,,,,,,,,,,0.8188363178352731,,,0.7331239112078638,,nan,,,
B3,zz_bytype_r3,quantum,48,13,107,352,134,0.5921578281389778,0.5921578281389778,0.5671331900953035,0.9514478828371811,0.5927972522941503,0.5684462719486941,0.5740143456453111,0.5968586024578054,7,0.7357162076750243,3.034150714016514,261.74,molecule,zz,0.1,bytype,3,bytype,eig,0,"[0.000,3.142]",none,1,Z,ridge,1,1,adam,adjoint,100,15,0.758726528678299,0.20051912433666527,8.8813755429929,0.09759308797015764,0.2794492160138681,0.38013688814583496,0.947697971554528,0.5852915497476996,0.9514478828371811,7,0.5927972522941503,0.5852915497476996,0.5740143456453111,0.9563365969145025,7,0.5614655809276804
B3,xy_bytype_r3,quantum,48,13,107,352,134,0.47191345327542666,0.47191345327542666,0.4624588363614451,0.9684528434547442,0.42927419013677764,0.4263471711157162,0.7495770703921218,0.7954559883222585,7,0.7798942550754803,3.121038301018597,271.09,molecule,xy,0.1,bytype,3,bytype,eig,0,"[0.000,3.142]",none,1,Z,ridge,1,1,adam,adjoint,100,15,0.7308524320019032,0.16086481897567584,9.135707434492266,0.17237249368863056,0.20713972165129133,0.8117608657249006,0.947697971554528,0.47010972626143777,0.9684528434547442,7,0.42927419013677764,0.47010972626143777,0.7495770703921218,0.9710950459404956,7,0.459834342771862
B3,none_r3,quantum,48,13,92,352,134,0.68802327897462,0.68802327897462,0.6729357572607932,0.9272607861081889,0.589372692888182,0.5863328442207978,0.6193955044452352,0.642616008132294,7,0.2563897504384712,1.1299975452459765,193.4,molecule,none,0.0,fixed,3,fixed,eig,0,"[0.000,3.142]",none,1,Z,ridge,1,1,adam,adjoint,100,15,0.7854127554099535,0.5840409750592035,2.870011726991977,0.009050283986492628,0.0,0.0,0.947697971554528,0.6556151227485061,0.9272607861081889,7,0.589372692888182,0.6556151227485061,0.6193955044452352,0.9314075089495382,7,0.6454636110757388
B3,zz_fixed_r3,quantum,48,13,92,352,134,0.6820630565912452,0.6820630565912452,0.6808752946008939,0.9384140106847674,0.6422918096581065,0.6421131441540723,0.5852597695814094,0.5739356836697834,7,0.3665670304682177,2.2115235655626617,257.46,molecule,zz,0.1,fixed,3,fixed,eig,0,"[0.000,3.142]",none,1,Z,ridge,1,1,adam,adjoint,100,15,0.758726528678299,0.48060239812323596,5.838065945782091,0.6568655146627282,0.1,0.04148148148148149,0.947697971554528,0.6646299938832047,0.9384140106847674,7,0.6422918096581065,0.6646299938832047,0.5852597695814094,0.9385857319688593,7,0.6657201194259353
B3,xy_shuffled_r3,quantum,48,13,107,352,134,0.6661458684357969,0.6661458684357969,0.6530257586272429,0.9314861271756671,0.6026779642324459,0.5957144368624124,0.5470903966849116,0.5633711513573666,7,0.5785213675672704,2.858351707166886,285.5,molecule,xy,0.1,bytype_shuffled,3,bytype_shuffled,eig,0,"[0.000,3.142]",none,1,Z,ridge,1,1,adam,adjoint,100,15,0.7308524320019032,0.3080386835502967,8.366787723507205,0.019624568537465848,0.5565424549557192,0.37638769295007873,0.947697971554528,0.6328590796942066,0.9314861271756671,7,0.6026779642324459,0.6328590796942066,0.5470903966849116,0.9376079774021104,7,0.6237057052278698
B3,krr_res,classical,48,13,352,352,134,0.5778243954969547,0.5778243954969547,0.5778243954969547,0.9505543120902424,0.5211437006203705,0.5211437006203705,0.6413397031025512,0.6413397031025512,7,,,,,,,,,,,,,,,,,,,,,,,,,,,,,,0.571705917931022,,,0.5211437006203705,,0.6413397031025512,,,
B3,krr_cos_cl,classical,48,13,352,352,134,0.687879814257644,0.687879814257644,0.687879814257644,0.9406988332723497,0.6354649985258749,0.6354649985258749,0.6299608415070761,0.6299608415070761,7,,,,,,,,,,,,,,,,,,,,,,,,,,,,,,0.6884894858212629,,,0.6354649985258749,,0.6299608415070761,,,
B3,ridge_raw_eig,classical,48,13,14,352,134,0.7816826408350859,0.7816826408350859,0.7816826408350859,0.9214472628483736,0.7336288974721897,0.7336288974721897,0.23836072973907688,0.23836072973907688,7,,,,,,,,,,,,,,,,,,,,,,,,,,,,,,0.7782472570067016,,,0.7336288974721897,,0.23836072973907688,,,
B3,composition,classical,48,13,0,352,134,0.8418661745764338,0.8418661745764338,0.8418661745764338,0.9096805367650693,0.8142416863545352,0.8142416863545352,nan,nan,7,,,,,,,,,,,,,,,,,,,,,,,,,,,,,,0.850787707067889,,,0.8142416863545352,,nan,,,
B3,zz_bytype_r3,quantum,49,13,107,362,124,0.4551801957483739,0.4551801957483739,0.4357609586059483,0.9692354594619015,0.4026542429799502,0.3862994381619862,0.8378360005204267,0.8444163088732761,7,0.7626597251610274,2.183469622046306,269.45,molecule,zz,0.1,bytype,3,bytype,eig,0,"[0.000,3.142]",none,1,Z,ridge,1,1,adam,adjoint,100,15,0.7414216692724641,0.17596922275669646,6.369895388735131,0.09942493664925732,0.1531820358740276,0.3387056512317805,0.9479916563766306,0.4337549300673786,0.9692354594619015,7,0.4026542429799502,0.4337549300673786,0.8378360005204267,0.97268217900396,7,0.41625003486587464
B3,xy_bytype_r3,quantum,49,13,107,362,124,0.5016234986889311,0.5016234986889311,0.4438094914012059,0.9342035768543036,0.3866977428051126,0.35528989268768957,0.754643670309654,0.7910800481394744,7,0.7642840458263843,2.3787410012332084,282.4,molecule,xy,0.1,bytype,3,bytype,eig,0,"[0.000,3.142]",none,1,Z,ridge,1,1,adam,adjoint,100,15,0.8262936042507147,0.19477058535351321,6.939565900875747,0.06065985341394574,0.2362162181439532,0.4782120565179835,0.9479916563766306,0.4339653614275901,0.9342035768543036,7,0.3866977428051126,0.4339653614275901,0.754643670309654,0.9724432798876886,7,0.4221150664008386
B3,none_r3,quantum,49,13,92,362,124,0.7415573832763188,0.7415573832763188,0.6943702122873633,0.9147056091657744,0.7024147629390168,0.6674567670364482,0.2719646109810044,0.3531924928441322,7,0.29371768591240033,1.3429885323278725,199.72,molecule,none,0.0,fixed,3,fixed,eig,0,"[0.000,3.142]",none,1,Z,ridge,1,1,adam,adjoint,100,15,0.792750662202463,0.5599057721948326,3.3977997956967196,0.0036876841870318237,0.0,0.0,0.9479916563766306,0.7173303831439166,0.9147056091657744,7,0.7024147629390168,0.7173303831439166,0.2719646109810044,0.9340935967570505,7,0.6882788080393044
B3,zz_fixed_r3,quantum,49,13,92,362,124,0.7222653750754879,0.7222653750754879,0.7265419240165498,0.9243444215607671,0.7062045958211514,0.7144823461006491,0.329171870934166,0.31078129065833987,7,0.3932033265338347,2.077001067054032,267.6,molecule,zz,0.1,fixed,3,fixed,eig,0,"[0.000,3.142]",none,1,Z,ridge,1,1,adam,adjoint,100,15,0.7414216692724641,0.4498922025502626,5.462572826329737,0.4107186710066649,0.1,0.04148148148148149,0.9479916563766306,0.7175256460789029,0.9243444215607671,7,0.7062045958211514,0.7175256460789029,0.329171870934166,0.9264815246626421,7,0.724913633019107
B3,xy_shuffled_r3,quantum,49,13,107,362,124,0.7094767062272987,0.7094767062272987,0.6625741064083632,0.8778396382664999,0.6027126630289978,0.6039941066131591,0.559664324746292,0.5293260473588343,7,0.5955208009398967,2.1072473632529665,288.77,molecule,xy,0.1,bytype_shuffled,3,bytype_shuffled,eig,0,"[0.000,3.142]",none,1,Z,ridge,1,1,adam,adjoint,100,15,0.8262936042507147,0.33421857523581505,6.147530117469463,0.03120669974951547,0.3162984500030659,0.20785484029380644,0.9479916563766306,0.6188687514885651,0.8778396382664999,7,0.6027126630289978,0.6188687514885651,0.559664324746292,0.9331276112939978,7,0.6197936332653662
B3,krr_res,classical,49,13,362,362,124,0.43666144842038446,0.43666144842038446,0.43666144842038446,0.9680019691571942,0.41055608834391016,0.41055608834391016,0.7218836195680457,0.7218836195680457,7,,,,,,,,,,,,,,,,,,,,,,,,,,,,,,0.4334460801413974,,,0.41055608834391016,,0.7218836195680457,,,
B3,krr_cos_cl,classical,49,13,362,362,124,0.6214226212513585,0.6214226212513585,0.6214226212513585,0.9469743337665605,0.6091049080205094,0.6091049080205094,0.4755056271142338,0.4755056271142338,7,,,,,,,,,,,,,,,,,,,,,,,,,,,,,,0.62343884504398,,,0.6091049080205094,,0.4755056271142338,,,
B3,ridge_raw_eig,classical,49,13,14,362,124,0.6866324853382834,0.6866324853382834,0.6866324853382834,0.9358403529833699,0.6034419119504235,0.6034419119504235,0.6137021857923498,0.6137021857923498,7,,,,,,,,,,,,,,,,,,,,,,,,,,,,,,0.6697918416587022,,,0.6034419119504235,,0.6137021857923498,,,
B3,composition,classical,49,13,0,362,124,0.876247319554235,0.876247319554235,0.876247319554235,0.9031328629814706,0.7749564393757692,0.7749564393757692,nan,nan,7,,,,,,,,,,,,,,,,,,,,,,,,,,,,,,0.8869268202704106,,,0.7749564393757692,,nan,,,
B3,zz_bytype_r3,quantum,50,13,107,345,141,0.4551737289295398,0.4551737289295398,0.42985111982964774,0.9774469936943767,0.39362002654154116,0.3673486072675759,0.7072246739391645,0.7195685762307357,9,0.7631716777140091,1.809463782387446,254.26,molecule,zz,0.1,bytype,3,bytype,eig,0,"[0.000,3.142]",none,1,Z,ridge,1,1,adam,adjoint,100,15,0.6627648543914303,0.1569614885356415,5.543553013847838,0.027815965647500322,0.2623343085565631,0.567834338852474,0.9420000555879576,0.45774022963633343,0.9774469936943767,9,0.39362002654154116,0.45774022963633343,0.7072246739391645,0.9793934823780037,9,0.4255916611026871
B3,xy_bytype_r3,quantum,50,13,107,345,141,0.5897764514464531,0.5897764514464531,0.5726803731879434,0.9545665454608148,0.5201703027178907,0.49417810635430987,0.6829618530267766,0.6921498131731092,9,0.8415675051818603,2.551330023216717,265.81,molecule,xy,0.1,bytype,3,bytype,eig,0,"[0.000,3.142]",none,1,Z,ridge,1,1,adam,adjoint,100,15,0.7514508784134623,0.11905423740032735,7.816367134390693,0.08838479972329191,0.4834899528424202,0.6599052804160576,0.9420000555879576,0.591207774826927,0.9545665454608148,9,0.5201703027178907,0.591207774826927,0.6829618530267766,0.9601752172488832,9,0.5728580459974746
B3,none_r3,quantum,50,13,92,345,141,0.6584942183624828,0.6584942183624828,0.6529665958744886,0.9439449698641342,0.5942886874706116,0.6020949034573183,0.5452821591875915,0.512540711493056,9,0.2498305103719477,0.8840036463147423,188.77,molecule,none,0.0,fixed,3,fixed,eig,0,"[0.000,3.142]",none,1,Z,ridge,1,1,adam,adjoint,100,15,0.7460353339662178,0.5596529457259312,2.365899402092611,0.007617777112856133,0.0,0.0,0.9420000555879576,0.6528709118172769,0.9439449698641342,9,0.5942886874706116,0.6528709118172769,0.5452821591875915,0.9440760443468892,9,0.6491259735126476
B3,zz_fixed_r3,quantum,50,13,92,345,141,0.654330161544893,0.654330161544893,0.6499125220952788,0.9458227151849382,0.6170540434566147,0.6046547201068561,0.46834396538369366,0.4431728100421266,9,0.4415329745910155,2.027866341585895,253.25,molecule,zz,0.1,fixed,3,fixed,eig,0,"[0.000,3.142]",none,1,Z,ridge,1,1,adam,adjoint,100,15,0.6627648543914303,0.37013231677760083,5.630058099703663,0.4086927022399026,0.1,0.04148148148148149,0.9420000555879576,0.6614329674181131,0.9458227151849382,9,0.6170540434566147,0.6614329674181131,0.46834396538369366,0.9489566653737477,9,0.6561305709810182
B3,xy_shuffled_r3,quantum,50,13,107,345,141,0.8201654420122924,0.8201654420122924,0.7860379108115706,0.9232687865518262,0.7133652130452968,0.6919206007403712,0.5215579709453764,0.532697466064517,9,0.6702279380208374,2.1752660963573938,280.83,molecule,xy,0.1,bytype_shuffled,3,bytype_shuffled,eig,0,"[0.000,3.142]",none,1,Z,ridge,1,1,adam,adjoint,100,15,0.7514508784134623,0.24780750565046053,6.66424110930396,0.10385363972216138,0.39279267854632227,0.4437645831705917,0.9420000555879576,0.8153699348450417,0.9232687865518262,9,0.7133652130452968,0.8153699348450417,0.5215579709453764,0.9308609751449667,9,0.7839129057434817
B3,krr_res,classical,50,13,345,345,141,0.590936097264236,0.590936097264236,0.590936097264236,0.9581783005449511,0.49475010029018535,0.49475010029018535,0.6528719889257859,0.6528719889257859,9,,,,,,,,,,,,,,,,,,,,,,,,,,,,,,0.5908588621895708,,,0.49475010029018535,,0.6528719889257859,,,
B3,krr_cos_cl,classical,50,13,345,345,141,0.6399578022918987,0.6399578022918987,0.6399578022918987,0.9518647232961718,0.5840665747662284,0.5840665747662284,0.47728867989388407,0.47728867989388407,9,,,,,,,,,,,,,,,,,,,,,,,,,,,,,,0.6393212174206605,,,0.5840665747662284,,0.47728867989388407,,,
B3,ridge_raw_eig,classical,50,13,14,345,141,0.6571913639793043,0.6571913639793043,0.6571913639793043,0.944318380612199,0.5883510894062225,0.5883510894062225,0.4439115959062699,0.4439115959062699,9,,,,,,,,,,,,,,,,,,,,,,,,,,,,,,0.66393893051521,,,0.5883510894062225,,0.4439115959062699,,,
B3,composition,classical,50,13,0,345,141,0.7431903469902689,0.7431903469902689,0.7431903469902689,0.9339386803874749,0.6836380510339399,0.6836380510339399,nan,nan,9,,,,,,,,,,,,,,,,,,,,,,,,,,,,,,0.7446003430513457,,,0.6836380510339399,,nan,,,
B3,zz_bytype_r3,quantum,51,13,107,373,113,0.6104101720710957,0.6104101720710957,0.6025807633707384,0.9545470702624137,0.49130813736596196,0.48400631584168713,0.7008377649887083,0.7041014795731776,9,0.8265026879337036,1.797251812768226,274.96,molecule,zz,0.1,bytype,3,bytype,eig,0,"[0.000,3.142]",none,1,Z,ridge,1,1,adam,adjoint,100,15,0.7742851996041736,0.13433640090403992,6.036043967018172,0.2311125062087793,0.22943369559026744,0.39171119965993384,0.9406610343454501,0.5799561246549692,0.9545470702624137,9,0.49130813736596196,0.5799561246549692,0.7008377649887083,0.9607228486721252,9,0.572804256492585
B3,xy_bytype_r3,quantum,51,13,107,373,113,0.7426808657426675,0.7426808657426675,0.6061949953895618,0.9114754880629985,0.5828363689996454,0.5146252022786979,0.6962593811650415,0.6966172249191116,9,0.8457187683613965,2.6401246412983754,286.26,molecule,xy,0.1,bytype,3,bytype,eig,0,"[0.000,3.142]",none,1,Z,ridge,1,1,adam,adjoint,100,15,0.8171673093634375,0.12607357894339485,8.866820052744702,0.016706253121671233,0.5416629566832305,0.9464144155589705,0.9406610343454501,0.666633189913012,0.9114754880629985,9,0.5828363689996454,0.666633189913012,0.6962593811650415,0.9691369866418135,9,0.6055495381014308
B3,none_r3,quantum,51,13,92,373,113,0.7765326882737925,0.7765326882737925,0.7620419361229132,0.9494550451244383,0.6516162917541412,0.6147548988368304,0.4559466597202445,0.5880922579035786,9,0.33333667271539946,0.8883485502397366,205.65,molecule,none,0.0,fixed,3,fixed,eig,0,"[0.000,3.142]",none,1,Z,ridge,1,1,adam,adjoint,100,15,0.8033572117056492,0.5355687917537674,2.639449718912951,0.0033201092114334527,0.0,0.0,0.9406610343454501,0.7781023496219186,0.9494550451244383,9,0.6516162917541412,0.7781023496219186,0.4559466597202445,0.9527567950171164,9,0.7574026208395597
B3,zz_fixed_r3,quantum,51,13,92,373,113,0.7957573004305714,0.7957573004305714,0.7648533787641155,0.9470065081248362,0.6845091563851275,0.6535640265145106,0.527004804363295,0.547938553598931,9,0.47547497348537543,2.0366937169469783,274.03,molecule,zz,0.1,fixed,3,fixed,eig,0,"[0.000,3.142]",none,1,Z,ridge,1,1,adam,adjoint,100,15,0.7742851996041736,0.40613196485226055,6.255067392501659,0.1396696649851467,0.1,0.04148148148148149,0.9406610343454501,0.8045003223876208,0.9470065081248362,9,0.6845091563851275,0.8045003223876208,0.527004804363295,0.9510377256152112,9,0.7746046753102709
B3,xy_shuffled_r3,quantum,51,13,107,373,113,0.731515485276584,0.731515485276584,0.7709781929716947,0.9556377952115009,0.5949772984215411,0.6138790424291423,0.5442699008736743,0.5465250597326069,9,0.6156837578529436,2.2749230911730915,298.72,molecule,xy,0.1,bytype_shuffled,3,bytype_shuffled,eig,0,"[0.000,3.142]",none,1,Z,ridge,1,1,adam,adjoint,100,15,0.8171673093634375,0.31405066953997746,7.640295979869177,0.49137325087614475,0.521853168593434,0.352739627524897,0.9406610343454501,0.7321242655674147,0.9556377952115009,9,0.5949772984215411,0.7321242655674147,0.5442699008736743,0.9517014380335024,9,0.7566247195360148
B3,krr_res,classical,51,13,373,373,113,0.6472032550777022,0.6472032550777022,0.6472032550777022,0.9606155284892203,0.5581226087588186,0.5581226087588186,0.6117333456956099,0.6117333456956099,9,,,,,,,,,,,,,,,,,,,,,,,,,,,,,,0.6427031320469774,,,0.5581226087588186,,0.6117333456956099,,,
B3,krr_cos_cl,classical,51,13,373,373,113,0.7540659490967068,0.7540659490967068,0.7540659490967068,0.9526215783064419,0.6543934752464597,0.6543934752464597,0.47087661049925195,0.47087661049925195,9,,,,,,,,,,,,,,,,,,,,,,,,,,,,,,0.7530800974686754,,,0.6543934752464597,,0.47087661049925195,,,
B3,ridge_raw_eig,classical,51,13,14,373,113,0.8123594399527757,0.8123594399527757,0.8123594399527757,0.9454693994178665,0.6883608015896173,0.6883608015896173,0.4995406089745712,0.4995406089745712,9,,,,,,,,,,,,,,,,,,,,,,,,,,,,,,0.7968890491463868,,,0.6883608015896173,,0.4995406089745712,,,
B3,composition,classical,51,13,0,373,113,0.846361682161751,0.846361682161751,0.846361682161751,0.9385819642423275,0.7428926084854074,0.7428926084854074,nan,nan,9,,,,,,,,,,,,,,,,,,,,,,,,,,,,,,0.8448202513891901,,,0.7428926084854074,,nan,,,
B3,zz_bytype_r3,quantum,52,13,107,345,141,0.5442815667825778,0.5442815667825778,0.509742049906638,0.9668845727363975,0.4368898966017628,0.4141497445732051,0.7711251924014109,0.7630425003281158,8,0.7718042789288218,3.394220478112299,256.17,molecule,zz,0.1,bytype,3,bytype,eig,0,"[0.000,3.142]",none,1,Z,ridge,1,1,adam,adjoint,100,15,0.6862523575795418,0.15659985157465967,9.440102213500719,0.04166174724862705,0.458722994499398,0.6058883546104472,0.9394177646566397,0.5422017056861097,0.9668845727363975,8,0.4368898966017628,0.5422017056861097,0.7711251924014109,0.9699590885535554,8,0.5085358137520066
B3,xy_bytype_r3,quantum,52,13,107,345,141,0.46655566732974774,0.46655566732974774,0.45395862286574823,0.9747627570335621,0.3651967780366684,0.34901101549772734,0.8574558601740775,0.8643967665379683,8,0.8408539942720219,2.7787827203367343,268.91,molecule,xy,0.1,bytype,3,bytype,eig,0,"[0.000,3.142]",none,1,Z,ridge,1,1,adam,adjoint,100,15,0.7415943320078476,0.11802177580955696,7.728429275070935,0.03548440255015716,0.1829016750107583,0.5491805329373112,0.9394177646566397,0.46325345890076886,0.9747627570335621,8,0.3651967780366684,0.46325345890076886,0.8574558601740775,0.9774498733716851,8,0.4520925411357861
B3,none_r3,quantum,52,13,92,345,141,0.6394613706082493,0.6394613706082493,0.5734968561147542,0.9500330252201323,0.6259071840462948,0.549121152402334,0.45368575956109597,0.5933673716061033,8,0.20467668829021932,1.2225746579022487,190.9,molecule,none,0.0,fixed,3,fixed,eig,0,"[0.000,3.142]",none,1,Z,ridge,1,1,adam,adjoint,100,15,0.709539265242295,0.5643131182206266,2.926758167297717,0.006833608214989773,0.0,0.0,0.9394177646566397,0.6444741508546915,0.9500330252201323,8,0.6259071840462948,0.6444741508546915,0.45368575956109597,0.958049624117126,8,0.5744437713026694
B3,zz_fixed_r3,quantum,52,13,92,345,141,0.8122813176155366,0.8122813176155366,0.7292480325460401,0.9086294110849893,0.7766359829778461,0.7042483534427962,0.44494453668910794,0.4497582589769587,8,0.36126475597190033,2.517080494732251,259.06,molecule,zz,0.1,fixed,3,fixed,eig,0,"[0.000,3.142]",none,1,Z,ridge,1,1,adam,adjoint,100,15,0.6862523575795418,0.43833356708342736,6.277422592210308,0.24850731684526248,0.1,0.04148148148148149,0.9394177646566397,0.813850816800952,0.9086294110849893,8,0.7766359829778461,0.813850816800952,0.44494453668910794,0.9361900294821419,8,0.7303579415133609
B3,xy_shuffled_r3,quantum,52,13,107,345,141,0.6379947326572117,0.6379947326572117,0.6176452892057225,0.9500913685404828,0.6246757782360715,0.6173603071493258,0.6253133205366153,0.5967693745382555,8,0.6235866277062833,2.724216106043168,280.75,molecule,xy,0.1,bytype_shuffled,3,bytype_shuffled,eig,0,"[0.000,3.142]",none,1,Z,ridge,1,1,adam,adjoint,100,15,0.7415943320078476,0.2791460233849801,7.576667060536652,0.16435143614981876,0.5301493465513539,0.7237522292262798,0.9394177646566397,0.6379154692562126,0.9500913685404828,8,0.6246757782360715,0.6379154692562126,0.6253133205366153,0.953570254970435,8,0.618780241171267
B3,krr_res,classical,52,13,345,345,141,0.6242004623020394,0.6242004623020394,0.6242004623020394,0.9495370725086215,0.6150306291746649,0.6150306291746649,0.48969327623303405,0.48969327623303405,8,,,,,,,,,,,,,,,,,,,,,,,,,,,,,,0.628727990926512,,,0.6150306291746649,,0.48969327623303405,,,
B3,krr_cos_cl,classical,52,13,345,345,141,0.5763376555491824,0.5763376555491824,0.5763376555491824,0.9635056272705257,0.54946843071031,0.54946843071031,0.6447980561601605,0.6447980561601605,8,,,,,,,,,,,,,,,,,,,,,,,,,,,,,,0.581624336358989,,,0.54946843071031,,0.6447980561601605,,,
B3,ridge_raw_eig,classical,52,13,14,345,141,0.6597428490042896,0.6597428490042896,0.6597428490042896,0.9457799978085893,0.6308378874670556,0.6308378874670556,0.383011524872953,0.383011524872953,8,,,,,,,,,,,,,,,,,,,,,,,,,,,,,,0.6632445266233477,,,0.6308378874670556,,0.383011524872953,,,
B3,composition,classical,52,13,0,345,141,0.7626458488230431,0.7626458488230431,0.7626458488230431,0.9414906434724408,0.7440210223788908,0.7440210223788908,nan,nan,8,,,,,,,,,,,,,,,,,,,,,,,,,,,,,,0.7684462718436886,,,0.7440210223788908,,nan,,,
B3,zz_bytype_r3,quantum,53,13,107,381,105,0.5531488868744289,0.5531488868744289,0.5171781982931595,0.9743014855842163,0.4988650240473607,0.48798295845527045,0.598359792691603,0.5915106452656423,8,0.763108245811578,2.11917318919466,281.62,molecule,zz,0.1,bytype,3,bytype,eig,0,"[0.000,3.142]",none,1,Z,ridge,1,1,adam,adjoint,100,15,0.7168797436131363,0.16982290000666217,7.259511904600469,0.02989013163680805,0.24462043126731445,0.30475940184572714,0.9371266206033132,0.5488796265519681,0.9743014855842163,8,0.4988650240473607,0.5488796265519681,0.598359792691603,0.9762944836997793,8,0.5125720436768527
B3,xy_bytype_r3,quantum,53,13,107,381,105,0.4821786283726485,0.4821786283726485,0.45667034978014454,0.9747189002279611,0.4567456449577279,0.44755356857581924,0.6544950623334403,0.6519822125333262,8,0.7577386544430791,2.559455374968878,294.45,molecule,xy,0.1,bytype,3,bytype,eig,0,"[0.000,3.142]",none,1,Z,ridge,1,1,adam,adjoint,100,15,0.7007116472215471,0.16975534650329852,8.767757566308799,0.08338448051556038,0.11199485764244037,0.7817743756704605,0.9371266206033132,0.46357609165942965,0.9747189002279611,8,0.4567456449577279,0.46357609165942965,0.6544950623334403,0.9785563808401201,8,0.4485991883329413
B3,none_r3,quantum,53,13,92,381,105,0.7153396841470709,0.7153396841470709,0.6514639143141944,0.9540942039998259,0.6324799843544034,0.6170213949216827,0.5276011538433012,0.5516649113308164,8,0.15372656358323888,1.0134024187882906,212.06,molecule,none,0.0,fixed,3,fixed,eig,0,"[0.000,3.142]",none,1,Z,ridge,1,1,adam,adjoint,100,15,0.7093333303390894,0.6002899550310068,3.0790567964580315,0.0071300548950030945,0.0,0.0,0.9371266206033132,0.7079872256080216,0.9540942039998259,8,0.6324799843544034,0.7079872256080216,0.5276011538433012,0.964820998364237,8,0.6425375650240114
B3,zz_fixed_r3,quantum,53,13,92,381,105,0.7623555361058022,0.7623555361058022,0.7633636479887049,0.9556963359748929,0.6528567909019224,0.6746346891215182,0.4784317624123449,0.46755389099763733,8,0.3107308047215936,1.8029795356156963,286.48,molecule,zz,0.1,fixed,3,fixed,eig,0,"[0.000,3.142]",none,1,Z,ridge,1,1,adam,adjoint,100,15,0.7168797436131363,0.4941231239916168,5.658355130147026,0.14189799326352937,0.1,0.04148148148148149,0.9371266206033132,0.7445604120438649,0.9556963359748929,8,0.6528567909019224,0.7445604120438649,0.4784317624123449,0.9560872336857249,8,0.753112784896213
B3,xy_shuffled_r3,quantum,53,13,107,381,105,0.6989664762569334,0.6989664762569334,0.6982755361945702,0.9600853938370998,0.6360307194796593,0.6447406632419961,0.4795582344554361,0.46569880718938406,8,0.48702084089093745,2.390913695176712,310.21,molecule,xy,0.1,bytype_shuffled,3,bytype_shuffled,eig,0,"[0.000,3.142]",none,1,Z,ridge,1,1,adam,adjoint,100,15,0.7007116472215471,0.35945047156963533,8.190395443613408,0.01793624214210678,0.6032231091685046,0.7903106660200478,0.9371266206033132,0.7065359119919076,0.9600853938370998,8,0.6360307194796593,0.7065359119919076,0.4795582344554361,0.9603054214578395,8,0.7046560779676667
B3,krr_res,classical,53,13,381,381,105,0.4872399622434712,0.4872399622434712,0.4872399622434712,0.9758638428845341,0.4199948759289031,0.4199948759289031,0.6714945534191679,0.6714945534191679,8,,,,,,,,,,,,,,,,,,,,,,,,,,,,,,0.4630678315426088,,,0.4199948759289031,,0.6714945534191679,,,
B3,krr_cos_cl,classical,53,13,381,381,105,0.6223043176074484,0.6223043176074484,0.6223043176074484,0.9671761740704505,0.5803492605239924,0.5803492605239924,0.5953105432545751,0.5953105432545751,8,,,,,,,,,,,,,,,,,,,,,,,,,,,,,,0.6138092179441429,,,0.5803492605239924,,0.5953105432545751,,,
B3,ridge_raw_eig,classical,53,13,14,381,105,0.7735467070578064,0.7735467070578064,0.7735467070578064,0.948079515351172,0.723018120607979,0.723018120607979,0.3735534026225059,0.3735534026225059,8,,,,,,,,,,,,,,,,,,,,,,,,,,,,,,0.7749829786411475,,,0.723018120607979,,0.3735534026225059,,,
B3,composition,classical,53,13,0,381,105,0.8142525093382613,0.8142525093382613,0.8142525093382613,0.9455483133794393,0.7892726912580771,0.7892726912580771,nan,nan,8,,,,,,,,,,,,,,,,,,,,,,,,,,,,,,0.8124643386994402,,,0.7892726912580771,,nan,,,
B3,zz_bytype_r3,quantum,54,13,107,363,123,0.46412857715658584,0.46412857715658584,0.44573754997121234,0.9636020506539283,0.4644198055954027,0.44045764138692356,0.7483037725401631,0.759309904019373,8,0.8001980255449669,2.5413478830906415,268.52,molecule,zz,0.1,bytype,3,bytype,eig,0,"[0.000,3.142]",none,1,Z,ridge,1,1,adam,adjoint,100,15,0.7300376697817046,0.14586296784893607,7.257852526821699,0.09994170711378718,0.31482145701672987,0.469503882197391,0.9433240495324327,0.4652752500744202,0.9636020506539283,8,0.4644198055954027,0.4652752500744202,0.7483037725401631,0.9762145160715708,8,0.44735673784933067
B3,xy_bytype_r3,quantum,54,13,107,363,123,0.5120605043109541,0.5120605043109541,0.4568793197142302,0.9605560773193951,0.4537498136829922,0.40221493942898323,0.6951162564478915,0.680018704862932,8,0.8363861116732471,3.2801512967885746,279.6,molecule,xy,0.1,bytype,3,bytype,eig,0,"[0.000,3.142]",none,1,Z,ridge,1,1,adam,adjoint,100,15,0.6988293513894418,0.11433818745768926,9.367806169378865,0.05969508821673236,0.14906242289200236,0.9125905957566741,0.9433240495324327,0.5128905623738778,0.9605560773193951,8,0.4537498136829922,0.5128905623738778,0.6951162564478915,0.9783439740291692,8,0.45608609905129827
B3,none_r3,quantum,54,13,92,363,123,0.9518965264079897,0.9518965264079897,0.921904953906083,0.7795104074577305,0.6929792964347109,0.6756622666353215,0.40114602298641133,0.44400288201245214,8,0.29277937080432903,1.0434409439084062,201.7,molecule,none,0.0,fixed,3,fixed,eig,0,"[0.000,3.142]",none,1,Z,ridge,1,1,adam,adjoint,100,15,0.726850608597015,0.5140437447432373,2.5758470759523,0.008827295798083314,0.0,0.0,0.9433240495324327,0.9559616412265739,0.7795104074577305,8,0.6929792964347109,0.9559616412265739,0.40114602298641133,0.8569195221349524,8,0.926084841430962
B3,zz_fixed_r3,quantum,54,13,92,363,123,0.8930964191739722,0.8930964191739722,0.8162312966046439,0.8859846542525194,0.675006747703544,0.6284732993973038,0.380025651571886,0.46948869178055685,8,0.360945278949927,1.675448543438352,269.27,molecule,zz,0.1,fixed,3,fixed,eig,0,"[0.000,3.142]",none,1,Z,ridge,1,1,adam,adjoint,100,15,0.7300376697817046,0.4665340194183925,4.303571197491678,0.15907373731055066,0.1,0.04148148148148149,0.9433240495324327,0.8967449906395774,0.8859846542525194,8,0.675006747703544,0.8967449906395774,0.380025651571886,0.9222596987622981,8,0.8199605855096761
B3,xy_shuffled_r3,quantum,54,13,107,363,123,0.8163989640634965,0.8163989640634965,0.8300136945038988,0.9327212694409631,0.6932387435017254,0.6998300482820025,0.3996440698984385,0.4437445712682517,8,0.6178340134563282,3.263983232631224,295.18,molecule,xy,0.1,bytype_shuffled,3,bytype_shuffled,eig,0,"[0.000,3.142]",none,1,Z,ridge,1,1,adam,adjoint,100,15,0.6988293513894418,0.26706880849942033,9.321631686113893,0.03928386492725222,0.6641246090520665,0.42249949598013364,0.9433240495324327,0.822135696637123,0.9327212694409631,8,0.6932387435017254,0.822135696637123,0.3996440698984385,0.924243530551091,8,0.835643102768209
B3,krr_res,classical,54,13,363,363,123,0.6505639066749521,0.6505639066749521,0.6505639066749521,0.9545626818925333,0.6236362189898074,0.6236362189898074,0.5888208140571032,0.5888208140571032,8,,,,,,,,,,,,,,,,,,,,,,,,,,,,,,0.6589061969194718,,,0.6236362189898074,,0.5888208140571032,,,
B3,krr_cos_cl,classical,54,13,363,363,123,0.7364165088261183,0.7364165088261183,0.7364165088261183,0.9488240541607526,0.5893201014198521,0.5893201014198521,0.43677249171646804,0.43677249171646804,8,,,,,,,,,,,,,,,,,,,,,,,,,,,,,,0.7414983388395227,,,0.5893201014198521,,0.43677249171646804,,,
B3,ridge_raw_eig,classical,54,13,14,363,123,0.8023148516140924,0.8023148516140924,0.8023148516140924,0.9388335084402348,0.6933294939544956,0.6933294939544956,0.37457637299307395,0.37457637299307395,8,,,,,,,,,,,,,,,,,,,,,,,,,,,,,,0.8047726252603408,,,0.6933294939544956,,0.37457637299307395,,,
B3,composition,classical,54,13,0,363,123,0.8863785124906521,0.8863785124906521,0.8863785124906521,0.9298753783912179,0.810908654159064,0.810908654159064,nan,nan,8,,,,,,,,,,,,,,,,,,,,,,,,,,,,,,0.884467965613075,,,0.810908654159064,,nan,,,
B3,zz_bytype_r3,quantum,55,13,107,370,116,0.4412639239688048,0.4412639239688048,0.4276421460423803,0.9814482558582608,0.38081881733697115,0.37152229338927634,0.5997363589102225,0.6385106447514791,9,0.7779890541982998,3.0758656419432673,271.74,molecule,zz,0.1,bytype,3,bytype,eig,0,"[0.000,3.142]",none,1,Z,ridge,1,1,adam,adjoint,100,15,0.7001163848961688,0.15543350078206564,10.762598603064333,0.02836621435864358,0.1275428494147045,1.2963404863518873,0.9377365512613767,0.4266568524635572,0.9814482558582608,9,0.38081881733697115,0.4266568524635572,0.5997363589102225,0.9824541912993998,9,0.41316569996732166
B3,xy_bytype_r3,quantum,55,13,107,370,116,0.4122066833818431,0.4122066833818431,0.3912879081108981,0.9822223442767317,0.33970573881776267,0.31467708690350316,0.7165162002012255,0.772208675714053,9,0.8225861524256892,2.5169321256695105,285.08,molecule,xy,0.1,bytype,3,bytype,eig,0,"[0.000,3.142]",none,1,Z,ridge,1,1,adam,adjoint,100,15,0.773077772432387,0.1371547020814073,8.806863931359604,0.015050378729034062,-0.19902947968844106,0.46361319460419453,0.9377365512613767,0.3993089779503949,0.9822223442767317,9,0.33970573881776267,0.3993089779503949,0.7165162002012255,0.9849566016497305,9,0.377773507981027
B3,none_r3,quantum,55,13,92,370,116,0.6901263533890001,0.6901263533890001,0.6159632905780839,0.9567267703887525,0.6311754627810026,0.5255057758106257,0.2786270518448293,0.4161650931672929,9,0.24918445870399958,1.0466187992011642,202.98,molecule,none,0.0,fixed,3,fixed,eig,0,"[0.000,3.142]",none,1,Z,ridge,1,1,adam,adjoint,100,15,0.7752742742065784,0.582087973841276,3.2568147047316267,0.03900107719041207,0.0,0.0,0.9377365512613767,0.6829731875354546,0.9567267703887525,9,0.6311754627810026,0.6829731875354546,0.2786270518448293,0.9662374967088443,9,0.6045662075876581
B3,zz_fixed_r3,quantum,55,13,92,370,116,0.6822181627508831,0.6822181627508831,0.6544010780801248,0.9642381637163221,0.6413303198845961,0.622095070396279,0.2825068964041589,0.24483275220606165,9,0.4125126953470507,2.0224206258188233,269.7,molecule,zz,0.1,fixed,3,fixed,eig,0,"[0.000,3.142]",none,1,Z,ridge,1,1,adam,adjoint,100,15,0.7001163848961688,0.411309487906017,6.495506848525501,0.33549490531459086,0.1,0.04148148148148149,0.9377365512613767,0.6721449524041025,0.9642381637163221,9,0.6413303198845961,0.6721449524041025,0.2825068964041589,0.965433275995399,9,0.6422295159148304
B3,xy_shuffled_r3,quantum,55,13,107,370,116,0.7197308653524178,0.7197308653524178,0.6992846039270424,0.9566778889319111,0.6877365035273052,0.6775861094990184,0.2602173736950501,0.2883425581262472,9,0.6453097278227926,2.3030059366435767,297.4,molecule,xy,0.1,bytype_shuffled,3,bytype_shuffled,eig,0,"[0.000,3.142]",none,1,Z,ridge,1,1,adam,adjoint,100,15,0.773077772432387,0.2742031655181925,8.058326130561912,0.6139148186022697,0.508020565762067,0.315487790119867,0.9377365512613767,0.7198813822081879,0.9566778889319111,9,0.6877365035273052,0.7198813822081879,0.2602173736950501,0.95923505299254,9,0.694883440880126
B3,krr_res,classical,55,13,370,370,116,0.5359691979751247,0.5359691979751247,0.5359691979751247,0.9682182939358455,0.45487755506604144,0.45487755506604144,0.6767638970303138,0.6767638970303138,9,,,,,,,,,,,,,,,,,,,,,,,,,,,,,,0.5228602896035744,,,0.45487755506604144,,0.6767638970303138,,,
B3,krr_cos_cl,classical,55,13,370,370,116,0.6170694540333802,0.6170694540333802,0.6170694540333802,0.96678370034928,0.5376800957116351,0.5376800957116351,0.3263570080092811,0.3263570080092811,9,,,,,,,,,,,,,,,,,,,,,,,,,,,,,,0.6063819296809266,,,0.5376800957116351,,0.3263570080092811,,,
B3,ridge_raw_eig,classical,55,13,14,370,116,0.7489745811766096,0.7489745811766096,0.7489745811766096,0.9503075189861354,0.697485229607425,0.697485229607425,0.1423892519317809,0.1423892519317809,9,,,,,,,,,,,,,,,,,,,,,,,,,,,,,,0.7420501479203393,,,0.697485229607425,,0.1423892519317809,,,
B3,composition,classical,55,13,0,370,116,0.7836727152064703,0.7836727152064703,0.7836727152064703,0.946588337586295,0.6820687679999887,0.6820687679999887,nan,nan,9,,,,,,,,,,,,,,,,,,,,,,,,,,,,,,0.7727505724285787,,,0.6820687679999887,,nan,,,
B3,zz_bytype_r3,quantum,56,13,107,367,119,0.677212585829371,0.677212585829371,0.663567660693638,0.9505257520104826,0.5711458272131021,0.5677348910203598,0.607564879107233,0.6058352036519202,8,0.6524798277897974,2.6539232882165624,270.16,molecule,zz,0.1,bytype,3,bytype,eig,0,"[0.000,3.142]",none,1,Z,ridge,1,1,adam,adjoint,100,15,0.763226260069233,0.26523652133460873,8.536939766521819,0.23400359859001252,0.18669011466805555,0.42376651643571034,0.9464498385334918,0.6824844518797781,0.9505257520104826,8,0.5711458272131021,0.6824844518797781,0.607564879107233,0.9537534854064265,8,0.6709783537218756
B3,xy_bytype_r3,quantum,56,13,107,367,119,0.5099297997421872,0.5099297997421872,0.5040811385022899,0.9746256219240554,0.4560166117258583,0.45480303333609534,0.7026755884045989,0.6833591362826744,8,0.760950673266597,2.50084452087309,281.95,molecule,xy,0.1,bytype,3,bytype,eig,0,"[0.000,3.142]",none,1,Z,ridge,1,1,adam,adjoint,100,15,0.690457447850374,0.16505338804669561,8.044527562240354,0.020722377878717543,0.28414555698269317,0.6816620970393562,0.9464498385334918,0.4933588849950924,0.9746256219240554,8,0.4560166117258583,0.4933588849950924,0.7026755884045989,0.9752269375936549,8,0.489494501876236
B3,none_r3,quantum,56,13,92,367,119,0.690530691540546,0.690530691540546,0.6939124597059569,0.9517807216331713,0.6306149449328942,0.6305492741011988,0.45594366798452257,0.4594406728121121,8,0.12896762278709734,1.0371804496574912,201.72,molecule,none,0.0,fixed,3,fixed,eig,0,"[0.000,3.142]",none,1,Z,ridge,1,1,adam,adjoint,100,15,0.660721496171637,0.5755098154860467,2.934625386877118,0.006531179482927749,0.0,0.0,0.9464498385334918,0.6927835849262374,0.9517807216331713,8,0.6306149449328942,0.6927835849262374,0.45594366798452257,0.9517163087607143,8,0.6854086368620951
B3,zz_fixed_r3,quantum,56,13,92,367,119,0.6351919989468455,0.6351919989468455,0.6974962892647905,0.9596577669713341,0.5897173240380188,0.6198345189925534,0.6065242114623672,0.5485633224014034,8,0.40618349003018567,1.2475978130134162,272.03,molecule,zz,0.1,fixed,3,fixed,eig,0,"[0.000,3.142]",none,1,Z,ridge,1,1,adam,adjoint,100,15,0.763226260069233,0.4532163540716258,3.6547455382548146,0.23778787767673287,0.1,0.04148148148148149,0.9464498385334918,0.6310855576147815,0.9596577669713341,8,0.5897173240380188,0.6310855576147815,0.6065242114623672,0.9536141887120893,8,0.6937374891566463
B3,xy_shuffled_r3,quantum,56,13,107,367,119,0.7639805600896827,0.7639805600896827,0.7584149256078141,0.9435693806297858,0.6752523027295859,0.6703682592460525,0.5215930621103035,0.5236408529418275,8,0.4895582543490168,2.0664130963491947,301.21,molecule,xy,0.1,bytype_shuffled,3,bytype_shuffled,eig,0,"[0.000,3.142]",none,1,Z,ridge,1,1,adam,adjoint,100,15,0.690457447850374,0.3524383049784676,6.647081403825948,0.025598701693678644,0.27371375799669834,0.23587011401158506,0.9464498385334918,0.7548030838070712,0.9435693806297858,8,0.6752523027295859,0.7548030838070712,0.5215930621103035,0.945514189448743,8,0.7519543371668862
B3,krr_res,classical,56,13,367,367,119,0.49870954634012354,0.49870954634012354,0.49870954634012354,0.9736700478808882,0.4522147021138959,0.4522147021138959,0.6778167682309362,0.6778167682309362,8,,,,,,,,,,,,,,,,,,,,,,,,,,,,,,0.5009468328446096,,,0.4522147021138959,,0.6778167682309362,,,
B3,krr_cos_cl,classical,56,13,367,367,119,0.7332146666123559,0.7332146666123559,0.7332146666123559,0.9479599258012412,0.6473257647542234,0.6473257647542234,0.5920775709381406,0.5920775709381406,8,,,,,,,,,,,,,,,,,,,,,,,,,,,,,,0.7329775117852438,,,0.6473257647542234,,0.5920775709381406,,,
B3,ridge_raw_eig,classical,56,13,14,367,119,0.8177300677397775,0.8177300677397775,0.8177300677397775,0.9345275968907301,0.7006742211225977,0.7006742211225977,0.5663074931065936,0.5663074931065936,8,,,,,,,,,,,,,,,,,,,,,,,,,,,,,,0.8251274759003523,,,0.7006742211225977,,0.5663074931065936,,,
B3,composition,classical,56,13,0,367,119,0.9716043162338689,0.9716043162338689,0.9716043162338689,0.9180879757037371,0.8582003369627612,0.8582003369627612,nan,nan,8,,,,,,,,,,,,,,,,,,,,,,,,,,,,,,0.9828036223443694,,,0.8582003369627612,,nan,,,
B3,zz_bytype_r3,quantum,57,13,107,361,125,0.47070834541675793,0.47070834541675793,0.4740523265121123,0.9819119062693134,0.4652319325461958,0.45998283621837066,0.7522171128563055,0.7475739007278117,9,0.8066412023384194,2.969956150102303,267.41,molecule,zz,0.1,bytype,3,bytype,eig,0,"[0.000,3.142]",none,1,Z,ridge,1,1,adam,adjoint,100,15,0.6622063760736671,0.12804342868143667,8.214087935575645,0.03904415943568657,0.08790621812736625,0.40608086141951544,0.9390349886970051,0.47098992641601845,0.9819119062693134,9,0.4652319325461958,0.47098992641601845,0.7522171128563055,0.9829081393798549,9,0.474356286666861
B3,xy_bytype_r3,quantum,57,13,107,361,125,0.45786393553686017,0.45786393553686017,0.45036784346006353,0.97594102429591,0.40920245729972027,0.4061566029278106,0.7787625746835168,0.7834341856629494,9,0.7980163186279979,2.693109111262095,277.36,molecule,xy,0.1,bytype,3,bytype,eig,0,"[0.000,3.142]",none,1,Z,ridge,1,1,adam,adjoint,100,15,0.7201174905042471,0.1454519817524156,7.448404603295178,0.060232650563828725,-0.05083642794783374,0.30090919629186474,0.9390349886970051,0.42847781631817544,0.97594102429591,9,0.40920245729972027,0.42847781631817544,0.7787625746835168,0.9780378000228421,9,0.4231462265856122
B3,none_r3,quantum,57,13,92,361,125,0.7558067928429739,0.7558067928429739,0.7520410164137815,0.9547819720349012,0.6385287879721339,0.6439170015912928,0.3686831671272378,0.3744572360636281,9,0.20611559137771018,1.1173695763777698,198.65,molecule,none,0.0,fixed,3,fixed,eig,0,"[0.000,3.142]",none,1,Z,ridge,1,1,adam,adjoint,100,15,0.6935814943684043,0.5506235344880247,2.6575838387151363,0.008980364605907967,0.0,0.0,0.9390349886970051,0.7542266552513052,0.9547819720349012,9,0.6385287879721339,0.7542266552513052,0.3686831671272378,0.9550772610564588,9,0.7564030660534381
B3,zz_fixed_r3,quantum,57,13,92,361,125,0.6903146855706789,0.6903146855706789,0.7071561021058035,0.9634807250638504,0.636985294339293,0.6434278671793932,0.42861093210126017,0.39228679926745524,9,0.3189297380465879,2.032228986322506,266.67,molecule,zz,0.1,fixed,3,fixed,eig,0,"[0.000,3.142]",none,1,Z,ridge,1,1,adam,adjoint,100,15,0.6622063760736671,0.45100907001971213,5.036734589658622,0.16734282680693124,0.1,0.04148148148148149,0.9390349886970051,0.6849744904053221,0.9634807250638504,9,0.636985294339293,0.6849744904053221,0.42861093210126017,0.9627112397706327,9,0.7102652549810238
B3,xy_shuffled_r3,quantum,57,13,107,361,125,0.6898643348135072,0.6898643348135072,0.6783473132212821,0.9580373610104975,0.6081767865431661,0.5900956907962761,0.4516853625768681,0.4515098722415796,9,0.5858928971312952,2.4002172396041415,293.04,molecule,xy,0.1,bytype_shuffled,3,bytype_shuffled,eig,0,"[0.000,3.142]",none,1,Z,ridge,1,1,adam,adjoint,100,15,0.7201174905042471,0.29820576771779583,6.638345643559058,0.14245597109952876,0.260806717651566,0.2787498420105654,0.9390349886970051,0.6619626555041358,0.9580373610104975,9,0.6081767865431661,0.6619626555041358,0.4516853625768681,0.9618032789706487,9,0.66116761196025
B3,krr_res,classical,57,13,361,361,125,0.7373748176977089,0.7373748176977089,0.7373748176977089,0.9565392595655926,0.6580713759107327,0.6580713759107327,0.4323513884489495,0.4323513884489495,9,,,,,,,,,,,,,,,,,,,,,,,,,,,,,,0.7459551408402285,,,0.6580713759107327,,0.4323513884489495,,,
B3,krr_cos_cl,classical,57,13,361,361,125,0.7380015834696605,0.7380015834696605,0.7380015834696605,0.9556593058323282,0.650124567175559,0.650124567175559,0.32180303576434793,0.32180303576434793,9,,,,,,,,,,,,,,,,,,,,,,,,,,,,,,0.7326918012378395,,,0.650124567175559,,0.32180303576434793,,,
B3,ridge_raw_eig,classical,57,13,14,361,125,0.8206885947007418,0.8206885947007418,0.8206885947007418,0.9485221607001979,0.7166592911873697,0.7166592911873697,0.24322924062200768,0.24322924062200768,9,,,,,,,,,,,,,,,,,,,,,,,,,,,,,,0.8078626439777369,,,0.7166592911873697,,0.24322924062200768,,,
B3,composition,classical,57,13,0,361,125,0.8749869112799366,0.8749869112799366,0.8749869112799366,0.9424282047827564,0.7823043167666829,0.7823043167666829,nan,nan,9,,,,,,,,,,,,,,,,,,,,,,,,,,,,,,0.8701688444435355,,,0.7823043167666829,,nan,,,
B3,zz_bytype_r3,quantum,58,13,107,378,108,0.4164091144598604,0.4164091144598604,0.40829572440221235,0.9859395649498497,0.3677205012566058,0.36456386799835766,0.7436778499278499,0.7559996793330126,9,0.7836665398549374,2.757971552592878,285.16,molecule,zz,0.1,bytype,3,bytype,eig,0,"[0.000,3.142]",none,1,Z,ridge,1,1,adam,adjoint,100,15,0.7438060769187947,0.16091014229676745,8.216783843702778,0.029669035611327547,0.41896487833427953,0.45977716604062313,0.9364474605481561,0.4164091144598604,0.9859395649498497,9,0.3677205012566058,0.4164091144598604,0.7436778499278499,0.986353133839353,9,0.40829572440221235
B3,xy_bytype_r3,quantum,58,13,107,378,108,0.5987765101168248,0.5987765101168248,0.5837585758297918,0.9746452714723742,0.5015694102404731,0.49625341908802123,0.7116504329004328,0.710467772967773,9,0.8641575241503823,2.8992336387336692,290.08,molecule,xy,0.1,bytype,3,bytype,eig,0,"[0.000,3.142]",none,1,Z,ridge,1,1,adam,adjoint,100,15,0.7459641054964538,0.10133361098558367,8.637643887033596,0.013061675410738945,-0.06248966463938405,0.5620110816004817,0.9364474605481561,0.5987765101168245,0.9746452714723742,9,0.5015694102404731,0.5987765101168245,0.7116504329004328,0.9759941657357772,9,0.5837585758297918
B3,none_r3,quantum,58,13,92,378,108,0.6331366707271746,0.6331366707271746,0.6260652633653889,0.9682531455042274,0.5658664888397679,0.5496159071461448,0.5712169312169313,0.5322689193522527,9,0.16065891309108374,0.9710081139367127,212.92,molecule,none,0.0,fixed,3,fixed,eig,0,"[0.000,3.142]",none,1,Z,ridge,1,1,adam,adjoint,100,15,0.7257807697695678,0.609177620155979,2.5168402827964598,0.061419535264884195,0.0,0.0,0.9364474605481561,0.6331366707271747,0.9682531455042274,9,0.5658664888397679,0.6331366707271747,0.5712169312169313,0.9716386434220925,9,0.6260652633653889
B3,zz_fixed_r3,quantum,58,13,92,378,108,0.6874345605919435,0.6874345605919435,0.7034343744072111,0.9657093735893089,0.5765890154920752,0.5897058380212356,0.4822929693763026,0.4685696248196248,9,0.3841409599728308,1.7607868813491856,288.53,molecule,zz,0.1,fixed,3,fixed,eig,0,"[0.000,3.142]",none,1,Z,ridge,1,1,adam,adjoint,100,15,0.7438060769187947,0.4580796964975837,4.740015166927329,0.1091215636823886,0.1,0.04148148148148149,0.9364474605481561,0.6874345605919435,0.9657093735893089,9,0.5765890154920752,0.6874345605919435,0.4822929693763026,0.964119148314975,9,0.703434374407211
B3,xy_shuffled_r3,quantum,58,13,107,378,108,0.6623484052466401,0.6623484052466401,0.6565082075467737,0.9688505135775968,0.5993973152243816,0.5975080033670729,0.5733138928972261,0.5902372935706268,9,0.5424158393787685,3.1720292041039495,308.23,molecule,xy,0.1,bytype_shuffled,3,bytype_shuffled,eig,0,"[0.000,3.142]",none,1,Z,ridge,1,1,adam,adjoint,100,15,0.7459641054964538,0.34134135906716256,9.450379679054713,0.015582693912028494,0.6117372936685662,0.5111220447010746,0.9364474605481561,0.6623484052466401,0.9688505135775968,9,0.5993973152243816,0.6623484052466401,0.5733138928972261,0.9700084247841484,9,0.656508207546774
B3,krr_res,classical,58,13,378,378,108,0.7081169871383669,0.7081169871383669,0.7081169871383669,0.9599601525225759,0.6238135954683772,0.6238135954683772,0.5126565255731923,0.5126565255731923,9,,,,,,,,,,,,,,,,,,,,,,,,,,,,,,0.7081169871383669,,,0.6238135954683772,,0.5126565255731923,,,
B3,krr_cos_cl,classical,58,13,378,378,108,0.664992052560153,0.664992052560153,0.664992052560153,0.9668030014253906,0.5914150277164473,0.5914150277164473,0.5428988295654962,0.5428988295654962,9,,,,,,,,,,,,,,,,,,,,,,,,,,,,,,0.664992052560153,,,0.5914150277164473,,0.5428988295654962,,,
B3,ridge_raw_eig,classical,58,13,14,378,108,0.7649218119746729,0.7649218119746729,0.7649218119746729,0.9568481335442334,0.7183249983503543,0.7183249983503543,0.22249859708193037,0.22249859708193037,9,,,,,,,,,,,,,,,,,,,,,,,,,,,,,,0.7649218119746729,,,0.7183249983503543,,0.22249859708193037,,,
B3,composition,classical,58,13,0,378,108,0.8428567985104023,0.8428567985104023,0.8428567985104023,0.9494055858244828,0.7695407602939076,0.7695407602939076,nan,nan,9,,,,,,,,,,,,,,,,,,,,,,,,,,,,,,0.8428567985104025,,,0.7695407602939076,,nan,,,
B3,zz_bytype_r3,quantum,59,13,107,341,145,0.7153737151592846,0.7153737151592846,0.6885224601260633,0.9415529572579953,0.6761086722199168,0.6586751159328791,0.38829597438626545,0.42252646643650615,8,0.6821251689672296,3.0987365939818474,257.21,molecule,zz,0.1,bytype,3,bytype,eig,0,"[0.000,3.142]",none,1,Z,ridge,1,1,adam,adjoint,100,15,0.6270294692667155,0.19931688659572486,9.231341271142611,0.03850006710979446,0.5149437946227273,0.896736082200814,0.9394126667969397,0.7217970006529613,0.9415529572579953,8,0.6761086722199168,0.7217970006529613,0.38829597438626545,0.9433619259686663,8,0.6947201307118425
B3,xy_bytype_r3,quantum,59,13,107,341,145,0.535880180481334,0.535880180481334,0.5121107681102622,0.966276877761396,0.4160828407466395,0.40132683222329174,0.6608375065888442,0.6591890950821182,8,0.8443793034664178,2.3673637297338126,263.1,molecule,xy,0.1,bytype,3,bytype,eig,0,"[0.000,3.142]",none,1,Z,ridge,1,1,adam,adjoint,100,15,0.6673355048969134,0.10385121609364746,7.0525331338394714,0.031498166716669246,-0.24496239302261946,0.543855077210749,0.9394126667969397,0.5156946934999308,0.966276877761396,8,0.4160828407466395,0.5156946934999308,0.6608375065888442,0.9688624031136868,8,0.49435270429140404
B3,none_r3,quantum,59,13,92,341,145,0.7121848523810413,0.7121848523810413,0.7241672230626518,0.9343784184493481,0.5795914736856899,0.5717279305365254,0.412979957772652,0.4478183466092792,8,0.23284228747586208,1.0526602810747334,192.73,molecule,none,0.0,fixed,3,fixed,eig,0,"[0.000,3.142]",none,1,Z,ridge,1,1,adam,adjoint,100,15,0.6567149033028968,0.5038039029983608,2.7282510289478537,0.041682695304653815,0.0,0.0,0.9394126667969397,0.6809497433151536,0.9343784184493481,8,0.5795914736856899,0.6809497433151536,0.412979957772652,0.9453480524391071,8,0.7092615286499697
B3,zz_fixed_r3,quantum,59,13,92,341,145,0.7635756537843267,0.7635756537843267,0.7665192062395406,0.9404018620712493,0.7014327823342233,0.7043681617098467,0.19175795755989689,0.17288323193242094,8,0.39221244645532966,2.2004143146756694,265.57,molecule,zz,0.1,fixed,3,fixed,eig,0,"[0.000,3.142]",none,1,Z,ridge,1,1,adam,adjoint,100,15,0.6270294692667155,0.3811007071260301,5.923004415875336,0.16057509461371203,0.1,0.04148148148148149,0.9394126667969397,0.7492002629521441,0.9404018620712493,8,0.7014327823342233,0.7492002629521441,0.19175795755989689,0.9395762444832878,8,0.7547804862599897
B3,xy_shuffled_r3,quantum,59,13,107,341,145,0.7391773538856563,0.7391773538856563,0.7437408195456922,0.9390240621317211,0.6455896001354697,0.6544970848845184,0.44407065780204036,0.4158793498734859,8,0.5700250172617993,2.0427421085077593,281.26,molecule,xy,0.1,bytype_shuffled,3,bytype_shuffled,eig,0,"[0.000,3.142]",none,1,Z,ridge,1,1,adam,adjoint,100,15,0.6673355048969134,0.2869375721986388,6.085463852975373,0.02012168053355831,0.30194968952094925,0.2649600938776309,0.9394126667969397,0.7168167749660989,0.9390240621317211,8,0.6455896001354697,0.7168167749660989,0.44407065780204036,0.9428455072559458,8,0.7289602273748558
B3,krr_res,classical,59,13,341,341,145,0.730584497635901,0.730584497635901,0.730584497635901,0.9392864237352652,0.7110740034547486,0.7110740034547486,0.11793638088751596,0.11793638088751596,8,,,,,,,,,,,,,,,,,,,,,,,,,,,,,,0.7321563137704081,,,0.7110740034547486,,0.11793638088751596,,,
B3,krr_cos_cl,classical,59,13,341,341,145,0.6847291890703225,0.6847291890703225,0.6847291890703225,0.9557941265423899,0.5938822002080436,0.5938822002080436,0.35945375225135034,0.35945375225135034,8,,,,,,,,,,,,,,,,,,,,,,,,,,,,,,0.691681923360174,,,0.5938822002080436,,0.35945375225135034,,,
B3,ridge_raw_eig,classical,59,13,14,341,145,0.7669059500590483,0.7669059500590483,0.7669059500590483,0.9406959891610237,0.651904949334625,0.651904949334625,0.2913754472334109,0.2913754472334109,8,,,,,,,,,,,,,,,,,,,,,,,,,,,,,,0.7680228110917812,,,0.651904949334625,,0.2913754472334109,,,
B3,composition,classical,59,13,0,341,145,0.7800865017446446,0.7800865017446446,0.7800865017446446,0.941058707483558,0.6704470730693454,0.6704470730693454,nan,nan,8,,,,,,,,,,,,,,,,,,,,,,,,,,,,,,0.7897294944920181,,,0.6704470730693454,,nan,,,
B3,zz_bytype_r3,quantum,60,13,107,368,118,0.5801004740660821,0.5801004740660821,0.5514782068108748,0.960291569481785,0.5232728412262679,0.49756719680544087,0.7112177057839977,0.7145063030580086,7,0.7691355539737118,3.507836853728048,276.29,molecule,zz,0.1,bytype,3,bytype,eig,0,"[0.000,3.142]",none,1,Z,ridge,1,1,adam,adjoint,100,15,0.6519720813320165,0.1505171733813221,10.543552170436644,0.04148333138021432,-0.404286349920787,0.5396424077269418,0.9431792014700365,0.5801004740660824,0.960291569481785,7,0.5232728412262679,0.5801004740660824,0.7112177057839977,0.9637520201043499,7,0.5514782068108747
B3,xy_bytype_r3,quantum,60,13,107,368,118,0.6063217836272119,0.6063217836272119,0.5998830485137581,0.9560672205427306,0.5099645328670601,0.49602312355027006,0.7398020037814796,0.7466034263662564,7,0.8081898287852984,3.2700984720623927,288.22,molecule,xy,0.1,bytype,3,bytype,eig,0,"[0.000,3.142]",none,1,Z,ridge,1,1,adam,adjoint,100,15,0.7316725302128104,0.14034223329321308,9.828978735431235,0.018940208673530266,0.2971313989299332,0.6721821930500357,0.9431792014700365,0.6063217836272118,0.9560672205427306,7,0.5099645328670601,0.6063217836272118,0.7398020037814796,0.9587239726160828,7,0.5998830485137581
B3,none_r3,quantum,60,13,92,368,118,0.7432287460925332,0.7432287460925332,0.7184787823191997,0.9371229976899389,0.6841520989631974,0.6596591679172265,0.23064407973833215,0.34714581000503125,7,0.24027213571078662,1.35590681949144,208.76,molecule,none,0.0,fixed,3,fixed,eig,0,"[0.000,3.142]",none,1,Z,ridge,1,1,adam,adjoint,100,15,0.6617474832910242,0.5027480021794517,3.550326817962098,0.008152584971840593,0.0,0.0,0.9431792014700365,0.7432287460925332,0.9371229976899389,7,0.6841520989631974,0.7432287460925332,0.23064407973833215,0.9401385182629534,7,0.7184787823191997
B3,zz_fixed_r3,quantum,60,13,92,368,118,0.7562196953522472,0.7562196953522472,0.6910097725952564,0.9361539418687936,0.7079563085779372,0.6559562088567034,0.3824977088671332,0.44804194248590334,7,0.3643195258310829,2.1493431159285254,286.06,molecule,zz,0.1,fixed,3,fixed,eig,0,"[0.000,3.142]",none,1,Z,ridge,1,1,adam,adjoint,100,15,0.6519720813320165,0.414445921806032,5.8428066666750205,0.9969034580599532,0.1,0.04148148148148149,0.9431792014700365,0.756219695352247,0.9361539418687936,7,0.7079563085779372,0.756219695352247,0.3824977088671332,0.9459511845185362,7,0.6910097725952564
B3,xy_shuffled_r3,quantum,60,13,107,368,118,0.7419986493996897,0.7419986493996897,0.7093685628043899,0.9417374201247415,0.6830025779233115,0.668759545919191,0.36135946685441817,0.38156480624506667,7,0.4953128598050491,2.0400712655196696,300.78,molecule,xy,0.1,bytype_shuffled,3,bytype_shuffled,eig,0,"[0.000,3.142]",none,1,Z,ridge,1,1,adam,adjoint,100,15,0.7316725302128104,0.36926571683230713,6.131869501443729,0.40034408512518727,-0.21721168132700827,0.14408709770131747,0.9431792014700365,0.7419986493996894,0.9417374201247415,7,0.6830025779233115,0.7419986493996894,0.36135946685441817,0.9452555813240906,7,0.7093685628043896
B3,krr_res,classical,60,13,368,368,118,0.6247553173308684,0.6247553173308684,0.6247553173308684,0.950732587789904,0.5466632848109486,0.5466632848109486,0.579127278722358,0.579127278722358,7,,,,,,,,,,,,,,,,,,,,,,,,,,,,,,0.6247553173308684,,,0.5466632848109486,,0.579127278722358,,,
B3,krr_cos_cl,classical,60,13,368,368,118,0.7041042204749871,0.7041042204749871,0.7041042204749871,0.9424776489590354,0.6846261967005183,0.6846261967005183,0.3238184356896818,0.3238184356896818,7,,,,,,,,,,,,,,,,,,,,,,,,,,,,,,0.7041042204749872,,,0.6846261967005183,,0.3238184356896818,,,
B3,ridge_raw_eig,classical,60,13,14,368,118,0.7382769062782762,0.7382769062782762,0.7382769062782762,0.9317822423514001,0.7114933462536581,0.7114933462536581,0.27320242788038773,0.27320242788038773,7,,,,,,,,,,,,,,,,,,,,,,,,,,,,,,0.7382769062782762,,,0.7114933462536581,,0.27320242788038773,,,
B3,composition,classical,60,13,0,368,118,0.7828915489712811,0.7828915489712811,0.7828915489712811,0.9278764457323793,0.7601199885464817,0.7601199885464817,nan,nan,7,,,,,,,,,,,,,,,,,,,,,,,,,,,,,,0.7828915489712811,,,0.7601199885464817,,nan,,,
B3,zz_bytype_r3,quantum,61,13,107,385,101,0.5024498094682627,0.5024498094682627,0.486277290115005,0.9713729203292939,0.424904714910827,0.4079417415382762,0.7021688837478312,0.7159292329148789,8,0.7129405275071083,2.6957973438551064,283.87,molecule,zz,0.1,bytype,3,bytype,eig,0,"[0.000,3.142]",none,1,Z,ridge,1,1,adam,adjoint,100,15,0.6836211864799979,0.1962399371759129,8.042834396147416,0.025833482392556464,0.4877554445196598,0.44897452338684407,0.9415492082081074,0.5117643844183252,0.9713729203292939,8,0.424904714910827,0.5117643844183252,0.7021688837478312,0.9746408401723993,8,0.49343025790776235
B3,xy_bytype_r3,quantum,61,13,107,385,101,0.5761185805608391,0.5761185805608391,0.572453921042482,0.9606973888588025,0.5510326554210598,0.5574831185744207,0.7285431917010863,0.7339655913818594,8,0.8397906889035102,3.1335696075215083,298.39,molecule,xy,0.1,bytype,3,bytype,eig,0,"[0.000,3.142]",none,1,Z,ridge,1,1,adam,adjoint,100,15,0.7008081536756364,0.1122759915111767,9.348915444087158,0.0120627827238314,0.7044520098001886,0.7526006184518491,0.9415492082081074,0.5807012472029458,0.9606973888588025,8,0.5510326554210598,0.5807012472029458,0.7285431917010863,0.9600396500823457,8,0.5795284265560544
B3,none_r3,quantum,61,13,92,385,101,0.7082606841209108,0.7082606841209108,0.6926565718443906,0.9496364451269718,0.6249135146975651,0.606722194984594,0.41222852993187914,0.4986400096447944,8,0.2152700497468087,0.9669698605819845,215.73,molecule,none,0.0,fixed,3,fixed,eig,0,"[0.000,3.142]",none,1,Z,ridge,1,1,adam,adjoint,100,15,0.7106676140913994,0.557682161452498,2.510421150320698,0.005960839068870851,0.0,0.0,0.9415492082081074,0.7166216285350021,0.9496364451269718,8,0.6249135146975651,0.7166216285350021,0.41222852993187914,0.9559297505066907,8,0.6995375608016701
B3,zz_fixed_r3,quantum,61,13,92,385,101,0.683529013601885,0.683529013601885,0.6749718095184524,0.9503911168634375,0.6290542570334129,0.6234264330451398,0.49684348081477264,0.4663125462168524,8,0.3007029490016321,1.8166855254753334,297.71,molecule,zz,0.1,fixed,3,fixed,eig,0,"[0.000,3.142]",none,1,Z,ridge,1,1,adam,adjoint,100,15,0.6836211864799979,0.4780542797054679,4.898098663295617,0.19475270402321848,0.1,0.04148148148148149,0.9415492082081074,0.686872649359461,0.9503911168634375,8,0.6290542570334129,0.686872649359461,0.49684348081477264,0.9521315919904806,8,0.6796604078648032
B3,xy_shuffled_r3,quantum,61,13,107,385,101,0.6333504370136969,0.6333504370136969,0.6104695084672974,0.9633872476426587,0.5838463650963021,0.5589728138638433,0.6028048329483736,0.6034838632924757,8,0.5315366721653151,2.5816091381683917,312.74,molecule,xy,0.1,bytype_shuffled,3,bytype_shuffled,eig,0,"[0.000,3.142]",none,1,Z,ridge,1,1,adam,adjoint,100,15,0.7008081536756364,0.32830291984456994,7.702157145157132,0.17166267751980585,0.3151747232036498,0.25744282436603655,0.9415492082081074,0.63240024066325,0.9633872476426587,8,0.5838463650963021,0.63240024066325,0.6028048329483736,0.9656266970240802,8,0.610743418482657
B3,krr_res,classical,61,13,385,385,101,0.4702632493778104,0.4702632493778104,0.4702632493778104,0.9783188230943216,0.4629659099774784,0.4629659099774784,0.6833081857005302,0.6833081857005302,8,,,,,,,,,,,,,,,,,,,,,,,,,,,,,,0.4711079908859906,,,0.4629659099774784,,0.6833081857005302,,,
B3,krr_cos_cl,classical,61,13,385,385,101,0.7020293998098073,0.7020293998098073,0.7020293998098073,0.9540296270289413,0.6165807199439793,0.6165807199439793,0.46983068322781235,0.46983068322781235,8,,,,,,,,,,,,,,,,,,,,,,,,,,,,,,0.7124734209399817,,,0.6165807199439793,,0.46983068322781235,,,
B3,ridge_raw_eig,classical,61,13,14,385,101,0.8227323526346089,0.8227323526346089,0.8227323526346089,0.9405619272904369,0.7228817569109145,0.7228817569109145,0.26956187530350206,0.26956187530350206,8,,,,,,,,,,,,,,,,,,,,,,,,,,,,,,0.8314163843166863,,,0.7228817569109145,,0.26956187530350206,,,
B3,composition,classical,61,13,0,385,101,0.92021308385164,0.92021308385164,0.92021308385164,0.9312957135037587,0.8516411122140315,0.8516411122140315,nan,nan,8,,,,,,,,,,,,,,,,,,,,,,,,,,,,,,0.9272245763221094,,,0.8516411122140315,,nan,,,
A1,zz_bytype_r3,quantum,42,11,102,530,160,0.31869104123183656,0.31869104123183656,0.3193924624140804,0.9962414876991793,0.24994881831676122,0.2529128471610462,0.7881725274417225,0.7984584179311284,28,0.8950460210092831,2.965486549195703,249.49,molecule,zz,0.1,bytype,3,bytype,eig,0,"[0.000,3.142]",none,1,Z,ridge,1,1,adam,adjoint,100,24,0.9335238337531342,0.09797704083505998,7.157810515986526,0.007465192116456242,0.25243926450616966,0.5534545825017938,0.9664562442919681,0.3064371170964938,0.9962414876991793,28,0.24994881831676122,0.3064371170964938,0.7881725274417225,0.9962970588897254,28,0.3065883405951975
A1,xy_bytype_r3,quantum,42,11,102,530,160,0.36290770876304734,0.36290770876304734,0.3599005291563717,0.9953389781544006,0.27898893308444084,0.2677673959143049,0.7743407378930044,0.7661340509629132,28,0.8751447175587408,3.448614331958432,247.43,molecule,xy,0.1,bytype,3,bytype,eig,0,"[0.000,3.142]",none,1,Z,ridge,1,1,adam,adjoint,100,24,0.8602922579149227,0.10741203284399622,8.323938591988837,0.013726037005284618,0.4129457837432309,0.5218370153917496,0.9664562442919681,0.34594783344661617,0.9953389781544006,28,0.27898893308444084,0.34594783344661617,0.7743407378930044,0.9954358841516492,28,0.3386562036793638
A1,none_r3,quantum,42,11,78,530,160,0.8160884335799772,0.8160884335799772,0.7583100038582037,0.9755497193156031,0.5429546168239412,0.4713547368429236,0.2106946964023745,0.35972611004988436,28,0.08748281160783462,1.45743072886867,195.4,molecule,none,0.0,fixed,3,fixed,eig,0,"[0.000,3.142]",none,1,Z,ridge,1,1,adam,adjoint,100,24,0.9229056796756236,0.8421672959687605,2.803815908698643,0.005098090669880891,0.0,0.0,0.9664562442919681,0.7667519065685016,0.9755497193156031,28,0.5429546168239412,0.7667519065685016,0.2106946964023745,0.9805841907009428,28,0.7218354741320968
A1,zz_fixed_r3,quantum,42,11,78,530,160,0.7688537218960318,0.7688537218960318,0.700301130929923,0.9808186078951827,0.5067474823010484,0.4960916627539175,0.31812949102495824,0.3230527823497297,28,0.33389295595179147,2.35115737765385,256.43,molecule,zz,0.1,fixed,3,fixed,eig,0,"[0.000,3.142]",none,1,Z,ridge,1,1,adam,adjoint,100,24,0.9335238337531342,0.6218268014498515,4.758289517995236,0.6985332897430794,0.1,0.06719368409052928,0.9664562442919681,0.7193761771208526,0.9808186078951827,28,0.5067474823010484,0.7193761771208526,0.31812949102495824,0.9843857923002536,28,0.6727699166877056
A1,xy_shuffled_r3,quantum,42,11,102,530,160,0.7072661461773945,0.7072661461773945,0.6730366631548901,0.9831402323829087,0.4728864282494601,0.46538558947599773,0.28393389424841786,0.2838166253522405,28,0.45672617835172713,4.0179594174719115,261.93,molecule,xy,0.1,bytype_shuffled,3,bytype_shuffled,eig,0,"[0.000,3.142]",none,1,Z,ridge,1,1,adam,adjoint,100,24,0.8602922579149227,0.46737426269186166,9.698169826124403,0.16367930717229467,0.661552541392446,0.6725113171535249,0.9664562442919681,0.6922559421717118,0.9831402323829087,28,0.4728864282494601,0.6922559421717118,0.28393389424841786,0.9853014631737315,28,0.6717382091020176
A1,krr_res,classical,42,11,530,530,160,0.6030709825167124,0.6030709825167124,0.6030709825167124,0.9868011276678873,0.4007198653457032,0.4007198653457032,0.6796895878301984,0.6796895878301984,28,,,,,,,,,,,,,,,,,,,,,,,,,,,,,,0.5630989077808183,,,0.4007198653457032,,0.6796895878301984,,,
A1,krr_cos_cl,classical,42,11,530,530,160,0.7440516747184946,0.7440516747184946,0.7440516747184946,0.9823336516117797,0.5024966381490633,0.5024966381490633,0.4294794115330656,0.4294794115330656,28,,,,,,,,,,,,,,,,,,,,,,,,,,,,,,0.7242545402390127,,,0.5024966381490633,,0.4294794115330656,,,
A1,ridge_raw_eig,classical,42,11,12,530,160,0.7925901995241688,0.7925901995241688,0.7925901995241688,0.9799017757289635,0.5445092538298361,0.5445092538298361,0.42871472755839085,0.42871472755839085,28,,,,,,,,,,,,,,,,,,,,,,,,,,,,,,0.7637120228383366,,,0.5445092538298361,,0.42871472755839085,,,
A1,composition,classical,42,11,0,530,160,0.8119606070377037,0.8119606070377037,0.8119606070377037,0.978501549312803,0.5841829137315395,0.5841829137315395,nan,nan,28,,,,,,,,,,,,,,,,,,,,,,,,,,,,,,0.7930282674333771,,,0.5841829137315395,,nan,,,
A1,zz_bytype_r3,quantum,43,11,102,520,170,0.3302905345308609,0.3302905345308609,0.32174381292849125,0.9949618228593348,0.22857104206049025,0.21960155827371464,0.5640816785553627,0.5995699987147356,27,0.879616936214807,2.0943281373931226,243.48,molecule,zz,0.1,bytype,3,bytype,eig,0,"[0.000,3.142]",none,1,Z,ridge,1,1,adam,adjoint,100,24,0.8057146321090736,0.09699439594984989,5.73129159156754,0.011795214101027348,0.1777807920021588,0.37048492209696554,0.9719785663420953,0.34300467032857807,0.9949618228593348,27,0.22857104206049025,0.34300467032857807,0.5640816785553627,0.9952255969773718,27,0.3344303126501133
A1,xy_bytype_r3,quantum,43,11,102,520,170,0.36045330659847685,0.36045330659847685,0.35340270645945193,0.9937387484666307,0.25930506259111974,0.2592996580161914,0.6199079429342588,0.6156535569693464,27,0.8532462929613462,2.743335218159523,243.65,molecule,xy,0.1,bytype,3,bytype,eig,0,"[0.000,3.142]",none,1,Z,ridge,1,1,adam,adjoint,100,24,0.8410819636128449,0.12343189608353507,7.507349869376018,0.008804633199717946,-0.2815142337454626,0.49002924806353937,0.9719785663420953,0.36738609455878024,0.9937387484666307,27,0.25930506259111974,0.36738609455878024,0.6199079429342588,0.993941974929997,27,0.3615602883022698
A1,none_r3,quantum,43,11,78,520,170,0.7292940739502504,0.7292940739502504,0.7035054388153179,0.9751232383321665,0.5115173657892013,0.5052114771499697,0.16300920570657415,0.16929639804639807,27,0.14352658593115922,0.8243508379212291,190.8,molecule,none,0.0,fixed,3,fixed,eig,0,"[0.000,3.142]",none,1,Z,ridge,1,1,adam,adjoint,100,24,0.8401380836702086,0.719555932810277,1.8520523019085493,0.05403496323158607,0.0,0.0,0.9719785663420953,0.7322331536187946,0.9751232383321665,27,0.5115173657892013,0.7322331536187946,0.16300920570657415,0.976238689923022,27,0.7100531137933129
A1,zz_fixed_r3,quantum,43,11,78,520,170,0.6624926190481265,0.6624926190481265,0.6264627749089506,0.9807640602599482,0.47090840518863897,0.46294154969803936,0.39085711072553175,0.4377969764153975,27,0.24080531446543396,1.4749167196532307,253.52,molecule,zz,0.1,fixed,3,fixed,eig,0,"[0.000,3.142]",none,1,Z,ridge,1,1,adam,adjoint,100,24,0.8057146321090736,0.6116942667546467,3.4611571407183166,0.26962746073022026,0.1,0.06719368409052928,0.9719785663420953,0.6801598426107114,0.9807640602599482,27,0.47090840518863897,0.6801598426107114,0.39085711072553175,0.9823001192630803,27,0.6470040493615792
A1,xy_shuffled_r3,quantum,43,11,102,520,170,0.7182603752118288,0.7182603752118288,0.6907532649979318,0.9756703708570923,0.5050569824186142,0.49891328564457516,0.40566335711072554,0.3412639772508193,27,0.4527156952312489,2.880468882145072,263.74,molecule,xy,0.1,bytype_shuffled,3,bytype_shuffled,eig,0,"[0.000,3.142]",none,1,Z,ridge,1,1,adam,adjoint,100,24,0.8410819636128449,0.46031095770939184,7.882626790546321,0.035125608707582155,0.4401305830887949,1.7986555375555302,0.9719785663420953,0.711012798264304,0.9756703708570923,27,0.5050569824186142,0.711012798264304,0.40566335711072554,0.9767493960672163,27,0.7026815594388295
A1,krr_res,classical,43,11,520,520,170,0.6823644167116982,0.6823644167116982,0.6823644167116982,0.977029259722801,0.45070646668514275,0.45070646668514275,0.4772492931045562,0.4772492931045562,27,,,,,,,,,,,,,,,,,,,,,,,,,,,,,,0.6792944195329739,,,0.45070646668514275,,0.4772492931045562,,,
A1,krr_cos_cl,classical,43,11,520,520,170,0.69450145402041,0.69450145402041,0.69450145402041,0.9787722961655849,0.5077204007302403,0.5077204007302403,0.19783545401966457,0.19783545401966457,27,,,,,,,,,,,,,,,,,,,,,,,,,,,,,,0.718726844991,,,0.5077204007302403,,0.19783545401966457,,,
A1,ridge_raw_eig,classical,43,11,12,520,170,0.7687908952561058,0.7687908952561058,0.7687908952561058,0.9735396774319843,0.5483703941933639,0.5483703941933639,0.10532999164578116,0.10532999164578116,27,,,,,,,,,,,,,,,,,,,,,,,,,,,,,,0.7855418548299571,,,0.5483703941933639,,0.10532999164578116,,,
A1,composition,classical,43,11,0,520,170,0.8449750642990489,0.8449750642990489,0.8449750642990489,0.9673574472283062,0.5822422700515498,0.5822422700515498,nan,nan,27,,,,,,,,,,,,,,,,,,,,,,,,,,,,,,0.8722477758073107,,,0.5822422700515498,,nan,,,
A1,zz_bytype_r3,quantum,44,11,102,523,167,0.3415896369312938,0.3415896369312938,0.32596911096145825,0.9940546320714023,0.27432527700781334,0.26604603862856785,0.7170350151996008,0.6936415998624514,27,0.8744736147964014,2.46618852477315,241.11,molecule,zz,0.1,bytype,3,bytype,eig,0,"[0.000,3.142]",none,1,Z,ridge,1,1,adam,adjoint,100,24,0.9430839165581262,0.11838191498919379,6.73013832298144,0.010676290395717308,0.154266417014713,0.6696857691638987,0.9719349387373429,0.3441255661867252,0.9940546320714023,27,0.27432527700781334,0.3441255661867252,0.7170350151996008,0.9943811636224495,27,0.32953644668983073
A1,xy_bytype_r3,quantum,44,11,102,523,167,0.32006866807526724,0.32006866807526724,0.31343310758068943,0.9949370131297066,0.25903595827873893,0.25931948497007495,0.7740989490425326,0.7737590176735657,27,0.8824244275683593,2.61534343789316,241.0,molecule,xy,0.1,bytype,3,bytype,eig,0,"[0.000,3.142]",none,1,Z,ridge,1,1,adam,adjoint,100,24,0.9182745637500532,0.10796665748232774,7.137176627947311,0.014811095931898947,0.367274690512279,0.5588493709748436,0.9719349387373429,0.31764674530394854,0.9949370131297066,27,0.25903595827873893,0.31764674530394854,0.7740989490425326,0.9951405516885725,27,0.312842916206314
A1,none_r3,quantum,44,11,78,523,167,0.8035867211555567,0.8035867211555567,0.7062194960573052,0.9703635099740591,0.6016184180749806,0.5888878458581295,0.2141681054348423,0.271429884826906,27,0.1838170267292651,1.0592078001959668,192.75,molecule,none,0.0,fixed,3,fixed,eig,0,"[0.000,3.142]",none,1,Z,ridge,1,1,adam,adjoint,100,24,0.9470822124603372,0.7729923760977039,2.3716356348580723,0.009204562699788518,0.0,0.0,0.9719349387373429,0.7872168000775615,0.9703635099740591,27,0.6016184180749806,0.7872168000775615,0.2141681054348423,0.9763116813746997,27,0.7258777819321562
A1,zz_fixed_r3,quantum,44,11,78,523,167,0.7318208637117948,0.7318208637117948,0.6792087859909695,0.9734863227575388,0.5764109863449469,0.5362856565742233,0.3702240657558847,0.39129861663335413,27,0.3309448838589522,1.7875916452951128,253.55,molecule,zz,0.1,fixed,3,fixed,eig,0,"[0.000,3.142]",none,1,Z,ridge,1,1,adam,adjoint,100,24,0.9430839165581262,0.6309751193235513,4.181293932279614,0.5439333756182522,0.1,0.06719368409052928,0.9719349387373429,0.7265353613203128,0.9734863227575388,27,0.5764109863449469,0.7265353613203128,0.3702240657558847,0.9778609486333937,27,0.6894620419753774
A1,xy_shuffled_r3,quantum,44,11,102,523,167,0.6602103651986351,0.6602103651986351,0.6436770993659016,0.9795362130741457,0.5103007359272252,0.48572563815477954,0.37715212257110864,0.4198887909810131,27,0.5248340411042223,2.710210301869932,257.23,molecule,xy,0.1,bytype_shuffled,3,bytype_shuffled,eig,0,"[0.000,3.142]",none,1,Z,ridge,1,1,adam,adjoint,100,24,0.9182745637500532,0.43633281361389603,7.396064831512312,0.2597038668323987,0.6118813124257692,0.4515955333929287,0.9719349387373429,0.6588403685928134,0.9795362130741457,27,0.5103007359272252,0.6588403685928134,0.37715212257110864,0.9806109890569078,27,0.6393732557829633
A1,krr_res,classical,44,11,523,523,167,0.6301685102039295,0.6301685102039295,0.6301685102039295,0.9792245254112043,0.5488176760114013,0.5488176760114013,0.3938080432514012,0.3938080432514012,27,,,,,,,,,,,,,,,,,,,,,,,,,,,,,,0.6346612835451125,,,0.5488176760114013,,0.3938080432514012,,,
A1,krr_cos_cl,classical,44,11,523,523,167,0.8247916628924398,0.8247916628924398,0.8247916628924398,0.9690781977389432,0.6511114076582575,0.6511114076582575,0.27400044416743685,0.27400044416743685,27,,,,,,,,,,,,,,,,,,,,,,,,,,,,,,0.8416989343392558,,,0.6511114076582575,,0.27400044416743685,,,
A1,ridge_raw_eig,classical,44,11,12,523,167,0.7831639710447671,0.7831639710447671,0.7831639710447671,0.9720953864084545,0.6155533914836089,0.6155533914836089,0.2565046649520848,0.2565046649520848,27,,,,,,,,,,,,,,,,,,,,,,,,,,,,,,0.795097855982335,,,0.6155533914836089,,0.2565046649520848,,,
A1,composition,classical,44,11,0,523,167,0.8356789360529894,0.8356789360529894,0.8356789360529894,0.9683912987753213,0.6578175414367767,0.6578175414367767,nan,nan,27,,,,,,,,,,,,,,,,,,,,,,,,,,,,,,0.8538656355691623,,,0.6578175414367767,,nan,,,
A1,zz_bytype_r3,quantum,45,11,102,516,174,0.32598211970085134,0.32598211970085134,0.3146768355924118,0.9950883663500112,0.24026898491950557,0.235814160781122,0.48716942766278637,0.476846847017625,30,0.8852770659180549,2.7018366696277987,241.39,molecule,zz,0.1,bytype,3,bytype,eig,0,"[0.000,3.142]",none,1,Z,ridge,1,1,adam,adjoint,100,24,0.8636155450715766,0.0990765092493896,7.212355073715746,0.01271796577149218,0.11459848032455296,0.41294812790107444,0.9699092661525454,0.32603325109271203,0.9950883663500112,30,0.24026898491950557,0.32603325109271203,0.48716942766278637,0.9953792472695036,30,0.31790950703811216
A1,xy_bytype_r3,quantum,45,11,102,516,174,0.3633236239987254,0.3633236239987254,0.34539144719932263,0.9941623536256784,0.27401440303161195,0.2665129866043401,0.5130704084024766,0.48510535637670366,30,0.8699067548694399,2.882937183965787,235.97,molecule,xy,0.1,bytype,3,bytype,eig,0,"[0.000,3.142]",none,1,Z,ridge,1,1,adam,adjoint,100,24,0.8320863496107639,0.10824881344970605,7.695789630704736,0.010191716268971997,0.38664165256725247,0.534082165480836,0.9699092661525454,0.367882874860234,0.9941623536256784,30,0.27401440303161195,0.367882874860234,0.5130704084024766,0.9946050993775823,30,0.35212334306359716
A1,none_r3,quantum,45,11,78,516,174,0.7663962734102086,0.7663962734102086,0.6932155189014041,0.9622963178310089,0.4539781067645677,0.44852138781068024,0.14225923349263006,0.1836638946126612,30,0.12044658629583263,1.088581213043035,183.41,molecule,none,0.0,fixed,3,fixed,eig,0,"[0.000,3.142]",none,1,Z,ridge,1,1,adam,adjoint,100,24,0.8824955911799675,0.7762020098012177,2.3725941039912515,0.0053769889078315114,0.0,0.0,0.9699092661525454,0.7059939799788565,0.9622963178310089,30,0.4539781067645677,0.7059939799788565,0.14225923349263006,0.9796323547099999,30,0.6736640808850007
A1,zz_fixed_r3,quantum,45,11,78,516,174,0.7023905612552968,0.7023905612552968,0.6728321322850085,0.9706826383562571,0.43752411778856154,0.44438567683732655,0.19564167015779915,0.2596355763148932,30,0.26306589846919687,1.8835892909344103,243.76,molecule,zz,0.1,fixed,3,fixed,eig,0,"[0.000,3.142]",none,1,Z,ridge,1,1,adam,adjoint,100,24,0.8636155450715766,0.6364277457753571,4.293696034369546,0.6057952873236271,0.1,0.06719368409052928,0.9699092661525454,0.6480438454709563,0.9706826383562571,30,0.43752411778856154,0.6480438454709563,0.19564167015779915,0.9780081545715964,30,0.6449573400856753
A1,xy_shuffled_r3,quantum,45,11,102,516,174,0.7489159828712509,0.7489159828712509,0.7581329806505129,0.9721627552343549,0.4970033711599815,0.509228186490344,0.10513719045028344,0.11034915116509045,30,0.45402252810385035,2.58314877707091,254.11,molecule,xy,0.1,bytype_shuffled,3,bytype_shuffled,eig,0,"[0.000,3.142]",none,1,Z,ridge,1,1,adam,adjoint,100,24,0.8320863496107639,0.4543004015597806,6.895526438700873,0.2616217474967732,0.41309255458102534,0.7157117945374621,0.9699092661525454,0.7059685378205309,0.9721627552343549,30,0.4970033711599815,0.7059685378205309,0.10513719045028344,0.9723301256221047,30,0.7192963776281204
A1,krr_res,classical,45,11,516,516,174,0.6416930113228854,0.6416930113228854,0.6416930113228854,0.9807962508142758,0.4475282903593061,0.4475282903593061,0.30869032295977267,0.30869032295977267,30,,,,,,,,,,,,,,,,,,,,,,,,,,,,,,0.5960934690122566,,,0.4475282903593061,,0.30869032295977267,,,
A1,krr_cos_cl,classical,45,11,516,516,174,0.6680733732546482,0.6680733732546482,0.6680733732546482,0.9806518763759853,0.44158128691885673,0.44158128691885673,0.24845782933069455,0.24845782933069455,30,,,,,,,,,,,,,,,,,,,,,,,,,,,,,,0.6448452796956597,,,0.44158128691885673,,0.24845782933069455,,,
A1,ridge_raw_eig,classical,45,11,12,516,174,0.7413388406801134,0.7413388406801134,0.7413388406801134,0.9754299856076354,0.45347011737885057,0.45347011737885057,0.1431543409152517,0.1431543409152517,30,,,,,,,,,,,,,,,,,,,,,,,,,,,,,,0.7090083350407446,,,0.45347011737885057,,0.1431543409152517,,,
A1,composition,classical,45,11,0,516,174,0.7637284340852475,0.7637284340852475,0.7637284340852475,0.9748938492080734,0.47884694631651464,0.47884694631651464,nan,nan,30,,,,,,,,,,,,,,,,,,,,,,,,,,,,,,0.7548248981240467,,,0.47884694631651464,,nan,,,
A1,zz_bytype_r3,quantum,46,11,102,503,187,0.3120292498002243,0.3120292498002243,0.2964768117483573,0.9908784214503465,0.2711063661163115,0.262283677955597,0.6897999661157556,0.7112646125804021,26,0.8828936765628758,2.484355517453364,233.22,molecule,zz,0.1,bytype,3,bytype,eig,0,"[0.000,3.142]",none,1,Z,ridge,1,1,adam,adjoint,100,24,0.8516000744230643,0.09972775375446637,7.24941484097089,0.011168210261332774,0.15988634792417677,0.7315517995326832,0.9737324512422088,0.3197946026552188,0.9908784214503465,26,0.2711063661163115,0.3197946026552188,0.6897999661157556,0.9914909688661687,26,0.3038883703957264
A1,xy_bytype_r3,quantum,46,11,102,503,187,0.3554893317387402,0.3554893317387402,0.3467961108550021,0.9886622856727153,0.2872120793420132,0.2741689596325643,0.6770982428877166,0.6713852424378741,26,0.8678397839990167,2.934750709234659,227.87,molecule,xy,0.1,bytype,3,bytype,eig,0,"[0.000,3.142]",none,1,Z,ridge,1,1,adam,adjoint,100,24,0.8437607512186919,0.11151160313421428,8.563679874563267,0.007070755244779805,0.4374929475784944,0.6228310835972773,0.9737324512422088,0.3613029070909265,0.9886622856727153,26,0.2872120793420132,0.3613029070909265,0.6770982428877166,0.9892489012374179,26,0.35336915626165305
A1,none_r3,quantum,46,11,78,503,187,0.7014170237363304,0.7014170237363304,0.6723601856287127,0.9627061810340072,0.5266932581168298,0.4743619301095526,0.3230389493547388,0.3859686122844017,26,0.0763723523080688,0.8308251180998025,183.25,molecule,none,0.0,fixed,3,fixed,eig,0,"[0.000,3.142]",none,1,Z,ridge,1,1,adam,adjoint,100,24,0.8745708523876968,0.8077778191307756,2.0173500586250284,0.08590933779342183,0.0,0.0,0.9737324512422088,0.700587093533979,0.9627061810340072,26,0.5266932581168298,0.700587093533979,0.3230389493547388,0.966209859524612,26,0.6627119105215609
A1,zz_fixed_r3,quantum,46,11,78,503,187,0.6586195654579482,0.6586195654579482,0.6655941753056765,0.9661371428332294,0.46948065936022304,0.4574937608315925,0.45967117677643987,0.45372385898701684,26,0.28416325724703734,1.6858671791219133,239.78,molecule,zz,0.1,fixed,3,fixed,eig,0,"[0.000,3.142]",none,1,Z,ridge,1,1,adam,adjoint,100,24,0.8516000744230643,0.6096066234031869,4.262088681856258,1.1721200813209294,0.1,0.06719368409052928,0.9737324512422088,0.6515917741966626,0.9661371428332294,26,0.46948065936022304,0.6515917741966626,0.45967117677643987,0.9662183847927037,26,0.6593696202789328
A1,xy_shuffled_r3,quantum,46,11,102,503,187,0.6393120219269156,0.6393120219269156,0.6161076376406095,0.968415370514371,0.5181697186492658,0.4989962740159137,0.3338866786235207,0.360906247748353,26,0.48059825618873525,3.237372452858962,250.7,molecule,xy,0.1,bytype_shuffled,3,bytype_shuffled,eig,0,"[0.000,3.142]",none,1,Z,ridge,1,1,adam,adjoint,100,24,0.8437607512186919,0.4382508055424913,9.446738093895473,1.1181204597958594,0.4833847190647678,1.4802542195598474,0.9737324512422088,0.63383745465625,0.968415370514371,26,0.5181697186492658,0.63383745465625,0.3338866786235207,0.969859130560094,26,0.6081182820376475
A1,krr_res,classical,46,11,503,503,187,0.579912788515739,0.579912788515739,0.579912788515739,0.9740273992982369,0.4606606966651794,0.4606606966651794,0.5088388706809759,0.5088388706809759,26,,,,,,,,,,,,,,,,,,,,,,,,,,,,,,0.5601503212735951,,,0.4606606966651794,,0.5088388706809759,,,
A1,krr_cos_cl,classical,46,11,503,503,187,0.6723075381574778,0.6723075381574778,0.6723075381574778,0.9660905467596411,0.4861761197933965,0.4861761197933965,0.5069206134995607,0.5069206134995607,26,,,,,,,,,,,,,,,,,,,,,,,,,,,,,,0.669392695321265,,,0.4861761197933965,,0.5069206134995607,,,
A1,ridge_raw_eig,classical,46,11,12,503,187,0.7068318989804272,0.7068318989804272,0.7068318989804272,0.9612925777279565,0.523585469837658,0.523585469837658,0.40430685299106345,0.40430685299106345,26,,,,,,,,,,,,,,,,,,,,,,,,,,,,,,0.7060898547414952,,,0.523585469837658,,0.40430685299106345,,,
A1,composition,classical,46,11,0,503,187,0.7628504359253849,0.7628504359253849,0.7628504359253849,0.9547074394573226,0.5712122982639953,0.5712122982639953,nan,nan,26,,,,,,,,,,,,,,,,,,,,,,,,,,,,,,0.7605110218121302,,,0.5712122982639953,,nan,,,
A1,zz_bytype_r3,quantum,47,11,102,505,185,0.3646597777533952,0.3646597777533952,0.353670472151582,0.989868694239316,0.29822629982480775,0.28915136383838735,0.7187326248412222,0.7257039340749749,26,0.8781881489045767,2.484899531035327,236.56,molecule,zz,0.1,bytype,3,bytype,eig,0,"[0.000,3.142]",none,1,Z,ridge,1,1,adam,adjoint,100,24,0.8349780520739654,0.1017102221471804,7.18184794365164,0.009129257125670656,0.12603489493012418,0.5526345321692231,0.9719921344234639,0.377100403421849,0.989868694239316,26,0.29822629982480775,0.377100403421849,0.7187326248412222,0.9906427237431991,26,0.3658599257479167
A1,xy_bytype_r3,quantum,47,11,102,505,185,0.3705940248946673,0.3705940248946673,0.36129202318503456,0.9900917486701623,0.29608163094367723,0.2952628336902572,0.716193708832066,0.7154030967292369,26,0.8426572370629287,2.4256328124188555,236.3,molecule,xy,0.1,bytype,3,bytype,eig,0,"[0.000,3.142]",none,1,Z,ridge,1,1,adam,adjoint,100,24,0.8326963700810834,0.1310187475562277,7.010555480553407,0.015026066777978126,0.3151465077704563,0.517929253940078,0.9719921344234639,0.3567007400023768,0.9900917486701623,26,0.29608163094367723,0.3567007400023768,0.716193708832066,0.9918074004567821,26,0.35388018566371776
A1,none_r3,quantum,47,11,78,505,185,0.7303558679121201,0.7303558679121201,0.6679322168004124,0.9596996525948827,0.5307173811065523,0.5193247767521,0.4033823990141428,0.4769988278341916,26,0.14593607251949745,1.1886215274679703,187.07,molecule,none,0.0,fixed,3,fixed,eig,0,"[0.000,3.142]",none,1,Z,ridge,1,1,adam,adjoint,100,24,0.8368674916825395,0.7147383367271465,2.8530465383456534,0.03350454895240568,0.0,0.0,0.9719921344234639,0.6767954958374763,0.9596996525948827,26,0.5307173811065523,0.6767954958374763,0.4033823990141428,0.9744898028276323,26,0.6611797914333368
A1,zz_fixed_r3,quantum,47,11,78,505,185,0.6743084585365409,0.6743084585365409,0.6691644402190242,0.9517080317015859,0.46584797456935917,0.4641766624388093,0.4553026159361001,0.47312779458620047,26,0.35155834568170796,2.019457956192204,244.24,molecule,zz,0.1,fixed,3,fixed,eig,0,"[0.000,3.142]",none,1,Z,ridge,1,1,adam,adjoint,100,24,0.8349780520739654,0.5414345494063071,5.049247815735135,0.3772934565445715,0.1,0.06719368409052928,0.9719921344234639,0.6283742216139073,0.9517080317015859,26,0.46584797456935917,0.6283742216139073,0.4553026159361001,0.9626936984098987,26,0.6359655706737812
A1,xy_shuffled_r3,quantum,47,11,102,505,185,0.6560586341459965,0.6560586341459965,0.6378891706672266,0.9727567445455848,0.4469024471008974,0.43867003113690745,0.4757765033435065,0.47388191342246344,26,0.5050194774924001,2.7549825060435436,254.52,molecule,xy,0.1,bytype_shuffled,3,bytype_shuffled,eig,0,"[0.000,3.142]",none,1,Z,ridge,1,1,adam,adjoint,100,24,0.8326963700810834,0.41216848435291653,7.962440814490932,0.3404795276321479,0.22183553459050243,1.0556963012296012,0.9719921344234639,0.6144435553735258,0.9727567445455848,26,0.4469024471008974,0.6144435553735258,0.4757765033435065,0.9750471977328946,26,0.602685709531535
A1,krr_res,classical,47,11,505,505,185,0.5863687643412543,0.5863687643412543,0.5863687643412543,0.9789686782995078,0.48421831222390255,0.48421831222390255,0.5423923100915792,0.5423923100915792,26,,,,,,,,,,,,,,,,,,,,,,,,,,,,,,0.59968078667457,,,0.48421831222390255,,0.5423923100915792,,,
A1,krr_cos_cl,classical,47,11,505,505,185,0.7018561409603895,0.7018561409603895,0.7018561409603895,0.9714810209918026,0.5616245950518594,0.5616245950518594,0.4255443999091754,0.4255443999091754,26,,,,,,,,,,,,,,,,,,,,,,,,,,,,,,0.6851838332777067,,,0.5616245950518594,,0.4255443999091754,,,
A1,ridge_raw_eig,classical,47,11,12,505,185,0.7674013257044549,0.7674013257044549,0.7674013257044549,0.917049802143743,0.5434678104335043,0.5434678104335043,0.4210504427698999,0.4210504427698999,26,,,,,,,,,,,,,,,,,,,,,,,,,,,,,,0.6801132932914647,,,0.5434678104335043,,0.4210504427698999,,,
A1,composition,classical,47,11,0,505,185,0.7429303359760626,0.7429303359760626,0.7429303359760626,0.9669585374406722,0.6296929545858243,0.6296929545858243,nan,nan,26,,,,,,,,,,,,,,,,,,,,,,,,,,,,,,0.742996133420738,,,0.6296929545858243,,nan,,,
A1,zz_bytype_r3,quantum,48,11,102,528,162,0.36747366325132846,0.36747366325132846,0.3696434873821216,0.9933262918974024,0.31488468956696314,0.30687695377754143,0.7471003855166936,0.7352411905935143,27,0.8759123439179736,2.42196271595995,242.51,molecule,zz,0.1,bytype,3,bytype,eig,0,"[0.000,3.142]",none,1,Z,ridge,1,1,adam,adjoint,100,24,0.9235821482056007,0.11460514397003574,6.862929752287083,0.0093262243750448,0.1975855301335582,0.3818693218459102,0.9719093156617343,0.3675460884670807,0.9933262918974024,27,0.31488468956696314,0.3675460884670807,0.7471003855166936,0.9929358395117669,27,0.372543463189237
A1,xy_bytype_r3,quantum,48,11,102,528,162,0.357159338501671,0.357159338501671,0.3409537157135656,0.9932281590674867,0.2810653621500258,0.2801359404495272,0.7864667197193193,0.764919693548218,27,0.8529758543344482,3.074554330837956,243.42,molecule,xy,0.1,bytype,3,bytype,eig,0,"[0.000,3.142]",none,1,Z,ridge,1,1,adam,adjoint,100,24,0.9219324448870639,0.135546330070874,8.712128495243043,0.011536424250883623,0.5491124490169217,0.7282445796547138,0.9719093156617343,0.3510415628457393,0.9932281590674867,27,0.2810653621500258,0.3510415628457393,0.7864667197193193,0.9937511259375016,27,0.34136821421706165
A1,none_r3,quantum,48,11,78,528,162,0.7995941612780176,0.7995941612780176,0.7636354122155569,0.9719342238774391,0.5951964128495492,0.5686674216057868,0.134327653001832,0.22009461341966058,27,0.1044150189809784,0.9479254714830985,191.47,molecule,none,0.0,fixed,3,fixed,eig,0,"[0.000,3.142]",none,1,Z,ridge,1,1,adam,adjoint,100,24,0.9273979357787976,0.8305636627115343,2.221676868231392,0.0029229040147040262,0.0,0.0,0.9719093156617343,0.7898574259337116,0.9719342238774391,27,0.5951964128495492,0.7898574259337116,0.134327653001832,0.9744912643348815,27,0.7626541801592965
A1,zz_fixed_r3,quantum,48,11,78,528,162,0.7045757291146135,0.7045757291146135,0.6810704275896415,0.9774765538755077,0.5132836539558266,0.4821923161943307,0.4593663091756625,0.46244779662954444,27,0.35064148058991057,2.371440850532406,255.7,molecule,zz,0.1,fixed,3,fixed,eig,0,"[0.000,3.142]",none,1,Z,ridge,1,1,adam,adjoint,100,24,0.9235821482056007,0.5997359363123786,5.795149899332875,0.45328661327751074,0.1,0.06719368409052928,0.9719093156617343,0.6889237080111967,0.9774765538755077,27,0.5132836539558266,0.6889237080111967,0.4593663091756625,0.9792547064813049,27,0.6639985387083917
A1,xy_shuffled_r3,quantum,48,11,102,528,162,0.6807110932152088,0.6807110932152088,0.661720219434419,0.9767378999877959,0.5293591213571026,0.5145999141712138,0.3905420075885811,0.37304314073506895,27,0.5258156609495075,3.371105499052487,260.75,molecule,xy,0.1,bytype_shuffled,3,bytype_shuffled,eig,0,"[0.000,3.142]",none,1,Z,ridge,1,1,adam,adjoint,100,24,0.9219324448870639,0.4371659270279771,9.552442766806193,0.03418742174007254,0.7895509776304116,1.5988981372728677,0.9719093156617343,0.6768603676411054,0.9767378999877959,27,0.5293591213571026,0.6768603676411054,0.3905420075885811,0.978381353201351,27,0.66725427580629
A1,krr_res,classical,48,11,528,528,162,0.7032220350238585,0.7032220350238585,0.7032220350238585,0.9732076332917299,0.47535569736404804,0.47535569736404804,0.32449700910879997,0.32449700910879997,27,,,,,,,,,,,,,,,,,,,,,,,,,,,,,,0.6500907249931211,,,0.47535569736404804,,0.32449700910879997,,,
A1,krr_cos_cl,classical,48,11,528,528,162,0.7798479416207188,0.7798479416207188,0.7798479416207188,0.9736388615044902,0.5595460164101886,0.5595460164101886,0.2828708192711675,0.2828708192711675,27,,,,,,,,,,,,,,,,,,,,,,,,,,,,,,0.7681053576056424,,,0.5595460164101886,,0.2828708192711675,,,
A1,ridge_raw_eig,classical,48,11,12,528,162,0.7936012555598453,0.7936012555598453,0.7936012555598453,0.9718442088429379,0.5872631887551961,0.5872631887551961,0.26366993899846825,0.26366993899846825,27,,,,,,,,,,,,,,,,,,,,,,,,,,,,,,0.7948455404632147,,,0.5872631887551961,,0.26366993899846825,,,
A1,composition,classical,48,11,0,528,162,0.8330475525257893,0.8330475525257893,0.8330475525257893,0.9683024249735744,0.6117147439176247,0.6117147439176247,nan,nan,27,,,,,,,,,,,,,,,,,,,,,,,,,,,,,,0.8355047634675291,,,0.6117147439176247,,nan,,,
A1,zz_bytype_r3,quantum,49,11,102,527,163,0.3525263649923999,0.3525263649923999,0.3253777151303829,0.982353127333879,0.2634694837268456,0.24740373433660487,0.6724879865564928,0.665570144907627,28,0.8782195046835392,2.3500052790450727,242.61,molecule,zz,0.1,bytype,3,bytype,eig,0,"[0.000,3.142]",none,1,Z,ridge,1,1,adam,adjoint,100,24,0.828649178075747,0.10091330734964271,6.653112281354383,0.0092880741917015,0.17117624604351223,0.40295337844640494,0.9705662028580925,0.3012434555939727,0.982353127333879,28,0.2634694837268456,0.3012434555939727,0.6724879865564928,0.9890239172081651,28,0.29006939515902597
A1,xy_bytype_r3,quantum,49,11,102,527,163,0.4009259252800416,0.4009259252800416,0.39244814959714885,0.9892690975027413,0.31288630579272847,0.3081477778728331,0.6308681038868875,0.6477791046266121,28,0.8804197408734947,2.72150357234009,246.02,molecule,xy,0.1,bytype,3,bytype,eig,0,"[0.000,3.142]",none,1,Z,ridge,1,1,adam,adjoint,100,24,0.822074318816365,0.09830386006530621,7.704863049602707,0.012241013994867541,0.4346266180693134,0.7567934080865205,0.9705662028580925,0.39164781876298366,0.9892690975027413,28,0.31288630579272847,0.39164781876298366,0.6308681038868875,0.9896674306644009,28,0.3827542232392068
A1,none_r3,quantum,49,11,78,527,163,0.813239976972565,0.813239976972565,0.6676000761762763,0.8936219981632151,0.5120579696355738,0.5080845415178219,0.2245587837267144,0.25092769449263724,28,0.1273130681545914,1.7189061440019031,192.61,molecule,none,0.0,fixed,3,fixed,eig,0,"[0.000,3.142]",none,1,Z,ridge,1,1,adam,adjoint,100,24,0.8292213979156804,0.7236506775675958,4.0243156136058635,0.0027836931718760267,0.0,0.0,0.9705662028580925,0.7007622276853148,0.8936219981632151,28,0.5120579696355738,0.7007622276853148,0.2245587837267144,0.9807974413487298,28,0.6884259769869897
A1,zz_fixed_r3,quantum,49,11,78,527,163,0.7134748755188816,0.7134748755188816,0.7123626746502146,0.9389149318135411,0.4855950357598906,0.5060693902583883,0.28282891397463267,0.27725085308718195,28,0.33566071959169974,2.0331050922544938,255.01,molecule,zz,0.1,fixed,3,fixed,eig,0,"[0.000,3.142]",none,1,Z,ridge,1,1,adam,adjoint,100,24,0.828649178075747,0.5505041986737712,4.963230994361775,0.24430542158162327,0.1,0.06719368409052928,0.9705662028580925,0.6321089631691886,0.9389149318135411,28,0.4855950357598906,0.6321089631691886,0.28282891397463267,0.9511113889960994,28,0.6449763874458644
A1,xy_shuffled_r3,quantum,49,11,102,527,163,0.7656906849692395,0.7656906849692395,0.69243564553993,0.9516100765019747,0.5626076062352295,0.5475686940939987,0.18405970246153514,0.1764735121161867,28,0.4782762583006478,3.320574219687192,262.68,molecule,xy,0.1,bytype_shuffled,3,bytype_shuffled,eig,0,"[0.000,3.142]",none,1,Z,ridge,1,1,adam,adjoint,100,24,0.822074318816365,0.4288956895678201,9.400895104000266,0.1853906126446035,0.30977661964801423,1.4106736066104555,0.9705662028580925,0.6951126784819537,0.9516100765019747,28,0.5626076062352295,0.6951126784819537,0.18405970246153514,0.975182524300787,28,0.6714049876826941
A1,krr_res,classical,49,11,527,527,163,0.6587423702118662,0.6587423702118662,0.6587423702118662,0.9777000307170458,0.5062881530114194,0.5062881530114194,0.4120436070671905,0.4120436070671905,28,,,,,,,,,,,,,,,,,,,,,,,,,,,,,,0.6457503343911029,,,0.5062881530114194,,0.4120436070671905,,,
A1,krr_cos_cl,classical,49,11,527,527,163,0.7314546502985814,0.7314546502985814,0.7314546502985814,0.9768107205510517,0.5280800625621141,0.5280800625621141,0.31721663719398885,0.31721663719398885,28,,,,,,,,,,,,,,,,,,,,,,,,,,,,,,0.7318960277603676,,,0.5280800625621141,,0.31721663719398885,,,
A1,ridge_raw_eig,classical,49,11,12,527,163,0.8289965811516702,0.8289965811516702,0.8289965811516702,0.9288122473552479,0.5260223539343132,0.5260223539343132,0.23830633250501518,0.23830633250501518,28,,,,,,,,,,,,,,,,,,,,,,,,,,,,,,0.7436255634355223,,,0.5260223539343132,,0.23830633250501518,,,
A1,composition,classical,49,11,0,527,163,0.7749799916622865,0.7749799916622865,0.7749799916622865,0.9725784073986362,0.5744272162690576,0.5744272162690576,nan,nan,28,,,,,,,,,,,,,,,,,,,,,,,,,,,,,,0.8011579629990622,,,0.5744272162690576,,nan,,,
A1,zz_bytype_r3,quantum,50,11,102,519,171,0.314201059931841,0.314201059931841,0.3084275862798017,0.9933958225913163,0.2019822207541549,0.20043079511235168,0.79086589181127,0.7858102331841827,26,0.8973574513454152,2.0648767809126367,242.76,molecule,zz,0.1,bytype,3,bytype,eig,0,"[0.000,3.142]",none,1,Z,ridge,1,1,adam,adjoint,100,24,0.9545383677129347,0.09797625085064289,6.282559437361054,0.006631501137876128,0.2892877667016295,0.4665127597090722,0.9712997907825527,0.2882159003977582,0.9933958225913163,26,0.2019822207541549,0.2882159003977582,0.79086589181127,0.9946411377139953,26,0.28918616501448013
A1,xy_bytype_r3,quantum,50,11,102,519,171,0.35378635118606216,0.35378635118606216,0.3452874909171929,0.993685977971841,0.2710451427420274,0.26505305601926604,0.6685892538833715,0.6775983120520935,26,0.8768047516249027,2.3385872064210096,246.32,molecule,xy,0.1,bytype,3,bytype,eig,0,"[0.000,3.142]",none,1,Z,ridge,1,1,adam,adjoint,100,24,0.9154780221835176,0.11278254232484136,7.115346184142965,0.01793018363463435,0.3277566431651471,0.4846831702480065,0.9712997907825527,0.354132546637102,0.993685977971841,26,0.2710451427420274,0.354132546637102,0.6685892538833715,0.9939590457559759,26,0.3408501389533603
A1,none_r3,quantum,50,11,78,519,171,0.9878748426655002,0.9878748426655002,0.7772134183468217,0.8311089588701794,0.5872898897801453,0.6169138780586104,0.26933773509403763,0.14592973553057584,26,0.14529474077097002,0.8629743596102409,190.98,molecule,none,0.0,fixed,3,fixed,eig,0,"[0.000,3.142]",none,1,Z,ridge,1,1,adam,adjoint,100,24,0.8539448794064968,0.7298711795204326,2.202901934229318,0.004670725734953456,0.0,0.0,0.9712997907825527,0.7863218289084529,0.8311089588701794,26,0.5872898897801453,0.7863218289084529,0.26933773509403763,0.9700662565341331,26,0.7933675237302322
A1,zz_fixed_r3,quantum,50,11,78,519,171,0.7371255336033344,0.7371255336033344,0.6900672762414225,0.9680231247264208,0.524652453932553,0.5080987220755067,0.4967396049328822,0.5373981410746116,26,0.45853474943918837,1.6915356583986476,248.78,molecule,zz,0.1,fixed,3,fixed,eig,0,"[0.000,3.142]",none,1,Z,ridge,1,1,adam,adjoint,100,24,0.9545383677129347,0.5168493564435923,4.48711172092017,0.515712747735018,0.1,0.06719368409052928,0.9712997907825527,0.6893498071101971,0.9680231247264208,26,0.524652453932553,0.6893498071101971,0.4967396049328822,0.9748262056428235,26,0.6601774733563018
A1,xy_shuffled_r3,quantum,50,11,102,519,171,0.7754844827990375,0.7754844827990375,0.7430920564446644,0.9594007883233602,0.6262122746487501,0.6160343124182385,0.2500372876423297,0.2916930408527047,26,0.5294707819803309,3.5094427168440445,251.62,molecule,xy,0.1,bytype_shuffled,3,bytype_shuffled,eig,0,"[0.000,3.142]",none,1,Z,ridge,1,1,adam,adjoint,100,24,0.9154780221835176,0.43075915789220376,10.677771508884732,0.015584605314170085,0.12327883103905779,2.050602020127456,0.9712997907825527,0.7250196710564402,0.9594007883233602,26,0.6262122746487501,0.7250196710564402,0.2500372876423297,0.962729689830884,26,0.711977026183413
A1,krr_res,classical,50,11,519,519,171,0.5655755940221073,0.5655755940221073,0.5655755940221073,0.9847611247497623,0.4667139780867206,0.4667139780867206,0.6452749281530793,0.6452749281530793,26,,,,,,,,,,,,,,,,,,,,,,,,,,,,,,0.5525290436855606,,,0.4667139780867206,,0.6452749281530793,,,
A1,krr_cos_cl,classical,50,11,519,519,171,0.745879837557837,0.745879837557837,0.745879837557837,0.9728101103046652,0.5894579051098351,0.5894579051098351,0.29290943650187345,0.29290943650187345,26,,,,,,,,,,,,,,,,,,,,,,,,,,,,,,0.7545128607779025,,,0.5894579051098351,,0.29290943650187345,,,
A1,ridge_raw_eig,classical,50,11,12,519,171,0.8429167675553397,0.8429167675553397,0.8429167675553397,0.9237639137042654,0.5858689987368951,0.5858689987368951,0.2263728218560151,0.2263728218560151,26,,,,,,,,,,,,,,,,,,,,,,,,,,,,,,0.7770973320883936,,,0.5858689987368951,,0.2263728218560151,,,
A1,composition,classical,50,11,0,519,171,0.7872425848332014,0.7872425848332014,0.7872425848332014,0.9708886110640045,0.65086069536502,0.65086069536502,nan,nan,26,,,,,,,,,,,,,,,,,,,,,,,,,,,,,,0.7944352059063929,,,0.65086069536502,,nan,,,
A1,zz_bytype_r3,quantum,51,11,102,514,176,0.3088150479198544,0.3088150479198544,0.3051012308643855,0.994469523170462,0.27340342624266295,0.2746900423877052,0.6875366860763851,0.6913422373502908,20,0.8784417409263372,2.3395144722443395,242.52,molecule,zz,0.1,bytype,3,bytype,eig,0,"[0.000,3.142]",none,1,Z,ridge,1,1,adam,adjoint,100,24,0.8616582039978095,0.10474167119451268,7.069989405759689,0.01540696317252318,0.21561376536384813,0.4448423105341061,0.97164210268248,0.3047449135634983,0.994469523170462,20,0.27340342624266295,0.3047449135634983,0.6875366860763851,0.9945940725969186,20,0.3076740377338781
A1,xy_bytype_r3,quantum,51,11,102,514,176,0.3345272505207888,0.3345272505207888,0.33053675566863894,0.993206725572204,0.29396366548073005,0.2913602899936354,0.6972326870326243,0.7063885293790846,20,0.8833049575013358,2.5041782167573143,249.76,molecule,xy,0.1,bytype,3,bytype,eig,0,"[0.000,3.142]",none,1,Z,ridge,1,1,adam,adjoint,100,24,0.9090079487055162,0.10607672120581382,7.5676015996704376,0.008692448303266915,0.35329218043786015,0.586069917493593,0.97164210268248,0.3226572696136839,0.993206725572204,20,0.29396366548073005,0.3226572696136839,0.6972326870326243,0.9935532057623088,20,0.32303115760920154
A1,none_r3,quantum,51,11,78,514,176,0.7479993594379866,0.7479993594379866,0.7366543658330208,0.9730443821322216,0.6563459461710045,0.6560576968286215,0.24055997822065536,0.28003645955158674,20,0.15505593808815546,0.8047683835066953,194.31,molecule,none,0.0,fixed,3,fixed,eig,0,"[0.000,3.142]",none,1,Z,ridge,1,1,adam,adjoint,100,24,0.8395019621702581,0.7093321978991015,2.037747649758551,0.004440857059523339,0.0,0.0,0.97164210268248,0.7570785522791748,0.9730443821322216,20,0.6563459461710045,0.7570785522791748,0.24055997822065536,0.9733838825482911,20,0.7498498554181489
A1,zz_fixed_r3,quantum,51,11,78,514,176,0.7415051336273364,0.7415051336273364,0.696024075794225,0.9721796672719094,0.5966625084973513,0.5790723715243954,0.4954620189061934,0.45364547351164114,20,0.3628064796675278,1.6341873578210577,246.34,molecule,zz,0.1,fixed,3,fixed,eig,0,"[0.000,3.142]",none,1,Z,ridge,1,1,adam,adjoint,100,24,0.8616582039978095,0.5490430243287197,4.301331601039805,0.5129306760135431,0.1,0.06719368409052928,0.97164210268248,0.7536710044516901,0.9721796672719094,20,0.5966625084973513,0.7536710044516901,0.4954620189061934,0.9760035105843383,20,0.7096996715965123
A1,xy_shuffled_r3,quantum,51,11,102,514,176,0.6773518379696287,0.6773518379696287,0.680606313798684,0.9760335152825315,0.5633880948531941,0.5683115180932689,0.5143495119413134,0.5199085648349864,20,0.5477696091599312,2.7222862924348243,258.25,molecule,xy,0.1,bytype_shuffled,3,bytype_shuffled,eig,0,"[0.000,3.142]",none,1,Z,ridge,1,1,adam,adjoint,100,24,0.9090079487055162,0.41108101991982476,8.226722029419836,0.5128563875193851,-0.4229201899127512,1.8381800288344357,0.97164210268248,0.6659641000614737,0.9760335152825315,20,0.5633880948531941,0.6659641000614737,0.5143495119413134,0.9758910777620284,20,0.6720170515071763
A1,krr_res,classical,51,11,514,514,176,0.6716135896298484,0.6716135896298484,0.6716135896298484,0.9724520588268396,0.5419928244011559,0.5419928244011559,0.5365125933639081,0.5365125933639081,20,,,,,,,,,,,,,,,,,,,,,,,,,,,,,,0.6248917059414154,,,0.5419928244011559,,0.5365125933639081,,,
A1,krr_cos_cl,classical,51,11,514,514,176,0.7496661372681129,0.7496661372681129,0.7496661372681129,0.9744229874826013,0.6756109312100097,0.6756109312100097,0.30750201360431795,0.30750201360431795,20,,,,,,,,,,,,,,,,,,,,,,,,,,,,,,0.7767250269031802,,,0.6756109312100097,,0.30750201360431795,,,
A1,ridge_raw_eig,classical,51,11,12,514,176,0.776473720770393,0.776473720770393,0.776473720770393,0.9707049819145869,0.6894797015397285,0.6894797015397285,0.25103344015931706,0.25103344015931706,20,,,,,,,,,,,,,,,,,,,,,,,,,,,,,,0.7922825452708503,,,0.6894797015397285,,0.25103344015931706,,,
A1,composition,classical,51,11,0,514,176,0.823268016628915,0.823268016628915,0.823268016628915,0.9686030149609182,0.7210218555379749,0.7210218555379749,nan,nan,20,,,,,,,,,,,,,,,,,,,,,,,,,,,,,,0.8333775856083135,,,0.7210218555379749,,nan,,,
A1,zz_bytype_r3,quantum,52,11,102,526,164,0.3068188492427931,0.3068188492427931,0.3025734014863493,0.9935035089449938,0.25550403925397785,0.24797363578881626,0.7622605533545391,0.728814797143572,23,0.8916956517901414,2.362200783217658,248.94,molecule,zz,0.1,bytype,3,bytype,eig,0,"[0.000,3.142]",none,1,Z,ridge,1,1,adam,adjoint,100,24,0.9292893698102671,0.10064607949565123,6.660873156562399,0.00830196540230258,0.3059539588254348,0.5771435953203776,0.9736974548445304,0.297595676347865,0.9935035089449938,23,0.25550403925397785,0.297595676347865,0.7622605533545391,0.9936419935962854,23,0.2888450358964086
A1,xy_bytype_r3,quantum,52,11,102,526,164,0.32560288384897224,0.32560288384897224,0.3088166855973242,0.9919381984973149,0.27626602983080994,0.2617572605297139,0.7169274428239869,0.7024438423026275,23,0.8632591118335519,3.05323531348557,255.61,molecule,xy,0.1,bytype,3,bytype,eig,0,"[0.000,3.142]",none,1,Z,ridge,1,1,adam,adjoint,100,24,0.8777231747420646,0.12002064647850451,8.609434593685215,0.008177360971370179,-0.14938416967046356,0.593994780887139,0.9736974548445304,0.32221168269828265,0.9919381984973149,23,0.27626602983080994,0.32221168269828265,0.7169274428239869,0.9930549084572106,23,0.30839650512408584
A1,none_r3,quantum,52,11,78,526,164,0.7837268932217114,0.7837268932217114,0.7390466713991936,0.9605392967189562,0.6244468455003162,0.585230980694483,0.5642704780502485,0.43338928190018444,23,0.13546341914144516,1.4787663345126625,198.25,molecule,none,0.0,fixed,3,fixed,eig,0,"[0.000,3.142]",none,1,Z,ridge,1,1,adam,adjoint,100,24,0.926786487618252,0.801240821191393,3.4453427725677757,0.004675596790192409,0.0,0.0,0.9736974548445304,0.738788457971849,0.9605392967189562,23,0.6244468455003162,0.738788457971849,0.5642704780502485,0.9668563232036977,23,0.7184185999142216
A1,zz_fixed_r3,quantum,52,11,78,526,164,0.7168478725499206,0.7168478725499206,0.6645417061029282,0.9692506042729261,0.5774306072009344,0.5395485155868293,0.5461569024329016,0.590106863070544,23,0.384514777139524,2.0693995491095727,252.69,molecule,zz,0.1,fixed,3,fixed,eig,0,"[0.000,3.142]",none,1,Z,ridge,1,1,adam,adjoint,100,24,0.9292893698102671,0.5719638748795436,5.028385110699786,0.6769193548955208,0.1,0.06719368409052928,0.9736974548445304,0.6887292255859363,0.9692506042729261,23,0.5774306072009344,0.6887292255859363,0.5461569024329016,0.9709678612182121,23,0.633372128911984
A1,xy_shuffled_r3,quantum,52,11,102,526,164,0.705867948020765,0.705867948020765,0.6902640431379562,0.96683629108798,0.5897695395022736,0.5619775343303305,0.575191649044065,0.6159753658504173,23,0.460309948263971,3.4325145200579876,266.66,molecule,xy,0.1,bytype_shuffled,3,bytype_shuffled,eig,0,"[0.000,3.142]",none,1,Z,ridge,1,1,adam,adjoint,100,24,0.8777231747420646,0.4736984655864565,9.678916368413642,0.20429393888679978,0.19370241145230804,1.3606420237740757,0.9736974548445304,0.6694758615652519,0.96683629108798,23,0.5897695395022736,0.6694758615652519,0.575191649044065,0.9672883526111659,23,0.635485740978212
A1,krr_res,classical,52,11,526,526,164,0.6763406826368188,0.6763406826368188,0.6763406826368188,0.9642213147798677,0.573181462411884,0.573181462411884,0.5229924600214267,0.5229924600214267,23,,,,,,,,,,,,,,,,,,,,,,,,,,,,,,0.6062464360587773,,,0.573181462411884,,0.5229924600214267,,,
A1,krr_cos_cl,classical,52,11,526,526,164,0.7537265776048746,0.7537265776048746,0.7537265776048746,0.9662581681340184,0.6140751244853179,0.6140751244853179,0.36041922285789135,0.36041922285789135,23,,,,,,,,,,,,,,,,,,,,,,,,,,,,,,0.7328041090902594,,,0.6140751244853179,,0.36041922285789135,,,
A1,ridge_raw_eig,classical,52,11,12,526,164,0.758788748097998,0.758788748097998,0.758788748097998,0.9653068575048522,0.6392654514589223,0.6392654514589223,0.3245206187040339,0.3245206187040339,23,,,,,,,,,,,,,,,,,,,,,,,,,,,,,,0.7494065726178378,,,0.6392654514589223,,0.3245206187040339,,,
A1,composition,classical,52,11,0,526,164,0.8152021835521938,0.8152021835521938,0.8152021835521938,0.9589074631960045,0.7090937249836917,0.7090937249836917,nan,nan,23,,,,,,,,,,,,,,,,,,,,,,,,,,,,,,0.8313411626940587,,,0.7090937249836917,,nan,,,
A1,zz_bytype_r3,quantum,53,11,102,518,172,0.3852532018342639,0.3852532018342639,0.3769754144003463,0.9843959807308328,0.30194509267787073,0.2972449635716099,0.5020589888053124,0.5489404529294235,32,0.8925971191530551,2.2775864172865443,245.6,molecule,zz,0.1,bytype,3,bytype,eig,0,"[0.000,3.142]",none,1,Z,ridge,1,1,adam,adjoint,100,24,0.8743721258802329,0.09391008525180457,7.695077486866439,0.08756941134269434,0.3705194483567689,0.6203851159389141,0.9709083829995494,0.38391160665187485,0.9843959807308328,32,0.30194509267787073,0.38391160665187485,0.5020589888053124,0.9857344362661461,32,0.3753829947449482
A1,xy_bytype_r3,quantum,53,11,102,518,172,0.3670340744214758,0.3670340744214758,0.35297308131792315,0.9895271089253308,0.2870907127274167,0.2811611497099983,0.4906755315762668,0.48634445823784056,32,0.8924197320527946,2.2454757212494263,247.72,molecule,xy,0.1,bytype,3,bytype,eig,0,"[0.000,3.142]",none,1,Z,ridge,1,1,adam,adjoint,100,24,0.8971281631519418,0.09651328817487013,7.586587950624288,0.010822831534237479,0.36962895467778445,0.654771718550478,0.9709083829995494,0.3620136606391192,0.9895271089253308,32,0.2870907127274167,0.3620136606391192,0.4906755315762668,0.9904913807143954,32,0.35160976770567415
A1,none_r3,quantum,53,11,78,518,172,0.8059346768730973,0.8059346768730973,0.7588967513145999,0.957509906185035,0.43914733181185495,0.46126490781082075,0.33126433615404205,0.23715403469079943,32,0.13659222255595688,1.3918382697850824,192.07,molecule,none,0.0,fixed,3,fixed,eig,0,"[0.000,3.142]",none,1,Z,ridge,1,1,adam,adjoint,100,24,0.8945774004251017,0.7723850850527069,4.020620742307151,0.030588479324233073,0.0,0.0,0.9709083829995494,0.7271735163991996,0.957509906185035,32,0.43914733181185495,0.7271735163991996,0.33126433615404205,0.9718674542412263,32,0.7622374998275989
A1,zz_fixed_r3,quantum,53,11,78,518,172,0.7337644174702156,0.7337644174702156,0.6711438550101788,0.9689803358093012,0.45115412824477624,0.41445272061129756,0.30274063558990033,0.33346991244050067,32,0.35976538081978826,1.815417529844302,246.38,molecule,zz,0.1,fixed,3,fixed,eig,0,"[0.000,3.142]",none,1,Z,ridge,1,1,adam,adjoint,100,24,0.8743721258802329,0.5598033050347231,5.425761239467645,0.5576112664782508,0.1,0.06719368409052928,0.9709083829995494,0.711403488340732,0.9689803358093012,32,0.45115412824477624,0.711403488340732,0.30274063558990033,0.9752914216281481,32,0.6814573979416517
A1,xy_shuffled_r3,quantum,53,11,102,518,172,0.7584174028555949,0.7584174028555949,0.7405477537517777,0.967974176429193,0.5184349667081924,0.49594654776437413,0.22492305488629022,0.23887221846780676,32,0.5349531912330527,2.72297300275689,254.42,molecule,xy,0.1,bytype_shuffled,3,bytype_shuffled,eig,0,"[0.000,3.142]",none,1,Z,ridge,1,1,adam,adjoint,100,24,0.8971281631519418,0.41720658932876376,9.199865301191547,0.15103800179354812,0.7570297074112616,0.8059455772784192,0.9709083829995494,0.7192375240130411,0.967974176429193,32,0.5184349667081924,0.7192375240130411,0.22492305488629022,0.9703931116447292,32,0.7063274341158284
A1,krr_res,classical,53,11,518,518,172,0.6909928902804168,0.6909928902804168,0.6909928902804168,0.9745624050534387,0.5181751124609697,0.5181751124609697,0.2975852762433645,0.2975852762433645,32,,,,,,,,,,,,,,,,,,,,,,,,,,,,,,0.6677770804164365,,,0.5181751124609697,,0.2975852762433645,,,
A1,krr_cos_cl,classical,53,11,518,518,172,0.752429358276968,0.752429358276968,0.752429358276968,0.9700903470425801,0.4481958371398488,0.4481958371398488,0.2464620122524535,0.2464620122524535,32,,,,,,,,,,,,,,,,,,,,,,,,,,,,,,0.7255669150008912,,,0.4481958371398488,,0.2464620122524535,,,
A1,ridge_raw_eig,classical,53,11,12,518,172,0.7550353726391662,0.7550353726391662,0.7550353726391662,0.9679289227263014,0.4482063587398786,0.4482063587398786,0.25507685329376506,0.25507685329376506,32,,,,,,,,,,,,,,,,,,,,,,,,,,,,,,0.722760366194529,,,0.4482063587398786,,0.25507685329376506,,,
A1,composition,classical,53,11,0,518,172,0.7588081762665077,0.7588081762665077,0.7588081762665077,0.9715847759991681,0.47727930144660924,0.47727930144660924,nan,nan,32,,,,,,,,,,,,,,,,,,,,,,,,,,,,,,0.7767376388088935,,,0.47727930144660924,,nan,,,
A1,zz_bytype_r3,quantum,54,11,102,526,164,0.37180495428278454,0.37180495428278454,0.36565900810889035,0.988925812731608,0.26142932003007346,0.2578778602965495,0.721969300540729,0.7439248959657123,24,0.8839890284258449,2.758622813184019,251.19,molecule,zz,0.1,bytype,3,bytype,eig,0,"[0.000,3.142]",none,1,Z,ridge,1,1,adam,adjoint,100,24,0.8292144440700303,0.09619797329988705,7.9435228705889465,0.007644130805081391,0.1916382443507925,0.7171349464209996,0.9718418197267612,0.34436705525820205,0.988925812731608,24,0.26142932003007346,0.34436705525820205,0.721969300540729,0.9898968159208161,24,0.3417585278440216
A1,xy_bytype_r3,quantum,54,11,102,526,164,0.4003933075286652,0.4003933075286652,0.37469929690331966,0.9906479562845452,0.27562281007915485,0.27206764029397973,0.7442151952356034,0.7153846153846154,24,0.8464086126703327,2.68282456907131,249.37,molecule,xy,0.1,bytype,3,bytype,eig,0,"[0.000,3.142]",none,1,Z,ridge,1,1,adam,adjoint,100,24,0.7519979820525295,0.11550041333255824,7.725259945051535,0.006809780208171557,0.30804927638161334,0.4841720719255452,0.9718418197267612,0.3743839409655141,0.9906479562845452,24,0.27562281007915485,0.3743839409655141,0.7442151952356034,0.9921757132107731,24,0.3529665758216935
A1,none_r3,quantum,54,11,78,526,164,0.8758530664638743,0.8758530664638743,0.8260254414651826,0.9334904498184179,0.5460489345674133,0.5383894138892242,0.4205539358600583,0.40454262290996984,24,0.11336885611047653,1.590763842484411,194.46,molecule,none,0.0,fixed,3,fixed,eig,0,"[0.000,3.142]",none,1,Z,ridge,1,1,adam,adjoint,100,24,0.8145762876454022,0.7222287057003245,3.801332030468646,0.03187393977021372,0.0,0.0,0.9718418197267612,0.7761408332551842,0.9334904498184179,24,0.5460489345674133,0.7761408332551842,0.4205539358600583,0.9631703183842297,24,0.7609433352455601
A1,zz_fixed_r3,quantum,54,11,78,526,164,0.8542859735832102,0.8542859735832102,0.7571457318990321,0.9319038147046977,0.5775214225173843,0.5406037441343906,0.4574755176795993,0.4836659938700756,24,0.3958088715286195,2.3637784720425943,250.25,molecule,zz,0.1,fixed,3,fixed,eig,0,"[0.000,3.142]",none,1,Z,ridge,1,1,adam,adjoint,100,24,0.8292144440700303,0.50100401070744,5.884926411568428,0.6277315827978756,0.1,0.06719368409052928,0.9718418197267612,0.7355356574837856,0.9319038147046977,24,0.5775214225173843,0.7355356574837856,0.4574755176795993,0.9737626499858498,24,0.707548946779705
A1,xy_shuffled_r3,quantum,54,11,102,526,164,0.8525645363365171,0.8525645363365171,0.8189217139653858,0.9428095905231368,0.6561945052893317,0.6356103803476844,0.3679885873763425,0.40186389574144676,24,0.4411602737221266,2.349055450386488,265.65,molecule,xy,0.1,bytype_shuffled,3,bytype_shuffled,eig,0,"[0.000,3.142]",none,1,Z,ridge,1,1,adam,adjoint,100,24,0.7519979820525295,0.4202463464517488,6.764163482317272,0.22917188836811875,0.3280155465948806,0.30789033452539544,0.9718418197267612,0.7436548123505554,0.9428095905231368,24,0.6561945052893317,0.7436548123505554,0.3679885873763425,0.9586241359526575,24,0.7418742146459064
A1,krr_res,classical,54,11,526,526,164,0.6060633626267142,0.6060633626267142,0.6060633626267142,0.9826256022238556,0.4692074697093729,0.4692074697093729,0.5517754354489048,0.5517754354489048,24,,,,,,,,,,,,,,,,,,,,,,,,,,,,,,0.579255117785825,,,0.4692074697093729,,0.5517754354489048,,,
A1,krr_cos_cl,classical,54,11,526,526,164,0.7667319049527079,0.7667319049527079,0.7667319049527079,0.9748271443859617,0.5761257843938824,0.5761257843938824,0.4688968627744139,0.4688968627744139,24,,,,,,,,,,,,,,,,,,,,,,,,,,,,,,0.7792481150433778,,,0.5761257843938824,,0.4688968627744139,,,
A1,ridge_raw_eig,classical,54,11,12,526,164,0.8233743366004039,0.8233743366004039,0.8233743366004039,0.9427738583767761,0.551554950414583,0.551554950414583,0.458918292591762,0.458918292591762,24,,,,,,,,,,,,,,,,,,,,,,,,,,,,,,0.7590026735440494,,,0.551554950414583,,0.458918292591762,,,
A1,composition,classical,54,11,0,526,164,0.8607231801182463,0.8607231801182463,0.8607231801182463,0.9686816475457434,0.67533794489796,0.67533794489796,nan,nan,24,,,,,,,,,,,,,,,,,,,,,,,,,,,,,,0.9084875525819756,,,0.67533794489796,,nan,,,
A1,zz_bytype_r3,quantum,55,11,102,537,153,0.2876992584581894,0.2876992584581894,0.27943941882599416,0.9952377033905627,0.2360296668283082,0.2282498668063202,0.5688110988431723,0.5614116225816339,31,0.8809224688856703,2.338226212142704,253.3,molecule,zz,0.1,bytype,3,bytype,eig,0,"[0.000,3.142]",none,1,Z,ridge,1,1,adam,adjoint,100,24,0.8323437586866044,0.09911343982282231,8.03948204523769,0.011790722040577446,0.12220022418413808,0.7644807334920988,0.971911081218859,0.2824478023373198,0.9952377033905627,31,0.2360296668283082,0.2824478023373198,0.5688110988431723,0.9953400678833686,31,0.2717352504903383
A1,xy_bytype_r3,quantum,55,11,102,537,153,0.2987504540342964,0.2987504540342964,0.29163651609034513,0.9943552185148341,0.2592307094020426,0.2577837218165727,0.6402833151435507,0.6528422198110596,31,0.8892551587990059,2.280507032555015,254.21,molecule,xy,0.1,bytype,3,bytype,eig,0,"[0.000,3.142]",none,1,Z,ridge,1,1,adam,adjoint,100,24,0.958422319785175,0.10614032760809762,7.841027205602717,0.010450073751435328,-0.43310591356925965,0.5634298443196736,0.971911081218859,0.30024085184056565,0.9943552185148341,31,0.2592307094020426,0.30024085184056565,0.6402833151435507,0.994446413754273,31,0.2937332200693021
A1,none_r3,quantum,55,11,78,537,153,0.6925937279701354,0.6925937279701354,0.6754129702143312,0.973842895024564,0.4906287408765202,0.5328242878080115,0.2714971941067225,0.36187745071523497,31,0.13859665103195032,0.6906006858881075,197.66,molecule,none,0.0,fixed,3,fixed,eig,0,"[0.000,3.142]",none,1,Z,ridge,1,1,adam,adjoint,100,24,0.8445148989843873,0.7274679622385654,2.0361563282117183,0.007740612641400241,0.0,0.0,0.971911081218859,0.6706800793976513,0.973842895024564,31,0.4906287408765202,0.6706800793976513,0.2714971941067225,0.9753292047378443,31,0.6850652487382206
A1,zz_fixed_r3,quantum,55,11,78,537,153,0.6081026074319383,0.6081026074319383,0.5884128195238488,0.9794080835019024,0.41719950909437925,0.40489180168761496,0.531720806459653,0.5287329092939712,31,0.40845308983464296,1.501553664067279,251.82,molecule,zz,0.1,fixed,3,fixed,eig,0,"[0.000,3.142]",none,1,Z,ridge,1,1,adam,adjoint,100,24,0.8323437586866044,0.49237037864648037,4.577312850775993,0.641348235997914,0.1,0.06719368409052928,0.971911081218859,0.599480190253462,0.9794080835019024,31,0.41719950909437925,0.599480190253462,0.531720806459653,0.9810267115729446,31,0.5823247831395774
A1,xy_shuffled_r3,quantum,55,11,102,537,153,0.6953597592263322,0.6953597592263322,0.6901136274269929,0.9724383510063754,0.49564318089485915,0.4883680099176673,0.43268274367679677,0.43494411016962636,31,0.5534423700850988,2.031376847498986,269.07,molecule,xy,0.1,bytype_shuffled,3,bytype_shuffled,eig,0,"[0.000,3.142]",none,1,Z,ridge,1,1,adam,adjoint,100,24,0.958422319785175,0.4279907995808093,6.984447273651097,0.030643641872273912,-0.32172908750163615,0.49524348293682285,0.971911081218859,0.6720596214352011,0.9724383510063754,31,0.49564318089485915,0.6720596214352011,0.43268274367679677,0.9731029028775258,31,0.6637703701019221
A1,krr_res,classical,55,11,537,537,153,0.6864472579623184,0.6864472579623184,0.6864472579623184,0.9736715320840738,0.49038220502217506,0.49038220502217506,0.41962947996313255,0.41962947996313255,31,,,,,,,,,,,,,,,,,,,,,,,,,,,,,,0.6605539163981073,,,0.49038220502217506,,0.41962947996313255,,,
A1,krr_cos_cl,classical,55,11,537,537,153,0.694750581354107,0.694750581354107,0.694750581354107,0.9748537088437396,0.502051857291271,0.502051857291271,0.34304498020336494,0.34304498020336494,31,,,,,,,,,,,,,,,,,,,,,,,,,,,,,,0.7063173380750256,,,0.502051857291271,,0.34304498020336494,,,
A1,ridge_raw_eig,classical,55,11,12,537,153,0.7214001983797572,0.7214001983797572,0.7214001983797572,0.9720122133467533,0.5203327898225518,0.5203327898225518,0.10401898737533632,0.10401898737533632,31,,,,,,,,,,,,,,,,,,,,,,,,,,,,,,0.7350682453363102,,,0.5203327898225518,,0.10401898737533632,,,
A1,composition,classical,55,11,0,537,153,0.7915513350903405,0.7915513350903405,0.7915513350903405,0.9676759040593637,0.558121084957967,0.558121084957967,nan,nan,31,,,,,,,,,,,,,,,,,,,,,,,,,,,,,,0.7882705587797376,,,0.558121084957967,,nan,,,
A1,zz_bytype_r3,quantum,56,11,102,518,172,0.31626607020620257,0.31626607020620257,0.3204857148672506,0.995278586424158,0.2184123789768934,0.21989106419298865,0.7755917034197577,0.7662510440790984,29,0.8811839720993759,2.2275275765921636,245.63,molecule,zz,0.1,bytype,3,bytype,eig,0,"[0.000,3.142]",none,1,Z,ridge,1,1,adam,adjoint,100,24,0.9139824129071198,0.10859575987265203,6.753517727658665,0.014314057973275686,0.22225488538439644,0.6539011551844373,0.9705135839495572,0.3206212974869991,0.995278586424158,29,0.2184123789768934,0.3206212974869991,0.7755917034197577,0.9951729999953507,29,0.32528797248902674
A1,xy_bytype_r3,quantum,56,11,102,518,172,0.3353579906413072,0.3353579906413072,0.32038310479958904,0.9949657537708435,0.22338361497261935,0.21791914185822178,0.7882191589205164,0.7855724592149932,29,0.8776211499150173,2.679396674294306,251.52,molecule,xy,0.1,bytype,3,bytype,eig,0,"[0.000,3.142]",none,1,Z,ridge,1,1,adam,adjoint,100,24,0.8822159922052346,0.10796457865265877,8.123514666857627,0.011204848185974187,0.2035086650793739,1.2670708801625326,0.9705135839495572,0.3371007577205149,0.9949657537708435,29,0.22338361497261935,0.3371007577205149,0.7882191589205164,0.9953441252227717,29,0.32153359643503887
A1,none_r3,quantum,56,11,78,518,172,0.7660467887678529,0.7660467887678529,0.7138381560930792,0.9763633115387472,0.5594298297710131,0.5277056086778161,0.28911814681045456,0.381254655349678,29,0.06464625101842619,1.0001619234115855,191.9,molecule,none,0.0,fixed,3,fixed,eig,0,"[0.000,3.142]",none,1,Z,ridge,1,1,adam,adjoint,100,24,0.917980596992147,0.8586365928889479,2.542358374791751,0.0011918040202822577,0.0,0.0,0.9705135839495572,0.7750831805567834,0.9763633115387472,29,0.5594298297710131,0.7750831805567834,0.28911814681045456,0.9799179425505075,29,0.7298551584787207
A1,zz_fixed_r3,quantum,56,11,78,518,172,0.6751444500212676,0.6751444500212676,0.659876970862172,0.9795476778847133,0.5329253130945776,0.5051233505687396,0.37404184553505826,0.3921140824986979,29,0.2892874783748918,1.8323988011019878,244.65,molecule,zz,0.1,fixed,3,fixed,eig,0,"[0.000,3.142]",none,1,Z,ridge,1,1,adam,adjoint,100,24,0.9139824129071198,0.6495787453982199,4.841100101432477,0.306205594512889,0.1,0.06719368409052928,0.9705135839495572,0.6882420658790884,0.9795476778847133,29,0.5329253130945776,0.6882420658790884,0.37404184553505826,0.9806524360756662,29,0.6710323522984717
A1,xy_shuffled_r3,quantum,56,11,102,518,172,0.659150485226982,0.659150485226982,0.6396927841477058,0.9811720050511711,0.5018978067995828,0.5203553523821981,0.34625896978838155,0.3437537952243835,29,0.48491851764609123,1.8946977315511133,261.12,molecule,xy,0.1,bytype_shuffled,3,bytype_shuffled,eig,0,"[0.000,3.142]",none,1,Z,ridge,1,1,adam,adjoint,100,24,0.8822159922052346,0.4544131210213967,5.74442931842899,0.2702575427365299,0.4301693519555392,0.4943696745516007,0.9705135839495572,0.6723864478638427,0.9811720050511711,29,0.5018978067995828,0.6723864478638427,0.34625896978838155,0.9831784675663768,29,0.6525294560249809
A1,krr_res,classical,56,11,518,518,172,0.6550859748031348,0.6550859748031348,0.6550859748031348,0.9787580164619876,0.5135197371918411,0.5135197371918411,0.41890615668896214,0.41890615668896214,29,,,,,,,,,,,,,,,,,,,,,,,,,,,,,,0.669520905215927,,,0.5135197371918411,,0.41890615668896214,,,
A1,krr_cos_cl,classical,56,11,518,518,172,0.7206707464219767,0.7206707464219767,0.7206707464219767,0.9802721938307228,0.5340277398629534,0.5340277398629534,0.36542109223104696,0.36542109223104696,29,,,,,,,,,,,,,,,,,,,,,,,,,,,,,,0.7386954337944192,,,0.5340277398629534,,0.36542109223104696,,,
A1,ridge_raw_eig,classical,56,11,12,518,172,0.7302401080425982,0.7302401080425982,0.7302401080425982,0.9776960586940838,0.558577164222259,0.558577164222259,0.29593961845093064,0.29593961845093064,29,,,,,,,,,,,,,,,,,,,,,,,,,,,,,,0.7379107784561958,,,0.558577164222259,,0.29593961845093064,,,
A1,composition,classical,56,11,0,518,172,0.7794845763669904,0.7794845763669904,0.7794845763669904,0.9728681728236278,0.6072742979519387,0.6072742979519387,nan,nan,29,,,,,,,,,,,,,,,,,,,,,,,,,,,,,,0.7932463022487922,,,0.6072742979519387,,nan,,,
A1,zz_bytype_r3,quantum,57,11,102,524,166,0.3756491837758832,0.3756491837758832,0.3771002346326518,0.989880476584031,0.3265549041402013,0.32994095045614985,0.5944665875919747,0.5936587100549948,30,0.8878788675313327,3.06174573523825,246.57,molecule,zz,0.1,bytype,3,bytype,eig,0,"[0.000,3.142]",none,1,Z,ridge,1,1,adam,adjoint,100,24,0.7858309925237495,0.08810826081073965,8.264558551410643,0.024261618626254446,-0.2678078465392331,0.6863641136035904,0.969440964049989,0.3718636397558016,0.989880476584031,30,0.3265549041402013,0.3718636397558016,0.5944665875919747,0.9910411843060373,30,0.38092792046754037
A1,xy_bytype_r3,quantum,57,11,102,524,166,0.3948893708253836,0.3948893708253836,0.3626710761147816,0.9833515291778878,0.29696015970670153,0.2971114838072036,0.6737359731771497,0.6764098749547666,30,0.904601360341613,3.0268974199375545,252.9,molecule,xy,0.1,bytype,3,bytype,eig,0,"[0.000,3.142]",none,1,Z,ridge,1,1,adam,adjoint,100,24,0.7813964348493803,0.07454415691854435,8.170492627220433,0.01639773766509259,0.39616211969577614,0.48939343339212776,0.969440964049989,0.36322557171632813,0.9833515291778878,30,0.29696015970670153,0.36322557171632813,0.6737359731771497,0.9923829260990946,30,0.3611831549693975
A1,none_r3,quantum,57,11,78,524,166,0.753928294695085,0.753928294695085,0.6973056907353257,0.9618379077755046,0.5087529380909458,0.5044720845997345,-0.05510298696831204,0.01805675061093019,30,0.1114003605285023,1.1643128832506089,194.2,molecule,none,0.0,fixed,3,fixed,eig,0,"[0.000,3.142]",none,1,Z,ridge,1,1,adam,adjoint,100,24,0.7822243368560944,0.6950842637161568,2.572430819073504,0.005422651134947245,0.0,0.0,0.969440964049989,0.7211286218738779,0.9618379077755046,30,0.5087529380909458,0.7211286218738779,-0.05510298696831204,0.9764440922716182,30,0.7052949842946769
A1,zz_fixed_r3,quantum,57,11,78,524,166,0.8314015298653659,0.8314015298653659,0.7036990740780668,0.9219680947655079,0.5170105548390952,0.509956309156094,0.15390194514807518,0.15730682990899705,30,0.42446860865873937,2.6152106312398407,247.56,molecule,zz,0.1,fixed,3,fixed,eig,0,"[0.000,3.142]",none,1,Z,ridge,1,1,adam,adjoint,100,24,0.7858309925237495,0.45227040448627737,6.039562793099423,0.6137815271578109,0.1,0.06719368409052928,0.969440964049989,0.7633481200533713,0.9219680947655079,30,0.5170105548390952,0.7633481200533713,0.15390194514807518,0.9754163057392911,30,0.7149428892812937
A1,xy_shuffled_r3,quantum,57,11,102,524,166,0.8287357089303956,0.8287357089303956,0.7612318123688563,0.949022222278254,0.5873236457198474,0.5659342122058084,0.15503328731811702,0.11713432869160423,30,0.5139963659964758,3.1923518107042126,265.71,molecule,xy,0.1,bytype_shuffled,3,bytype_shuffled,eig,0,"[0.000,3.142]",none,1,Z,ridge,1,1,adam,adjoint,100,24,0.7813964348493803,0.37976150693419686,8.61710303132462,0.026995020138299027,0.7203919408637264,0.8043440957694704,0.969440964049989,0.7940343462346422,0.949022222278254,30,0.5873236457198474,0.7940343462346422,0.15503328731811702,0.9682014209254411,30,0.749954396795116
A1,krr_res,classical,57,11,524,524,166,0.5917445113506047,0.5917445113506047,0.5917445113506047,0.9806333147695397,0.4620460942739813,0.4620460942739813,0.35097006777192546,0.35097006777192546,30,,,,,,,,,,,,,,,,,,,,,,,,,,,,,,0.6028139607147802,,,0.4620460942739813,,0.35097006777192546,,,
A1,krr_cos_cl,classical,57,11,524,524,166,0.7260533810628936,0.7260533810628936,0.7260533810628936,0.9744938132139696,0.5168480406398684,0.5168480406398684,-0.0004209007366902077,-0.0004209007366902077,30,,,,,,,,,,,,,,,,,,,,,,,,,,,,,,0.7343459897379525,,,0.5168480406398684,,-0.0004209007366902077,,,
A1,ridge_raw_eig,classical,57,11,12,524,166,0.8359776948877986,0.8359776948877986,0.8359776948877986,0.9131042094093795,0.5374680783972836,0.5374680783972836,-0.01611420261884659,-0.01611420261884659,30,,,,,,,,,,,,,,,,,,,,,,,,,,,,,,0.7587351378491176,,,0.5374680783972836,,-0.01611420261884659,,,
A1,composition,classical,57,11,0,524,166,0.7202367879383909,0.7202367879383909,0.7202367879383909,0.9767070810854571,0.49296251197385593,0.49296251197385593,nan,nan,30,,,,,,,,,,,,,,,,,,,,,,,,,,,,,,0.7365255824313063,,,0.49296251197385593,,nan,,,
A1,zz_bytype_r3,quantum,58,11,102,523,167,0.32618017904625823,0.32618017904625823,0.3198571337686824,0.9933845319114836,0.24258225894165364,0.24195418192854173,0.6947266622614139,0.6908181006268285,26,0.8833143224350298,2.9388393297225894,248.71,molecule,zz,0.1,bytype,3,bytype,eig,0,"[0.000,3.142]",none,1,Z,ridge,1,1,adam,adjoint,100,24,0.8518737432932785,0.0994014649359837,8.804539462846428,0.008947681183973216,0.5244495741700897,1.776212533881034,0.9707098824193184,0.31291596621825013,0.9933845319114836,26,0.24258225894165364,0.31291596621825013,0.6947266622614139,0.9938287501668726,26,0.311336166364268
A1,xy_bytype_r3,quantum,58,11,102,523,167,0.3744455392590817,0.3744455392590817,0.3255133977626397,0.9900330656214075,0.24410430289974266,0.2245850334058757,0.6932634280883625,0.7008681758563894,26,0.8626084708729896,3.092251698370085,250.29,molecule,xy,0.1,bytype,3,bytype,eig,0,"[0.000,3.142]",none,1,Z,ridge,1,1,adam,adjoint,100,24,0.881100367147579,0.12105572675677612,9.264151269516077,0.01978924376385092,-0.2270961186627445,0.7175492275409808,0.9707098824193184,0.3456773075126148,0.9900330656214075,26,0.24410430289974266,0.3456773075126148,0.6932634280883625,0.9946137774429209,26,0.3169273958270549
A1,none_r3,quantum,58,11,78,523,167,0.7290751049728996,0.7290751049728996,0.6796636941619347,0.973879114899375,0.47704345859606173,0.49224046682108,0.22434987363200465,0.1435282144257901,26,0.197796113045885,1.0474504830721976,190.85,molecule,none,0.0,fixed,3,fixed,eig,0,"[0.000,3.142]",none,1,Z,ridge,1,1,adam,adjoint,100,24,0.8833590499647616,0.708634063457826,2.6249382633240055,0.007463462484356525,0.0,0.0,0.9707098824193184,0.6978958919776933,0.973879114899375,26,0.47704345859606173,0.6978958919776933,0.22434987363200465,0.9767206989357989,26,0.6710754583672028
A1,zz_fixed_r3,quantum,58,11,78,523,167,0.6399848999011545,0.6399848999011545,0.6264081495928937,0.9770500195797629,0.4365051861737482,0.44178199247438565,0.2998379680808281,0.2835788909369562,26,0.36415561810251046,1.8474778047520044,246.54,molecule,zz,0.1,fixed,3,fixed,eig,0,"[0.000,3.142]",none,1,Z,ridge,1,1,adam,adjoint,100,24,0.8518737432932785,0.5416591337590153,4.814575403554458,0.05436387422154741,0.1,0.06719368409052928,0.9707098824193184,0.5972328325534308,0.9770500195797629,26,0.4365051861737482,0.5972328325534308,0.2998379680808281,0.9771077330835714,26,0.5858423850481715
A1,xy_shuffled_r3,quantum,58,11,102,523,167,0.6907388432400597,0.6907388432400597,0.6501361674707642,0.9753437998965153,0.49788695445817793,0.48546213094048185,0.36500504623713637,0.3684251187869999,26,0.48811737805604444,3.371217477390367,266.79,molecule,xy,0.1,bytype_shuffled,3,bytype_shuffled,eig,0,"[0.000,3.142]",none,1,Z,ridge,1,1,adam,adjoint,100,24,0.881100367147579,0.45101996613128464,10.099911559412433,0.3343606188143961,0.1527095673972872,2.011905331813349,0.9707098824193184,0.6536344511342786,0.9753437998965153,26,0.49788695445817793,0.6536344511342786,0.36500504623713637,0.9785880161556803,26,0.628113098447929
A1,krr_res,classical,58,11,523,523,167,0.6036815428417742,0.6036815428417742,0.6036815428417742,0.9819316215390765,0.4284177134278664,0.4284177134278664,0.4412106278142124,0.4412106278142124,26,,,,,,,,,,,,,,,,,,,,,,,,,,,,,,0.5675306697123009,,,0.4284177134278664,,0.4412106278142124,,,
A1,krr_cos_cl,classical,58,11,523,523,167,0.6817458027258545,0.6817458027258545,0.6817458027258545,0.9778906166122118,0.48216869476158514,0.48216869476158514,0.23360297169920077,0.23360297169920077,26,,,,,,,,,,,,,,,,,,,,,,,,,,,,,,0.6628958347698575,,,0.48216869476158514,,0.23360297169920077,,,
A1,ridge_raw_eig,classical,58,11,12,523,167,0.7235281887135644,0.7235281887135644,0.7235281887135644,0.9768730329971996,0.5021923308566069,0.5021923308566069,0.35498716931066343,0.35498716931066343,26,,,,,,,,,,,,,,,,,,,,,,,,,,,,,,0.7113795556304938,,,0.5021923308566069,,0.35498716931066343,,,
A1,composition,classical,58,11,0,523,167,0.832215999506116,0.832215999506116,0.832215999506116,0.9717904548973958,0.5528981597844443,0.5528981597844443,nan,nan,26,,,,,,,,,,,,,,,,,,,,,,,,,,,,,,0.8180128807185372,,,0.5528981597844443,,nan,,,
A1,zz_bytype_r3,quantum,59,11,102,511,179,0.3355024699944982,0.3355024699944982,0.32550207898988776,0.9944039197329678,0.22690557158116875,0.22241396724726956,0.5209925834567155,0.5215007135380163,33,0.8654388237749754,2.0214959826542858,241.02,molecule,zz,0.1,bytype,3,bytype,eig,0,"[0.000,3.142]",none,1,Z,ridge,1,1,adam,adjoint,100,24,0.8183041445963833,0.11011196820670195,6.175139773902451,0.016976613516128128,-0.11107357579621437,0.3511398646497658,0.9704766650992614,0.3195962591909847,0.9944039197329678,33,0.22690557158116875,0.3195962591909847,0.5209925834567155,0.994646449485666,33,0.3113435746027452
A1,xy_bytype_r3,quantum,59,11,102,511,179,0.34812897218994976,0.34812897218994976,0.3387330973334449,0.9947309602405388,0.24917633752727422,0.24756626991704647,0.5883162598998324,0.5919622074482189,33,0.8453898268269723,2.5867773131267238,242.25,molecule,xy,0.1,bytype,3,bytype,eig,0,"[0.000,3.142]",none,1,Z,ridge,1,1,adam,adjoint,100,24,0.7409820366337978,0.11456336100205428,7.901925905162264,0.014244796150852305,0.4161172744238581,0.7424469554399363,0.9704766650992614,0.36648498026032444,0.9947309602405388,33,0.24917633752727422,0.36648498026032444,0.5883162598998324,0.9949931444650439,33,0.3529588004538745
A1,none_r3,quantum,59,11,78,511,179,0.7920900885110908,0.7920900885110908,0.7715239538756393,0.9733926284711893,0.48814134204498383,0.4742477093263961,0.32903183915558376,0.33324842601205584,33,0.16456310916562755,0.8708260479257028,186.33,molecule,none,0.0,fixed,3,fixed,eig,0,"[0.000,3.142]",none,1,Z,ridge,1,1,adam,adjoint,100,24,0.8387464143595862,0.7007196966110509,2.233529171818694,0.02072787467456194,0.0,0.0,0.9704766650992614,0.7460543836755513,0.9733926284711893,33,0.48814134204498383,0.7460543836755513,0.32903183915558376,0.9751510114828706,33,0.7316911195709974
A1,zz_fixed_r3,quantum,59,11,78,511,179,0.7874134016934987,0.7874134016934987,0.7729450494833123,0.9769953208241232,0.5453056948154972,0.5485703015749609,0.28443163424332724,0.3090334940047997,33,0.3073239600892149,1.427667324868769,237.61,molecule,zz,0.1,fixed,3,fixed,eig,0,"[0.000,3.142]",none,1,Z,ridge,1,1,adam,adjoint,100,24,0.8183041445963833,0.5668196743216053,3.804504487509575,2.6077640418820103,0.1,0.06719368409052928,0.9704766650992614,0.8068524979065781,0.9769953208241232,33,0.5453056948154972,0.8068524979065781,0.28443163424332724,0.9775486750539915,33,0.7903565255600916
A1,xy_shuffled_r3,quantum,59,11,102,511,179,0.8231540892323609,0.8231540892323609,0.7891894541960545,0.971733943761231,0.5856933446359189,0.5681223682583939,0.303805585853649,0.3316598573592835,33,0.41629490033744704,2.5759752678654855,255.0,molecule,xy,0.1,bytype_shuffled,3,bytype_shuffled,eig,0,"[0.000,3.142]",none,1,Z,ridge,1,1,adam,adjoint,100,24,0.7409820366337978,0.4325149935414924,7.8689284914129765,0.02057883954908677,0.4007514983849771,0.9707159467064241,0.9704766650992614,0.8088228673986605,0.971733943761231,33,0.5856933446359189,0.8088228673986605,0.303805585853649,0.9747960201447621,33,0.7699602800055709
A1,krr_res,classical,59,11,511,511,179,0.720607452847206,0.720607452847206,0.720607452847206,0.9761120746386439,0.45590286539179187,0.45590286539179187,0.44171250497470005,0.44171250497470005,33,,,,,,,,,,,,,,,,,,,,,,,,,,,,,,0.6844619328045694,,,0.45590286539179187,,0.44171250497470005,,,
A1,krr_cos_cl,classical,59,11,511,511,179,0.7728920802869028,0.7728920802869028,0.7728920802869028,0.9761508617182323,0.49908108609611357,0.49908108609611357,0.31999260304497035,0.31999260304497035,33,,,,,,,,,,,,,,,,,,,,,,,,,,,,,,0.7440801590445177,,,0.49908108609611357,,0.31999260304497035,,,
A1,ridge_raw_eig,classical,59,11,12,511,179,0.7999828102229442,0.7999828102229442,0.7999828102229442,0.975343399172031,0.5371278708016108,0.5371278708016108,0.34662783115975365,0.34662783115975365,33,,,,,,,,,,,,,,,,,,,,,,,,,,,,,,0.8056985535494451,,,0.5371278708016108,,0.34662783115975365,,,
A1,composition,classical,59,11,0,511,179,0.8581664765381388,0.8581664765381388,0.8581664765381388,0.9726448509495581,0.5931219049524123,0.5931219049524123,nan,nan,33,,,,,,,,,,,,,,,,,,,,,,,,,,,,,,0.872435714514642,,,0.5931219049524123,,nan,,,
A1,zz_bytype_r3,quantum,60,11,102,514,176,0.3102843073485509,0.3102843073485509,0.29747717822732606,0.9931611102209945,0.28755439342161276,0.27624554837440046,0.6372896507223622,0.6542727342610755,23,0.8741592229767622,2.5182765185154024,242.97,molecule,zz,0.1,bytype,3,bytype,eig,0,"[0.000,3.142]",none,1,Z,ridge,1,1,adam,adjoint,100,24,0.8862444806747554,0.11152569408066708,7.380342813084969,0.016670142129458294,-0.08459932244613116,0.6446038009214295,0.973088218684116,0.32134088674106037,0.9931611102209945,23,0.28755439342161276,0.32134088674106037,0.6372896507223622,0.9937426609695599,23,0.3082603654344271
A1,xy_bytype_r3,quantum,60,11,102,514,176,0.3175064909654417,0.3175064909654417,0.3089760723486163,0.993085459073977,0.2725403996064746,0.2652300343487996,0.6056617017226612,0.6314512852237701,23,0.8562356867987998,2.4317990323471994,246.01,molecule,xy,0.1,bytype,3,bytype,eig,0,"[0.000,3.142]",none,1,Z,ridge,1,1,adam,adjoint,100,24,0.8335687659498848,0.11983744114275723,7.126902220345213,0.01013937480281708,0.39732830558228066,0.46471558898373705,0.973088218684116,0.312319246952723,0.993085459073977,23,0.2725403996064746,0.312319246952723,0.6056617017226612,0.9934067669556098,23,0.30437270348404905
A1,none_r3,quantum,60,11,78,514,176,0.7716951483870834,0.7716951483870834,0.7595865049552496,0.9655083877688118,0.552178980880826,0.5652321346956545,0.28501422794394143,0.26448173744975884,23,0.18040191765368244,0.9199933243559724,185.32,molecule,none,0.0,fixed,3,fixed,eig,0,"[0.000,3.142]",none,1,Z,ridge,1,1,adam,adjoint,100,24,0.932978877982704,0.7646676992642432,2.245532487539918,0.04074562009880992,0.0,0.0,0.973088218684116,0.7870601682741568,0.9655083877688118,23,0.552178980880826,0.7870601682741568,0.28501422794394143,0.966606137614465,23,0.7650683269228984
A1,zz_fixed_r3,quantum,60,11,78,514,176,0.6940088133381024,0.6940088133381024,0.6620058896526297,0.9718162866625575,0.46075604684892857,0.47054082076979603,0.5145232349262996,0.5087851023060884,23,0.3293043415207588,2.552318708861648,238.33,molecule,zz,0.1,fixed,3,fixed,eig,0,"[0.000,3.142]",none,1,Z,ridge,1,1,adam,adjoint,100,24,0.8862444806747554,0.5944003255397482,6.484966834796789,0.27811366378204216,0.1,0.06719368409052928,0.973088218684116,0.6925657463517174,0.9718162866625575,23,0.46075604684892857,0.6925657463517174,0.5145232349262996,0.9760934575079849,23,0.6763664487472053
A1,xy_shuffled_r3,quantum,60,11,102,514,176,0.6677045539646216,0.6677045539646216,0.6630153398289416,0.9718273490854736,0.5265960463129301,0.5166215768174419,0.3856740028791994,0.3966279306968848,23,0.4594192536515589,2.6120422509481567,264.59,molecule,xy,0.1,bytype_shuffled,3,bytype_shuffled,eig,0,"[0.000,3.142]",none,1,Z,ridge,1,1,adam,adjoint,100,24,0.8335687659498848,0.4506112256299378,7.655143155456304,0.24783776185992873,0.23346549726136445,0.5091450296082187,0.973088218684116,0.666272902301397,0.9718273490854736,23,0.5265960463129301,0.666272902301397,0.3856740028791994,0.9727170812111187,23,0.6611526254150123
A1,krr_res,classical,60,11,514,514,176,0.6551387239909335,0.6551387239909335,0.6551387239909335,0.9715513431715351,0.5085107245683861,0.5085107245683861,0.42071796458038957,0.42071796458038957,23,,,,,,,,,,,,,,,,,,,,,,,,,,,,,,0.6257892838349974,,,0.5085107245683861,,0.42071796458038957,,,
A1,krr_cos_cl,classical,60,11,514,514,176,0.7865862214580109,0.7865862214580109,0.7865862214580109,0.9660736019163528,0.5632176535116231,0.5632176535116231,0.37602862660324354,0.37602862660324354,23,,,,,,,,,,,,,,,,,,,,,,,,,,,,,,0.8044459142607827,,,0.5632176535116231,,0.37602862660324354,,,
A1,ridge_raw_eig,classical,60,11,12,514,176,0.7820661424783356,0.7820661424783356,0.7820661424783356,0.9661242539367632,0.5860915137408236,0.5860915137408236,0.4478439781404472,0.4478439781404472,23,,,,,,,,,,,,,,,,,,,,,,,,,,,,,,0.7963699937803457,,,0.5860915137408236,,0.4478439781404472,,,
A1,composition,classical,60,11,0,514,176,0.8140433241789323,0.8140433241789323,0.8140433241789323,0.9620469341873732,0.6335699686372698,0.6335699686372698,nan,nan,23,,,,,,,,,,,,,,,,,,,,,,,,,,,,,,0.8290483634444302,,,0.6335699686372698,,nan,,,
A1,zz_bytype_r3,quantum,61,11,102,521,169,0.34649084787236256,0.34649084787236256,0.34413894505344816,0.9924688072093627,0.25612441493759447,0.25890747916227475,0.6687618658397879,0.6202770173549395,29,0.8939185637087346,2.901375721500559,243.67,molecule,zz,0.1,bytype,3,bytype,eig,0,"[0.000,3.142]",none,1,Z,ridge,1,1,adam,adjoint,100,24,0.9345576262602739,0.09913921529064551,8.276001271090879,0.007860111325333246,-0.04405412251741,0.6091683461841803,0.9723485336901714,0.3542729440983979,0.9924688072093627,29,0.25612441493759447,0.3542729440983979,0.6687618658397879,0.9926749580138918,29,0.3530896764373113
A1,xy_bytype_r3,quantum,61,11,102,521,169,0.3081366241358581,0.3081366241358581,0.31216045394717246,0.994553219555212,0.25063208002047527,0.2543944023282856,0.6889742292339694,0.6869619557931246,29,0.8929316156056962,2.9295670243357166,249.14,molecule,xy,0.1,bytype,3,bytype,eig,0,"[0.000,3.142]",none,1,Z,ridge,1,1,adam,adjoint,100,24,0.9458507526038051,0.10127071195942573,8.356415281716433,0.04671326777417935,-0.18829413063393244,0.4141616960411147,0.9723485336901714,0.30781729915577105,0.994553219555212,29,0.25063208002047527,0.30781729915577105,0.6889742292339694,0.9944288685697408,29,0.3125808186019115
A1,none_r3,quantum,61,11,78,521,169,0.8065878830477932,0.8065878830477932,0.7447615817151884,0.9709902911084636,0.6375832979605167,0.602667450563622,0.2265847788575061,0.24935194675454417,29,0.07371584051342683,1.2972540647975381,190.03,molecule,none,0.0,fixed,3,fixed,eig,0,"[0.000,3.142]",none,1,Z,ridge,1,1,adam,adjoint,100,24,0.9309295461382677,0.8623052921859024,3.064817774919589,0.0026452357447060977,0.0,0.0,0.9723485336901714,0.8139642780204015,0.9709902911084636,29,0.6375832979605167,0.8139642780204015,0.2265847788575061,0.9742490592489043,29,0.7567315177654397
A1,zz_fixed_r3,quantum,61,11,78,521,169,0.786040530644751,0.786040530644751,0.6953915582911298,0.9511545667646689,0.5697298248122731,0.5610468772048598,0.35472644238878004,0.3999690785405071,29,0.3854344745378076,2.4050768428714866,241.13,molecule,zz,0.1,fixed,3,fixed,eig,0,"[0.000,3.142]",none,1,Z,ridge,1,1,adam,adjoint,100,24,0.9345576262602739,0.5743468986573445,5.922603781037808,0.3281666386791606,0.1,0.06719368409052928,0.9723485336901714,0.7393418648214231,0.9511545667646689,29,0.5697298248122731,0.7393418648214231,0.35472644238878004,0.9772346173222931,29,0.715211545874288
A1,xy_shuffled_r3,quantum,61,11,102,521,169,0.675768037483029,0.675768037483029,0.6862566479131619,0.9766250588842751,0.5383801703417012,0.5571527551815364,0.4156762069099731,0.42072678403847236,29,0.5126610430348227,4.0052359574985585,268.59,molecule,xy,0.1,bytype_shuffled,3,bytype_shuffled,eig,0,"[0.000,3.142]",none,1,Z,ridge,1,1,adam,adjoint,100,24,0.9458507526038051,0.4609499192186663,11.42469678423225,0.18719954109073972,0.35040607804073903,1.0810735245094205,0.9723485336901714,0.6622320053175559,0.9766250588842751,29,0.5383801703417012,0.6622320053175559,0.4156762069099731,0.9765072427510829,29,0.6722136403928474
A1,krr_res,classical,61,11,521,521,169,0.6656196032034746,0.6656196032034746,0.6656196032034746,0.9804434244229042,0.48008933080386235,0.48008933080386235,0.42411776535153156,0.42411776535153156,29,,,,,,,,,,,,,,,,,,,,,,,,,,,,,,0.6533695641623901,,,0.48008933080386235,,0.42411776535153156,,,
A1,krr_cos_cl,classical,61,11,521,521,169,0.8247561706354168,0.8247561706354168,0.8247561706354168,0.9699733228234281,0.6493773568652158,0.6493773568652158,0.3263136214434916,0.3263136214434916,29,,,,,,,,,,,,,,,,,,,,,,,,,,,,,,0.8384954355230576,,,0.6493773568652158,,0.3263136214434916,,,
A1,ridge_raw_eig,classical,61,11,12,521,169,0.8268326483527235,0.8268326483527235,0.8268326483527235,0.9700036364948733,0.6413145289985764,0.6413145289985764,0.37268586391963016,0.37268586391963016,29,,,,,,,,,,,,,,,,,,,,,,,,,,,,,,0.8218439997155684,,,0.6413145289985764,,0.37268586391963016,,,
A1,composition,classical,61,11,0,521,169,0.86510066507452,0.86510066507452,0.86510066507452,0.9666004459873048,0.6782373132983975,0.6782373132983975,nan,nan,29,,,,,,,,,,,,,,,,,,,,,,,,,,,,,,0.8767186455339665,,,0.6782373132983975,,nan,,,
B1,zz_bytype_r3,quantum,42,13,106,536,196,0.2605221330203763,0.2605221330203763,0.25678343678603693,0.9967560829606894,0.20623657281637223,0.20433368960078915,0.704832788241669,0.6574799031648196,23,0.8540474597417511,3.8410221685899595,400.63,molecule,zz,0.1,bytype,3,bytype,eig,0,"[0.000,3.142]",none,1,Z,ridge,1,1,adam,adjoint,100,14,0.8993855931873758,0.13126761199736944,9.331927420133772,0.036297792227316085,0.3461174514319879,0.710290190041014,0.9873854623242264,0.25908301169366516,0.9967560829606894,23,0.20623657281637223,0.25908301169366516,0.704832788241669,0.996823033005182,23,0.2552863393770707
B1,xy_bytype_r3,quantum,42,13,106,536,196,0.283832803644693,0.283832803644693,0.28472192457167433,0.9964078436781081,0.24223008570325186,0.2390110041861947,0.6023053717303681,0.6026842994469217,23,0.8860654137916033,4.00180570451412,413.68,molecule,xy,0.1,bytype,3,bytype,eig,0,"[0.000,3.142]",none,1,Z,ridge,1,1,adam,adjoint,100,14,0.9277276807894974,0.10570026942482694,9.722557888207207,0.027029552361889485,0.4729741405092694,0.777731276260019,0.9873854623242264,0.2791529211413917,0.9964078436781081,23,0.24223008570325186,0.2791529211413917,0.6023053717303681,0.9964254933976399,23,0.2801431319856067
B1,none_r3,quantum,42,13,92,536,196,0.6152173801397126,0.6152173801397126,0.5078848523680884,0.9772971445708538,0.4582186394543646,0.4307202974470145,0.2212496804605719,0.26271319787374614,23,0.3065777923098862,2.26952313215894,305.83,molecule,none,0.0,fixed,3,fixed,eig,0,"[0.000,3.142]",none,1,Z,ridge,1,1,adam,adjoint,100,14,0.9306525645068047,0.6453351558727746,4.664725588511077,0.10967420577150819,0.0,0.0,0.9873854623242264,0.5957178092861743,0.9772971445708538,23,0.4582186394543646,0.5957178092861743,0.2212496804605719,0.9867111649119841,23,0.5179611554035556
B1,zz_fixed_r3,quantum,42,13,92,536,196,0.4868286237989086,0.4868286237989086,0.48790784984749824,0.9886208135122163,0.3765220432020778,0.38036111365650527,0.46643597654759356,0.4316139282516663,23,0.43236074088424575,2.517290038108113,414.72,molecule,zz,0.1,fixed,3,fixed,eig,0,"[0.000,3.142]",none,1,Z,ridge,1,1,adam,adjoint,100,14,0.8993855931873758,0.5105265717762651,5.425708985806688,0.5084989118378174,0.1,0.05773502691896259,0.9873854623242264,0.4903656219195556,0.9886208135122163,23,0.3765220432020778,0.4903656219195556,0.46643597654759356,0.9883951619788036,23,0.4931642748021598
B1,xy_shuffled_r3,quantum,42,13,106,536,196,0.5848315441038965,0.5848315441038965,0.577336279405531,0.9843214825823043,0.4711228198818131,0.461700188788043,0.20114890371974456,0.257197745857369,23,0.47958867700097096,2.8038146306316882,436.17,molecule,xy,0.1,bytype_shuffled,3,bytype_shuffled,eig,0,"[0.000,3.142]",none,1,Z,ridge,1,1,adam,adjoint,100,14,0.9277276807894974,0.4827999897424832,6.811987404428148,0.03411722246312821,0.2674222787804544,0.21385893108760942,0.9873854623242264,0.5766207408651923,0.9843214825823043,23,0.4711228198818131,0.5766207408651923,0.20114890371974456,0.9851266169183819,23,0.5762379470742678
B1,krr_res,classical,42,13,536,536,196,0.48778465690852196,0.48778465690852196,0.48778465690852196,0.9893524298275062,0.30594381367335527,0.30594381367335527,0.5522149668579631,0.5522149668579631,23,,,,,,,,,,,,,,,,,,,,,,,,,,,,,,0.47170240416228826,,,0.30594381367335527,,0.5522149668579631,,,
B1,krr_cos_cl,classical,42,13,536,536,196,0.5430117071755902,0.5430117071755902,0.5430117071755902,0.9854304146500164,0.4321031004618945,0.4321031004618945,0.281612395994547,0.281612395994547,23,,,,,,,,,,,,,,,,,,,,,,,,,,,,,,0.5497084193309942,,,0.4321031004618945,,0.281612395994547,,,
B1,ridge_raw_eig,classical,42,13,14,536,196,0.6504838266823492,0.6504838266823492,0.6504838266823492,0.9816880298305182,0.519965500089475,0.519965500089475,0.20390415640318268,0.20390415640318268,23,,,,,,,,,,,,,,,,,,,,,,,,,,,,,,0.6631545795765913,,,0.519965500089475,,0.20390415640318268,,,
B1,composition,classical,42,13,0,536,196,0.6874897788566324,0.6874897788566324,0.6874897788566324,0.9806906515396374,0.5645547816066813,0.5645547816066813,nan,nan,23,,,,,,,,,,,,,,,,,,,,,,,,,,,,,,0.7048287746152786,,,0.5645547816066813,,nan,,,
B1,zz_bytype_r3,quantum,43,13,106,551,181,0.268301653454266,0.268301653454266,0.2623395495192464,0.9972718991294036,0.22155040157716,0.21147290494103696,0.6528484101925017,0.6613581590843569,21,0.851370229962939,3.270823764377482,408.77,molecule,zz,0.1,bytype,3,bytype,eig,0,"[0.000,3.142]",none,1,Z,ridge,1,1,adam,adjoint,100,14,0.9095354262383988,0.13518404124237351,9.316008404753704,0.016781711748408597,0.7030321330769702,0.7285884383671904,0.9865612484816771,0.2647909736690646,0.9972718991294036,21,0.22155040157716,0.2647909736690646,0.6528484101925017,0.9973783995432246,21,0.2609213144991377
B1,xy_bytype_r3,quantum,43,13,106,551,181,0.2682452449979151,0.2682452449979151,0.260113137041793,0.9969499017577507,0.21505559105284125,0.20846318096807886,0.5709521574243189,0.5730269692254754,21,0.848484103242615,3.216514532027191,416.88,molecule,xy,0.1,bytype,3,bytype,eig,0,"[0.000,3.142]",none,1,Z,ridge,1,1,adam,adjoint,100,14,0.915497015422036,0.13871235127037934,9.16132404953369,0.014181846181034252,-0.4093155430752334,1.0064582365636348,0.9865612484816771,0.2650858581949665,0.9969499017577507,21,0.21505559105284125,0.2650858581949665,0.5709521574243189,0.9971406797903763,21,0.2572954528146416
B1,none_r3,quantum,43,13,92,551,181,0.6054457730080123,0.6054457730080123,0.5382812347125765,0.9882417233610761,0.4624954247922025,0.37393250849674736,0.2583388947886323,0.42877969212691486,21,0.24668921217759984,1.3460171902138598,307.7,molecule,none,0.0,fixed,3,fixed,eig,0,"[0.000,3.142]",none,1,Z,ridge,1,1,adam,adjoint,100,14,0.9299247861019239,0.7005223732340172,3.330112463446847,0.04483910743463592,0.0,0.0,0.9865612484816771,0.5879071650652083,0.9882417233610761,21,0.4624954247922025,0.5879071650652083,0.2583388947886323,0.9899135985524258,21,0.5292926132926667
B1,zz_fixed_r3,quantum,43,13,92,551,181,0.5928562864849811,0.5928562864849811,0.5772800854538684,0.9873890200322675,0.4507720933664855,0.4324883667587392,0.23352438207823253,0.23438982465287958,21,0.3154121872198813,2.0614250970278225,423.31,molecule,zz,0.1,fixed,3,fixed,eig,0,"[0.000,3.142]",none,1,Z,ridge,1,1,adam,adjoint,100,14,0.9095354262383988,0.6226568680945784,5.306209178973016,0.5436168975935662,0.1,0.05773502691896259,0.9865612484816771,0.5806411452177052,0.9873890200322675,21,0.4507720933664855,0.5806411452177052,0.23352438207823253,0.9887228832422185,21,0.5678511242072483
B1,xy_shuffled_r3,quantum,43,13,106,551,181,0.6717892347857003,0.6717892347857003,0.6516554624379429,0.9835850420961301,0.47034620200181876,0.45521274623007524,0.41587607218661726,0.41933647638987026,21,0.5199424799298822,3.657588806638142,457.51,molecule,xy,0.1,bytype_shuffled,3,bytype_shuffled,eig,0,"[0.000,3.142]",none,1,Z,ridge,1,1,adam,adjoint,100,14,0.915497015422036,0.43949122685509695,10.417598292783332,0.02569988743755072,1.0642177876144339,0.7809723986275762,0.9865612484816771,0.6598013354525262,0.9835850420961301,21,0.47034620200181876,0.6598013354525262,0.41587607218661726,0.9849180408876379,21,0.6396105639618096
B1,krr_res,classical,43,13,551,551,181,0.5309642861393252,0.5309642861393252,0.5309642861393252,0.9883474240834956,0.37580922690446544,0.37580922690446544,0.5058694166602937,0.5058694166602937,21,,,,,,,,,,,,,,,,,,,,,,,,,,,,,,0.5048483298436489,,,0.37580922690446544,,0.5058694166602937,,,
B1,krr_cos_cl,classical,43,13,551,551,181,0.5254393091418875,0.5254393091418875,0.5254393091418875,0.9898491350974553,0.3649742681877447,0.3649742681877447,0.3980794015176252,0.3980794015176252,21,,,,,,,,,,,,,,,,,,,,,,,,,,,,,,0.5113562939173908,,,0.3649742681877447,,0.3980794015176252,,,
B1,ridge_raw_eig,classical,43,13,14,551,181,0.6870417440826095,0.6870417440826095,0.6870417440826095,0.9855014616970346,0.4976808797736477,0.4976808797736477,0.2555487755392351,0.2555487755392351,21,,,,,,,,,,,,,,,,,,,,,,,,,,,,,,0.6887166366575784,,,0.4976808797736477,,0.2555487755392351,,,
B1,composition,classical,43,13,0,551,181,0.7388254622411102,0.7388254622411102,0.7388254622411102,0.983904654631061,0.5423904266888149,0.5423904266888149,nan,nan,21,,,,,,,,,,,,,,,,,,,,,,,,,,,,,,0.7421942484851022,,,0.5423904266888149,,nan,,,
B1,zz_bytype_r3,quantum,44,13,106,545,187,0.2881464264898762,0.2881464264898762,0.2837307542886231,0.9951464069288304,0.2305098604152207,0.22982457124381078,0.7310126512143319,0.7458605596084588,22,0.8519064733305126,3.106542183460454,406.16,molecule,zz,0.1,bytype,3,bytype,eig,0,"[0.000,3.142]",none,1,Z,ridge,1,1,adam,adjoint,100,14,0.8297220790777705,0.12287646884616635,8.679296520401774,0.05042292375655433,0.3931034456768737,0.7951188128774046,0.9868216815172356,0.27852931739895476,0.9951464069288304,22,0.2305098604152207,0.27852931739895476,0.7310126512143319,0.99632237414694,22,0.27597320915687495
B1,xy_bytype_r3,quantum,44,13,106,545,187,0.28568846571223333,0.28568846571223333,0.2709814424856249,0.9908475868519929,0.2162143631123412,0.21172328654952768,0.5876967402345554,0.5711515375380922,22,0.8445197918492368,3.6713658290149365,418.98,molecule,xy,0.1,bytype,3,bytype,eig,0,"[0.000,3.142]",none,1,Z,ridge,1,1,adam,adjoint,100,14,0.8527607084075105,0.13258741244599204,10.257344269954913,0.01087520801615364,-0.31605636140396814,0.8042985832241003,0.9868216815172356,0.2496444934252563,0.9908475868519929,22,0.2162143631123412,0.2496444934252563,0.5876967402345554,0.992738038959415,22,0.24211877585537284
B1,none_r3,quantum,44,13,92,545,187,0.8198117950538393,0.8198117950538393,0.5265847241064822,0.6822918786997476,0.47520970183967703,0.4292142710425399,0.34858934342967957,0.38716649736817804,22,0.21250467284292845,1.8115628603320844,312.66,molecule,none,0.0,fixed,3,fixed,eig,0,"[0.000,3.142]",none,1,Z,ridge,1,1,adam,adjoint,100,14,0.8579456383962354,0.675628181191826,4.383458916409883,0.026134493669196904,0.0,0.0,0.9868216815172356,0.5600756614786233,0.6822918786997476,22,0.47520970183967703,0.5600756614786233,0.34858934342967957,0.9877507102954403,22,0.5085795401507643
B1,zz_fixed_r3,quantum,44,13,92,545,187,0.6470179649180988,0.6470179649180988,0.5336264058963797,0.952971549154294,0.4686918497230681,0.44678766214140647,0.48013648536337605,0.5072896851048111,22,0.35875426426092516,2.0865807065601287,423.08,molecule,zz,0.1,fixed,3,fixed,eig,0,"[0.000,3.142]",none,1,Z,ridge,1,1,adam,adjoint,100,14,0.8297220790777705,0.5320557450571798,5.25758074580026,0.46624231693331675,0.1,0.05773502691896259,0.9868216815172356,0.5653422745391402,0.952971549154294,22,0.4686918497230681,0.5653422745391402,0.48013648536337605,0.9883710153508092,22,0.5323046258994023
B1,xy_shuffled_r3,quantum,44,13,106,545,187,0.7705584260404746,0.7705584260404746,0.5713096690813869,0.8708320698171326,0.5518584105175836,0.4243219395873909,0.3807082833133253,0.4130916982177486,22,0.4942858800479758,3.040107049643742,451.33,molecule,xy,0.1,bytype_shuffled,3,bytype_shuffled,eig,0,"[0.000,3.142]",none,1,Z,ridge,1,1,adam,adjoint,100,14,0.8527607084075105,0.4312531311819689,8.493684933075599,0.1599971985423457,0.5657470477276705,0.7685441828958991,0.9868216815172356,0.637807171644808,0.8708320698171326,22,0.5518584105175836,0.637807171644808,0.3807082833133253,0.9845702446805545,22,0.5503524260278626
B1,krr_res,classical,44,13,545,545,187,0.4701686434009887,0.4701686434009887,0.4701686434009887,0.9901734378099736,0.3816734923535408,0.3816734923535408,0.5068414442700157,0.5068414442700157,22,,,,,,,,,,,,,,,,,,,,,,,,,,,,,,0.4431568974315381,,,0.3816734923535408,,0.5068414442700157,,,
B1,krr_cos_cl,classical,44,13,545,545,187,0.4748396277320443,0.4748396277320443,0.4748396277320443,0.989650341352839,0.38487444880106847,0.38487444880106847,0.3784443623603287,0.3784443623603287,22,,,,,,,,,,,,,,,,,,,,,,,,,,,,,,0.45080443787035607,,,0.38487444880106847,,0.3784443623603287,,,
B1,ridge_raw_eig,classical,44,13,14,545,187,0.6714080523128434,0.6714080523128434,0.6714080523128434,0.9451036049569967,0.4654299719685946,0.4654299719685946,0.21213057530704588,0.21213057530704588,22,,,,,,,,,,,,,,,,,,,,,,,,,,,,,,0.5679003236628852,,,0.4654299719685946,,0.21213057530704588,,,
B1,composition,classical,44,13,0,545,187,0.6560132346005128,0.6560132346005128,0.6560132346005128,0.98249999182029,0.5453173554239513,0.5453173554239513,nan,nan,22,,,,,,,,,,,,,,,,,,,,,,,,,,,,,,0.6472573563353029,,,0.5453173554239513,,nan,,,
B1,zz_bytype_r3,quantum,45,13,106,535,197,0.26708979007056455,0.26708979007056455,0.2691798641992182,0.9968557609003824,0.21270988081612435,0.21148577767303023,0.6579696971837762,0.6612667007266815,21,0.8720394496851295,3.1506600326314818,397.8,molecule,zz,0.1,bytype,3,bytype,eig,0,"[0.000,3.142]",none,1,Z,ridge,1,1,adam,adjoint,100,14,0.8744528832222799,0.11189547216154813,8.585855918630024,0.0142287449441571,0.48325351993309873,0.8161108056769026,0.9848091300618863,0.2624937988199142,0.9968557609003824,21,0.21270988081612435,0.2624937988199142,0.6579696971837762,0.9969891641278961,21,0.26496507466903857
B1,xy_bytype_r3,quantum,45,13,106,535,197,0.32549918636285186,0.32549918636285186,0.3088582703857192,0.9960004148658863,0.2442027044373103,0.24426993017341622,0.7093732518419114,0.6797660268586015,21,0.8805295968972985,3.369775156097563,408.12,molecule,xy,0.1,bytype,3,bytype,eig,0,"[0.000,3.142]",none,1,Z,ridge,1,1,adam,adjoint,100,14,0.8968402534151907,0.10714586659424187,9.182966003560805,0.08103434307432857,-0.3245877799848341,0.6625476554930463,0.9848091300618863,0.32017438922065505,0.9960004148658863,21,0.2442027044373103,0.32017438922065505,0.7093732518419114,0.9962369499337118,21,0.30261825977000134
B1,none_r3,quantum,45,13,92,535,197,0.581991431627038,0.581991431627038,0.49139128791938014,0.9885862335571399,0.46664223173847846,0.41227859620104546,0.23914158915123232,0.4020090104902062,21,0.31108014855842286,1.803501886297858,309.81,molecule,none,0.0,fixed,3,fixed,eig,0,"[0.000,3.142]",none,1,Z,ridge,1,1,adam,adjoint,100,14,0.9019102830333703,0.6213438982009802,4.239909946445526,0.14142337942164226,0.0,0.0,0.9848091300618863,0.5786630912438471,0.9885862335571399,21,0.46664223173847846,0.5786630912438471,0.23914158915123232,0.9915188126131333,21,0.4940785656829228
B1,zz_fixed_r3,quantum,45,13,92,535,197,0.5167957842400126,0.5167957842400126,0.47141061511229254,0.9908289301955084,0.4440187812715619,0.39419849065333173,0.3983475792395753,0.4302338024131659,21,0.4036408917101083,2.3603334899588915,408.22,molecule,zz,0.1,fixed,3,fixed,eig,0,"[0.000,3.142]",none,1,Z,ridge,1,1,adam,adjoint,100,14,0.8744528832222799,0.5214879416799636,5.785016423002154,0.4289850468708398,0.1,0.05773502691896259,0.9848091300618863,0.5144603921561447,0.9908289301955084,21,0.4440187812715619,0.5144603921561447,0.3983475792395753,0.9923547566873336,21,0.4727846200629219
B1,xy_shuffled_r3,quantum,45,13,106,535,197,0.5619920325099581,0.5619920325099581,0.5488545043572828,0.9896487000520356,0.467607539668495,0.4627178865080756,0.39349048358691546,0.40729413894794797,21,0.4330910936716314,3.299210124690977,439.26,molecule,xy,0.1,bytype_shuffled,3,bytype_shuffled,eig,0,"[0.000,3.142]",none,1,Z,ridge,1,1,adam,adjoint,100,14,0.8968402534151907,0.5084267272148627,8.990669409743756,0.03440491435232496,0.35096780575379316,0.4411642236293874,0.9848091300618863,0.5542895426616348,0.9896487000520356,21,0.467607539668495,0.5542895426616348,0.39349048358691546,0.9901251112708361,21,0.5440377580027392
B1,krr_res,classical,45,13,535,535,197,0.4890093815458691,0.4890093815458691,0.4890093815458691,0.9906612755226377,0.3408586915224612,0.3408586915224612,0.5791349120182292,0.5791349120182292,21,,,,,,,,,,,,,,,,,,,,,,,,,,,,,,0.4489989654987765,,,0.3408586915224612,,0.5791349120182292,,,
B1,krr_cos_cl,classical,45,13,535,535,197,0.4479752963720855,0.4479752963720855,0.4479752963720855,0.9926256269172126,0.3870599111661024,0.3870599111661024,0.4596823951790201,0.4596823951790201,21,,,,,,,,,,,,,,,,,,,,,,,,,,,,,,0.44891950423618615,,,0.3870599111661024,,0.4596823951790201,,,
B1,ridge_raw_eig,classical,45,13,14,535,197,0.5576406236063355,0.5576406236063355,0.5576406236063355,0.9886270211632052,0.4886475185119204,0.4886475185119204,0.21801100859924386,0.21801100859924386,21,,,,,,,,,,,,,,,,,,,,,,,,,,,,,,0.5518289836426583,,,0.4886475185119204,,0.21801100859924386,,,
B1,composition,classical,45,13,0,535,197,0.5883793240976096,0.5883793240976096,0.5883793240976096,0.9887286312237973,0.5430613419982026,0.5430613419982026,nan,nan,21,,,,,,,,,,,,,,,,,,,,,,,,,,,,,,0.6000645788711204,,,0.5430613419982026,,nan,,,
B1,zz_bytype_r3,quantum,46,13,106,548,184,0.29934261694841996,0.29934261694841996,0.297060563954352,0.9951123627284877,0.27489258757615553,0.2750262506767271,0.6496358245584252,0.6657645301608149,22,0.8198289469026582,1.8609969392763581,409.25,molecule,zz,0.1,bytype,3,bytype,eig,0,"[0.000,3.142]",none,1,Z,ridge,1,1,adam,adjoint,100,14,0.857208570662126,0.1544441709002624,5.610238415557477,0.01964187239869138,0.24113848583919656,0.5223690390819999,0.9868601349371228,0.29588232663459363,0.9951123627284877,22,0.27489258757615553,0.29588232663459363,0.6496358245584252,0.9952450169991331,22,0.2948269406236293
B1,xy_bytype_r3,quantum,46,13,106,548,184,0.2751758358974074,0.2751758358974074,0.2725042315475291,0.9952912035720978,0.2646853944139346,0.26611128763916947,0.6082271930569144,0.6083213083213083,22,0.8863211805215502,2.9753789962855666,431.16,molecule,xy,0.1,bytype,3,bytype,eig,0,"[0.000,3.142]",none,1,Z,ridge,1,1,adam,adjoint,100,14,0.8940239713278012,0.10163158964597992,8.96970069832301,0.032082019048311074,-0.12580344009211702,0.7586160945501708,0.9868601349371228,0.27294995405594435,0.9952912035720978,22,0.2646853944139346,0.27294995405594435,0.6082271930569144,0.9953892216279587,22,0.27277916236927624
B1,none_r3,quantum,46,13,92,548,184,0.5412036694490301,0.5412036694490301,0.546525272828547,0.9884040459552194,0.4765692070058726,0.47079979407614037,0.4244831478577608,0.2715131560332799,22,0.29077673792734265,1.2300310789714655,312.52,molecule,none,0.0,fixed,3,fixed,eig,0,"[0.000,3.142]",none,1,Z,ridge,1,1,adam,adjoint,100,14,0.9011378124727771,0.6391078989389616,3.247867124805325,0.006865688525838151,0.0,0.0,0.9868601349371228,0.5543800016586281,0.9884040459552194,22,0.4765692070058726,0.5543800016586281,0.4244831478577608,0.9862534590835347,22,0.549922313502996
B1,zz_fixed_r3,quantum,46,13,92,548,184,0.546067900480857,0.546067900480857,0.5239121780044605,0.9883934454493071,0.44642583787322115,0.4381539954542284,0.44519915355828665,0.4059609064253028,22,0.5142571899043182,1.9492939102201474,432.63,molecule,zz,0.1,fixed,3,fixed,eig,0,"[0.000,3.142]",none,1,Z,ridge,1,1,adam,adjoint,100,14,0.857208570662126,0.41638289995152383,5.341992514728752,0.6467215139202811,0.1,0.05773502691896259,0.9868601349371228,0.5248852215211136,0.9883934454493071,22,0.44642583787322115,0.5248852215211136,0.44519915355828665,0.9891528466351096,22,0.5100414958792183
B1,xy_shuffled_r3,quantum,46,13,106,548,184,0.6229014664093909,0.6229014664093909,0.6229199961424633,0.9834472164329697,0.4937754778634831,0.4940495393527932,0.37257552675509337,0.3623966332944662,22,0.5714708872317312,2.6669982866618818,452.95,molecule,xy,0.1,bytype_shuffled,3,bytype_shuffled,eig,0,"[0.000,3.142]",none,1,Z,ridge,1,1,adam,adjoint,100,14,0.8940239713278012,0.3831152992266668,8.040043444603715,0.112386536751559,0.42756884630681824,0.2913951576909017,0.9868601349371228,0.5819285402157399,0.9834472164329697,22,0.4937754778634831,0.5819285402157399,0.37257552675509337,0.9831172597344121,22,0.5859161835001722
B1,krr_res,classical,46,13,548,548,184,0.5193055042837116,0.5193055042837116,0.5193055042837116,0.9876996395572836,0.41497716379138894,0.41497716379138894,0.5377778224527451,0.5377778224527451,22,,,,,,,,,,,,,,,,,,,,,,,,,,,,,,0.48189871072319934,,,0.41497716379138894,,0.5377778224527451,,,
B1,krr_cos_cl,classical,46,13,548,548,184,0.5447958890835336,0.5447958890835336,0.5447958890835336,0.9854557255880164,0.4291890020410188,0.4291890020410188,0.26309170132699544,0.26309170132699544,22,,,,,,,,,,,,,,,,,,,,,,,,,,,,,,0.5162821219702372,,,0.4291890020410188,,0.26309170132699544,,,
B1,ridge_raw_eig,classical,46,13,14,548,184,0.6571594907240992,0.6571594907240992,0.6571594907240992,0.9831509578314581,0.5536658009082938,0.5536658009082938,0.272967772967773,0.272967772967773,22,,,,,,,,,,,,,,,,,,,,,,,,,,,,,,0.653997564222497,,,0.5536658009082938,,0.272967772967773,,,
B1,composition,classical,46,13,0,548,184,0.6893508024609877,0.6893508024609877,0.6893508024609877,0.9824445402975934,0.6195915136813767,0.6195915136813767,nan,nan,22,,,,,,,,,,,,,,,,,,,,,,,,,,,,,,0.7040492404530436,,,0.6195915136813767,,nan,,,
B1,zz_bytype_r3,quantum,47,13,106,565,167,0.23971324211832093,0.23971324211832093,0.22960408088940215,0.9976573093450017,0.18801343634933318,0.1834750648967041,0.676609357895638,0.6814011335726523,19,0.8698782597662373,2.8047542129665195,413.07,molecule,zz,0.1,bytype,3,bytype,eig,0,"[0.000,3.142]",none,1,Z,ridge,1,1,adam,adjoint,100,14,0.7973111226882516,0.1037475107919303,7.986410245455626,0.04068485345996474,0.1573334984459305,0.5206578424891064,0.9859213139726059,0.23556568285845508,0.9976573093450017,19,0.18801343634933318,0.23556568285845508,0.676609357895638,0.9979139852472884,19,0.2254957948530051
B1,xy_bytype_r3,quantum,47,13,106,565,167,0.2899483597137022,0.2899483597137022,0.2814821672561462,0.9968213763488226,0.19933270890056662,0.19484656425632685,0.6259848448501283,0.6537793422018648,19,0.8673462855140085,3.126520061495543,445.81,molecule,xy,0.1,bytype,3,bytype,eig,0,"[0.000,3.142]",none,1,Z,ridge,1,1,adam,adjoint,100,14,0.8196493395448404,0.10872952946661277,8.902623886369263,0.011944199594264184,0.2848361140336143,0.8619506998040336,0.9859213139726059,0.2759449743365481,0.9968213763488226,19,0.19933270890056662,0.2759449743365481,0.6259848448501283,0.9971893262785244,19,0.27266414648907483
B1,none_r3,quantum,47,13,92,565,167,0.6011143371958283,0.6011143371958283,0.5124263968756023,0.9817162748819932,0.4096371590181853,0.3814896193999796,0.13953308605852874,0.21216054042074978,19,0.23046805929442743,1.1362323762640474,325.2,molecule,none,0.0,fixed,3,fixed,eig,0,"[0.000,3.142]",none,1,Z,ridge,1,1,adam,adjoint,100,14,0.8084753369257818,0.6221475950370885,2.8102308638328592,0.01530744612176688,0.0,0.0,0.9859213139726059,0.552870510309589,0.9817162748819932,19,0.4096371590181853,0.552870510309589,0.13953308605852874,0.9904040118067295,19,0.5174150030819327
B1,zz_fixed_r3,quantum,47,13,92,565,167,0.5024120845207954,0.5024120845207954,0.4933742690722707,0.9905788372722485,0.386964998260581,0.39787343437039185,0.43202079666133303,0.38739058065232207,19,0.44933679920316905,2.0280587875288254,436.46,molecule,zz,0.1,fixed,3,fixed,eig,0,"[0.000,3.142]",none,1,Z,ridge,1,1,adam,adjoint,100,14,0.7973111226882516,0.4390498948504274,5.218781059041618,0.5399835262948585,0.1,0.05773502691896259,0.9859213139726059,0.5059323104160995,0.9905788372722485,19,0.386964998260581,0.5059323104160995,0.43202079666133303,0.9906687037163472,19,0.4807438620166481
B1,xy_shuffled_r3,quantum,47,13,106,565,167,0.5694271128501271,0.5694271128501271,0.5536429193411959,0.9880682656701861,0.39836329805114895,0.3912149427462696,0.33298138828913865,0.3328437748396646,19,0.49235834152972474,3.316199744088834,465.62,molecule,xy,0.1,bytype_shuffled,3,bytype_shuffled,eig,0,"[0.000,3.142]",none,1,Z,ridge,1,1,adam,adjoint,100,14,0.8196493395448404,0.41608815009060857,9.44272816838248,1.0229255409696676,0.5357582610291316,0.3269938504626017,0.9859213139726059,0.5223507402260072,0.9880682656701861,19,0.39836329805114895,0.5223507402260072,0.33298138828913865,0.989118966756844,19,0.517852202503985
B1,krr_res,classical,47,13,565,565,167,0.44063196405647237,0.44063196405647237,0.44063196405647237,0.9918706315847571,0.3032771414261192,0.3032771414261192,0.5451557782729527,0.5451557782729527,19,,,,,,,,,,,,,,,,,,,,,,,,,,,,,,0.39871539056327626,,,0.3032771414261192,,0.5451557782729527,,,
B1,krr_cos_cl,classical,47,13,565,565,167,0.46582131419878736,0.46582131419878736,0.46582131419878736,0.9912738102608744,0.37292446044186306,0.37292446044186306,0.38514398039788417,0.38514398039788417,19,,,,,,,,,,,,,,,,,,,,,,,,,,,,,,0.46082353705438434,,,0.37292446044186306,,0.38514398039788417,,,
B1,ridge_raw_eig,classical,47,13,14,565,167,0.5991551857348282,0.5991551857348282,0.5991551857348282,0.9857872924975731,0.4570412377321414,0.4570412377321414,0.20761906335890618,0.20761906335890618,19,,,,,,,,,,,,,,,,,,,,,,,,,,,,,,0.5814744140946466,,,0.4570412377321414,,0.20761906335890618,,,
B1,composition,classical,47,13,0,565,167,0.6547680099235356,0.6547680099235356,0.6547680099235356,0.9852917335011531,0.49762309274489713,0.49762309274489713,nan,nan,19,,,,,,,,,,,,,,,,,,,,,,,,,,,,,,0.6635727561443616,,,0.49762309274489713,,nan,,,
B1,zz_bytype_r3,quantum,48,13,106,541,191,0.2704786255526648,0.2704786255526648,0.2630858388646388,0.9970872184596344,0.20913643710101454,0.20532512089287336,0.6800363937265179,0.6584531868683259,16,0.8457455612148647,3.3367210107708365,398.77,molecule,zz,0.1,bytype,3,bytype,eig,0,"[0.000,3.142]",none,1,Z,ridge,1,1,adam,adjoint,100,14,0.8603720527548088,0.13271620814410795,9.723220517153507,0.010841824628826519,0.4872919066327022,0.7017551240747721,0.9863800547677769,0.2633523625675908,0.9970872184596344,16,0.20913643710101454,0.2633523625675908,0.6800363937265179,0.9971998385466884,16,0.2570063460233837
B1,xy_bytype_r3,quantum,48,13,106,541,191,0.31398769953931316,0.31398769953931316,0.2896088080569698,0.993142751984108,0.23021193599864784,0.2206777522819581,0.6691309479009065,0.6718552637979013,16,0.8659188981094317,3.3059208604241954,429.85,molecule,xy,0.1,bytype,3,bytype,eig,0,"[0.000,3.142]",none,1,Z,ridge,1,1,adam,adjoint,100,14,0.8950067682124428,0.12000349368144077,9.633468736044097,0.015076004714774795,-0.46498878769882873,0.8191999164319195,0.9863800547677769,0.2621550967679157,0.993142751984108,16,0.23021193599864784,0.2621550967679157,0.6691309479009065,0.995888224292639,16,0.2557539380525181
B1,none_r3,quantum,48,13,92,541,191,0.6512142128308723,0.6512142128308723,0.5468107332842201,0.982889823195071,0.46207763369005983,0.4467930747271962,0.4560400076958326,0.2694838130527072,16,0.3020755657519438,1.445915997034166,311.64,molecule,none,0.0,fixed,3,fixed,eig,0,"[0.000,3.142]",none,1,Z,ridge,1,1,adam,adjoint,100,14,0.8981698258600295,0.6268546675720362,3.672393701377493,0.032290410681389645,0.0,0.0,0.9863800547677769,0.6194349989606569,0.982889823195071,16,0.46207763369005983,0.6194349989606569,0.4560400076958326,0.9886076486053985,16,0.5299225057216365
B1,zz_fixed_r3,quantum,48,13,92,541,191,0.6640397742459454,0.6640397742459454,0.6415777673399947,0.9729680750387789,0.4208393217072902,0.4082023065885237,0.45921287957065604,0.4779208028320979,16,0.4192705208774021,2.2019654262195223,420.51,molecule,zz,0.1,fixed,3,fixed,eig,0,"[0.000,3.142]",none,1,Z,ridge,1,1,adam,adjoint,100,14,0.8603720527548088,0.49964341404794044,5.812833997692935,0.9078978114773996,0.1,0.05773502691896259,0.9863800547677769,0.5799336729469456,0.9729680750387789,16,0.4208393217072902,0.5799336729469456,0.45921287957065604,0.9791991571259658,16,0.554489973280511
B1,xy_shuffled_r3,quantum,48,13,106,541,191,0.6241744977469912,0.6241744977469912,0.6154855927857348,0.9852860778164328,0.4333497802757361,0.43037571646621914,0.439963235069681,0.4384777010885822,16,0.4343983801372095,1.8329505200266072,441.37,molecule,xy,0.1,bytype_shuffled,3,bytype_shuffled,eig,0,"[0.000,3.142]",none,1,Z,ridge,1,1,adam,adjoint,100,14,0.8950067682124428,0.5062172778891187,5.341226325401621,1.1680445706313165,0.0953650989162906,0.09677450093022129,0.9863800547677769,0.5931038039985883,0.9852860778164328,16,0.4333497802757361,0.5931038039985883,0.439963235069681,0.986498003494778,16,0.5939013666999337
B1,krr_res,classical,48,13,541,541,191,0.5366963553778278,0.5366963553778278,0.5366963553778278,0.989490741050187,0.41723519237058876,0.41723519237058876,0.5076050107983875,0.5076050107983875,16,,,,,,,,,,,,,,,,,,,,,,,,,,,,,,0.526252833388076,,,0.41723519237058876,,0.5076050107983875,,,
B1,krr_cos_cl,classical,48,13,541,541,191,0.4626671099302569,0.4626671099302569,0.4626671099302569,0.9910229805050691,0.3465479929302858,0.3465479929302858,0.5989181575373178,0.5989181575373178,16,,,,,,,,,,,,,,,,,,,,,,,,,,,,,,0.45082440133087287,,,0.3465479929302858,,0.5989181575373178,,,
B1,ridge_raw_eig,classical,48,13,14,541,191,0.6587022003124078,0.6587022003124078,0.6587022003124078,0.9843359648430371,0.4797492965792491,0.4797492965792491,0.5193886982325776,0.5193886982325776,16,,,,,,,,,,,,,,,,,,,,,,,,,,,,,,0.6367702534185989,,,0.4797492965792491,,0.5193886982325776,,,
B1,composition,classical,48,13,0,541,191,0.6879229702853816,0.6879229702853816,0.6879229702853816,0.9840272445721046,0.5532603257426193,0.5532603257426193,nan,nan,16,,,,,,,,,,,,,,,,,,,,,,,,,,,,,,0.689377377870395,,,0.5532603257426193,,nan,,,
B1,zz_bytype_r3,quantum,49,13,106,556,176,0.2602956180599939,0.2602956180599939,0.2478402009485962,0.9975986337552188,0.21430157507760111,0.20225163870169258,0.6896140991717357,0.689403503610801,21,0.8844646670890458,2.2221175362098555,406.18,molecule,zz,0.1,bytype,3,bytype,eig,0,"[0.000,3.142]",none,1,Z,ridge,1,1,adam,adjoint,100,14,0.8790201173876027,0.10155788189780268,6.453461829444456,0.09642297815791603,0.1140233400704617,0.5204610953292307,0.9862689158955568,0.25780283376367175,0.9975986337552188,21,0.21430157507760111,0.25780283376367175,0.6896140991717357,0.99783951474701,21,0.24729744676500748
B1,xy_bytype_r3,quantum,49,13,106,556,176,0.2838190296188504,0.2838190296188504,0.26984257279346724,0.9971640616469813,0.23324729363005825,0.22609530975048395,0.5000353591086558,0.5098459284768616,21,0.8697431326938233,3.0286178480329577,441.4,molecule,xy,0.1,bytype,3,bytype,eig,0,"[0.000,3.142]",none,1,Z,ridge,1,1,adam,adjoint,100,14,0.9113147163985637,0.11870500008809375,8.795695709054105,0.014760883982397305,0.41978065216198013,0.9418613964058924,0.9862689158955568,0.2827023692859985,0.9971640616469813,21,0.23324729363005825,0.2827023692859985,0.5000353591086558,0.9973771231345072,21,0.2746539533034249
B1,none_r3,quantum,49,13,92,556,176,0.587294099380897,0.587294099380897,0.5629319594869814,0.9873945275534703,0.4451944097361231,0.4412025013666612,0.2599838596448219,0.21510332311107258,21,0.31811671367427785,1.176801493787175,322.44,molecule,none,0.0,fixed,3,fixed,eig,0,"[0.000,3.142]",none,1,Z,ridge,1,1,adam,adjoint,100,14,0.9108354291265177,0.6210834557146893,2.9773417858116664,0.02781539779326957,0.0,0.0,0.9862689158955568,0.5848413240420748,0.9873945275534703,21,0.4451944097361231,0.5848413240420748,0.2599838596448219,0.9880017861871082,21,0.5629535484870587
B1,zz_fixed_r3,quantum,49,13,92,556,176,0.5671877478582233,0.5671877478582233,0.5442173626799391,0.9884409940171232,0.40457415451587436,0.39515326069225276,0.41244695461679637,0.43823903467106573,21,0.42106181022790834,1.9187503790718368,424.72,molecule,zz,0.1,fixed,3,fixed,eig,0,"[0.000,3.142]",none,1,Z,ridge,1,1,adam,adjoint,100,14,0.8790201173876027,0.5088983155336302,5.046368943899551,0.2628392514506931,0.1,0.05773502691896259,0.9862689158955568,0.5544001812366235,0.9884409940171232,21,0.40457415451587436,0.5544001812366235,0.41244695461679637,0.989221633012842,21,0.5358342308062088
B1,xy_shuffled_r3,quantum,49,13,106,556,176,0.5685066200184479,0.5685066200184479,0.5596059678955515,0.9888194807594656,0.4275657354334644,0.4170270927875556,0.34521796683566136,0.35238679628411634,21,0.539261125015078,2.1623545082099156,459.91,molecule,xy,0.1,bytype_shuffled,3,bytype_shuffled,eig,0,"[0.000,3.142]",none,1,Z,ridge,1,1,adam,adjoint,100,14,0.9113147163985637,0.4198781171906775,6.279898364089936,0.12291417572045092,0.3191185869548215,0.20604931602320872,0.9862689158955568,0.5691128799297134,0.9888194807594656,21,0.4275657354334644,0.5691128799297134,0.34521796683566136,0.9890864578220943,21,0.560328523411327
B1,krr_res,classical,49,13,556,556,176,0.5349301761464964,0.5349301761464964,0.5349301761464964,0.9881940524858932,0.40602172686645477,0.40602172686645477,0.4511110082469463,0.4511110082469463,21,,,,,,,,,,,,,,,,,,,,,,,,,,,,,,0.4954830055858219,,,0.40602172686645477,,0.4511110082469463,,,
B1,krr_cos_cl,classical,49,13,556,556,176,0.5361098742465006,0.5361098742465006,0.5361098742465006,0.9879871866301615,0.43193864763956424,0.43193864763956424,0.2407557838781604,0.2407557838781604,21,,,,,,,,,,,,,,,,,,,,,,,,,,,,,,0.5386578292106567,,,0.43193864763956424,,0.2407557838781604,,,
B1,ridge_raw_eig,classical,49,13,14,556,176,0.6028794553850474,0.6028794553850474,0.6028794553850474,0.9867882119278353,0.4454735130472971,0.4454735130472971,0.11376807456884952,0.11376807456884952,21,,,,,,,,,,,,,,,,,,,,,,,,,,,,,,0.6306044135215286,,,0.4454735130472971,,0.11376807456884952,,,
B1,composition,classical,49,13,0,556,176,0.6426001798443909,0.6426001798443909,0.6426001798443909,0.9844875465994729,0.47326855713932553,0.47326855713932553,nan,nan,21,,,,,,,,,,,,,,,,,,,,,,,,,,,,,,0.6723189799710202,,,0.47326855713932553,,nan,,,
B1,zz_bytype_r3,quantum,50,13,106,549,183,0.3887719856239127,0.3887719856239127,0.25120257583679884,0.9264668919211789,0.1973904231174639,0.1920170551967716,0.5642933687440366,0.5930286975702648,24,0.8569213142722648,2.3847277341022695,402.83,molecule,zz,0.1,bytype,3,bytype,eig,0,"[0.000,3.142]",none,1,Z,ridge,1,1,adam,adjoint,100,14,0.7894430205528037,0.11295246983762869,7.27463935103874,0.030241136321158116,0.24432494605061747,0.6902696003603784,0.9857054546096161,0.25866639086008275,0.9264668919211789,24,0.1973904231174639,0.25866639086008275,0.5642933687440366,0.997608540015331,24,0.2502192323027041
B1,xy_bytype_r3,quantum,50,13,106,549,183,0.39671204144980887,0.39671204144980887,0.35152125219933683,0.9763455965685429,0.2482935814974795,0.2482853444498935,0.5754786153871371,0.5368653506640637,24,0.8611177191331061,2.701316690185625,432.54,molecule,xy,0.1,bytype,3,bytype,eig,0,"[0.000,3.142]",none,1,Z,ridge,1,1,adam,adjoint,100,14,0.8042195000488047,0.11169183848441115,8.240397598864563,0.013512344926231915,-0.3596317676188871,0.787121122425429,0.9857054546096161,0.32694356818984643,0.9763455965685429,24,0.2482935814974795,0.32694356818984643,0.5754786153871371,0.9922176557589188,24,0.32112242592032153
B1,none_r3,quantum,50,13,92,549,183,0.8712169496530675,0.8712169496530675,0.5751397675226758,0.7154776258820621,0.3623806337248444,0.33369402843355483,0.3735533139053519,0.4299226240497954,24,0.2358476182340647,1.416797377478445,328.26,molecule,none,0.0,fixed,3,fixed,eig,0,"[0.000,3.142]",none,1,Z,ridge,1,1,adam,adjoint,100,14,0.7970809974357949,0.60909134265093,3.7918396402962125,0.014711678302017726,0.0,0.0,0.9857054546096161,0.6320739375249923,0.7154776258820621,24,0.3623806337248444,0.6320739375249923,0.3735533139053519,0.9896186033009722,24,0.5847214598553914
B1,zz_fixed_r3,quantum,50,13,92,549,183,1.050561457163481,1.050561457163481,0.5164184726620876,0.5501031434431136,0.35815461652655217,0.34644181914809935,0.33111381342555835,0.4037353704139431,24,0.40970813674110806,1.7300924473711325,424.26,molecule,zz,0.1,fixed,3,fixed,eig,0,"[0.000,3.142]",none,1,Z,ridge,1,1,adam,adjoint,100,14,0.7894430205528037,0.4660017915388422,4.803334813940643,0.4934372463260632,0.1,0.05773502691896259,0.9857054546096161,0.5713135452440813,0.5501031434431136,24,0.35815461652655217,0.5713135452440813,0.33111381342555835,0.990521916931064,24,0.5219337583220138
B1,xy_shuffled_r3,quantum,50,13,106,549,183,0.6901107357951323,0.6901107357951323,0.6276278043375149,0.9672678785612131,0.4198762308089526,0.41439069382766086,0.37249532927954543,0.3719848632633147,24,0.527370103449092,2.8541760140921153,456.2,molecule,xy,0.1,bytype_shuffled,3,bytype_shuffled,eig,0,"[0.000,3.142]",none,1,Z,ridge,1,1,adam,adjoint,100,14,0.8042195000488047,0.38009817911228955,8.706696722643548,0.026117518309513234,1.0292905243907433,0.7081425831618163,0.9857054546096161,0.6207280973619136,0.9672678785612131,24,0.4198762308089526,0.6207280973619136,0.37249532927954543,0.9874747327923415,24,0.6143645804970691
B1,krr_res,classical,50,13,549,549,183,0.48212341241434187,0.48212341241434187,0.48212341241434187,0.9911176428772372,0.3334964340291227,0.3334964340291227,0.3903198567217951,0.3903198567217951,24,,,,,,,,,,,,,,,,,,,,,,,,,,,,,,0.465810524472693,,,0.3334964340291227,,0.3903198567217951,,,
B1,krr_cos_cl,classical,50,13,549,549,183,0.48491350781543674,0.48491350781543674,0.48491350781543674,0.992056767971324,0.30933406132845637,0.30933406132845637,0.45764993661744924,0.45764993661744924,24,,,,,,,,,,,,,,,,,,,,,,,,,,,,,,0.49033941221346145,,,0.30933406132845637,,0.45764993661744924,,,
B1,ridge_raw_eig,classical,50,13,14,549,183,0.7103481188196138,0.7103481188196138,0.7103481188196138,0.9458509054726761,0.3765419804687749,0.3765419804687749,0.2589363943344416,0.2589363943344416,24,,,,,,,,,,,,,,,,,,,,,,,,,,,,,,0.6280316062662217,,,0.3765419804687749,,0.2589363943344416,,,
B1,composition,classical,50,13,0,549,183,0.6505256874534624,0.6505256874534624,0.6505256874534624,0.9863367097943275,0.46064756724134953,0.46064756724134953,nan,nan,24,,,,,,,,,,,,,,,,,,,,,,,,,,,,,,0.6621024905481077,,,0.46064756724134953,,nan,,,
B1,zz_bytype_r3,quantum,51,13,106,537,195,0.31737976110039545,0.31737976110039545,0.2911292573766228,0.98063690560735,0.21963797020526524,0.21732757548581763,0.6403971008785784,0.6604113853975069,25,0.8644928826667688,1.9484005073691901,392.22,molecule,zz,0.1,bytype,3,bytype,eig,0,"[0.000,3.142]",none,1,Z,ridge,1,1,adam,adjoint,100,14,0.8063642263685336,0.10926809183584102,6.5180870939367015,0.7308567257859413,0.10474698437476118,0.6637064041921453,0.987356584481002,0.2610426888259673,0.98063690560735,25,0.21963797020526524,0.2610426888259673,0.6403971008785784,0.9929051398061018,25,0.2644267800524496
B1,xy_bytype_r3,quantum,51,13,106,537,195,0.34443074474030294,0.34443074474030294,0.30803750391381085,0.9849864773553044,0.23910781087048485,0.23580773696914492,0.5796076715050239,0.5739894700706593,25,0.886743866782547,2.680625037365406,420.96,molecule,xy,0.1,bytype,3,bytype,eig,0,"[0.000,3.142]",none,1,Z,ridge,1,1,adam,adjoint,100,14,0.8255354545313496,0.0934969534141331,8.967636475997015,0.009495947432503352,0.4295924699301295,0.9020135816184536,0.987356584481002,0.2818082705318302,0.9849864773553044,25,0.23910781087048485,0.2818082705318302,0.5796076715050239,0.9909999496473733,25,0.2676245845783698
B1,none_r3,quantum,51,13,92,537,195,0.6760043080482185,0.6760043080482185,0.527900482449052,0.8697309097244657,0.3815196023586565,0.38245144458843083,0.22171917353458934,0.15367211142726245,25,0.18007379779505925,0.8837388436760124,308.0,molecule,none,0.0,fixed,3,fixed,eig,0,"[0.000,3.142]",none,1,Z,ridge,1,1,adam,adjoint,100,14,0.8370726176587242,0.6863377723666662,2.625753418411746,0.03538511889870057,0.0,0.0,0.987356584481002,0.535878161673048,0.8697309097244657,25,0.3815196023586565,0.535878161673048,0.22171917353458934,0.986377311597918,25,0.5291045366883971
B1,zz_fixed_r3,quantum,51,13,92,537,195,0.7464462304118183,0.7464462304118183,0.47766596280082596,0.6223841508979804,0.35218967266799117,0.35546031058773736,0.44234586979115653,0.46337656209947226,25,0.40453590547306334,1.9635269321102604,421.29,molecule,zz,0.1,fixed,3,fixed,eig,0,"[0.000,3.142]",none,1,Z,ridge,1,1,adam,adjoint,100,14,0.8063642263685336,0.4801609439134526,6.030358509551708,0.20607425429730644,0.1,0.05773502691896259,0.987356584481002,0.48612833370341685,0.6223841508979804,25,0.35218967266799117,0.48612833370341685,0.44234586979115653,0.9886063139336083,25,0.47214127453124066
B1,xy_shuffled_r3,quantum,51,13,106,537,195,0.6301551657499976,0.6301551657499976,0.4923091555169116,0.8742328115914675,0.38602369548859383,0.38490014844575354,0.4111101393681195,0.4185390467561921,25,0.4418034763852154,1.9965133404587605,442.77,molecule,xy,0.1,bytype_shuffled,3,bytype_shuffled,eig,0,"[0.000,3.142]",none,1,Z,ridge,1,1,adam,adjoint,100,14,0.8255354545313496,0.4608110208401504,6.679041494855689,0.11822487715562954,0.3112271006862445,0.1927073750071903,0.987356584481002,0.4841706633592251,0.8742328115914675,25,0.38602369548859383,0.4841706633592251,0.4111101393681195,0.9883650555929835,25,0.48942705943921583
B1,krr_res,classical,51,13,537,537,195,0.5029864975044332,0.5029864975044332,0.5029864975044332,0.9886429846605189,0.347984073137269,0.347984073137269,0.5508612675952805,0.5508612675952805,25,,,,,,,,,,,,,,,,,,,,,,,,,,,,,,0.5072816769126554,,,0.347984073137269,,0.5508612675952805,,,
B1,krr_cos_cl,classical,51,13,537,537,195,0.46704325365370736,0.46704325365370736,0.46704325365370736,0.9877916684768061,0.3469641032108265,0.3469641032108265,0.48533768475425354,0.48533768475425354,25,,,,,,,,,,,,,,,,,,,,,,,,,,,,,,0.46699392419859703,,,0.3469641032108265,,0.48533768475425354,,,
B1,ridge_raw_eig,classical,51,13,14,537,195,0.6466729856839925,0.6466729856839925,0.6466729856839925,0.9531855994270131,0.35610900641331883,0.35610900641331883,0.32172987129483344,0.32172987129483344,25,,,,,,,,,,,,,,,,,,,,,,,,,,,,,,0.5716333760009707,,,0.35610900641331883,,0.32172987129483344,,,
B1,composition,classical,51,13,0,537,195,0.7096548789371928,0.7096548789371928,0.7096548789371928,0.9799009821153652,0.46517185916243037,0.46517185916243037,nan,nan,25,,,,,,,,,,,,,,,,,,,,,,,,,,,,,,0.7096449732627369,,,0.46517185916243037,,nan,,,
B1,zz_bytype_r3,quantum,52,13,106,533,199,0.2869466167629777,0.2869466167629777,0.28304320681123624,0.9971899746660156,0.21355350629150066,0.21563544545084826,0.5306332017145577,0.5223920563841034,22,0.8740968583232849,2.911281680175459,390.51,molecule,zz,0.1,bytype,3,bytype,eig,0,"[0.000,3.142]",none,1,Z,ridge,1,1,adam,adjoint,100,14,0.9126455742463551,0.11490494503496587,8.058706452288005,0.028939748226811904,0.48108603615505785,0.8818292728861712,0.9852306915240233,0.2813853231556417,0.9971899746660156,22,0.21355350629150066,0.2813853231556417,0.5306332017145577,0.9972732855607325,22,0.28009965674578285
B1,xy_bytype_r3,quantum,52,13,106,533,199,0.4536529745815308,0.4536529745815308,0.4521935578434374,0.9927096233844435,0.3407546899004572,0.3366207395859436,0.40326430216727205,0.38749948752423274,22,0.7903896080948788,3.413477116072659,415.68,molecule,xy,0.1,bytype,3,bytype,eig,0,"[0.000,3.142]",none,1,Z,ridge,1,1,adam,adjoint,100,14,0.9563580043454943,0.2004625760924586,9.448831505158342,0.06896272720457765,-0.38787523895864356,1.0284616208303623,0.9852306915240233,0.4571779908633929,0.9927096233844435,22,0.3407546899004572,0.4571779908633929,0.40326430216727205,0.9927215979826107,22,0.45335501696478286
B1,none_r3,quantum,52,13,92,533,199,0.5164234245995755,0.5164234245995755,0.5368278787408532,0.9911349988069617,0.41337931752772933,0.3980461236699552,0.2864000647045682,0.2614531402880311,22,0.35260967790010456,1.7424486399278394,304.42,molecule,none,0.0,fixed,3,fixed,eig,0,"[0.000,3.142]",none,1,Z,ridge,1,1,adam,adjoint,100,14,0.9554850217302319,0.6185717559795604,4.171300096106975,0.09726994843002272,0.0,0.0,0.9852306915240233,0.5290072619175378,0.9911349988069617,22,0.41337931752772933,0.5290072619175378,0.2864000647045682,0.9897872536759454,22,0.5365444453475929
B1,zz_fixed_r3,quantum,52,13,92,533,199,0.5392436848362459,0.5392436848362459,0.5333916283122525,0.9899170522525327,0.4193786970082123,0.42187017417042344,0.3466951558262165,0.27981513869990665,22,0.46543181414726015,2.3689853616084293,410.05,molecule,zz,0.1,fixed,3,fixed,eig,0,"[0.000,3.142]",none,1,Z,ridge,1,1,adam,adjoint,100,14,0.9126455742463551,0.487871288951406,5.908083694859406,0.47760484601885045,0.1,0.05773502691896259,0.9852306915240233,0.5257068284500239,0.9899170522525327,22,0.4193786970082123,0.5257068284500239,0.3466951558262165,0.9902447812926848,22,0.5212992866948596
B1,xy_shuffled_r3,quantum,52,13,106,533,199,0.6055247356947365,0.6055247356947365,0.5947544711466123,0.9881075739875417,0.44279652124174496,0.44424310783508775,0.22813513953366313,0.21564887365167534,22,0.558470339159144,2.822388737580246,435.67,molecule,xy,0.1,bytype_shuffled,3,bytype_shuffled,eig,0,"[0.000,3.142]",none,1,Z,ridge,1,1,adam,adjoint,100,14,0.9563580043454943,0.42226042530110397,7.812642275491572,0.07959055982251922,0.2743687914475188,0.5999212426166137,0.9852306915240233,0.6100319378972803,0.9881075739875417,22,0.44279652124174496,0.6100319378972803,0.22813513953366313,0.9883061522267717,22,0.5990316611429422
B1,krr_res,classical,52,13,533,533,199,0.540080514585054,0.540080514585054,0.540080514585054,0.9892736861494874,0.34739559752034255,0.34739559752034255,0.41261909997022683,0.41261909997022683,22,,,,,,,,,,,,,,,,,,,,,,,,,,,,,,0.4996117793046581,,,0.34739559752034255,,0.41261909997022683,,,
B1,krr_cos_cl,classical,52,13,533,533,199,0.5153016879880604,0.5153016879880604,0.5153016879880604,0.9898078385228894,0.3886718598059935,0.3886718598059935,0.305368808946581,0.305368808946581,22,,,,,,,,,,,,,,,,,,,,,,,,,,,,,,0.5132764109809457,,,0.3886718598059935,,0.305368808946581,,,
B1,ridge_raw_eig,classical,52,13,14,533,199,0.6132460587862502,0.6132460587862502,0.6132460587862502,0.9878096450363253,0.4665609204045584,0.4665609204045584,0.28422072540379867,0.28422072540379867,22,,,,,,,,,,,,,,,,,,,,,,,,,,,,,,0.6166151770817505,,,0.4665609204045584,,0.28422072540379867,,,
B1,composition,classical,52,13,0,533,199,0.6462786749892557,0.6462786749892557,0.6462786749892557,0.987249959515583,0.49691743975838115,0.49691743975838115,nan,nan,22,,,,,,,,,,,,,,,,,,,,,,,,,,,,,,0.6440839315641858,,,0.49691743975838115,,nan,,,
B1,zz_bytype_r3,quantum,53,13,106,535,197,0.26441856775166767,0.26441856775166767,0.26044140553029727,0.9960091811363471,0.2418579493413264,0.23912798611197564,0.5280317984777188,0.5095333008279359,22,0.8548524185383364,2.2881438043912508,391.41,molecule,zz,0.1,bytype,3,bytype,eig,0,"[0.000,3.142]",none,1,Z,ridge,1,1,adam,adjoint,100,14,0.8244498092368011,0.11966689584725167,7.808294134993302,0.06581379584219879,0.025865965190613478,0.5745080495740148,0.9862643545434668,0.2595488668847738,0.9960091811363471,22,0.2418579493413264,0.2595488668847738,0.5280317984777188,0.996280186106441,22,0.2564951899193949
B1,xy_bytype_r3,quantum,53,13,106,535,197,0.32794219204885294,0.32794219204885294,0.3025690593704671,0.9861695403051418,0.2283579113411136,0.21298920422072745,0.5494570674758703,0.5297705622727185,22,0.869659815537248,2.941375362360464,426.51,molecule,xy,0.1,bytype,3,bytype,eig,0,"[0.000,3.142]",none,1,Z,ridge,1,1,adam,adjoint,100,14,0.8146557577195039,0.10618238173480313,10.03744779792951,0.09873534012402803,-0.27116557792744256,0.9479798870714556,0.9862643545434668,0.2802108494232205,0.9861695403051418,22,0.2283579113411136,0.2802108494232205,0.5494570674758703,0.9875691103996286,22,0.25717266649440884
B1,none_r3,quantum,53,13,92,535,197,0.5999052250016038,0.5999052250016038,0.5203425082292624,0.9841098384166161,0.43062312243845496,0.36817380169894703,0.18894986944322806,0.24957167111729822,22,0.20144517162152478,1.1229964703313247,305.09,molecule,none,0.0,fixed,3,fixed,eig,0,"[0.000,3.142]",none,1,Z,ridge,1,1,adam,adjoint,100,14,0.812106987077183,0.6485119556903804,3.4120403210665775,0.0040865668825874665,0.0,0.0,0.9862643545434668,0.6104663052573556,0.9841098384166161,22,0.43062312243845496,0.6104663052573556,0.18894986944322806,0.9844996491291408,22,0.5293146515904266
B1,zz_fixed_r3,quantum,53,13,92,535,197,0.569391038319803,0.569391038319803,0.5627501735259313,0.9844839507170049,0.4495519265483513,0.43872485470634726,0.08893263522554533,0.11562109253328849,22,0.49522657915955254,2.0192929352531106,420.32,molecule,zz,0.1,fixed,3,fixed,eig,0,"[0.000,3.142]",none,1,Z,ridge,1,1,adam,adjoint,100,14,0.8244498092368011,0.41616035051971445,6.33721920507394,0.24723709673345703,0.1,0.05773502691896259,0.9862643545434668,0.5793528286567146,0.9844839507170049,22,0.4495519265483513,0.5793528286567146,0.08893263522554533,0.9847318515223079,22,0.5735322052175349
B1,xy_shuffled_r3,quantum,53,13,106,535,197,0.610248604275136,0.610248604275136,0.5921697003412717,0.9832297514320065,0.390959096620428,0.37953557452179715,0.28756054221208605,0.3284846155512017,22,0.5323441920753449,2.3973477408836565,439.59,molecule,xy,0.1,bytype_shuffled,3,bytype_shuffled,eig,0,"[0.000,3.142]",none,1,Z,ridge,1,1,adam,adjoint,100,14,0.8146557577195039,0.38097849655678667,8.18095273066172,0.02217287515355119,0.4856672333863209,0.2996675258547475,0.9862643545434668,0.5928374390313578,0.9832297514320065,22,0.390959096620428,0.5928374390313578,0.28756054221208605,0.9844480547096923,22,0.5818812396830089
B1,krr_res,classical,53,13,535,535,197,0.46398913132774366,0.46398913132774366,0.46398913132774366,0.9889000526067458,0.3579189705839684,0.3579189705839684,0.47779880575982003,0.47779880575982003,22,,,,,,,,,,,,,,,,,,,,,,,,,,,,,,0.44067318320379273,,,0.3579189705839684,,0.47779880575982003,,,
B1,krr_cos_cl,classical,53,13,535,535,197,0.5076153085925298,0.5076153085925298,0.5076153085925298,0.9874521674734045,0.3448892836616555,0.3448892836616555,0.2636531974724143,0.2636531974724143,22,,,,,,,,,,,,,,,,,,,,,,,,,,,,,,0.5020638687023031,,,0.3448892836616555,,0.2636531974724143,,,
B1,ridge_raw_eig,classical,53,13,14,535,197,0.6174919148057723,0.6174919148057723,0.6174919148057723,0.981653180039593,0.407706972655784,0.407706972655784,0.08755430259656584,0.08755430259656584,22,,,,,,,,,,,,,,,,,,,,,,,,,,,,,,0.6128387110445075,,,0.407706972655784,,0.08755430259656584,,,
B1,composition,classical,53,13,0,535,197,0.6142859927609874,0.6142859927609874,0.6142859927609874,0.9840392720554343,0.4329642681272152,0.4329642681272152,nan,nan,22,,,,,,,,,,,,,,,,,,,,,,,,,,,,,,0.623262343135835,,,0.4329642681272152,,nan,,,
B1,zz_bytype_r3,quantum,54,13,106,532,200,0.26726088565620976,0.26726088565620976,0.2701262574383285,0.9942926708872893,0.24458600139756687,0.24249608523809263,0.545256074008307,0.5633915147719472,23,0.8352504557109133,2.475188138090674,386.02,molecule,zz,0.1,bytype,3,bytype,eig,0,"[0.000,3.142]",none,1,Z,ridge,1,1,adam,adjoint,100,14,0.85386430940131,0.14067375585858152,7.036400820009727,0.06175371091286363,0.1624577556632712,0.5993392327619251,0.9868087189952072,0.27239874734522973,0.9942926708872893,23,0.24458600139756687,0.27239874734522973,0.545256074008307,0.9943338526006099,23,0.2755396488517102
B1,xy_bytype_r3,quantum,54,13,106,532,200,0.3546024950478822,0.3546024950478822,0.3473107624937707,0.991430621127267,0.30301315843884974,0.2958795498978613,0.47078264685233906,0.4788418397176661,23,0.8418164024626705,2.9558525927487516,420.4,molecule,xy,0.1,bytype,3,bytype,eig,0,"[0.000,3.142]",none,1,Z,ridge,1,1,adam,adjoint,100,14,0.908496390574605,0.1437092274107698,8.402821299672564,0.01371647225467964,-0.13282338290213308,0.7746158249171821,0.9868087189952072,0.3585904196104127,0.991430621127267,23,0.30301315843884974,0.3585904196104127,0.47078264685233906,0.9919421514142016,23,0.351846912740241
B1,none_r3,quantum,54,13,92,532,200,0.46788018204587173,0.46788018204587173,0.4586787809737405,0.9874982337227036,0.3410425247964075,0.3024901813022712,0.38304481512411886,0.25150798506996297,23,0.31285212913265176,1.373019444680204,302.97,molecule,none,0.0,fixed,3,fixed,eig,0,"[0.000,3.142]",none,1,Z,ridge,1,1,adam,adjoint,100,14,0.9161764919298566,0.6295487257683172,3.3894473304428874,0.019343606715795127,0.0,0.0,0.9868087189952072,0.4770066534384454,0.9874982337227036,23,0.3410425247964075,0.4770066534384454,0.38304481512411886,0.9882531057345775,23,0.46032305455433953
B1,zz_fixed_r3,quantum,54,13,92,532,200,0.5540386795951912,0.5540386795951912,0.5199898971153197,0.9812818533938455,0.30633494506472003,0.3010989033234947,0.464497152002888,0.47456994274598713,23,0.415823803244162,1.871424618582142,416.81,molecule,zz,0.1,fixed,3,fixed,eig,0,"[0.000,3.142]",none,1,Z,ridge,1,1,adam,adjoint,100,14,0.85386430940131,0.4988072048116074,4.806956989725835,0.2973134780521691,0.1,0.05773502691896259,0.9868087189952072,0.5371558372062252,0.9812818533938455,23,0.30633494506472003,0.5371558372062252,0.464497152002888,0.9846686747549454,23,0.5140467721927352
B1,xy_shuffled_r3,quantum,54,13,106,532,200,0.5984859014563074,0.5984859014563074,0.5779446085195095,0.9654366629573651,0.3673740538944703,0.3681158165906576,0.37856554148927823,0.3754000400050889,23,0.5668911897827605,3.2708194270195436,436.99,molecule,xy,0.1,bytype_shuffled,3,bytype_shuffled,eig,0,"[0.000,3.142]",none,1,Z,ridge,1,1,adam,adjoint,100,14,0.908496390574605,0.39347779080842354,9.298200869747767,0.42780792593645106,0.7070513137493066,0.4126122339163065,0.9868087189952072,0.5979117150825501,0.9654366629573651,23,0.3673740538944703,0.5979117150825501,0.37856554148927823,0.9726779052557809,23,0.578708604568933
B1,krr_res,classical,54,13,532,532,200,0.425102227284833,0.425102227284833,0.425102227284833,0.9894014062011084,0.33046439437283337,0.33046439437283337,0.40577819087581757,0.40577819087581757,23,,,,,,,,,,,,,,,,,,,,,,,,,,,,,,0.4176087728255657,,,0.33046439437283337,,0.40577819087581757,,,
B1,krr_cos_cl,classical,54,13,532,532,200,0.40543637235700575,0.40543637235700575,0.40543637235700575,0.9898995390901664,0.2715269423194139,0.2715269423194139,0.37422470848070954,0.37422470848070954,23,,,,,,,,,,,,,,,,,,,,,,,,,,,,,,0.4083315356860809,,,0.2715269423194139,,0.37422470848070954,,,
B1,ridge_raw_eig,classical,54,13,14,532,200,0.5351414017094968,0.5351414017094968,0.5351414017094968,0.9838840597468002,0.37864678116659894,0.37864678116659894,0.2924131781243663,0.2924131781243663,23,,,,,,,,,,,,,,,,,,,,,,,,,,,,,,0.542614966813612,,,0.37864678116659894,,0.2924131781243663,,,
B1,composition,classical,54,13,0,532,200,0.5770853752033083,0.5770853752033083,0.5770853752033083,0.9808179689970062,0.4214817473170069,0.4214817473170069,nan,nan,23,,,,,,,,,,,,,,,,,,,,,,,,,,,,,,0.582646178528403,,,0.4214817473170069,,nan,,,
B1,zz_bytype_r3,quantum,55,13,106,543,189,0.2514266912941116,0.2514266912941116,0.24707688654656243,0.9975694526310569,0.1767324712750883,0.17514012605491053,0.7666747248069085,0.7621393602140728,21,0.8269333109655669,2.2188718990171536,400.86,molecule,zz,0.1,bytype,3,bytype,eig,0,"[0.000,3.142]",none,1,Z,ridge,1,1,adam,adjoint,100,14,0.9164876332463694,0.15861348022695293,7.7347976262343785,0.04419691031143627,0.45502707519196955,0.734260756376778,0.9869927823247971,0.24766254756046352,0.9975694526310569,21,0.1767324712750883,0.24766254756046352,0.7666747248069085,0.9976767365985885,21,0.24313193498440888
B1,xy_bytype_r3,quantum,55,13,106,543,189,0.2730162339235354,0.2730162339235354,0.2675423531391048,0.9969614177976344,0.19555002410100633,0.18991186340288868,0.7170124064951651,0.7492356930000608,21,0.8577002931546842,2.715105322907456,441.48,molecule,xy,0.1,bytype,3,bytype,eig,0,"[0.000,3.142]",none,1,Z,ridge,1,1,adam,adjoint,100,14,0.9279821991589609,0.1320515948979915,9.464624891551058,0.017980853350643235,-0.6018033382002047,0.9012737256048858,0.9869927823247971,0.26460103271118957,0.9969614177976344,21,0.19555002410100633,0.26460103271118957,0.7170124064951651,0.9971105313390767,21,0.2604182737159401
B1,none_r3,quantum,55,13,92,543,189,0.5911048565134989,0.5911048565134989,0.5810671980443708,0.9863397947819093,0.3653447443307397,0.3657229120666751,0.5037345679012345,0.5179783950617284,21,0.3340883270466699,1.3980499283224423,322.82,molecule,none,0.0,fixed,3,fixed,eig,0,"[0.000,3.142]",none,1,Z,ridge,1,1,adam,adjoint,100,14,0.9376849667377607,0.6244153649035299,4.350380069596271,0.03879249759134236,0.0,0.0,0.9869927823247971,0.6052335743068297,0.9863397947819093,21,0.3653447443307397,0.6052335743068297,0.5037345679012345,0.9867786607296511,21,0.5957427984413315
B1,zz_fixed_r3,quantum,55,13,92,543,189,0.5610277620906452,0.5610277620906452,0.5558747132324481,0.9867202506561609,0.34275858548084154,0.34588674311617584,0.4266620294350179,0.40822006324879895,21,0.40480452505213166,1.6781066824474948,424.41,molecule,zz,0.1,fixed,3,fixed,eig,0,"[0.000,3.142]",none,1,Z,ridge,1,1,adam,adjoint,100,14,0.9164876332463694,0.5454892921539206,5.38965698294386,0.42835128119280486,0.1,0.05773502691896259,0.9869927823247971,0.5427819950959315,0.9867202506561609,21,0.34275858548084154,0.5427819950959315,0.4266620294350179,0.9873064592653569,21,0.543007589456957
B1,xy_shuffled_r3,quantum,55,13,106,543,189,0.5214902253968243,0.5214902253968243,0.5272655398258009,0.9883111667724146,0.4034302056864936,0.4019441638305278,0.42498616432524466,0.4180429362038557,21,0.5293879512888835,2.577330966317643,445.26,molecule,xy,0.1,bytype_shuffled,3,bytype_shuffled,eig,0,"[0.000,3.142]",none,1,Z,ridge,1,1,adam,adjoint,100,14,0.9279821991589609,0.4367196039136459,8.98435527040759,0.2520261370848781,-0.44509547730741483,0.5287225008361053,0.9869927823247971,0.5304871281125594,0.9883111667724146,21,0.4034302056864936,0.5304871281125594,0.42498616432524466,0.9881604186963578,21,0.5358492646028123
B1,krr_res,classical,55,13,543,543,189,0.509314376689581,0.509314376689581,0.509314376689581,0.9886167322845735,0.37333162243811385,0.37333162243811385,0.4238265523322995,0.4238265523322995,21,,,,,,,,,,,,,,,,,,,,,,,,,,,,,,0.500988650525417,,,0.37333162243811385,,0.4238265523322995,,,
B1,krr_cos_cl,classical,55,13,543,543,189,0.502051470685846,0.502051470685846,0.502051470685846,0.988319318765862,0.3459754306851433,0.3459754306851433,0.5052949583409353,0.5052949583409353,21,,,,,,,,,,,,,,,,,,,,,,,,,,,,,,0.4967899919732217,,,0.3459754306851433,,0.5052949583409353,,,
B1,ridge_raw_eig,classical,55,13,14,543,189,0.6214445560470923,0.6214445560470923,0.6214445560470923,0.9845287270865175,0.4580852696935302,0.4580852696935302,0.37617109104178065,0.37617109104178065,21,,,,,,,,,,,,,,,,,,,,,,,,,,,,,,0.6381206134852516,,,0.4580852696935302,,0.37617109104178065,,,
B1,composition,classical,55,13,0,543,189,0.6772434903104964,0.6772434903104964,0.6772434903104964,0.982159868525937,0.5105195150218055,0.5105195150218055,nan,nan,21,,,,,,,,,,,,,,,,,,,,,,,,,,,,,,0.6924828847538372,,,0.5105195150218055,,nan,,,
B1,zz_bytype_r3,quantum,56,13,106,550,182,0.3209054412539161,0.3209054412539161,0.3093457992027991,0.9953299433140116,0.22350002440381642,0.2176973906808653,0.7037058644768175,0.7289056303112582,19,0.846162641693551,2.3706158060897207,400.55,molecule,zz,0.1,bytype,3,bytype,eig,0,"[0.000,3.142]",none,1,Z,ridge,1,1,adam,adjoint,100,14,0.8787632893823283,0.13518662301526296,7.594485339790117,0.008336332063935937,0.4435297096255197,0.7881304665626421,0.986580735331855,0.3112624428446968,0.9953299433140116,19,0.22350002440381642,0.3112624428446968,0.7037058644768175,0.9958712123496717,19,0.30455553649831246
B1,xy_bytype_r3,quantum,56,13,106,550,182,0.29303783805224404,0.29303783805224404,0.2851377809734299,0.9967558562518181,0.2230964926058616,0.22410361797354544,0.7234697964574126,0.7154568544384997,19,0.8738643429418608,2.744735199072086,437.36,molecule,xy,0.1,bytype,3,bytype,eig,0,"[0.000,3.142]",none,1,Z,ridge,1,1,adam,adjoint,100,14,0.8666133820173669,0.10931084835613676,8.793011156599851,0.04269823345198934,0.4926979599279599,0.7990452836145451,0.986580735331855,0.2873364582710932,0.9967558562518181,19,0.2230964926058616,0.2873364582710932,0.7234697964574126,0.9968845991323875,19,0.2827755161035877
B1,none_r3,quantum,56,13,92,550,182,0.655144433103031,0.655144433103031,0.5864191792926902,0.9823813728277996,0.42871648812378876,0.3703736693808944,0.31318126977818483,0.3372338850888166,19,0.3148763916045589,1.148189186013287,316.63,molecule,none,0.0,fixed,3,fixed,eig,0,"[0.000,3.142]",none,1,Z,ridge,1,1,adam,adjoint,100,14,0.9064992928579001,0.6210640665307202,3.2487163977349156,0.07068735280043997,0.0,0.0,0.986580735331855,0.6477239962513014,0.9823813728277996,19,0.42871648812378876,0.6477239962513014,0.31318126977818483,0.9856925492196651,19,0.5866495887013974
B1,zz_fixed_r3,quantum,56,13,92,550,182,0.535936917315138,0.535936917315138,0.6030155220521599,0.987130359645024,0.3779245545183346,0.3862306854850698,0.5083162838193798,0.45560286407533196,19,0.3979435177928829,1.7644113682434632,420.99,molecule,zz,0.1,fixed,3,fixed,eig,0,"[0.000,3.142]",none,1,Z,ridge,1,1,adam,adjoint,100,14,0.8787632893823283,0.5290651346982794,5.168712631964613,0.15762303191858623,0.1,0.05773502691896259,0.986580735331855,0.5142774897368484,0.987130359645024,19,0.3779245545183346,0.5142774897368484,0.5083162838193798,0.9843731651189961,19,0.5748654739685761
B1,xy_shuffled_r3,quantum,56,13,106,550,182,0.596650739134396,0.596650739134396,0.6045079794255803,0.9818232971229679,0.38789364193741444,0.39766400468285223,0.3648362329228097,0.38822094535274543,19,0.563254590629084,2.6085504655191265,439.34,molecule,xy,0.1,bytype_shuffled,3,bytype_shuffled,eig,0,"[0.000,3.142]",none,1,Z,ridge,1,1,adam,adjoint,100,14,0.8666133820173669,0.37848941629548893,8.35673086191256,0.351892817699491,0.3827878500427362,0.23373929970571072,0.986580735331855,0.5693216437900346,0.9818232971229679,19,0.38789364193741444,0.5693216437900346,0.3648362329228097,0.9838091644705897,19,0.5901761154400538
B1,krr_res,classical,56,13,550,550,182,0.5305006351943916,0.5305006351943916,0.5305006351943916,0.9880780116433172,0.3248680327172562,0.3248680327172562,0.5849026125908589,0.5849026125908589,19,,,,,,,,,,,,,,,,,,,,,,,,,,,,,,0.5177505066992842,,,0.3248680327172562,,0.5849026125908589,,,
B1,krr_cos_cl,classical,56,13,550,550,182,0.5387715981559238,0.5387715981559238,0.5387715981559238,0.9858600153047573,0.3642932681941072,0.3642932681941072,0.39635079725056505,0.39635079725056505,19,,,,,,,,,,,,,,,,,,,,,,,,,,,,,,0.5421256141656502,,,0.3642932681941072,,0.39635079725056505,,,
B1,ridge_raw_eig,classical,56,13,14,550,182,0.6390724785589591,0.6390724785589591,0.6390724785589591,0.9845862131380609,0.4600230111525247,0.4600230111525247,0.3427967469652564,0.3427967469652564,19,,,,,,,,,,,,,,,,,,,,,,,,,,,,,,0.6435756689356823,,,0.4600230111525247,,0.3427967469652564,,,
B1,composition,classical,56,13,0,550,182,0.6608793519536887,0.6608793519536887,0.6608793519536887,0.9834799864276549,0.49979082769356153,0.49979082769356153,nan,nan,19,,,,,,,,,,,,,,,,,,,,,,,,,,,,,,0.6675648474821353,,,0.49979082769356153,,nan,,,
B1,zz_bytype_r3,quantum,57,13,106,563,169,0.2729493646122457,0.2729493646122457,0.2629548600275719,0.9960807932281572,0.22511684817654898,0.21881866968303781,0.6116183575989893,0.6122938266156434,21,0.8844314464310552,2.821655387200297,410.66,molecule,zz,0.1,bytype,3,bytype,eig,0,"[0.000,3.142]",none,1,Z,ridge,1,1,adam,adjoint,100,14,0.8660258211609724,0.10008535150493127,7.766872850285903,0.015189531077169754,0.2573243382449257,0.5834831113353826,0.9855171083215626,0.2633593612196709,0.9960807932281572,21,0.22511684817654898,0.2633593612196709,0.6116183575989893,0.9964351349747625,21,0.25481202998881597
B1,xy_bytype_r3,quantum,57,13,106,563,169,0.3273634087127374,0.3273634087127374,0.30697541587504096,0.9947860714466478,0.24506059066238572,0.23191802779692977,0.5786188470207279,0.5968937711469079,21,0.8819679469732977,3.702443936657398,449.46,molecule,xy,0.1,bytype,3,bytype,eig,0,"[0.000,3.142]",none,1,Z,ridge,1,1,adam,adjoint,100,14,0.8970049336313469,0.10587533389158871,10.1913264893282,0.02552212882760631,0.5353078396510437,1.17868402485172,0.9855171083215626,0.2996289232492913,0.9947860714466478,21,0.24506059066238572,0.2996289232492913,0.5786188470207279,0.9954741915412685,21,0.2820084971697477
B1,none_r3,quantum,57,13,92,563,169,0.5301036283002454,0.5301036283002454,0.4198367675346472,0.9890352126826024,0.40535491633689685,0.3320025586430549,0.3589384431853117,0.32567228198074216,21,0.14541108434175593,1.4412583674453263,328.25,molecule,none,0.0,fixed,3,fixed,eig,0,"[0.000,3.142]",none,1,Z,ridge,1,1,adam,adjoint,100,14,0.899478200056676,0.7686840996446639,3.427930226230441,0.0962655181515004,0.0,0.0,0.9855171083215626,0.5006557078278957,0.9890352126826024,21,0.40535491633689685,0.5006557078278957,0.3589384431853117,0.9916720805971136,21,0.40593141612620176
B1,zz_fixed_r3,quantum,57,13,92,563,169,0.522575168728827,0.522575168728827,0.5208355226280181,0.9891435732712807,0.40870837649273073,0.39509435298087575,0.3800235537241979,0.3912524951038667,21,0.43916942800377695,2.2076973512706193,442.87,molecule,zz,0.1,fixed,3,fixed,eig,0,"[0.000,3.142]",none,1,Z,ridge,1,1,adam,adjoint,100,14,0.8660258211609724,0.4856937566452069,5.471620416537953,0.49062093930764067,0.1,0.05773502691896259,0.9855171083215626,0.5205914577845973,0.9891435732712807,21,0.40870837649273073,0.5205914577845973,0.3800235537241979,0.9881994142266224,21,0.5002252918104613
B1,xy_shuffled_r3,quantum,57,13,106,563,169,0.5210040559512215,0.5210040559512215,0.4928353588503337,0.9875205276475647,0.40443831723952917,0.3980714040229529,0.3108620314754184,0.299308227091374,21,0.5880146275025765,2.5976000603018714,446.4,molecule,xy,0.1,bytype_shuffled,3,bytype_shuffled,eig,0,"[0.000,3.142]",none,1,Z,ridge,1,1,adam,adjoint,100,14,0.8970049336313469,0.36955291171413707,7.1501394095747095,0.05906648136452365,0.5081195340575672,0.3226567267057858,0.9855171083215626,0.49395043764819546,0.9875205276475647,21,0.40443831723952917,0.49395043764819546,0.3108620314754184,0.9890298708793797,21,0.4699718691199228
B1,krr_res,classical,57,13,563,563,169,0.5314469050256451,0.5314469050256451,0.5314469050256451,0.9869046928914902,0.406282726052934,0.406282726052934,0.4502235879100553,0.4502235879100553,21,,,,,,,,,,,,,,,,,,,,,,,,,,,,,,0.5016859908223598,,,0.406282726052934,,0.4502235879100553,,,
B1,krr_cos_cl,classical,57,13,563,563,169,0.4671132506972347,0.4671132506972347,0.4671132506972347,0.9887857394856346,0.3823852877409822,0.3823852877409822,0.29219085997982347,0.29219085997982347,21,,,,,,,,,,,,,,,,,,,,,,,,,,,,,,0.4558707261025125,,,0.3823852877409822,,0.29219085997982347,,,
B1,ridge_raw_eig,classical,57,13,14,563,169,0.5198241985346743,0.5198241985346743,0.5198241985346743,0.987873418393472,0.3956751044922813,0.3956751044922813,0.14565314967748572,0.14565314967748572,21,,,,,,,,,,,,,,,,,,,,,,,,,,,,,,0.49580323795224174,,,0.3956751044922813,,0.14565314967748572,,,
B1,composition,classical,57,13,0,563,169,0.5854978224540138,0.5854978224540138,0.5854978224540138,0.9872642712830595,0.4384995600700121,0.4384995600700121,nan,nan,21,,,,,,,,,,,,,,,,,,,,,,,,,,,,,,0.5877686764981654,,,0.4384995600700121,,nan,,,
B1,zz_bytype_r3,quantum,58,13,106,539,193,0.2646004368929133,0.2646004368929133,0.26152653159229466,0.9968307686428348,0.18118021140532625,0.18318605070004118,0.617058807976965,0.622255150470028,20,0.8462113548165031,2.6855317411982034,411.36,molecule,zz,0.1,bytype,3,bytype,eig,0,"[0.000,3.142]",none,1,Z,ridge,1,1,adam,adjoint,100,14,0.8152646549505046,0.12537844675082924,7.965696982078558,0.023485646890991547,0.3469900938153149,0.7690197699404567,0.9863195855794464,0.2604204840822293,0.9968307686428348,20,0.18118021140532625,0.2604204840822293,0.617058807976965,0.9969061868735501,20,0.26030315253524955
B1,xy_bytype_r3,quantum,58,13,106,539,193,0.23610644603087025,0.23610644603087025,0.22771166029300724,0.9971096504044521,0.17297759172079463,0.16164935386341509,0.6369015487127911,0.6223781102330481,20,0.8769605251363728,2.612187491320535,434.49,molecule,xy,0.1,bytype,3,bytype,eig,0,"[0.000,3.142]",none,1,Z,ridge,1,1,adam,adjoint,100,14,0.8187652786000534,0.10074044991552196,7.748146743911317,0.02816208468660522,0.5424292726605111,0.6960819650833768,0.9863195855794464,0.21903124891573195,0.9971096504044521,20,0.17297759172079463,0.21903124891573195,0.6369015487127911,0.9975370699647916,20,0.2161260517976099
B1,none_r3,quantum,58,13,92,539,193,0.5962684791272271,0.5962684791272271,0.590265497191697,0.9849994759856424,0.3788639751037328,0.3759133692249823,0.46822231665498015,0.47232809723393354,20,0.2716936405983469,1.302422733908376,316.68,molecule,none,0.0,fixed,3,fixed,eig,0,"[0.000,3.142]",none,1,Z,ridge,1,1,adam,adjoint,100,14,0.8215482049297134,0.5983387822053228,3.375862626565183,0.03817660721296083,0.0,0.0,0.9863195855794464,0.5826356084635385,0.9849994759856424,20,0.3788639751037328,0.5826356084635385,0.46822231665498015,0.9856634617321129,20,0.5836741337227823
B1,zz_fixed_r3,quantum,58,13,92,539,193,0.6433613334016999,0.6433613334016999,0.6190719844935737,0.9839181480621614,0.38290714857350505,0.37967448432574846,0.4685409149460098,0.4890522584063871,20,0.4523781537161549,1.5612839108336667,424.99,molecule,zz,0.1,fixed,3,fixed,eig,0,"[0.000,3.142]",none,1,Z,ridge,1,1,adam,adjoint,100,14,0.8152646549505046,0.4464567355539572,4.202955789607331,0.11966565922106681,0.1,0.05773502691896259,0.9863195855794464,0.6266498595470953,0.9839181480621614,20,0.38290714857350505,0.6266498595470953,0.4685409149460098,0.9848525203394599,20,0.6079003264177975
B1,xy_shuffled_r3,quantum,58,13,106,539,193,0.6263932489124104,0.6263932489124104,0.6194740290217395,0.9815237696705732,0.3945003470644519,0.3876369741635958,0.4687235926345198,0.4706112965925032,20,0.542541977089908,2.3733481258569737,405.51,molecule,xy,0.1,bytype_shuffled,3,bytype_shuffled,eig,0,"[0.000,3.142]",none,1,Z,ridge,1,1,adam,adjoint,100,14,0.8187652786000534,0.3745507455758111,7.039712736787722,0.1126664914453663,0.4429805406237297,0.2502428021002438,0.9863195855794464,0.5957630189381589,0.9815237696705732,20,0.3945003470644519,0.5957630189381589,0.4687235926345198,0.9833518625206947,20,0.5975479595904095
B1,krr_res,classical,58,13,539,539,193,0.5664237886712442,0.5664237886712442,0.5664237886712442,0.9854587071004103,0.418142448261713,0.418142448261713,0.2961427411866469,0.2961427411866469,20,,,,,,,,,,,,,,,,,,,,,,,,,,,,,,0.5304053117429649,,,0.418142448261713,,0.2961427411866469,,,
B1,krr_cos_cl,classical,58,13,539,539,193,0.5423321698261607,0.5423321698261607,0.5423321698261607,0.9866680878042908,0.351418527095927,0.351418527095927,0.4062830764886146,0.4062830764886146,20,,,,,,,,,,,,,,,,,,,,,,,,,,,,,,0.527585499574747,,,0.351418527095927,,0.4062830764886146,,,
B1,ridge_raw_eig,classical,58,13,14,539,193,0.6299596531797972,0.6299596531797972,0.6299596531797972,0.9832073010112822,0.4386937303000417,0.4386937303000417,0.403287239145788,0.403287239145788,20,,,,,,,,,,,,,,,,,,,,,,,,,,,,,,0.6167477100463153,,,0.4386937303000417,,0.403287239145788,,,
B1,composition,classical,58,13,0,539,193,0.64605028998835,0.64605028998835,0.64605028998835,0.98448959448443,0.49670997776347203,0.49670997776347203,nan,nan,20,,,,,,,,,,,,,,,,,,,,,,,,,,,,,,0.6622567032923451,,,0.49670997776347203,,nan,,,
B1,zz_bytype_r3,quantum,59,13,106,550,182,0.2822924467883158,0.2822924467883158,0.27882703996941083,0.9971517125642384,0.20151798372060123,0.19684657773743072,0.6921808583573289,0.7117682317682318,22,0.8438234462335722,2.718107889506493,427.68,molecule,zz,0.1,bytype,3,bytype,eig,0,"[0.000,3.142]",none,1,Z,ridge,1,1,adam,adjoint,100,14,0.7404769938895743,0.11564514504899796,8.061727372196328,0.18498637651290234,0.18366408556195468,0.649838466667084,0.9852434021522356,0.28175852620056996,0.9971517125642384,22,0.20151798372060123,0.28175852620056996,0.6921808583573289,0.9972430401826547,22,0.2791127074242798
B1,xy_bytype_r3,quantum,59,13,106,550,182,0.2723029859975374,0.2723029859975374,0.2739877567923839,0.9974474976516344,0.200918969134683,0.20021939512765077,0.6502423067128951,0.657195598519128,22,0.8686578601901199,3.362178775428441,443.31,molecule,xy,0.1,bytype,3,bytype,eig,0,"[0.000,3.142]",none,1,Z,ridge,1,1,adam,adjoint,100,14,0.7559056730113798,0.09928226858774215,9.971998819005762,0.033141336125564407,-0.36029248808168945,0.883710371247382,0.9852434021522356,0.2748079807263314,0.9974474976516344,22,0.200918969134683,0.2748079807263314,0.6502423067128951,0.9973729571339606,22,0.2739451146250385
B1,none_r3,quantum,59,13,92,550,182,0.5923252193494242,0.5923252193494242,0.5337591599456114,0.9889429751391697,0.4578979379574429,0.410768488596099,0.34036316624551916,0.41611927288397876,22,0.14703227606734132,0.9521411832504568,324.96,molecule,none,0.0,fixed,3,fixed,eig,0,"[0.000,3.142]",none,1,Z,ridge,1,1,adam,adjoint,100,14,0.7624059576401774,0.6503076744010411,2.467728867146517,0.002439151711147947,0.0,0.0,0.9852434021522356,0.5912340021277657,0.9889429751391697,22,0.4578979379574429,0.5912340021277657,0.34036316624551916,0.9898564911978736,22,0.5350693070252915
B1,zz_fixed_r3,quantum,59,13,92,550,182,0.5522003622034597,0.5522003622034597,0.531619748300178,0.9906996921810068,0.4017272170565555,0.3959322559003476,0.5248924115100585,0.5120395290983526,22,0.33283136842472033,1.95270683059646,422.65,molecule,zz,0.1,fixed,3,fixed,eig,0,"[0.000,3.142]",none,1,Z,ridge,1,1,adam,adjoint,100,14,0.7404769938895743,0.494023022726284,5.256233384501282,0.20273174530125307,0.1,0.05773502691896259,0.9852434021522356,0.5491642174354328,0.9906996921810068,22,0.4017272170565555,0.5491642174354328,0.5248924115100585,0.9905686899534771,22,0.5232696886810273
B1,xy_shuffled_r3,quantum,59,13,106,550,182,0.5398095960970583,0.5398095960970583,0.5251732065117295,0.9910876520999149,0.4044088277406256,0.40058208497196723,0.4235433194256724,0.42459036061977234,22,0.5164385283402555,2.872676260604037,415.49,molecule,xy,0.1,bytype_shuffled,3,bytype_shuffled,eig,0,"[0.000,3.142]",none,1,Z,ridge,1,1,adam,adjoint,100,14,0.7559056730113798,0.3655268596773324,8.520166889245488,0.04778860283729491,0.6766712987604983,0.4600082079767951,0.9852434021522356,0.5256196377883741,0.9910876520999149,22,0.4044088277406256,0.5256196377883741,0.4235433194256724,0.9915689407025924,22,0.5228256545844272
B1,krr_res,classical,59,13,550,550,182,0.5442803566659962,0.5442803566659962,0.5442803566659962,0.9887179159436318,0.4149733663396515,0.4149733663396515,0.502532124738007,0.502532124738007,22,,,,,,,,,,,,,,,,,,,,,,,,,,,,,,0.4984427607711707,,,0.4149733663396515,,0.502532124738007,,,
B1,krr_cos_cl,classical,59,13,550,550,182,0.5073353656409325,0.5073353656409325,0.5073353656409325,0.9906898665536145,0.39048672832120634,0.39048672832120634,0.37801693404634573,0.37801693404634573,22,,,,,,,,,,,,,,,,,,,,,,,,,,,,,,0.4953761028004697,,,0.39048672832120634,,0.37801693404634573,,,
B1,ridge_raw_eig,classical,59,13,14,550,182,0.6059834020978668,0.6059834020978668,0.6059834020978668,0.9880224878868227,0.5218526275789928,0.5218526275789928,0.3851831012125129,0.3851831012125129,22,,,,,,,,,,,,,,,,,,,,,,,,,,,,,,0.6040278853122423,,,0.5218526275789928,,0.3851831012125129,,,
B1,composition,classical,59,13,0,550,182,0.6486960579052016,0.6486960579052016,0.6486960579052016,0.9868948163175864,0.5863225750932234,0.5863225750932234,nan,nan,22,,,,,,,,,,,,,,,,,,,,,,,,,,,,,,0.6506687252257675,,,0.5863225750932234,,nan,,,
B1,zz_bytype_r3,quantum,60,13,106,546,186,0.27927158408163194,0.27927158408163194,0.27772163129430194,0.995882346583543,0.22597507267912584,0.22589336668569251,0.6620075921090318,0.6652154989851475,20,0.8635196928606986,2.15589886829385,415.15,molecule,zz,0.1,bytype,3,bytype,eig,0,"[0.000,3.142]",none,1,Z,ridge,1,1,adam,adjoint,100,14,0.8692804959627577,0.1186396690792014,6.45170152828633,0.014683063529781219,0.36911991663647786,0.6357945028527587,0.9857758184919413,0.275247680577073,0.995882346583543,20,0.22597507267912584,0.275247680577073,0.6620075921090318,0.9958683948929593,20,0.27155235552883344
B1,xy_bytype_r3,quantum,60,13,106,546,186,0.29243207391611464,0.29243207391611464,0.28647547387867184,0.9952489218181807,0.24934310860709538,0.2535193300617104,0.6347454057240977,0.6242137100329864,20,0.8810365843003798,2.81524903586902,431.05,molecule,xy,0.1,bytype,3,bytype,eig,0,"[0.000,3.142]",none,1,Z,ridge,1,1,adam,adjoint,100,14,0.914634394614105,0.10880803169964823,8.424860170550046,0.020608834052313754,-0.10845253021932356,0.8692284341493993,0.9857758184919413,0.28256846211885467,0.9952489218181807,20,0.24934310860709538,0.28256846211885467,0.6347454057240977,0.9954709311826795,20,0.2796734390509332
B1,none_r3,quantum,60,13,92,546,186,0.5744837195241026,0.5744837195241026,0.5713794826075688,0.9880435749396298,0.44011118927010834,0.44379970315695466,0.29923158850211357,0.26141898466677915,20,0.2701631255528983,1.1452840350116589,318.63,molecule,none,0.0,fixed,3,fixed,eig,0,"[0.000,3.142]",none,1,Z,ridge,1,1,adam,adjoint,100,14,0.915788911046378,0.6683765164914034,2.998828949920629,0.34408689003343473,0.0,0.0,0.9857758184919413,0.5811720363806575,0.9880435749396298,20,0.44011118927010834,0.5811720363806575,0.29923158850211357,0.9883980467587907,20,0.57465785440701
B1,zz_fixed_r3,quantum,60,13,92,546,186,0.526028086616103,0.526028086616103,0.5071727084312065,0.9898231421845509,0.40924565574956906,0.3970894143304328,0.38610663812465584,0.3764457056731978,20,0.38545760212377433,1.8299227044528592,414.98,molecule,zz,0.1,fixed,3,fixed,eig,0,"[0.000,3.142]",none,1,Z,ridge,1,1,adam,adjoint,100,14,0.8692804959627577,0.5342097204159878,4.974489413924128,0.13347889342571848,0.1,0.05773502691896259,0.9857758184919413,0.5261845665931325,0.9898231421845509,20,0.40924565574956906,0.5261845665931325,0.38610663812465584,0.9908014555312611,20,0.5104520923487258
B1,xy_shuffled_r3,quantum,60,13,106,546,186,0.5572011008326008,0.5572011008326008,0.5344712871780616,0.9879354818851549,0.43366112673729834,0.42363942831172885,0.29050807976279974,0.3073291580015911,20,0.5172382008629658,2.797547031588814,405.81,molecule,xy,0.1,bytype_shuffled,3,bytype_shuffled,eig,0,"[0.000,3.142]",none,1,Z,ridge,1,1,adam,adjoint,100,14,0.914634394614105,0.4415505458965175,8.371885492679967,0.3364534943645396,0.5972886120669845,0.4661721402488456,0.9857758184919413,0.5405618451713003,0.9879354818851549,20,0.43366112673729834,0.5405618451713003,0.29050807976279974,0.9890934235586992,20,0.5180616790633111
B1,krr_res,classical,60,13,546,546,186,0.45517593700790443,0.45517593700790443,0.45517593700790443,0.9905543563676129,0.3572651895912654,0.3572651895912654,0.50444185413617,0.50444185413617,20,,,,,,,,,,,,,,,,,,,,,,,,,,,,,,0.4344682283676486,,,0.3572651895912654,,0.50444185413617,,,
B1,krr_cos_cl,classical,60,13,546,546,186,0.47810795384681165,0.47810795384681165,0.47810795384681165,0.9919184266378829,0.3899108966988598,0.3899108966988598,0.37865541393193053,0.37865541393193053,20,,,,,,,,,,,,,,,,,,,,,,,,,,,,,,0.48307489017574007,,,0.3899108966988598,,0.37865541393193053,,,
B1,ridge_raw_eig,classical,60,13,14,546,186,0.6020803220193923,0.6020803220193923,0.6020803220193923,0.9875759975368221,0.463509779332446,0.463509779332446,0.2536478880756015,0.2536478880756015,20,,,,,,,,,,,,,,,,,,,,,,,,,,,,,,0.6053640498519044,,,0.463509779332446,,0.2536478880756015,,,
B1,composition,classical,60,13,0,546,186,0.6316259425881119,0.6316259425881119,0.6316259425881119,0.9863105741614548,0.4980485566921218,0.4980485566921218,nan,nan,20,,,,,,,,,,,,,,,,,,,,,,,,,,,,,,0.6367435542204886,,,0.4980485566921218,,nan,,,
B1,zz_bytype_r3,quantum,61,13,106,546,186,0.2447684250309303,0.2447684250309303,0.24024282939924985,0.9970561452358712,0.19565679753599363,0.19612737533528765,0.6577497126460111,0.6456206151969757,24,0.8754618208210425,2.9226062252703198,423.32,molecule,zz,0.1,bytype,3,bytype,eig,0,"[0.000,3.142]",none,1,Z,ridge,1,1,adam,adjoint,100,14,0.8842671518366537,0.11012502099749955,8.681130810600912,0.01949968383615425,0.4712035003823596,0.8451208989312194,0.9867327931750073,0.241664106718876,0.9970561452358712,24,0.19565679753599363,0.241664106718876,0.6577497126460111,0.9971625378519117,24,0.2389017620579908
B1,xy_bytype_r3,quantum,61,13,106,546,186,0.3100279646610768,0.3100279646610768,0.2982320431281119,0.996125874395045,0.2576612867812959,0.25554294229092883,0.6869687128012041,0.6614610060431111,24,0.8734769959038333,2.816433659156752,434.92,molecule,xy,0.1,bytype,3,bytype,eig,0,"[0.000,3.142]",none,1,Z,ridge,1,1,adam,adjoint,100,14,0.8950076586155147,0.1132390576571113,8.365762312799328,0.009747732273766565,0.4153958357761071,0.7423215177719772,0.9867327931750073,0.3053279212590291,0.996125874395045,24,0.2576612867812959,0.3053279212590291,0.6869687128012041,0.9962954350898886,24,0.29492943580780506
B1,none_r3,quantum,61,13,92,546,186,0.5931093275188857,0.5931093275188857,0.5666564440615455,0.9852786535150341,0.4602493745853032,0.44403445469909597,0.25521404680660853,0.23820364664536792,24,0.31131356799216064,1.309098700896474,323.84,molecule,none,0.0,fixed,3,fixed,eig,0,"[0.000,3.142]",none,1,Z,ridge,1,1,adam,adjoint,100,14,0.8993950392966505,0.6194011605787607,3.3986468457350862,0.007556033129576682,0.0,0.0,0.9867327931750073,0.6052826944785998,0.9852786535150341,24,0.4602493745853032,0.6052826944785998,0.25521404680660853,0.9860129529267367,24,0.5684185316005713
B1,zz_fixed_r3,quantum,61,13,92,546,186,0.5555554902317422,0.5555554902317422,0.5282358420693304,0.9871754930388946,0.4185329183956625,0.3940765333570029,0.327874560585775,0.42343390164063277,24,0.37107635896540275,1.821373003698532,417.23,molecule,zz,0.1,fixed,3,fixed,eig,0,"[0.000,3.142]",none,1,Z,ridge,1,1,adam,adjoint,100,14,0.8842671518366537,0.5561365167804013,4.910736916035187,0.09789127277886865,0.1,0.05773502691896259,0.9867327931750073,0.560490084066344,0.9871754930388946,24,0.4185329183956625,0.560490084066344,0.327874560585775,0.9884530286279706,24,0.5344426200816603
B1,xy_shuffled_r3,quantum,61,13,106,546,186,0.5832444660028757,0.5832444660028757,0.5695460868909321,0.9841958506463505,0.468619513801309,0.4647109817684282,0.3287209150052258,0.32258562054636614,24,0.5323589550789014,3.1091724171128807,410.33,molecule,xy,0.1,bytype_shuffled,3,bytype_shuffled,eig,0,"[0.000,3.142]",none,1,Z,ridge,1,1,adam,adjoint,100,14,0.8950076586155147,0.4185423166873452,9.235295618099443,0.08660793119260056,0.46679939976310497,0.8063131290837275,0.9867327931750073,0.5577009771118534,0.9841958506463505,24,0.468619513801309,0.5577009771118534,0.3287209150052258,0.985858113614267,24,0.5526093458738407
B1,krr_res,classical,61,13,546,546,186,0.46321101160527806,0.46321101160527806,0.46321101160527806,0.9902286850931673,0.3775639274501669,0.3775639274501669,0.5463281637265315,0.5463281637265315,24,,,,,,,,,,,,,,,,,,,,,,,,,,,,,,0.473273593333441,,,0.3775639274501669,,0.5463281637265315,,,
B1,krr_cos_cl,classical,61,13,546,546,186,0.5110973422496555,0.5110973422496555,0.5110973422496555,0.9878260187543917,0.416583160950594,0.416583160950594,0.22415422211224978,0.22415422211224978,24,,,,,,,,,,,,,,,,,,,,,,,,,,,,,,0.5176753201840553,,,0.416583160950594,,0.22415422211224978,,,
B1,ridge_raw_eig,classical,61,13,14,546,186,0.6460167178375466,0.6460167178375466,0.6460167178375466,0.9837072377826378,0.5136730286198663,0.5136730286198663,0.2339203573225821,0.2339203573225821,24,,,,,,,,,,,,,,,,,,,,,,,,,,,,,,0.652059583854898,,,0.5136730286198663,,0.2339203573225821,,,
B1,composition,classical,61,13,0,546,186,0.6674275043031215,0.6674275043031215,0.6674275043031215,0.9823238571127122,0.542855158145681,0.542855158145681,nan,nan,24,,,,,,,,,,,,,,,,,,,,,,,,,,,,,,0.6722730102081416,,,0.542855158145681,,nan,,,
B4,zz_bytype_r3,quantum,42,13,114,617,221,0.3641762143293797,0.3641762143293797,0.36669008677738235,0.9691207125153793,0.33457370580941675,0.3353675202144672,0.8425390075724064,0.8436366492874856,8,0.8840015224640705,2.6771996548510817,479.7,molecule,zz,0.1,bytype,3,bytype,eig,0,"[0.000,3.142]",none,1,Z,ridge,1,1,adam,adjoint,100,22,0.6431005742202278,0.07459868751202844,6.758372471551389,0.033582521629062105,-0.11828074490392763,0.40302563831003635,0.8285592892788034,0.36272391347566246,0.9691207125153793,8,0.33457370580941675,0.36272391347566246,0.8425390075724064,0.9691932594413761,8,0.36525283923224583
B4,xy_bytype_r3,quantum,42,13,114,617,221,0.38558480186916644,0.38558480186916644,0.38735665195866387,0.9668803936884437,0.35404206895860274,0.3529743861085619,0.8482072807827324,0.8494080833757252,8,0.9038868892581062,2.285022185591797,498.17,molecule,xy,0.1,bytype,3,bytype,eig,0,"[0.000,3.142]",none,1,Z,ridge,1,1,adam,adjoint,100,22,0.6571791368398275,0.06316353115634857,5.768352393145218,0.015370854777167122,0.21362067367760648,0.47791076262155635,0.8285592892788034,0.3824634454423207,0.9668803936884437,8,0.35404206895860274,0.3824634454423207,0.8482072807827324,0.9662039235294797,8,0.38375506133163584
B4,none_r3,quantum,42,13,92,617,221,0.8011551960607394,0.8011551960607394,0.7993381683981456,0.8572484955983258,0.7448450231023479,0.7450281061527332,0.45026374624674076,0.4463794240832139,8,0.1398105412521962,1.257502363374435,351.98,molecule,none,0.0,fixed,3,fixed,eig,0,"[0.000,3.142]",none,1,Z,ridge,1,1,adam,adjoint,100,22,0.6041042101051486,0.5196440735176173,2.584641402824476,0.003316206859659693,0.0,0.0,0.8285592892788034,0.8120174094609559,0.8572484955983258,8,0.7448450231023479,0.8120174094609559,0.45026374624674076,0.8590629164232559,8,0.8090176601353894
B4,zz_fixed_r3,quantum,42,13,92,617,221,0.6303650816315342,0.6303650816315342,0.60511549473658,0.9024707606498661,0.5905526988876443,0.5627236450623648,0.5740232138685751,0.5767088082346985,8,0.44357342539901534,2.673497116862518,454.1,molecule,zz,0.1,fixed,3,fixed,eig,0,"[0.000,3.142]",none,1,Z,ridge,1,1,adam,adjoint,100,22,0.6431005742202278,0.35783824963728766,5.76239412657869,0.19254617949973923,0.1,0.051329724338964995,0.8285592892788034,0.6378026809681582,0.9024707606498661,8,0.5905526988876443,0.6378026809681582,0.5740232138685751,0.9084976221479308,8,0.6101762744549009
B4,xy_shuffled_r3,quantum,42,13,114,617,221,0.7387042653004161,0.7387042653004161,0.7218259855998154,0.8702135725949209,0.6855935893430334,0.6681610108661459,0.4692119557451641,0.4871671540455111,8,0.5958430358421402,2.8309618356613133,451.15,molecule,xy,0.1,bytype_shuffled,3,bytype_shuffled,eig,0,"[0.000,3.142]",none,1,Z,ridge,1,1,adam,adjoint,100,22,0.6571791368398275,0.26560352485306743,7.146532573122663,0.05833784777711551,0.3104736651239181,0.23831781965112606,0.8285592892788034,0.7395938832169586,0.8702135725949209,8,0.6855935893430334,0.7395938832169586,0.4692119557451641,0.8773818538839184,8,0.7232287408669443
B4,krr_res,classical,42,13,617,617,221,0.6709750197545907,0.6709750197545907,0.6709750197545907,0.890703871929336,0.6353421029043189,0.6353421029043189,0.6212733645650754,0.6212733645650754,8,,,,,,,,,,,,,,,,,,,,,,,,,,,,,,0.6635257154224488,,,0.6353421029043189,,0.6212733645650754,,,
B4,krr_cos_cl,classical,42,13,617,617,221,0.7997979134787618,0.7997979134787618,0.7997979134787618,0.8591481448521807,0.7405489711311997,0.7405489711311997,0.46462833344234167,0.46462833344234167,8,,,,,,,,,,,,,,,,,,,,,,,,,,,,,,0.8021229514969827,,,0.7405489711311997,,0.46462833344234167,,,
B4,ridge_raw_eig,classical,42,13,14,617,221,0.8041763665337524,0.8041763665337524,0.8041763665337524,0.8536042568877393,0.743022962753271,0.743022962753271,0.48779521395356434,0.48779521395356434,8,,,,,,,,,,,,,,,,,,,,,,,,,,,,,,0.8037901683947662,,,0.743022962753271,,0.48779521395356434,,,
B4,composition,classical,42,13,0,617,221,0.9731635453113865,0.9731635453113865,0.9731635453113865,0.7862758329733619,0.8726731279961057,0.8726731279961057,nan,nan,8,,,,,,,,,,,,,,,,,,,,,,,,,,,,,,0.9758654270709888,,,0.8726731279961057,,nan,,,
B4,zz_bytype_r3,quantum,43,13,114,637,201,0.3190969092221625,0.3190969092221625,0.3203322821969152,0.9828667993633252,0.31092438986781235,0.3126311918848291,0.821980135961899,0.8239732797483558,10,0.878622688445499,2.473391950989667,494.27,molecule,zz,0.1,bytype,3,bytype,eig,0,"[0.000,3.142]",none,1,Z,ridge,1,1,adam,adjoint,100,22,0.6248972547585565,0.0758483487803817,7.279416504945369,0.009734115160980408,0.22452189020141028,0.3791180586211947,0.8145570762572534,0.31789066157169943,0.9828667993633252,10,0.31092438986781235,0.31789066157169943,0.821980135961899,0.9829725946103466,10,0.3205613419360374
B4,xy_bytype_r3,quantum,43,13,114,637,201,0.43405080944048385,0.43405080944048385,0.4291913044341387,0.9687510376970828,0.40374221072547106,0.3955284208674384,0.755876137183128,0.7583644352641312,10,0.8487705295821685,2.3930501415350913,511.39,molecule,xy,0.1,bytype,3,bytype,eig,0,"[0.000,3.142]",none,1,Z,ridge,1,1,adam,adjoint,100,22,0.6646986582723317,0.10052202607796794,7.042963283875087,0.021145500309683398,0.1649966114315882,0.4751184032386391,0.8145570762572534,0.42807116998968625,0.9687510376970828,10,0.40374221072547106,0.42807116998968625,0.755876137183128,0.9690629286503776,10,0.42401352824005023
B4,none_r3,quantum,43,13,92,637,201,0.8014190884260891,0.8014190884260891,0.8508998142952618,0.9024264525606985,0.6684885163449655,0.712551551618225,0.5246384681035137,0.38992716857458504,10,0.12268508928451698,1.436671880891794,370.18,molecule,none,0.0,fixed,3,fixed,eig,0,"[0.000,3.142]",none,1,Z,ridge,1,1,adam,adjoint,100,22,0.6483411872540553,0.5687993908089618,3.5543966089179326,0.019922362076234594,0.0,0.0,0.8145570762572534,0.7973268110361629,0.9024264525606985,10,0.6684885163449655,0.7973268110361629,0.5246384681035137,0.8869111343812981,10,0.865731246377046
B4,zz_fixed_r3,quantum,43,13,92,637,201,0.6936123269543336,0.6936123269543336,0.6630249518858079,0.9214391345137053,0.6106751402469879,0.5932603570804433,0.6044794543274785,0.6275482747367246,10,0.3871303313652146,2.5629546154111913,460.22,molecule,zz,0.1,fixed,3,fixed,eig,0,"[0.000,3.142]",none,1,Z,ridge,1,1,adam,adjoint,100,22,0.6248972547585565,0.38298057345466363,6.597170726791908,0.5705997670662305,0.1,0.051329724338964995,0.8145570762572534,0.7039378886269048,0.9214391345137053,10,0.6106751402469879,0.7039378886269048,0.6044794543274785,0.9269910947066323,10,0.6748401597541984
B4,xy_shuffled_r3,quantum,43,13,114,637,201,0.647455150166772,0.647455150166772,0.6307305080350617,0.9306424790153959,0.5728960896321558,0.5655074515528681,0.6369948244568305,0.635600237044006,10,0.5603740924640117,3.029349023555695,462.05,molecule,xy,0.1,bytype_shuffled,3,bytype_shuffled,eig,0,"[0.000,3.142]",none,1,Z,ridge,1,1,adam,adjoint,100,22,0.6646986582723317,0.2922187508809276,8.915648517610782,0.034238113942572694,0.6854345559958666,1.3956820173376003,0.8145570762572534,0.6377813477881519,0.9306424790153959,10,0.5728960896321558,0.6377813477881519,0.6369948244568305,0.9334485567679229,10,0.6236444029939207
B4,krr_res,classical,43,13,637,637,201,0.5765475798850104,0.5765475798850104,0.5765475798850104,0.8994363459551503,0.49201746730304624,0.49201746730304624,0.7017366716454861,0.7017366716454861,10,,,,,,,,,,,,,,,,,,,,,,,,,,,,,,0.5167708829464819,,,0.49201746730304624,,0.7017366716454861,,,
B4,krr_cos_cl,classical,43,13,637,637,201,0.8337890967596738,0.8337890967596738,0.8337890967596738,0.8844478898571131,0.7056209258628989,0.7056209258628989,0.4469189439554181,0.4469189439554181,10,,,,,,,,,,,,,,,,,,,,,,,,,,,,,,0.8462848154677823,,,0.7056209258628989,,0.4469189439554181,,,
B4,ridge_raw_eig,classical,43,13,14,637,201,0.8436658623014225,0.8436658623014225,0.8436658623014225,0.8948489058244171,0.6967357492530546,0.6967357492530546,0.4761868383448931,0.4761868383448931,10,,,,,,,,,,,,,,,,,,,,,,,,,,,,,,0.8390955973016778,,,0.6967357492530546,,0.4761868383448931,,,
B4,composition,classical,43,13,0,637,201,0.956120568599693,0.956120568599693,0.956120568599693,0.8387557372460737,0.8420082830290694,0.8420082830290694,nan,nan,10,,,,,,,,,,,,,,,,,,,,,,,,,,,,,,0.9645449181204725,,,0.8420082830290694,,nan,,,
B4,zz_bytype_r3,quantum,44,13,114,638,200,0.34724219864520023,0.34724219864520023,0.3348110459878367,0.9666646337678964,0.3292660083045574,0.31832283249225923,0.8856546464319807,0.8782089299369339,9,0.8742903932805506,2.6806341514242766,498.09,molecule,zz,0.1,bytype,3,bytype,eig,0,"[0.000,3.142]",none,1,Z,ridge,1,1,adam,adjoint,100,22,0.5940990900276817,0.07468396295976264,7.7436893074921365,0.012572594372335783,0.22561382419937773,0.41518837691284105,0.8403390802079029,0.3472224590916818,0.9666646337678964,9,0.3292660083045574,0.3472224590916818,0.8856546464319807,0.9689499692102204,9,0.33495929637536914
B4,xy_bytype_r3,quantum,44,13,114,638,200,0.30699791525686754,0.30699791525686754,0.3137252131996945,0.9697132666829305,0.3076586641615154,0.3084631314590106,0.8787197498111413,0.873073519244939,9,0.8767818000901684,2.5400015575559185,508.97,molecule,xy,0.1,bytype,3,bytype,eig,0,"[0.000,3.142]",none,1,Z,ridge,1,1,adam,adjoint,100,22,0.5947671498134808,0.07328613756551823,7.3374365135983215,0.0762697573154933,-0.05772425882559739,0.48398623077975306,0.8403390802079029,0.3066449334280049,0.9697132666829305,9,0.3076586641615154,0.3066449334280049,0.8787197498111413,0.9692428982245672,9,0.3135942297959898
B4,none_r3,quantum,44,13,92,638,200,0.9182970427775987,0.9182970427775987,0.8722139049118844,0.8103051144983973,0.8215584856733781,0.7881495277436298,0.3454640791524055,0.3904688858280695,9,0.12222887116835623,1.4371376948361823,371.28,molecule,none,0.0,fixed,3,fixed,eig,0,"[0.000,3.142]",none,1,Z,ridge,1,1,adam,adjoint,100,22,0.5945783158339286,0.5219036794683651,3.4774581553209805,0.0021390632726574254,0.0,0.0,0.8403390802079029,0.9162983901790098,0.8103051144983973,9,0.8215584856733781,0.9162983901790098,0.3454640791524055,0.8266271207470675,9,0.8731049024218689
B4,zz_fixed_r3,quantum,44,13,92,638,200,0.8138061515635593,0.8138061515635593,0.7892342468773321,0.8432888852524272,0.6912574163234448,0.6718983418395844,0.6506815734552501,0.675375239913587,9,0.5197245014559828,2.2636723025599195,459.35,molecule,zz,0.1,fixed,3,fixed,eig,0,"[0.000,3.142]",none,1,Z,ridge,1,1,adam,adjoint,100,22,0.5940990900276817,0.28533123664759175,5.703800421101713,0.22830452602898088,0.1,0.051329724338964995,0.8403390802079029,0.8147945723866544,0.8432888852524272,9,0.6912574163234448,0.8147945723866544,0.6506815734552501,0.8506582667136878,9,0.7897414146229583
B4,xy_shuffled_r3,quantum,44,13,114,638,200,0.9165159325997075,0.9165159325997075,0.768694732512975,0.3980220761732096,0.8867482213464304,0.7263548602314199,0.5488540065177295,0.5668974139968146,9,0.6212187805911303,2.9499757975150165,465.17,molecule,xy,0.1,bytype_shuffled,3,bytype_shuffled,eig,0,"[0.000,3.142]",none,1,Z,ridge,1,1,adam,adjoint,100,22,0.5947671498134808,0.22528662627068813,8.521750731423118,0.2327356886679901,0.22593695741819247,0.5410623290434511,0.8403390802079029,0.9187019760519969,0.3980220761732096,9,0.8867482213464304,0.9187019760519969,0.5488540065177295,0.8411242457531207,9,0.7722968131075094
B4,krr_res,classical,44,13,638,638,200,0.6183792487738379,0.6183792487738379,0.6183792487738379,0.8924304769769709,0.571559311059924,0.571559311059924,0.6449326681329828,0.6449326681329828,9,,,,,,,,,,,,,,,,,,,,,,,,,,,,,,0.6195000643034637,,,0.571559311059924,,0.6449326681329828,,,
B4,krr_cos_cl,classical,44,13,638,638,200,0.8615136124190148,0.8615136124190148,0.8615136124190148,0.8351983995513317,0.7597037987726557,0.7597037987726557,0.5225800406647632,0.5225800406647632,9,,,,,,,,,,,,,,,,,,,,,,,,,,,,,,0.8622325756976545,,,0.7597037987726557,,0.5225800406647632,,,
B4,ridge_raw_eig,classical,44,13,14,638,200,0.8906535074024968,0.8906535074024968,0.8906535074024968,0.8200237150670744,0.7931009198630657,0.7931009198630657,0.4022690898110964,0.4022690898110964,9,,,,,,,,,,,,,,,,,,,,,,,,,,,,,,0.8895444071112867,,,0.7931009198630657,,0.4022690898110964,,,
B4,composition,classical,44,13,0,638,200,1.0190053222878577,1.0190053222878577,1.0190053222878577,0.7428694870944461,0.9636136126744006,0.9636136126744006,nan,nan,9,,,,,,,,,,,,,,,,,,,,,,,,,,,,,,1.0205172621773706,,,0.9636136126744006,,nan,,,
B4,zz_bytype_r3,quantum,45,13,114,615,223,0.3612707289118317,0.3612707289118317,0.35085356380272203,0.9795849594829441,0.3366307444462654,0.3298719249482398,0.8859402658413216,0.8883894934618151,10,0.8820794831080726,2.3526504831861197,479.19,molecule,zz,0.1,bytype,3,bytype,eig,0,"[0.000,3.142]",none,1,Z,ridge,1,1,adam,adjoint,100,22,0.6759349475691785,0.07970659840267534,6.634411739388674,0.019625869592608224,0.10585489026266887,0.2564428079367566,0.8054176365325658,0.3606837193308872,0.9795849594829441,10,0.3366307444462654,0.3606837193308872,0.8859402658413216,0.9801034343861373,10,0.35007717968947427
B4,xy_bytype_r3,quantum,45,13,114,615,223,0.4041926034350121,0.4041926034350121,0.4074660674854801,0.9679519004277678,0.3517777172660994,0.3532890163950204,0.851588606936531,0.8376282447947615,10,0.8839867956483023,2.4943271353907543,498.3,molecule,xy,0.1,bytype,3,bytype,eig,0,"[0.000,3.142]",none,1,Z,ridge,1,1,adam,adjoint,100,22,0.7165903490859563,0.08313394260496346,7.033936127435801,0.015237067463999302,0.031428869864735115,0.7733108607778173,0.8054176365325658,0.39854350349644924,0.9679519004277678,10,0.3517777172660994,0.39854350349644924,0.851588606936531,0.9671636209231698,10,0.40211202004949714
B4,none_r3,quantum,45,13,92,615,223,0.7327567016048345,0.7327567016048345,0.8207643435060523,0.9158616598840277,0.7018161505904493,0.7493481373329323,0.42938007950093543,0.39665171832647755,10,0.056045505252978675,1.4435469561408534,358.87,molecule,none,0.0,fixed,3,fixed,eig,0,"[0.000,3.142]",none,1,Z,ridge,1,1,adam,adjoint,100,22,0.5670852885710884,0.5353027070515906,3.39368045245944,0.001509267747796052,0.0,0.0,0.8054176365325658,0.7263255065773638,0.9158616598840277,10,0.7018161505904493,0.7263255065773638,0.42938007950093543,0.8966668270702036,10,0.8191269490976855
B4,zz_fixed_r3,quantum,45,13,92,615,223,0.5535549394569637,0.5535549394569637,0.5545137095876607,0.9444329375870281,0.5184957300893054,0.5151697413854924,0.6248583233185304,0.6315286360433582,10,0.4717202776225274,2.991097892898156,447.85,molecule,zz,0.1,fixed,3,fixed,eig,0,"[0.000,3.142]",none,1,Z,ridge,1,1,adam,adjoint,100,22,0.6759349475691785,0.3570827264470771,7.330976960177072,0.17204694248967556,0.1,0.051329724338964995,0.8054176365325658,0.5508956959839385,0.9444329375870281,10,0.5184957300893054,0.5508956959839385,0.6248583233185304,0.9428071230718087,10,0.5488248007841022
B4,xy_shuffled_r3,quantum,45,13,114,615,223,0.5852393773259188,0.5852393773259188,0.5669298129855302,0.9412594264511174,0.5303972473465154,0.5133405927899513,0.6817236707200344,0.6962214135208502,10,0.6102890879922279,2.3707405294675636,450.09,molecule,xy,0.1,bytype_shuffled,3,bytype_shuffled,eig,0,"[0.000,3.142]",none,1,Z,ridge,1,1,adam,adjoint,100,22,0.7165903490859563,0.2792630784782558,6.685425188378836,0.07691280698813707,0.3303491867505953,0.40643611613476144,0.8054176365325658,0.5799374329567711,0.9412594264511174,10,0.5303972473465154,0.5799374329567711,0.6817236707200344,0.9439780071017909,10,0.5600224510076275
B4,krr_res,classical,45,13,615,615,223,0.7492075583410654,0.7492075583410654,0.7492075583410654,0.8906624209730634,0.6150328008702007,0.6150328008702007,0.4132346734760867,0.4132346734760867,10,,,,,,,,,,,,,,,,,,,,,,,,,,,,,,0.7527337113483021,,,0.6150328008702007,,0.4132346734760867,,,
B4,krr_cos_cl,classical,45,13,615,615,223,0.8433009515023109,0.8433009515023109,0.8433009515023109,0.8794504630236609,0.7786870495687571,0.7786870495687571,0.34480198371990833,0.34480198371990833,10,,,,,,,,,,,,,,,,,,,,,,,,,,,,,,0.8396736546946244,,,0.7786870495687571,,0.34480198371990833,,,
B4,ridge_raw_eig,classical,45,13,14,615,223,0.7952383492231606,0.7952383492231606,0.7952383492231606,0.901612424016625,0.7358562235856586,0.7358562235856586,0.37407100119258596,0.37407100119258596,10,,,,,,,,,,,,,,,,,,,,,,,,,,,,,,0.7913770975883418,,,0.7358562235856586,,0.37407100119258596,,,
B4,composition,classical,45,13,0,615,223,0.9497229826568703,0.9497229826568703,0.9497229826568703,0.8490485119910289,0.7953059947968261,0.7953059947968261,nan,nan,10,,,,,,,,,,,,,,,,,,,,,,,,,,,,,,0.9366643407903738,,,0.7953059947968261,,nan,,,
B4,zz_bytype_r3,quantum,46,13,114,637,201,0.37255665721292497,0.37255665721292497,0.3637731520778968,0.949209278326809,0.2906538860045787,0.2902388080802871,0.8983936606295242,0.8965498804951053,9,0.8792554704948029,2.7736911302329603,490.57,molecule,zz,0.1,bytype,3,bytype,eig,0,"[0.000,3.142]",none,1,Z,ridge,1,1,adam,adjoint,100,22,0.5642592832952438,0.06813122168042397,8.624840376159103,0.010413095057572505,0.13480998222001436,0.9668588582182068,0.8249332317337389,0.3711730456688001,0.949209278326809,9,0.2906538860045787,0.3711730456688001,0.8983936606295242,0.9518231854396789,9,0.36112074613157014
B4,xy_bytype_r3,quantum,46,13,114,637,201,0.37686532068013046,0.37686532068013046,0.3754710505020143,0.9625514732332628,0.35025072944464897,0.34758494461098316,0.8552593513873175,0.8610115286481713,9,0.8436067904564435,2.29644469410223,508.67,molecule,xy,0.1,bytype,3,bytype,eig,0,"[0.000,3.142]",none,1,Z,ridge,1,1,adam,adjoint,100,22,0.4919600154821903,0.07693920578835753,7.140834357301249,0.03850367252659235,0.18222089370790776,0.38541655134314995,0.8249332317337389,0.37881549662335334,0.9625514732332628,9,0.35025072944464897,0.37881549662335334,0.8552593513873175,0.9638075912097966,9,0.37812448413143596
B4,none_r3,quantum,46,13,92,637,201,0.8634494318878038,0.8634494318878038,0.8536864842024123,0.8417792513588503,0.7906354591801236,0.7859614919682247,0.32705962573746783,0.351572601873629,9,0.12265601500742458,1.5360266572032952,375.25,molecule,none,0.0,fixed,3,fixed,eig,0,"[0.000,3.142]",none,1,Z,ridge,1,1,adam,adjoint,100,22,0.5673992740808609,0.497804340203997,4.055841001128828,0.001966485565843962,0.0,0.0,0.8249332317337389,0.8572610898671582,0.8417792513588503,9,0.7906354591801236,0.8572610898671582,0.32705962573746783,0.845278411340493,9,0.8491866061956029
B4,zz_fixed_r3,quantum,46,13,92,637,201,0.6400632471402616,0.6400632471402616,0.6207495502470695,0.9070024320197186,0.6157706581577276,0.5878917578566114,0.6231434932886948,0.6743809245639019,9,0.5508650045230327,2.212117610369195,451.06,molecule,zz,0.1,fixed,3,fixed,eig,0,"[0.000,3.142]",none,1,Z,ridge,1,1,adam,adjoint,100,22,0.5642592832952438,0.25342859065064616,6.062254467802295,0.24871077349514623,0.1,0.051329724338964995,0.8249332317337389,0.6385029113490837,0.9070024320197186,9,0.6157706581577276,0.6385029113490837,0.6231434932886948,0.9122246608717351,9,0.6190166508153195
B4,xy_shuffled_r3,quantum,46,13,114,637,201,0.8736509469601597,0.8736509469601597,0.724492248434998,0.6259822920027416,0.8340894161398771,0.6596952894901155,0.45784563199862466,0.5018304517064994,9,0.480887682068816,1.8231840847864413,462.85,molecule,xy,0.1,bytype_shuffled,3,bytype_shuffled,eig,0,"[0.000,3.142]",none,1,Z,ridge,1,1,adam,adjoint,100,22,0.4919600154821903,0.255382503966421,5.669222335623245,0.4415227519423314,0.11329281995776955,0.22412096594844974,0.8249332317337389,0.8751049227410507,0.6259822920027416,9,0.8340894161398771,0.8751049227410507,0.45784563199862466,0.8820623795987881,9,0.7196080229352751
B4,krr_res,classical,46,13,637,637,201,0.6285337340329202,0.6285337340329202,0.6285337340329202,0.8838886718795216,0.5828751794418157,0.5828751794418157,0.6842582488846212,0.6842582488846212,9,,,,,,,,,,,,,,,,,,,,,,,,,,,,,,0.6306535431320146,,,0.5828751794418157,,0.6842582488846212,,,
B4,krr_cos_cl,classical,46,13,637,637,201,0.8343356209754276,0.8343356209754276,0.8343356209754276,0.8521792098457635,0.7763393832862204,0.7763393832862204,0.37916869614425985,0.37916869614425985,9,,,,,,,,,,,,,,,,,,,,,,,,,,,,,,0.83191941273291,,,0.7763393832862204,,0.37916869614425985,,,
B4,ridge_raw_eig,classical,46,13,14,637,201,0.8694050896370521,0.8694050896370521,0.8694050896370521,0.8410163804425347,0.7935480333454643,0.7935480333454643,0.339249555227598,0.339249555227598,9,,,,,,,,,,,,,,,,,,,,,,,,,,,,,,0.8624302023412352,,,0.7935480333454643,,0.339249555227598,,,
B4,composition,classical,46,13,0,637,201,0.9292429296771894,0.9292429296771894,0.9292429296771894,0.804957665191498,0.8642923567994455,0.8642923567994455,nan,nan,9,,,,,,,,,,,,,,,,,,,,,,,,,,,,,,0.9294729372331416,,,0.8642923567994455,,nan,,,
B4,zz_bytype_r3,quantum,47,13,114,642,196,0.3601931919473178,0.3601931919473178,0.34535421425218943,0.9753155106726199,0.3095515306725934,0.29943551540675123,0.8925304793007065,0.9018894675319928,10,0.8825575091804968,2.630917059105273,505.13,molecule,zz,0.1,bytype,3,bytype,eig,0,"[0.000,3.142]",none,1,Z,ridge,1,1,adam,adjoint,100,22,0.6643715088515338,0.07802544482903573,7.74102730339194,0.01606859958269927,0.27356992324152074,0.3738832906684489,0.8330158837111028,0.3565989132787079,0.9753155106726199,10,0.3095515306725934,0.3565989132787079,0.8925304793007065,0.9767743213422949,10,0.3425994758393218
B4,xy_bytype_r3,quantum,47,13,114,642,196,0.3880804611912908,0.3880804611912908,0.3798075649999688,0.9695232366907941,0.32243451911778304,0.32470620966226293,0.8635195810108462,0.8417507969726922,10,0.8893650411964594,2.731769072640378,518.72,molecule,xy,0.1,bytype,3,bytype,eig,0,"[0.000,3.142]",none,1,Z,ridge,1,1,adam,adjoint,100,22,0.6207967341762283,0.06868182111095954,8.037767251036966,0.013182900037887812,0.19849901969239536,0.4882908925945783,0.8330158837111028,0.37267031107329135,0.9695232366907941,10,0.32243451911778304,0.37267031107329135,0.8635195810108462,0.9717418638497055,10,0.36822005715756245
B4,none_r3,quantum,47,13,92,642,196,0.8982817007211756,0.8982817007211756,0.8805477075315243,0.8788150811318102,0.8301936664310471,0.8186581860158928,0.5901472884491464,0.5935857476245352,10,0.08902514368739116,1.4770613040338072,376.11,molecule,none,0.0,fixed,3,fixed,eig,0,"[0.000,3.142]",none,1,Z,ridge,1,1,adam,adjoint,100,22,0.6336454401890448,0.5772350638293549,3.6531992496263794,0.035406323660732306,0.0,0.0,0.8330158837111028,0.8997320977628341,0.8788150811318102,10,0.8301936664310471,0.8997320977628341,0.5901472884491464,0.8835655310304358,10,0.8851799560382815
B4,zz_fixed_r3,quantum,47,13,92,642,196,0.767705212826377,0.767705212826377,0.7394633991169309,0.9027244439279949,0.735375677564334,0.7118281637647225,0.6387273825069074,0.6596065180985407,10,0.41831705024439275,2.1142573164823344,460.8,molecule,zz,0.1,fixed,3,fixed,eig,0,"[0.000,3.142]",none,1,Z,ridge,1,1,adam,adjoint,100,22,0.6643715088515338,0.38645357900234373,5.440594772226906,0.2631521120224003,0.1,0.051329724338964995,0.8330158837111028,0.7697838699655196,0.9027244439279949,10,0.735375677564334,0.7697838699655196,0.6387273825069074,0.8963920094813475,10,0.7442174641145365
B4,xy_shuffled_r3,quantum,47,13,114,642,196,0.820436831269384,0.820436831269384,0.7944415646320585,0.8664490965653917,0.7725137360999519,0.7487352434641694,0.5906648768157992,0.6070219842646607,10,0.564213033412207,2.5900630730453233,464.27,molecule,xy,0.1,bytype_shuffled,3,bytype_shuffled,eig,0,"[0.000,3.142]",none,1,Z,ridge,1,1,adam,adjoint,100,22,0.6207967341762283,0.270535125654267,7.620821377306983,0.2684693464847328,0.4644890104812886,0.29034951292932987,0.8330158837111028,0.8184416607494676,0.8664490965653917,10,0.7725137360999519,0.8184416607494676,0.5906648768157992,0.878601282064209,10,0.7932563468085809
B4,krr_res,classical,47,13,642,642,196,0.7407066854857195,0.7407066854857195,0.7407066854857195,0.8502721876376143,0.5628869835109692,0.5628869835109692,0.7534918926551764,0.7534918926551764,10,,,,,,,,,,,,,,,,,,,,,,,,,,,,,,0.6686628024956446,,,0.5628869835109692,,0.7534918926551764,,,
B4,krr_cos_cl,classical,47,13,642,642,196,0.8810959847612889,0.8810959847612889,0.8810959847612889,0.88157573702244,0.8180189143932821,0.8180189143932821,0.645270360619506,0.645270360619506,10,,,,,,,,,,,,,,,,,,,,,,,,,,,,,,0.8901624941919322,,,0.8180189143932821,,0.645270360619506,,,
B4,ridge_raw_eig,classical,47,13,14,642,196,0.8927179326268289,0.8927179326268289,0.8927179326268289,0.8807936066567795,0.8398286583855628,0.8398286583855628,0.5612700588968228,0.5612700588968228,10,,,,,,,,,,,,,,,,,,,,,,,,,,,,,,0.8964051793689433,,,0.8398286583855628,,0.5612700588968228,,,
B4,composition,classical,47,13,0,642,196,1.1338893066555753,1.1338893066555753,1.1338893066555753,0.7856283723754557,1.0894578741788465,1.0894578741788465,nan,nan,10,,,,,,,,,,,,,,,,,,,,,,,,,,,,,,1.1563419101525536,,,1.0894578741788465,,nan,,,
B4,zz_bytype_r3,quantum,48,13,114,609,229,0.3123678137401867,0.3123678137401867,0.3080843089950923,0.9813114699581829,0.28630581079250855,0.2826416309721492,0.8638628814737417,0.8658686359704382,13,0.884563238004932,2.4529701496253713,462.55,molecule,zz,0.1,bytype,3,bytype,eig,0,"[0.000,3.142]",none,1,Z,ridge,1,1,adam,adjoint,100,22,0.6332473354594074,0.07310002194743853,7.380694001516552,0.022488997845989452,0.11536081800147535,0.31022094264600925,0.8086605045951484,0.30728421825187885,0.9813114699581829,13,0.28630581079250855,0.30728421825187885,0.8638628814737417,0.981859250271141,13,0.3031316230790747
B4,xy_bytype_r3,quantum,48,13,114,609,229,0.2823493092643572,0.2823493092643572,0.2827884426204783,0.9824477026228863,0.2508442920859922,0.25178052704226045,0.8422889470658408,0.841755435875415,13,0.8976197763304673,2.196633518959324,483.63,molecule,xy,0.1,bytype,3,bytype,eig,0,"[0.000,3.142]",none,1,Z,ridge,1,1,adam,adjoint,100,22,0.6425126488879713,0.06578058870365447,6.609407717166616,0.024106911973515235,0.2794749035179253,0.39491768637223407,0.8086605045951484,0.28090272951635226,0.9824477026228863,13,0.2508442920859922,0.28090272951635226,0.8422889470658408,0.9830570257960367,13,0.28124077765759736
B4,none_r3,quantum,48,13,92,609,229,0.7113867433935911,0.7113867433935911,0.7022147549528591,0.9222515322272786,0.5685292376659291,0.581630472687631,0.5687163398263618,0.5309650506950654,13,0.09137640484533059,1.4363425487330217,348.58,molecule,none,0.0,fixed,3,fixed,eig,0,"[0.000,3.142]",none,1,Z,ridge,1,1,adam,adjoint,100,22,0.6580875545823422,0.5979538797711526,3.6480786849355282,0.008802007397345657,0.0,0.0,0.8086605045951484,0.7079698446068248,0.9222515322272786,13,0.5685292376659291,0.7079698446068248,0.5687163398263618,0.9252504698177297,13,0.7010757203773441
B4,zz_fixed_r3,quantum,48,13,92,609,229,0.6518163651839756,0.6518163651839756,0.6452726996326732,0.9187724980064067,0.590797043649966,0.5964466653518894,0.6149779030588717,0.6268242176208567,13,0.4949686723545369,2.180214716495826,441.29,molecule,zz,0.1,fixed,3,fixed,eig,0,"[0.000,3.142]",none,1,Z,ridge,1,1,adam,adjoint,100,22,0.6332473354594074,0.31980974255501643,5.755415627971789,0.26745271411607074,0.1,0.051329724338964995,0.8086605045951484,0.6479298873936339,0.9187724980064067,13,0.590797043649966,0.6479298873936339,0.6149779030588717,0.9197875228990323,13,0.6415545002541844
B4,xy_shuffled_r3,quantum,48,13,114,609,229,0.6324643214851502,0.6324643214851502,0.6328199952016925,0.923736476033046,0.566803087618659,0.5670059069078929,0.6377060029558441,0.6435235130595562,13,0.6022807317401092,2.198895051030943,446.52,molecule,xy,0.1,bytype_shuffled,3,bytype_shuffled,eig,0,"[0.000,3.142]",none,1,Z,ridge,1,1,adam,adjoint,100,22,0.6425126488879713,0.25553966056344807,6.6162123968720685,0.06820779961211607,0.29435342996899583,0.34110871764054035,0.8086605045951484,0.6221018599570849,0.923736476033046,13,0.566803087618659,0.6221018599570849,0.6377060029558441,0.925998803696235,13,0.6231697907827655
B4,krr_res,classical,48,13,609,609,229,0.6246996720007819,0.6246996720007819,0.6246996720007819,0.9010899866385822,0.5611002106610131,0.5611002106610131,0.644651682399766,0.644651682399766,13,,,,,,,,,,,,,,,,,,,,,,,,,,,,,,0.6178925372924672,,,0.5611002106610131,,0.644651682399766,,,
B4,krr_cos_cl,classical,48,13,609,609,229,0.7022925257258477,0.7022925257258477,0.7022925257258477,0.9219830340942373,0.5890780570120954,0.5890780570120954,0.5560313796092251,0.5560313796092251,13,,,,,,,,,,,,,,,,,,,,,,,,,,,,,,0.6991558237305865,,,0.5890780570120954,,0.5560313796092251,,,
B4,ridge_raw_eig,classical,48,13,14,609,229,0.7205700537978026,0.7205700537978026,0.7205700537978026,0.9196964545091902,0.6140069361035839,0.6140069361035839,0.5416321274545214,0.5416321274545214,13,,,,,,,,,,,,,,,,,,,,,,,,,,,,,,0.7185873288478879,,,0.6140069361035839,,0.5416321274545214,,,
B4,composition,classical,48,13,0,609,229,0.9275432440758239,0.9275432440758239,0.9275432440758239,0.8530644166861027,0.8201459878191912,0.8201459878191912,nan,nan,13,,,,,,,,,,,,,,,,,,,,,,,,,,,,,,0.923887776449558,,,0.8201459878191912,,nan,,,
B4,zz_bytype_r3,quantum,49,13,114,613,225,0.318132189896761,0.318132189896761,0.3110525961531731,0.9582261863562039,0.27922398974147195,0.27792405690454725,0.8571033344395492,0.8497805183596785,10,0.8710395953685197,2.2291879017603664,475.89,molecule,zz,0.1,bytype,3,bytype,eig,0,"[0.000,3.142]",none,1,Z,ridge,1,1,adam,adjoint,100,22,0.6019506624085161,0.07762780099238988,6.6854916158410935,0.02925568402557854,0.10411059795984869,0.4919793560365111,0.8474852356148728,0.30794528442004254,0.9582261863562039,10,0.27922398974147195,0.30794528442004254,0.8571033344395492,0.9632643108408152,10,0.30528763674300063
B4,xy_bytype_r3,quantum,49,13,114,613,225,0.4119050676129014,0.4119050676129014,0.3830290982019049,0.8970275764266551,0.3216282725662182,0.3244367216331346,0.848686022001381,0.8564726694563845,10,0.8545544542261505,3.043885507156496,488.84,molecule,xy,0.1,bytype,3,bytype,eig,0,"[0.000,3.142]",none,1,Z,ridge,1,1,adam,adjoint,100,22,0.6133642367261731,0.08921109616879885,9.12882714893836,0.011307490791560529,0.2787663699489477,2.1460592532597746,0.8474852356148728,0.3954597289456542,0.8970275764266551,10,0.3216282725662182,0.3954597289456542,0.848686022001381,0.9364861076958978,10,0.375177936176828
B4,none_r3,quantum,49,13,92,613,225,0.7621409496805664,0.7621409496805664,0.7849996147023126,0.8353947477072925,0.7024900351375024,0.7146858113588165,0.49683596368407296,0.4961900860085963,10,0.05986193799833442,1.1494554328963715,356.04,molecule,none,0.0,fixed,3,fixed,eig,0,"[0.000,3.142]",none,1,Z,ridge,1,1,adam,adjoint,100,22,0.6121137364734419,0.5754714219327399,2.9081554615272553,0.015036928073986697,0.0,0.0,0.8474852356148728,0.765919461258655,0.8353947477072925,10,0.7024900351375024,0.765919461258655,0.49683596368407296,0.8211313493351751,10,0.7647558810015455
B4,zz_fixed_r3,quantum,49,13,92,613,225,0.6163620879939694,0.6163620879939694,0.6056045474793121,0.8771237154958993,0.5919774558131969,0.595241438998862,0.7142597217253643,0.7159133686943243,10,0.3804949432388973,2.0319442945680217,442.71,molecule,zz,0.1,fixed,3,fixed,eig,0,"[0.000,3.142]",none,1,Z,ridge,1,1,adam,adjoint,100,22,0.6019506624085161,0.37291147928277113,5.344072212666932,0.5095596613826721,0.1,0.051329724338964995,0.8474852356148728,0.6149278285651033,0.8771237154958993,10,0.5919774558131969,0.6149278285651033,0.7142597217253643,0.8814621831564513,10,0.6040857622355013
B4,xy_shuffled_r3,quantum,49,13,114,613,225,0.6687277100957029,0.6687277100957029,0.6434866452113122,0.7768964643413452,0.6400802023179073,0.6258058445583319,0.6621525083118942,0.6590058218582713,10,0.4966477410901475,2.886756183881569,448.5,molecule,xy,0.1,bytype_shuffled,3,bytype_shuffled,eig,0,"[0.000,3.142]",none,1,Z,ridge,1,1,adam,adjoint,100,22,0.6133642367261731,0.30873827409063676,8.657585234998422,0.18882002923944452,0.344184882926802,0.8900490794438075,0.8474852356148728,0.6611153532549384,0.7768964643413452,10,0.6400802023179073,0.6611153532549384,0.6621525083118942,0.8047326969608983,10,0.6366011999783746
B4,krr_res,classical,49,13,613,613,225,0.6439977399845539,0.6439977399845539,0.6439977399845539,0.8744894257297706,0.5143599142001956,0.5143599142001956,0.7254998011920099,0.7254998011920099,10,,,,,,,,,,,,,,,,,,,,,,,,,,,,,,0.6210902272453283,,,0.5143599142001956,,0.7254998011920099,,,
B4,krr_cos_cl,classical,49,13,613,613,225,0.7180014268008558,0.7180014268008558,0.7180014268008558,0.8487978187562397,0.675867010218693,0.675867010218693,0.5687541565538532,0.5687541565538532,10,,,,,,,,,,,,,,,,,,,,,,,,,,,,,,0.7124229820998962,,,0.675867010218693,,0.5687541565538532,,,
B4,ridge_raw_eig,classical,49,13,14,613,225,0.7484506501042271,0.7484506501042271,0.7484506501042271,0.8360142238040941,0.6803109611887623,0.6803109611887623,0.5432549962460597,0.5432549962460597,10,,,,,,,,,,,,,,,,,,,,,,,,,,,,,,0.7320457842017296,,,0.6803109611887623,,0.5432549962460597,,,
B4,composition,classical,49,13,0,613,225,1.036544912366711,1.036544912366711,1.036544912366711,0.6931780829674293,0.9736538554722521,0.9736538554722521,nan,nan,10,,,,,,,,,,,,,,,,,,,,,,,,,,,,,,1.0348506211975537,,,0.9736538554722521,,nan,,,
B4,zz_bytype_r3,quantum,50,13,114,618,220,0.32913918242461127,0.32913918242461127,0.32657138087527604,0.972986056996255,0.26691201235007417,0.26223035718701115,0.8614396244500906,0.8710478336635288,9,0.8719353292286323,2.542525711744869,476.0,molecule,zz,0.1,bytype,3,bytype,eig,0,"[0.000,3.142]",none,1,Z,ridge,1,1,adam,adjoint,100,22,0.6308067171053926,0.08078405454646942,7.997228150551122,0.016458202301308678,0.16206867802815525,0.47878168891452716,0.8456882434825623,0.3275421212002226,0.972986056996255,9,0.26691201235007417,0.3275421212002226,0.8614396244500906,0.9738912049204237,9,0.32555667028818447
B4,xy_bytype_r3,quantum,50,13,114,618,220,0.33288739687918717,0.33288739687918717,0.31591060238347035,0.96060089746391,0.29629684348490726,0.2836060619163871,0.873741975377967,0.8649616233148452,9,0.8837962402574203,2.4009209457287466,461.64,molecule,xy,0.1,bytype,3,bytype,eig,0,"[0.000,3.142]",none,1,Z,ridge,1,1,adam,adjoint,100,22,0.6126559592645963,0.07119292589524287,7.551826314178276,0.1124941587271608,0.2176438860262107,0.35083894093216506,0.8456882434825623,0.3166260650921502,0.96060089746391,9,0.29629684348490726,0.3166260650921502,0.873741975377967,0.969383654812056,9,0.3054146655099566
B4,none_r3,quantum,50,13,92,618,220,0.8513752407587436,0.8513752407587436,0.8173360204197267,0.8339459002509061,0.7769432299803433,0.7564854686674404,0.4206514785831548,0.4336900244066412,9,0.09586939384761183,1.0919125409222143,315.92,molecule,none,0.0,fixed,3,fixed,eig,0,"[0.000,3.142]",none,1,Z,ridge,1,1,adam,adjoint,100,22,0.6383898397768538,0.5771877927989728,2.92233548863158,0.006046608172559368,0.0,0.0,0.8456882434825623,0.8314798625732225,0.8339459002509061,9,0.7769432299803433,0.8314798625732225,0.4206514785831548,0.8523411615564318,9,0.808193278266857
B4,zz_fixed_r3,quantum,50,13,92,618,220,0.7159610574891755,0.7159610574891755,0.7033247281563937,0.874109680782502,0.6852349255673963,0.6828130890148169,0.6420478501662221,0.656344326642036,9,0.4874330780373823,2.028854451746122,415.75,molecule,zz,0.1,fixed,3,fixed,eig,0,"[0.000,3.142]",none,1,Z,ridge,1,1,adam,adjoint,100,22,0.6308067171053926,0.32333065734005484,5.632801435147869,0.3123439419052518,0.1,0.051329724338964995,0.8456882434825623,0.7184312931886193,0.874109680782502,9,0.6852349255673963,0.7184312931886193,0.6420478501662221,0.8762736178375283,9,0.7092201441076215
B4,xy_shuffled_r3,quantum,50,13,114,618,220,0.7813948053963129,0.7813948053963129,0.7603171128582232,0.8375002140054404,0.7483834678075638,0.7375249099420544,0.5883354369508852,0.6032790429933921,9,0.5464638624140019,2.2046330671231904,433.47,molecule,xy,0.1,bytype_shuffled,3,bytype_shuffled,eig,0,"[0.000,3.142]",none,1,Z,ridge,1,1,adam,adjoint,100,22,0.6126559592645963,0.2778616174339096,6.934424908503196,0.17314221690271708,0.32837743272845493,0.5088748292098698,0.8456882434825623,0.7800386308884614,0.8375002140054404,9,0.7483834678075638,0.7800386308884614,0.5883354369508852,0.840866708330508,9,0.7622601378451331
B4,krr_res,classical,50,13,618,618,220,0.7843641310740711,0.7843641310740711,0.7843641310740711,0.8473768495712741,0.6977138355107786,0.6977138355107786,0.6757603028895207,0.6757603028895207,9,,,,,,,,,,,,,,,,,,,,,,,,,,,,,,0.7598160611993067,,,0.6977138355107786,,0.6757603028895207,,,
B4,krr_cos_cl,classical,50,13,618,618,220,0.8485723745746638,0.8485723745746638,0.8485723745746638,0.8497503889944782,0.7668844872434454,0.7668844872434454,0.46876325325275253,0.46876325325275253,9,,,,,,,,,,,,,,,,,,,,,,,,,,,,,,0.8470502253701562,,,0.7668844872434454,,0.46876325325275253,,,
B4,ridge_raw_eig,classical,50,13,14,618,220,0.8460315849213424,0.8460315849213424,0.8460315849213424,0.8449825084899628,0.7372134821210575,0.7372134821210575,0.4522036918380969,0.4522036918380969,9,,,,,,,,,,,,,,,,,,,,,,,,,,,,,,0.825375588222573,,,0.7372134821210575,,0.4522036918380969,,,
B4,composition,classical,50,13,0,618,220,1.0703958191921281,1.0703958191921281,1.0703958191921281,0.7245485804384006,1.0346769591825242,1.0346769591825242,nan,nan,9,,,,,,,,,,,,,,,,,,,,,,,,,,,,,,1.0685300050495388,,,1.0346769591825242,,nan,,,
B4,zz_bytype_r3,quantum,51,13,114,645,193,0.39152575552622704,0.39152575552622704,0.37743764056158885,0.9789955924821362,0.30985558923442663,0.29670793699038556,0.7623675688170369,0.7844094052870648,11,0.8892212286395684,2.0339357084766925,508.33,molecule,zz,0.1,bytype,3,bytype,eig,0,"[0.000,3.142]",none,1,Z,ridge,1,1,adam,adjoint,100,22,0.6091296404553627,0.06747863316886646,6.997203871874161,0.017135909248203657,0.1496658627192127,0.3228629842235113,0.7931696764357611,0.3805310801759305,0.9789955924821362,11,0.30985558923442663,0.3805310801759305,0.7623675688170369,0.9812685974373019,11,0.3680966953780515
B4,xy_bytype_r3,quantum,51,13,114,645,193,0.36856325040668747,0.36856325040668747,0.36318644198099775,0.9819526416645112,0.35060948268588416,0.3439780228496608,0.8057563689545071,0.8078533806259869,11,0.88576717197731,2.5397746757380553,478.58,molecule,xy,0.1,bytype,3,bytype,eig,0,"[0.000,3.142]",none,1,Z,ridge,1,1,adam,adjoint,100,22,0.6409296072935766,0.07321520160461734,8.737405573193863,0.011800434254209262,0.24653026793379762,0.45956489817061913,0.7931696764357611,0.36199724875611977,0.9819526416645112,11,0.35060948268588416,0.36199724875611977,0.8057563689545071,0.9829165334841081,11,0.358288619083232
B4,none_r3,quantum,51,13,92,645,193,0.901197179727291,0.901197179727291,0.8801572603496638,0.9102112030621483,0.7748318936658093,0.7660670728064027,0.45250794167017566,0.4680766706697557,11,0.08653066585117003,0.6432030446779671,328.57,molecule,none,0.0,fixed,3,fixed,eig,0,"[0.000,3.142]",none,1,Z,ridge,1,1,adam,adjoint,100,22,0.6135866900815546,0.5604926252313822,1.9110765645095715,0.02062086307082767,0.0,0.0,0.7931696764357611,0.9072683920882756,0.9102112030621483,11,0.7748318936658093,0.9072683920882756,0.45250794167017566,0.9181578972151118,11,0.8880183696652139
B4,zz_fixed_r3,quantum,51,13,92,645,193,0.6768766389920053,0.6768766389920053,0.6048139871791425,0.9383594175909327,0.5778818780354747,0.5501106899812732,0.7321443420845016,0.7514589020573063,11,0.4144900713835287,1.7603163443466503,437.19,molecule,zz,0.1,fixed,3,fixed,eig,0,"[0.000,3.142]",none,1,Z,ridge,1,1,adam,adjoint,100,22,0.6091296404553627,0.3566514523011962,5.406260781574898,0.2321485191632847,0.1,0.051329724338964995,0.7931696764357611,0.670450395218866,0.9383594175909327,11,0.5778818780354747,0.670450395218866,0.7321443420845016,0.9532506026169026,11,0.6034347898981318
B4,xy_shuffled_r3,quantum,51,13,114,645,193,0.6983405002272949,0.6983405002272949,0.6512899769487427,0.9294698040834233,0.5911290033409627,0.569191951258323,0.6477810489778576,0.6602541177674156,11,0.5439117361918545,2.1978166552227285,454.97,molecule,xy,0.1,bytype_shuffled,3,bytype_shuffled,eig,0,"[0.000,3.142]",none,1,Z,ridge,1,1,adam,adjoint,100,22,0.6409296072935766,0.29232047181376386,7.560991798070014,0.11039921479809954,0.42199072955901024,0.32386119021102827,0.7931696764357611,0.6860136435043068,0.9294698040834233,11,0.5911290033409627,0.6860136435043068,0.6477810489778576,0.9372968535188935,11,0.6381327753995534
B4,krr_res,classical,51,13,645,645,193,0.7410961354432666,0.7410961354432666,0.7410961354432666,0.9338378262716576,0.6525044902009433,0.6525044902009433,0.6845553577269002,0.6845553577269002,11,,,,,,,,,,,,,,,,,,,,,,,,,,,,,,0.7360305737025151,,,0.6525044902009433,,0.6845553577269002,,,
B4,krr_cos_cl,classical,51,13,645,645,193,0.8885768051726257,0.8885768051726257,0.8885768051726257,0.9073151006603435,0.8005379525661852,0.8005379525661852,0.405948952722555,0.405948952722555,11,,,,,,,,,,,,,,,,,,,,,,,,,,,,,,0.8957933608181531,,,0.8005379525661852,,0.405948952722555,,,
B4,ridge_raw_eig,classical,51,13,14,645,193,0.8566912588791453,0.8566912588791453,0.8566912588791453,0.9196543042482497,0.7500732329085671,0.7500732329085671,0.47392768154071335,0.47392768154071335,11,,,,,,,,,,,,,,,,,,,,,,,,,,,,,,0.8500399217777759,,,0.7500732329085671,,0.47392768154071335,,,
B4,composition,classical,51,13,0,645,193,1.0764356844144634,1.0764356844144634,1.0764356844144634,0.8665506264463773,0.9835871605866805,0.9835871605866805,nan,nan,11,,,,,,,,,,,,,,,,,,,,,,,,,,,,,,1.0823459414125929,,,0.9835871605866805,,nan,,,
B4,zz_bytype_r3,quantum,52,13,114,618,220,0.35366730204445107,0.35366730204445107,0.35973482119198114,0.9718842484508706,0.30263216552381045,0.30150310695772725,0.8146480557254762,0.8361711180951575,11,0.8640065625161202,2.2193608038586787,479.34,molecule,zz,0.1,bytype,3,bytype,eig,0,"[0.000,3.142]",none,1,Z,ridge,1,1,adam,adjoint,100,22,0.6828408935554298,0.09286188036916701,6.353966928259959,0.01383495685225344,0.25584474667711943,0.4248209699705315,0.8478412870795836,0.35259161307283315,0.9718842484508706,11,0.30263216552381045,0.35259161307283315,0.8146480557254762,0.9717800408803823,11,0.358090809463557
B4,xy_bytype_r3,quantum,52,13,114,618,220,0.3752526942491162,0.3752526942491162,0.36283046723955487,0.9697683949830309,0.3081911168790672,0.31421533812466734,0.8258552146814929,0.8205131427710147,11,0.8493729730452759,2.334162432495645,458.84,molecule,xy,0.1,bytype,3,bytype,eig,0,"[0.000,3.142]",none,1,Z,ridge,1,1,adam,adjoint,100,22,0.6497352344934723,0.09786768667948216,6.682640729473993,0.012192856941169202,0.27832846847392634,0.4272841211227256,0.8478412870795836,0.3696254268846714,0.9697683949830309,11,0.3081911168790672,0.3696254268846714,0.8258552146814929,0.971679679964105,11,0.35839484317032333
B4,none_r3,quantum,52,13,92,618,220,0.8839139796451736,0.8839139796451736,0.8892080059732631,0.8527702517602116,0.7006560492460167,0.7044455071279736,0.5748446974324211,0.6029611892846714,11,0.12189829445376844,1.2959269999580236,316.04,molecule,none,0.0,fixed,3,fixed,eig,0,"[0.000,3.142]",none,1,Z,ridge,1,1,adam,adjoint,100,22,0.6671888975358212,0.5858597088477145,3.1023585405056164,0.41000493932020043,0.0,0.0,0.8478412870795836,0.8782800317935744,0.8527702517602116,11,0.7006560492460167,0.8782800317935744,0.5748446974324211,0.848700981154836,11,0.8862622706245884
B4,zz_fixed_r3,quantum,52,13,92,618,220,0.6786401410340795,0.6786401410340795,0.6927998777160803,0.9059391380354963,0.5579083307507773,0.5724299660932536,0.7119653587763197,0.7052587709404641,11,0.40889793221871584,2.9375259777051403,422.05,molecule,zz,0.1,fixed,3,fixed,eig,0,"[0.000,3.142]",none,1,Z,ridge,1,1,adam,adjoint,100,22,0.6828408935554298,0.4036286641462343,7.325984201237254,0.39481986642675515,0.1,0.051329724338964995,0.8478412870795836,0.6636646694705496,0.9059391380354963,11,0.5579083307507773,0.6636646694705496,0.7119653587763197,0.9052483956110383,11,0.6811242920428483
B4,xy_shuffled_r3,quantum,52,13,114,618,220,0.8374997453175955,0.8374997453175955,0.811746406403287,0.8594281128338939,0.6492048349067793,0.6413567035860701,0.6485592901632408,0.6529823147801953,11,0.2601130126250064,2.437011380882326,434.29,molecule,xy,0.1,bytype_shuffled,3,bytype_shuffled,eig,0,"[0.000,3.142]",none,1,Z,ridge,1,1,adam,adjoint,100,22,0.6497352344934723,0.4807306452407602,6.977094346713283,0.1345100547962128,0.06057201792416845,0.6986808283808098,0.8478412870795836,0.8139464848564639,0.8594281128338939,11,0.6492048349067793,0.8139464848564639,0.6485592901632408,0.8675179438651779,11,0.7964181949493737
B4,krr_res,classical,52,13,618,618,220,0.6647971285212347,0.6647971285212347,0.6647971285212347,0.862324017331736,0.5199485053727179,0.5199485053727179,0.792069380662014,0.792069380662014,11,,,,,,,,,,,,,,,,,,,,,,,,,,,,,,0.5997908781577097,,,0.5199485053727179,,0.792069380662014,,,
B4,krr_cos_cl,classical,52,13,618,618,220,0.87892839755263,0.87892839755263,0.87892839755263,0.8390581346589154,0.7198832375375432,0.7198832375375432,0.633976228563535,0.633976228563535,11,,,,,,,,,,,,,,,,,,,,,,,,,,,,,,0.8879741810253483,,,0.7198832375375432,,0.633976228563535,,,
B4,ridge_raw_eig,classical,52,13,14,618,220,0.9506482916450006,0.9506482916450006,0.9506482916450006,0.8324811508367953,0.6846994161917392,0.6846994161917392,0.5736760088014093,0.5736760088014093,11,,,,,,,,,,,,,,,,,,,,,,,,,,,,,,0.9348852640170834,,,0.6846994161917392,,0.5736760088014093,,,
B4,composition,classical,52,13,0,618,220,1.2137332238207783,1.2137332238207783,1.2137332238207783,0.7257126204996943,0.9402380881543722,0.9402380881543722,nan,nan,11,,,,,,,,,,,,,,,,,,,,,,,,,,,,,,1.2248800204506465,,,0.9402380881543722,,nan,,,
B4,zz_bytype_r3,quantum,53,13,114,615,223,0.3217628505075611,0.3217628505075611,0.32058032964788363,0.9786086666067136,0.2806672877530052,0.2768668499826314,0.8901514412928603,0.8850152803195953,11,0.8525353980022268,1.9473433086983878,478.85,molecule,zz,0.1,bytype,3,bytype,eig,0,"[0.000,3.142]",none,1,Z,ridge,1,1,adam,adjoint,100,22,0.5911899734338626,0.08717959413749861,6.8300677635983105,0.01862725681104797,0.17249186236750713,0.3364222959391658,0.8281686685081293,0.317372545315642,0.9786086666067136,11,0.2806672877530052,0.317372545315642,0.8901514412928603,0.978607402964199,11,0.317020706491665
B4,xy_bytype_r3,quantum,53,13,114,615,223,0.31905405483493826,0.31905405483493826,0.30479855078712303,0.968819589353991,0.24104246806773896,0.2305039711711294,0.8899252680852135,0.884640788382617,11,0.8713702117186883,2.0526216275520413,452.63,molecule,xy,0.1,bytype,3,bytype,eig,0,"[0.000,3.142]",none,1,Z,ridge,1,1,adam,adjoint,100,22,0.5733236168468376,0.07374649545168459,7.199318551888323,0.05264310819969724,0.18581634091978796,0.4082081188166707,0.8281686685081293,0.3163396851573366,0.968819589353991,11,0.24104246806773896,0.3163396851573366,0.8899252680852135,0.9727583522505938,11,0.3038111218759127
B4,none_r3,quantum,53,13,92,615,223,0.7753883853460258,0.7753883853460258,0.7627221856238571,0.8823976895028037,0.7122760586475251,0.7095852729613293,0.4171882469776718,0.40203587508988814,11,0.06478235676932727,0.9416333907288507,315.14,molecule,none,0.0,fixed,3,fixed,eig,0,"[0.000,3.142]",none,1,Z,ridge,1,1,adam,adjoint,100,22,0.5949333166164038,0.5563921342454008,2.860998392881465,0.0026130014019691626,0.0,0.0,0.8281686685081293,0.7726575895694557,0.8823976895028037,11,0.7122760586475251,0.7726575895694557,0.4171882469776718,0.8856654471170271,11,0.7591879323401634
B4,zz_fixed_r3,quantum,53,13,92,615,223,0.7191811824618268,0.7191811824618268,0.7098573149929635,0.9004852456336551,0.6970778997423889,0.6869655323396633,0.5721606850869557,0.5815280507170678,11,0.45931871187054407,2.079857777003709,416.99,molecule,zz,0.1,fixed,3,fixed,eig,0,"[0.000,3.142]",none,1,Z,ridge,1,1,adam,adjoint,100,22,0.5911899734338626,0.31964535636543967,6.527292013032358,0.2394786314090955,0.1,0.051329724338964995,0.8281686685081293,0.7222834481921695,0.9004852456336551,11,0.6970778997423889,0.7222834481921695,0.5721606850869557,0.9021701505185756,11,0.712919856654683
B4,xy_shuffled_r3,quantum,53,13,114,615,223,0.5651671238800248,0.5651671238800248,0.5623478144316045,0.9281597445887675,0.5283651500416021,0.5139111287421566,0.6786595182355968,0.6853044508773075,11,0.5221350430280862,2.5353063064056482,434.69,molecule,xy,0.1,bytype_shuffled,3,bytype_shuffled,eig,0,"[0.000,3.142]",none,1,Z,ridge,1,1,adam,adjoint,100,22,0.5733236168468376,0.27397126549549605,8.892275849296965,0.2055166262145387,0.6729578652253697,1.2240469295201357,0.8281686685081293,0.5635449236221526,0.9281597445887675,11,0.5283651500416021,0.5635449236221526,0.6786595182355968,0.9299140633109427,11,0.5604937880676969
B4,krr_res,classical,53,13,615,615,223,0.6009524138086159,0.6009524138086159,0.6009524138086159,0.9236745650623353,0.5506809229172416,0.5506809229172416,0.7079525569710042,0.7079525569710042,11,,,,,,,,,,,,,,,,,,,,,,,,,,,,,,0.5986078768048744,,,0.5506809229172416,,0.7079525569710042,,,
B4,krr_cos_cl,classical,53,13,615,615,223,0.8212866234289113,0.8212866234289113,0.8212866234289113,0.8750209253469865,0.7897764878251272,0.7897764878251272,0.43897916469093134,0.43897916469093134,11,,,,,,,,,,,,,,,,,,,,,,,,,,,,,,0.81822269365935,,,0.7897764878251272,,0.43897916469093134,,,
B4,ridge_raw_eig,classical,53,13,14,615,223,0.7793875255476239,0.7793875255476239,0.7793875255476239,0.8854896048037565,0.6857529757928084,0.6857529757928084,0.4726051119553887,0.4726051119553887,11,,,,,,,,,,,,,,,,,,,,,,,,,,,,,,0.7705638674001356,,,0.6857529757928084,,0.4726051119553887,,,
B4,composition,classical,53,13,0,615,223,0.9944220271486457,0.9944220271486457,0.9944220271486457,0.8064561535917198,0.9321970009254477,0.9321970009254477,nan,nan,11,,,,,,,,,,,,,,,,,,,,,,,,,,,,,,0.9890484997840147,,,0.9321970009254477,,nan,,,
B4,zz_bytype_r3,quantum,54,13,114,619,219,0.4090761402308167,0.4090761402308167,0.40074668370541777,0.966948092138183,0.4014309767890887,0.3950861702323016,0.7715953017856656,0.7768937869850503,9,0.8724767640007666,2.1445983723477293,449.66,molecule,zz,0.1,bytype,3,bytype,eig,0,"[0.000,3.142]",none,1,Z,ridge,1,1,adam,adjoint,100,22,0.6053334161572905,0.07719407608684839,6.3000793506806545,0.010175058192461537,0.11102128999024775,0.37076204167199545,0.8181622154558951,0.412682144501789,0.966948092138183,9,0.4014309767890887,0.412682144501789,0.7715953017856656,0.9670411438852354,9,0.4036589178015481
B4,xy_bytype_r3,quantum,54,13,114,619,219,0.3748891731093225,0.3748891731093225,0.35928275608718596,0.9737572454028496,0.3539320853341148,0.3442042835818608,0.8084582871667572,0.807112111978806,9,0.9089250152624098,2.2201184177157223,444.8,molecule,xy,0.1,bytype,3,bytype,eig,0,"[0.000,3.142]",none,1,Z,ridge,1,1,adam,adjoint,100,22,0.6355920256119538,0.05788653403194272,6.521930809918922,0.009552717423055995,0.3211583028439142,0.35945112504076415,0.8181622154558951,0.3790507106027824,0.9737572454028496,9,0.3539320853341148,0.3790507106027824,0.8084582871667572,0.975529248628024,9,0.36286864850755224
B4,none_r3,quantum,54,13,92,619,219,0.773107528009326,0.773107528009326,0.7673407917039496,0.8971589762090744,0.6950935047472505,0.6890297606063852,0.4329950554624614,0.4307670550197358,9,0.13943749518453666,1.506803758981845,308.6,molecule,none,0.0,fixed,3,fixed,eig,0,"[0.000,3.142]",none,1,Z,ridge,1,1,adam,adjoint,100,22,0.6264690583350392,0.539115782030186,3.7197084121207546,0.006822481108520838,0.0,0.0,0.8181622154558951,0.7796012381247227,0.8971589762090744,9,0.6950935047472505,0.7796012381247227,0.4329950554624614,0.8994053230020096,9,0.7750647920312349
B4,zz_fixed_r3,quantum,54,13,92,619,219,0.6699920622755595,0.6699920622755595,0.6491175654834832,0.9127464563311005,0.5931695344834104,0.5842308351794945,0.6173654768542263,0.6307565658637233,9,0.4754739099843908,2.053049667309155,415.92,molecule,zz,0.1,fixed,3,fixed,eig,0,"[0.000,3.142]",none,1,Z,ridge,1,1,adam,adjoint,100,22,0.6053334161572905,0.3175131699327752,5.273480614999652,0.6221070379347607,0.1,0.051329724338964995,0.8181622154558951,0.6603703510944692,0.9127464563311005,9,0.5931695344834104,0.6603703510944692,0.6173654768542263,0.9168440388804544,9,0.6404880021578138
B4,xy_shuffled_r3,quantum,54,13,114,619,219,0.7342397569351066,0.7342397569351066,0.7422886799543991,0.8894260772401069,0.6847002360386892,0.7169848983394304,0.5449271047942382,0.5511814860741819,9,0.5890091721955194,2.7999637067874477,433.56,molecule,xy,0.1,bytype_shuffled,3,bytype_shuffled,eig,0,"[0.000,3.142]",none,1,Z,ridge,1,1,adam,adjoint,100,22,0.6355920256119538,0.2612224927521835,8.225313307720201,0.21751730059531907,0.42080136831453957,0.9078031826878132,0.8181622154558951,0.7305306806851399,0.8894260772401069,9,0.6847002360386892,0.7305306806851399,0.5449271047942382,0.8829656962227141,9,0.7429676952927842
B4,krr_res,classical,54,13,619,619,219,0.6278800742246153,0.6278800742246153,0.6278800742246153,0.9056805520777678,0.5949674781828167,0.5949674781828167,0.6422907878317757,0.6422907878317757,9,,,,,,,,,,,,,,,,,,,,,,,,,,,,,,0.6319067970193607,,,0.5949674781828167,,0.6422907878317757,,,
B4,krr_cos_cl,classical,54,13,619,619,219,0.7601810411857839,0.7601810411857839,0.7601810411857839,0.8951466443401739,0.6858530806852886,0.6858530806852886,0.4576252974404269,0.4576252974404269,9,,,,,,,,,,,,,,,,,,,,,,,,,,,,,,0.770893723357533,,,0.6858530806852886,,0.4576252974404269,,,
B4,ridge_raw_eig,classical,54,13,14,619,219,0.7737784036846562,0.7737784036846562,0.7737784036846562,0.8963010332372339,0.703442519341737,0.703442519341737,0.47958780709439924,0.47958780709439924,9,,,,,,,,,,,,,,,,,,,,,,,,,,,,,,0.7715703595267194,,,0.703442519341737,,0.47958780709439924,,,
B4,composition,classical,54,13,0,619,219,0.9148637881471992,0.9148637881471992,0.9148637881471992,0.8329856004133442,0.8997914904289211,0.8997914904289211,nan,nan,9,,,,,,,,,,,,,,,,,,,,,,,,,,,,,,0.9226855501130699,,,0.8997914904289211,,nan,,,
B4,zz_bytype_r3,quantum,55,13,114,616,222,0.35396605422915445,0.35396605422915445,0.34567007836221975,0.9697749841299186,0.32020997122113953,0.31489207303125044,0.8975504919178048,0.8945754565103471,10,0.9012598658596828,1.803018571316538,450.92,molecule,zz,0.1,bytype,3,bytype,eig,0,"[0.000,3.142]",none,1,Z,ridge,1,1,adam,adjoint,100,22,0.7928840920438174,0.07828948160613015,6.4562313967372305,0.020392582705700973,0.1366553387316127,0.29107002217502215,0.8443302522221761,0.35412786513309147,0.9697749841299186,10,0.32020997122113953,0.35412786513309147,0.8975504919178048,0.9703005963590062,10,0.34587635176660697
B4,xy_bytype_r3,quantum,55,13,114,616,222,0.3432099877610871,0.3432099877610871,0.32605911189911446,0.9711635728444191,0.31372889923830466,0.3093805214120992,0.9199286994027228,0.9014905701194047,10,0.8766605733024294,1.8969767096144803,448.91,molecule,xy,0.1,bytype,3,bytype,eig,0,"[0.000,3.142]",none,1,Z,ridge,1,1,adam,adjoint,100,22,0.7621891846376836,0.09400797706830069,6.792675786223031,0.00912169024014378,-0.11176515944054027,0.3307431329364059,0.8443302522221761,0.34613007553331215,0.9711635728444191,10,0.31372889923830466,0.34613007553331215,0.9199286994027228,0.973279271123413,10,0.3285540207667282
B4,none_r3,quantum,55,13,92,616,222,0.8877520039808872,0.8877520039808872,0.8628389100637266,0.8351514593346573,0.8198216665968704,0.8281048320340004,0.4955021621408869,0.4712649730852147,10,0.0698947806250035,1.0130288102149771,307.1,molecule,none,0.0,fixed,3,fixed,eig,0,"[0.000,3.142]",none,1,Z,ridge,1,1,adam,adjoint,100,22,0.5774335719783203,0.5370739791393835,3.152291099627758,0.002563583457927885,0.0,0.0,0.8443302522221761,0.8933784056073013,0.8351514593346573,10,0.8198216665968704,0.8933784056073013,0.4955021621408869,0.8457396269040651,10,0.8691507445877522
B4,zz_fixed_r3,quantum,55,13,92,616,222,0.7490934527103826,0.7490934527103826,0.7280349227813553,0.8705506112682051,0.6829817865064842,0.6746022225045285,0.643863597219983,0.6601845965168837,10,0.5722108647629663,1.639181680494234,412.99,molecule,zz,0.1,fixed,3,fixed,eig,0,"[0.000,3.142]",none,1,Z,ridge,1,1,adam,adjoint,100,22,0.7928840920438174,0.33918720007862524,5.264639657893634,0.15440849461122186,0.1,0.051329724338964995,0.8443302522221761,0.7525182753735012,0.8705506112682051,10,0.6829817865064842,0.7525182753735012,0.643863597219983,0.889125003482908,10,0.7277324754809112
B4,xy_shuffled_r3,quantum,55,13,114,616,222,0.739985536114,0.739985536114,0.736279958394515,0.871664070378515,0.707312186820078,0.7014868664923298,0.6222097800357507,0.641139923433026,10,0.5994970139594429,2.3337378329243585,437.28,molecule,xy,0.1,bytype_shuffled,3,bytype_shuffled,eig,0,"[0.000,3.142]",none,1,Z,ridge,1,1,adam,adjoint,100,22,0.7621891846376836,0.30525904437520984,8.356625776559767,0.47880607009478776,0.2625771063324587,0.9585406862114882,0.8443302522221761,0.7463212777071132,0.871664070378515,10,0.707312186820078,0.7463212777071132,0.6222097800357507,0.8776528284419334,10,0.7424744923375659
B4,krr_res,classical,55,13,616,616,222,0.6431679056198532,0.6431679056198532,0.6431679056198532,0.906670802172504,0.5906231073673103,0.5906231073673103,0.6983271947169953,0.6983271947169953,10,,,,,,,,,,,,,,,,,,,,,,,,,,,,,,0.6294961612229755,,,0.5906231073673103,,0.6983271947169953,,,
B4,krr_cos_cl,classical,55,13,616,616,222,0.8500309635616778,0.8500309635616778,0.8500309635616778,0.8485435264736509,0.8263356325670616,0.8263356325670616,0.519233798341505,0.519233798341505,10,,,,,,,,,,,,,,,,,,,,,,,,,,,,,,0.8550614260230367,,,0.8263356325670616,,0.519233798341505,,,
B4,ridge_raw_eig,classical,55,13,14,616,222,0.9241972006763954,0.9241972006763954,0.9241972006763954,0.8300120815044505,0.8244857951222277,0.8244857951222277,0.4357684145171207,0.4357684145171207,10,,,,,,,,,,,,,,,,,,,,,,,,,,,,,,0.9220291182769152,,,0.8244857951222277,,0.4357684145171207,,,
B4,composition,classical,55,13,0,616,222,1.1094319287037533,1.1094319287037533,1.1094319287037533,0.749133151759245,1.0601666030207224,1.0601666030207224,nan,nan,10,,,,,,,,,,,,,,,,,,,,,,,,,,,,,,1.1165883091529294,,,1.0601666030207224,,nan,,,
B4,zz_bytype_r3,quantum,56,13,114,620,218,0.3891651074517226,0.3891651074517226,0.3834090868576288,0.9756599741841301,0.33306717113290973,0.32371696031920194,0.8673292774310338,0.869961449768685,10,0.9179012724549347,2.1324090886453058,450.75,molecule,zz,0.1,bytype,3,bytype,eig,0,"[0.000,3.142]",none,1,Z,ridge,1,1,adam,adjoint,100,22,0.882678328475038,0.0724667675994058,7.0336823526055845,0.07722039952830946,0.16109430391588536,0.3204083132790972,0.8027300988652447,0.39161597051677055,0.9756599741841301,10,0.33306717113290973,0.39161597051677055,0.8673292774310338,0.9762867454845597,10,0.3855597034640085
B4,xy_bytype_r3,quantum,56,13,114,620,218,0.3924379836788367,0.3924379836788367,0.37710040316947524,0.9774342587624664,0.3223172232919588,0.3139269729266696,0.8546574761693189,0.8582427465567078,10,0.8911750799428345,2.101233359315135,448.79,molecule,xy,0.1,bytype,3,bytype,eig,0,"[0.000,3.142]",none,1,Z,ridge,1,1,adam,adjoint,100,22,0.6798290188521716,0.07398233862912881,6.930850218571428,0.009302849237946567,0.38291825718373446,0.42699924113380866,0.8027300988652447,0.3931475702697478,0.9774342587624664,10,0.3223172232919588,0.3931475702697478,0.8546574761693189,0.9788235483281742,10,0.37809600337479543
B4,none_r3,quantum,56,13,92,620,218,0.7918324618774185,0.7918324618774185,0.7938807256046919,0.9111276801058793,0.7095855123159828,0.7140038838539342,0.4886473487029406,0.4855082091083727,10,0.18652590471388458,1.1789617876230905,311.84,molecule,none,0.0,fixed,3,fixed,eig,0,"[0.000,3.142]",none,1,Z,ridge,1,1,adam,adjoint,100,22,0.6740091278969559,0.5482889655305598,3.335785198476587,0.02036535973534102,0.0,0.0,0.8027300988652447,0.7836555806021368,0.9111276801058793,10,0.7095855123159828,0.7836555806021368,0.4886473487029406,0.9123697385520305,10,0.7895091139875955
B4,zz_fixed_r3,quantum,56,13,92,620,218,0.7276642800374821,0.7276642800374821,0.7131390057395879,0.9239211126157889,0.6736109597546103,0.6543740215495485,0.5776653850360386,0.5960853386597925,10,0.5738918476909259,1.7411412147744474,417.07,molecule,zz,0.1,fixed,3,fixed,eig,0,"[0.000,3.142]",none,1,Z,ridge,1,1,adam,adjoint,100,22,0.882678328475038,0.37611643162976044,5.100544438113767,0.28019231200963846,0.1,0.051329724338964995,0.8027300988652447,0.7346860418634389,0.9239211126157889,10,0.6736109597546103,0.7346860418634389,0.5776653850360386,0.9262355813438291,10,0.7217319678144134
B4,xy_shuffled_r3,quantum,56,13,114,620,218,0.7375688227960259,0.7375688227960259,0.7291454860220009,0.9213547483925106,0.6665091129151663,0.6600950927825122,0.6472605951985491,0.6705271760143651,10,0.633768109005699,2.4141312671719395,435.32,molecule,xy,0.1,bytype_shuffled,3,bytype_shuffled,eig,0,"[0.000,3.142]",none,1,Z,ridge,1,1,adam,adjoint,100,22,0.6798290188521716,0.24897506712703107,7.962933839101188,0.30592395622266094,0.33323796504500325,0.5222076196469762,0.8027300988652447,0.7412852141434523,0.9213547483925106,10,0.6665091129151663,0.7412852141434523,0.6472605951985491,0.9220283797729721,10,0.7317359925157984
B4,krr_res,classical,56,13,620,620,218,0.6320505785352523,0.6320505785352523,0.6320505785352523,0.926254494025311,0.5824286271636743,0.5824286271636743,0.6672150961595723,0.6672150961595723,10,,,,,,,,,,,,,,,,,,,,,,,,,,,,,,0.6326264237206285,,,0.5824286271636743,,0.6672150961595723,,,
B4,krr_cos_cl,classical,56,13,620,620,218,0.7889433391301215,0.7889433391301215,0.7889433391301215,0.9106712212179503,0.7266926788685811,0.7266926788685811,0.48869904694298844,0.48869904694298844,10,,,,,,,,,,,,,,,,,,,,,,,,,,,,,,0.7970525039512618,,,0.7266926788685811,,0.48869904694298844,,,
B4,ridge_raw_eig,classical,56,13,14,620,218,0.7898843372325058,0.7898843372325058,0.7898843372325058,0.9136971717271466,0.7268676075319278,0.7268676075319278,0.4852659562896254,0.4852659562896254,10,,,,,,,,,,,,,,,,,,,,,,,,,,,,,,0.7885148507988737,,,0.7268676075319278,,0.4852659562896254,,,
B4,composition,classical,56,13,0,620,218,0.939966169971206,0.939966169971206,0.939966169971206,0.863700536160528,0.910334637999575,0.910334637999575,nan,nan,10,,,,,,,,,,,,,,,,,,,,,,,,,,,,,,0.9475697087437575,,,0.910334637999575,,nan,,,
B4,zz_bytype_r3,quantum,57,13,114,643,195,0.42181602564749,0.42181602564749,0.4223585349828049,0.9627690731223173,0.3771611667129866,0.37141515330586267,0.8252377743783992,0.8290864083832833,12,0.7946287540484098,2.430559582735906,465.62,molecule,zz,0.1,bytype,3,bytype,eig,0,"[0.000,3.142]",none,1,Z,ridge,1,1,adam,adjoint,100,22,0.6319100978057917,0.1297761641157666,6.9209461000462476,0.03846984711261841,0.18245834231084615,0.5774597632870496,0.8166954986757193,0.4109388267584884,0.9627690731223173,12,0.3771611667129866,0.4109388267584884,0.8252377743783992,0.9632071106337791,12,0.4106935365143544
B4,xy_bytype_r3,quantum,57,13,114,643,195,0.4448611519514042,0.4448611519514042,0.44173711445129055,0.964975017985629,0.4166357619366246,0.4164870220744916,0.8109840882497132,0.8097096190846189,12,0.8755602057119074,2.7589690945019116,463.56,molecule,xy,0.1,bytype,3,bytype,eig,0,"[0.000,3.142]",none,1,Z,ridge,1,1,adam,adjoint,100,22,0.7785433308117737,0.09688177193058357,7.856082414259365,0.05877460655238032,0.1628693560889167,0.6797978591032181,0.8166954986757193,0.43932084046378117,0.964975017985629,12,0.4166357619366246,0.43932084046378117,0.8109840882497132,0.965231513728327,12,0.4378938843046461
B4,none_r3,quantum,57,13,92,643,195,0.8291562997406825,0.8291562997406825,0.8143927263329149,0.8860463235436351,0.7652717281670544,0.756607782399775,0.38972627199189697,0.4091008615227365,12,0.11500246632101643,1.2496045685235802,319.56,molecule,none,0.0,fixed,3,fixed,eig,0,"[0.000,3.142]",none,1,Z,ridge,1,1,adam,adjoint,100,22,0.6019379073477192,0.53271356343062,2.9720953355992394,0.0050201544073275655,0.0,0.0,0.8166954986757193,0.8199031992332039,0.8860463235436351,12,0.7652717281670544,0.8199031992332039,0.38972627199189697,0.8908671825181114,12,0.8064877928108504
B4,zz_fixed_r3,quantum,57,13,92,643,195,0.7868283330808851,0.7868283330808851,0.767537119089932,0.8964426056420847,0.7078055492224764,0.6867478525769234,0.6082416628510378,0.6332145487614237,12,0.4399420393230185,2.9277562511723,430.85,molecule,zz,0.1,fixed,3,fixed,eig,0,"[0.000,3.142]",none,1,Z,ridge,1,1,adam,adjoint,100,22,0.6319100978057917,0.3539062807083036,7.256235040251809,0.28733821484003647,0.1,0.051329724338964995,0.8166954986757193,0.7851115186107729,0.8964426056420847,12,0.7078055492224764,0.7851115186107729,0.6082416628510378,0.9040029699937976,12,0.7634190979665736
B4,xy_shuffled_r3,quantum,57,13,114,643,195,1.203526104538027,1.203526104538027,0.7963928483958757,-0.8387173498444767,1.2582812377401542,0.7046204408334812,0.5397790317321567,0.5569127313658564,12,0.6340030592227818,2.643806545935289,462.0,molecule,xy,0.1,bytype_shuffled,3,bytype_shuffled,eig,0,"[0.000,3.142]",none,1,Z,ridge,1,1,adam,adjoint,100,22,0.7785433308117737,0.284944477339615,7.528160483427129,0.2539553702795234,0.16466786329714644,0.6187492994937237,0.8166954986757193,1.191691390378147,-0.8387173498444767,12,1.2582812377401542,1.191691390378147,0.5397790317321567,0.8887394823976148,12,0.7765240405369962
B4,krr_res,classical,57,13,643,643,195,0.6561279935301996,0.6561279935301996,0.6561279935301996,0.9042585031530606,0.49799720090753913,0.49799720090753913,0.6889285656473157,0.6889285656473157,12,,,,,,,,,,,,,,,,,,,,,,,,,,,,,,0.6584767143961784,,,0.49799720090753913,,0.6889285656473157,,,
B4,krr_cos_cl,classical,57,13,643,643,195,0.799966214696735,0.799966214696735,0.799966214696735,0.8897904980783433,0.7271221610466329,0.7271221610466329,0.4640270666833166,0.4640270666833166,12,,,,,,,,,,,,,,,,,,,,,,,,,,,,,,0.7859909060127159,,,0.7271221610466329,,0.4640270666833166,,,
B4,ridge_raw_eig,classical,57,13,14,643,195,0.8309082014396432,0.8309082014396432,0.8309082014396432,0.88603461795748,0.7647989633639577,0.7647989633639577,0.33071008563196064,0.33071008563196064,12,,,,,,,,,,,,,,,,,,,,,,,,,,,,,,0.8213350533325315,,,0.7647989633639577,,0.33071008563196064,,,
B4,composition,classical,57,13,0,643,195,0.9966253238068052,0.9966253238068052,0.9966253238068052,0.8319111212277912,0.8896406124107133,0.8896406124107133,nan,nan,12,,,,,,,,,,,,,,,,,,,,,,,,,,,,,,0.9808662636399665,,,0.8896406124107133,,nan,,,
B4,zz_bytype_r3,quantum,58,13,114,623,215,0.645043387306902,0.645043387306902,0.6284503885033812,0.9197011945143709,0.604314904301264,0.5906617284244672,0.7311989466044062,0.740739962683961,13,0.7814463927411,2.500504305836779,446.07,molecule,zz,0.1,bytype,3,bytype,eig,0,"[0.000,3.142]",none,1,Z,ridge,1,1,adam,adjoint,100,22,0.5725480785573586,0.12513244789786282,7.654114811551112,0.11147219397602215,0.08518740445967452,0.24771730898903466,0.8161713555899878,0.642850129237927,0.9197011945143709,13,0.604314904301264,0.642850129237927,0.7311989466044062,0.9243977431059924,13,0.6262335927179652
B4,xy_bytype_r3,quantum,58,13,114,623,215,0.3529048926954151,0.3529048926954151,0.34792203920686,0.9744424907166048,0.34195498098309673,0.3392961700837486,0.8451164213985369,0.8276709624285898,13,0.8911775198245421,2.681405031174119,448.38,molecule,xy,0.1,bytype,3,bytype,eig,0,"[0.000,3.142]",none,1,Z,ridge,1,1,adam,adjoint,100,22,0.6008522479409953,0.06538623183993829,8.207857077858275,0.011413349568457964,-0.09804427059078047,0.4201762436776841,0.8161713555899878,0.35440252665428956,0.9744424907166048,13,0.34195498098309673,0.35440252665428956,0.8451164213985369,0.9748280510837648,13,0.34890900338853886
B4,none_r3,quantum,58,13,92,623,215,0.8248720536457548,0.8248720536457548,0.8308888135670124,0.8816973739967515,0.7704747185195183,0.7841415504769191,0.36214340357003943,0.33746076095659594,13,0.09512763394556602,1.1230706568747295,311.09,molecule,none,0.0,fixed,3,fixed,eig,0,"[0.000,3.142]",none,1,Z,ridge,1,1,adam,adjoint,100,22,0.5628198784488351,0.5092801550744663,2.910984397637308,0.004538520706305961,0.0,0.0,0.8161713555899878,0.8190743544651942,0.8816973739967515,13,0.7704747185195183,0.8190743544651942,0.36214340357003943,0.8828149891916064,13,0.8322001523169945
B4,zz_fixed_r3,quantum,58,13,92,623,215,0.7133562547630589,0.7133562547630589,0.7179461489339407,0.9125910519958846,0.6847741195289669,0.6906881128742919,0.5711653079552518,0.57921662758952,13,0.49942985426443953,2.4923364531168772,421.04,molecule,zz,0.1,fixed,3,fixed,eig,0,"[0.000,3.142]",none,1,Z,ridge,1,1,adam,adjoint,100,22,0.5725480785573586,0.2866004751240721,6.709337009489599,0.20380882068469353,0.1,0.051329724338964995,0.8161713555899878,0.7133496221393975,0.9125910519958846,13,0.6847741195289669,0.7133496221393975,0.5711653079552518,0.9117638470264049,13,0.7166237661752185
B4,xy_shuffled_r3,quantum,58,13,114,623,215,0.7588512420049329,0.7588512420049329,0.7186081340706797,0.8800099469849686,0.7039528005284863,0.6791801099940125,0.5694231989344394,0.5645750346209499,13,0.5809445820692068,2.324682663128714,438.26,molecule,xy,0.1,bytype_shuffled,3,bytype_shuffled,eig,0,"[0.000,3.142]",none,1,Z,ridge,1,1,adam,adjoint,100,22,0.6008522479409953,0.25179038987557034,7.1159197616558885,0.17408697289755592,0.3097581942217722,0.5413961083063875,0.8161713555899878,0.7574810045828874,0.8800099469849686,13,0.7039528005284863,0.7574810045828874,0.5694231989344394,0.8962132670583786,13,0.7166973752331304
B4,krr_res,classical,58,13,623,623,215,0.6021874947336561,0.6021874947336561,0.6021874947336561,0.9289515910649397,0.5571475411856353,0.5571475411856353,0.5915450992415565,0.5915450992415565,13,,,,,,,,,,,,,,,,,,,,,,,,,,,,,,0.5977330968246324,,,0.5571475411856353,,0.5915450992415565,,,
B4,krr_cos_cl,classical,58,13,623,623,215,0.8035793408339396,0.8035793408339396,0.8035793408339396,0.8907378640223992,0.7601730323035467,0.7601730323035467,0.36780450542744797,0.36780450542744797,13,,,,,,,,,,,,,,,,,,,,,,,,,,,,,,0.802974381754552,,,0.7601730323035467,,0.36780450542744797,,,
B4,ridge_raw_eig,classical,58,13,14,623,215,0.8677015114575232,0.8677015114575232,0.8677015114575232,0.876237478714379,0.8050047488182918,0.8050047488182918,0.36250631881653567,0.36250631881653567,13,,,,,,,,,,,,,,,,,,,,,,,,,,,,,,0.8642002688429202,,,0.8050047488182918,,0.36250631881653567,,,
B4,composition,classical,58,13,0,623,215,0.9703215873822449,0.9703215873822449,0.9703215873822449,0.8367297179913973,0.8968094700236691,0.8968094700236691,nan,nan,13,,,,,,,,,,,,,,,,,,,,,,,,,,,,,,0.9710622063347034,,,0.8968094700236691,,nan,,,
B4,zz_bytype_r3,quantum,59,13,114,633,205,0.3501747888256633,0.3501747888256633,0.3472215199687562,0.9750718774132915,0.3240314337888357,0.3216689700685056,0.8536136866562449,0.8533729456697097,12,0.901891076309053,2.212027815981098,456.17,molecule,zz,0.1,bytype,3,bytype,eig,0,"[0.000,3.142]",none,1,Z,ridge,1,1,adam,adjoint,100,22,0.628313677836262,0.0616431786728161,6.770595496150568,0.010881813629009444,0.060187147259795355,0.31635317994863404,0.8305055526999412,0.3496155933301434,0.9750718774132915,12,0.3240314337888357,0.3496155933301434,0.8536136866562449,0.9759134358732123,12,0.3464846896832646
B4,xy_bytype_r3,quantum,59,13,114,633,205,0.3901601769356568,0.3901601769356568,0.3794521610157012,0.9701371325402233,0.3458153408021123,0.3348741220640376,0.8034834127298351,0.8086837350584377,12,0.8804993668340343,2.044795373603243,454.4,molecule,xy,0.1,bytype,3,bytype,eig,0,"[0.000,3.142]",none,1,Z,ridge,1,1,adam,adjoint,100,22,0.6175575441106537,0.07379851753764191,6.258728867262101,0.04928441265439576,0.012613276452099413,0.36198514913412083,0.8305055526999412,0.39044348935465223,0.9701371325402233,12,0.3458153408021123,0.39044348935465223,0.8034834127298351,0.9717230558674385,12,0.3778738581270909
B4,none_r3,quantum,59,13,92,633,205,0.7597716500374349,0.7597716500374349,0.7593245486027779,0.8966705476358661,0.7204625306987942,0.7165572314194399,0.5600329359717835,0.5600605071487262,12,0.08013766408999261,1.1621310495773012,313.64,molecule,none,0.0,fixed,3,fixed,eig,0,"[0.000,3.142]",none,1,Z,ridge,1,1,adam,adjoint,100,22,0.6235129497642712,0.5735460784403016,3.011973842638436,0.0630004700060984,0.0,0.0,0.8305055526999412,0.7491757568132847,0.8966705476358661,12,0.7204625306987942,0.7491757568132847,0.5600329359717835,0.8995061838291661,12,0.7485556731196116
B4,zz_fixed_r3,quantum,59,13,92,633,205,0.560620892035892,0.560620892035892,0.569356451404662,0.9384882202715983,0.5431007141786733,0.5473049181816181,0.7271219606473085,0.7411135643436999,12,0.4823209871480515,2.253756044506908,423.47,molecule,zz,0.1,fixed,3,fixed,eig,0,"[0.000,3.142]",none,1,Z,ridge,1,1,adam,adjoint,100,22,0.628313677836262,0.3252648045036533,6.0665879670428,0.4306864146521329,0.1,0.051329724338964995,0.8305055526999412,0.5645782279833853,0.9384882202715983,12,0.5431007141786733,0.5645782279833853,0.7271219606473085,0.9385088243721942,12,0.5744180531737484
B4,xy_shuffled_r3,quantum,59,13,114,633,205,0.6250086892423411,0.6250086892423411,0.6188156832303703,0.9225120673745614,0.5955162937643237,0.581031135827623,0.7315173611809421,0.7348105158838684,12,0.5744468858962024,2.7022648879603146,443.14,molecule,xy,0.1,bytype_shuffled,3,bytype_shuffled,eig,0,"[0.000,3.142]",none,1,Z,ridge,1,1,adam,adjoint,100,22,0.6175575441106537,0.262803536034582,8.271117726299996,0.06105652273334202,0.2797458785582176,0.2740967503019501,0.8305055526999412,0.6220724209541408,0.9225120673745614,12,0.5955162937643237,0.6220724209541408,0.7315173611809421,0.9238094378789439,12,0.6173700904663566
B4,krr_res,classical,59,13,633,633,205,0.6638256578955906,0.6638256578955906,0.6638256578955906,0.9060643694718118,0.5924673910288349,0.5924673910288349,0.7213965040818825,0.7213965040818825,12,,,,,,,,,,,,,,,,,,,,,,,,,,,,,,0.6490454370779213,,,0.5924673910288349,,0.7213965040818825,,,
B4,krr_cos_cl,classical,59,13,633,633,205,0.7660734306092055,0.7660734306092055,0.7660734306092055,0.898560565583344,0.7400300825056785,0.7400300825056785,0.597625242271286,0.597625242271286,12,,,,,,,,,,,,,,,,,,,,,,,,,,,,,,0.7650842068222901,,,0.7400300825056785,,0.597625242271286,,,
B4,ridge_raw_eig,classical,59,13,14,633,205,0.7536617537198551,0.7536617537198551,0.7536617537198551,0.9011393601348242,0.7112525472392343,0.7112525472392343,0.5703622014649278,0.5703622014649278,12,,,,,,,,,,,,,,,,,,,,,,,,,,,,,,0.7498875594798124,,,0.7112525472392343,,0.5703622014649278,,,
B4,composition,classical,59,13,0,633,205,1.1022833156785476,1.1022833156785476,1.1022833156785476,0.7984707864641629,1.0368820160625456,1.0368820160625456,nan,nan,12,,,,,,,,,,,,,,,,,,,,,,,,,,,,,,1.10188167294157,,,1.0368820160625456,,nan,,,
B4,zz_bytype_r3,quantum,60,13,114,625,213,0.35015920560380936,0.35015920560380936,0.34657723839339616,0.9707909024812531,0.29510214532234896,0.3003561784134102,0.903078816478108,0.9013491625335671,9,0.8762048651936896,2.1007851937547715,455.11,molecule,zz,0.1,bytype,3,bytype,eig,0,"[0.000,3.142]",none,1,Z,ridge,1,1,adam,adjoint,100,22,0.6579392824784732,0.08144968216878974,6.4860831591092385,0.011552951869509965,-0.12846150828846636,0.5263365979079578,0.825702892436172,0.3370447354987854,0.9707909024812531,9,0.29510214532234896,0.3370447354987854,0.903078816478108,0.9726997822954433,9,0.33636781837981167
B4,xy_bytype_r3,quantum,60,13,114,625,213,0.38056447168536056,0.38056447168536056,0.3752109478943277,0.9715493999883278,0.35082966348396044,0.3536401829073614,0.8200305804450567,0.8244045302191554,9,0.8806860322512602,2.531442389532284,447.92,molecule,xy,0.1,bytype,3,bytype,eig,0,"[0.000,3.142]",none,1,Z,ridge,1,1,adam,adjoint,100,22,0.6886919948968621,0.08217057446793952,7.815718570281028,0.0263508710714213,0.12692690755345917,0.790188572610373,0.825702892436172,0.3755832141389662,0.9715493999883278,9,0.35082966348396044,0.3755832141389662,0.8200305804450567,0.971797233130548,9,0.373100197444999
B4,none_r3,quantum,60,13,92,625,213,0.7821722243893016,0.7821722243893016,0.8403558278294928,0.8954977552492128,0.7443235875987254,0.8101644108303678,0.537954833461433,0.49503667633912896,9,0.12105465428611939,1.402699304697394,312.76,molecule,none,0.0,fixed,3,fixed,eig,0,"[0.000,3.142]",none,1,Z,ridge,1,1,adam,adjoint,100,22,0.6398967410271769,0.5624342622633175,3.6728489652938023,0.008034417298148104,0.0,0.0,0.825702892436172,0.7783991306522361,0.8954977552492128,9,0.7443235875987254,0.7783991306522361,0.537954833461433,0.8827867305777948,9,0.8364223944189271
B4,zz_fixed_r3,quantum,60,13,92,625,213,0.6320553822466237,0.6320553822466237,0.6107575350777443,0.9289482273321926,0.5791351715837013,0.5696208475516704,0.7011417583335634,0.7086017490845451,9,0.5155523121251445,2.068405227882162,422.67,molecule,zz,0.1,fixed,3,fixed,eig,0,"[0.000,3.142]",none,1,Z,ridge,1,1,adam,adjoint,100,22,0.6579392824784732,0.31873716415873776,5.622783893968675,0.24586825397994352,0.1,0.051329724338964995,0.825702892436172,0.6332679969878812,0.9289482273321926,9,0.5791351715837013,0.6332679969878812,0.7011417583335634,0.9326378737224656,9,0.6106469030855071
B4,xy_shuffled_r3,quantum,60,13,114,625,213,0.597028076282112,0.597028076282112,0.5938518252958596,0.9354069989134901,0.5524906423503867,0.561322638261566,0.7116128747536883,0.7004647695445737,9,0.5229099314031252,2.1240055285101347,442.22,molecule,xy,0.1,bytype_shuffled,3,bytype_shuffled,eig,0,"[0.000,3.142]",none,1,Z,ridge,1,1,adam,adjoint,100,22,0.6886919948968621,0.3285681110874624,6.557774935428575,0.05331315157808958,0.19757759831337307,0.18348282315699213,0.825702892436172,0.5958209447818692,0.9354069989134901,9,0.5524906423503867,0.5958209447818692,0.7116128747536883,0.9361850015408048,9,0.5969515775882156
B4,krr_res,classical,60,13,625,625,213,0.6334679941114117,0.6334679941114117,0.6334679941114117,0.923401942140377,0.5805933421390899,0.5805933421390899,0.7667006868363334,0.7667006868363334,9,,,,,,,,,,,,,,,,,,,,,,,,,,,,,,0.6024459757232348,,,0.5805933421390899,,0.7667006868363334,,,
B4,krr_cos_cl,classical,60,13,625,625,213,0.8386537300658304,0.8386537300658304,0.8386537300658304,0.8680474983149684,0.8163721882579642,0.8163721882579642,0.5327526837629948,0.5327526837629948,9,,,,,,,,,,,,,,,,,,,,,,,,,,,,,,0.8335841636516124,,,0.8163721882579642,,0.5327526837629948,,,
B4,ridge_raw_eig,classical,60,13,14,625,213,0.8309364525587387,0.8309364525587387,0.8309364525587387,0.880283060549165,0.7608014352734185,0.7608014352734185,0.537291177549475,0.537291177549475,9,,,,,,,,,,,,,,,,,,,,,,,,,,,,,,0.8046616312786807,,,0.7608014352734185,,0.537291177549475,,,
B4,composition,classical,60,13,0,625,213,1.0430636846338335,1.0430636846338335,1.0430636846338335,0.8125305609246151,0.9958637064374998,0.9958637064374998,nan,nan,9,,,,,,,,,,,,,,,,,,,,,,,,,,,,,,1.0425932443095582,,,0.9958637064374998,,nan,,,
B4,zz_bytype_r3,quantum,61,13,114,626,212,0.33979012147260457,0.33979012147260457,0.33182969729276635,0.9774103292851972,0.31507200692086906,0.3117181852668189,0.7868031942206771,0.7934846520106402,12,0.9013374565803209,2.85019260826571,449.47,molecule,zz,0.1,bytype,3,bytype,eig,0,"[0.000,3.142]",none,1,Z,ridge,1,1,adam,adjoint,100,22,0.6206544772313962,0.061235349308460835,8.736452241021173,0.025982258424022305,-2.7691067565839428e-05,0.2996435424701243,0.8064548566465617,0.34047785671180375,0.9774103292851972,12,0.31507200692086906,0.34047785671180375,0.7868031942206771,0.9779501392798903,12,0.33303643633660185
B4,xy_bytype_r3,quantum,61,13,114,626,212,0.3728948527847171,0.3728948527847171,0.3580901009541758,0.972620800702482,0.34964792682797935,0.3370762041669122,0.7837526177288433,0.787798936205924,12,0.8863969053299166,2.667504796492072,451.77,molecule,xy,0.1,bytype,3,bytype,eig,0,"[0.000,3.142]",none,1,Z,ridge,1,1,adam,adjoint,100,22,0.5976035305791942,0.06788961045956429,8.176474877404257,0.015523922738677084,0.2222822376744805,0.40291173328998026,0.8064548566465617,0.36717608545111946,0.972620800702482,12,0.34964792682797935,0.36717608545111946,0.7837526177288433,0.9750164611829426,12,0.3543210323387595
B4,none_r3,quantum,61,13,92,626,212,0.7419480504729697,0.7419480504729697,0.7279168691121155,0.9007393938609871,0.7282583126298728,0.7236853394270775,0.2569269163979864,0.26710527565828923,12,0.10979892304753301,1.2749909615481534,312.8,molecule,none,0.0,fixed,3,fixed,eig,0,"[0.000,3.142]",none,1,Z,ridge,1,1,adam,adjoint,100,22,0.5929486605628831,0.5278435362106013,3.3100972499926553,0.0009042526288443118,0.0,0.0,0.8064548566465617,0.7370466820695779,0.9007393938609871,12,0.7282583126298728,0.7370466820695779,0.2569269163979864,0.9025139918044298,12,0.7222949763881469
B4,zz_fixed_r3,quantum,61,13,92,626,212,0.6729644675464895,0.6729644675464895,0.6647906408840205,0.9163042485198589,0.6471326539799901,0.6357654183498367,0.4792853844495532,0.48162987601612334,12,0.5031544536614887,2.545109719692962,422.83,molecule,zz,0.1,fixed,3,fixed,eig,0,"[0.000,3.142]",none,1,Z,ridge,1,1,adam,adjoint,100,22,0.6206544772313962,0.30836941282747615,6.862056388491903,0.37313964605792466,0.1,0.051329724338964995,0.8064548566465617,0.6685648966510909,0.9163042485198589,12,0.6471326539799901,0.6685648966510909,0.4792853844495532,0.9192179823322418,12,0.6615527742141261
B4,xy_shuffled_r3,quantum,61,13,114,626,212,0.6392190852871983,0.6392190852871983,0.6369954690003246,0.9200294058096402,0.5990302168472461,0.5958769427275671,0.5492567278036662,0.5594087821529367,12,0.5831463168441151,2.600543601858152,442.12,molecule,xy,0.1,bytype_shuffled,3,bytype_shuffled,eig,0,"[0.000,3.142]",none,1,Z,ridge,1,1,adam,adjoint,100,22,0.5976035305791942,0.24911323278889758,7.971224440214704,0.010809143136641835,0.4405908016997451,0.9379226627837963,0.8064548566465617,0.6348550973975794,0.9200294058096402,12,0.5990302168472461,0.6348550973975794,0.5492567278036662,0.9209603244263304,12,0.633446875036777
B4,krr_res,classical,61,13,626,626,212,0.6701674877001758,0.6701674877001758,0.6701674877001758,0.9010365195032751,0.614613001062494,0.614613001062494,0.5073302219930753,0.5073302219930753,12,,,,,,,,,,,,,,,,,,,,,,,,,,,,,,0.6614296665744049,,,0.614613001062494,,0.5073302219930753,,,
B4,krr_cos_cl,classical,61,13,626,626,212,0.7393452285119428,0.7393452285119428,0.7393452285119428,0.8994609026139772,0.6838508357693368,0.6838508357693368,0.3010840564025724,0.3010840564025724,12,,,,,,,,,,,,,,,,,,,,,,,,,,,,,,0.7401178510847706,,,0.6838508357693368,,0.3010840564025724,,,
B4,ridge_raw_eig,classical,61,13,14,626,212,0.7570797017703523,0.7570797017703523,0.7570797017703523,0.8954788013189965,0.7390955375963442,0.7390955375963442,0.24845556935155255,0.24845556935155255,12,,,,,,,,,,,,,,,,,,,,,,,,,,,,,,0.7527003223162446,,,0.7390955375963442,,0.24845556935155255,,,
B4,composition,classical,61,13,0,626,212,0.9097181380397862,0.9097181380397862,0.9097181380397862,0.8568194604239119,0.7479676267125587,0.7479676267125587,nan,nan,12,,,,,,,,,,,,,,,,,,,,,,,,,,,,,,0.9049953516226236,,,0.7479676267125587,,nan,,,
