config,seed,arm,n_params,hidden_width,n_train,n_test,mae,r2,isomer_mae,isomer_mae_tr,isomer_rho,n_isomer_groups,loss_first,loss_last,alpha_mean,alpha_std,time_s,node_feat
B5,42,C1_transplant_J,172,,150,54,0.6093794749269561,0.9644859463608976,0.4217167270583468,0.6402793242128864,0.5466095327407653,10,,,,,62.9,
B5,42,C1_transplant_coulomb,172,,150,54,0.6331484262699848,0.963010794929215,0.4190800543557158,0.6673702261280308,0.2856666666666666,10,,,,,62.9,
B5,42,C2_end2end,36,,150,54,0.31595859371557583,0.9906972896107842,0.20730884690369336,0.3052505650116865,0.4054031375982935,10,0.5913613782854684,0.11295155602717136,0.26770204305648804,0.40771856904029846,62.9,
B5,42,C2_shuffled,36,,150,54,0.9107822311839814,0.9382622931775613,0.4320153205617538,0.9610647515351394,0.18666666666666662,10,0.5913613782854684,0.569180774614993,0.563865065574646,0.46475714445114136,62.9,
B5,42,C3_msgpass,107,12,150,54,0.25309908131513664,0.9935699100383112,0.1790792929225738,0.2632885574380282,0.5680764388030503,10,0.8007691502571106,0.04156312346458435,,,62.9,atom
B5,42,C3_eigfeat,110,29,150,54,0.22363795610674692,0.9940787669102478,0.14346885964931375,0.21474042255916997,0.7689999999999999,10,0.6623942255973816,0.06680801510810852,,,62.9,eig
B5,42,C3_diagfeat,110,29,150,54,0.22274194190537522,0.9944016715002242,0.16976301906348468,0.23239062233139918,0.5156666666666666,10,0.6773707866668701,0.09546524286270142,,,62.9,diag
B5,42,C3_msgpass_shuffled,107,12,150,54,0.46649393089839597,0.9761115091366238,0.3698517735069221,0.48808436569981933,0.2076666666666667,10,0.8007691502571106,0.06905192136764526,,,62.9,atom
B5,43,C1_transplant_J,181,,159,45,0.48049168824329674,0.9779403113190762,0.3418001015539991,0.5215823455826462,0.44922552178264646,9,,,,,66.9,
B5,43,C1_transplant_coulomb,181,,159,45,0.5040379729721928,0.9781396267894917,0.31579917742223673,0.5475036067683039,0.5532142857142858,9,,,,,66.9,
B5,43,C2_end2end,37,,159,45,0.36838487076148535,0.9900603283215571,0.22891147054668953,0.3580232182237172,0.7730083711194944,9,0.6001854114228418,0.09125001682831077,0.23766036331653595,0.5063626766204834,66.9,
B5,43,C2_shuffled,37,,159,45,0.8278768033196054,0.8961311542138733,0.6368990966406696,0.8253713387952966,0.3480952380952381,9,0.6001854114228418,0.46741804021809463,0.5881137251853943,0.48660144209861755,66.9,
B5,43,C3_msgpass,108,12,159,45,0.18916772122124048,0.9977824249233964,0.10126736251786941,0.19580080329441057,0.4322616893212792,9,0.6958602666854858,0.033546559512615204,,,66.9,atom
B5,43,C3_eigfeat,108,28,159,45,0.22650227448452162,0.9962378132683357,0.14867562242711346,0.22229984041742573,0.25369047619047624,9,0.59677654504776,0.06256552040576935,,,66.9,eig
B5,43,C3_diagfeat,108,28,159,45,0.2524471507943684,0.9956204162451391,0.13469632279317825,0.2744646136192273,0.6660714285714285,9,0.6411449909210205,0.08328127861022949,,,66.9,diag
B5,43,C3_msgpass_shuffled,108,12,159,45,0.30937894492599266,0.9895155727114356,0.279745995942311,0.3347873489302421,0.7273809523809525,9,0.6958602666854858,0.06214414909482002,,,66.9,atom
B5,44,C1_transplant_J,175,,153,51,0.6182285355918082,0.966806539639502,0.45949351079594775,0.5898984328715469,0.5562596713950639,7,,,,,65.4,
B5,44,C1_transplant_coulomb,175,,153,51,0.5636209697870083,0.9677342029993564,0.3709254627352892,0.5220436973761801,0.7262163513178157,7,,,,,65.4,
B5,44,C2_end2end,36,,153,51,2.353371678428328,-11.290292598600425,0.1691629238913806,0.3155909656443213,0.8096169627156375,7,0.6940424019591896,0.13670027655141842,0.3877614736557007,0.4364839792251587,65.4,
B5,44,C2_shuffled,36,,153,51,0.8555072570234763,0.9242981981970723,0.5718368563111125,0.7809614917711873,-0.18610686213324526,7,0.6940424019591896,0.6415660556824994,0.32710525393486023,0.4889286756515503,65.4,
B5,44,C3_msgpass,107,12,153,51,0.2870635199725235,0.9930440330201059,0.2349386918677248,0.27864438938253516,0.4827662653665309,7,0.7546136975288391,0.04453368857502937,,,65.4,atom
B5,44,C3_eigfeat,110,29,153,51,0.32363490905637304,0.9891213827323474,0.2450197769964127,0.3125309375030483,0.6519562973930991,7,0.6765214800834656,0.0497947633266449,,,65.4,eig
B5,44,C3_diagfeat,110,29,153,51,0.29067751537975806,0.9919659372309235,0.25691743438079584,0.28110522916717534,0.3566580803321953,7,0.7478246688842773,0.06429260969161987,,,65.4,diag
B5,44,C3_msgpass_shuffled,107,12,153,51,0.39179375314588216,0.9871621474465159,0.30899624500559436,0.38735422254578544,0.46683074519593565,7,0.7546136975288391,0.060419339686632156,,,65.4,atom
B5,45,C1_transplant_J,175,,153,51,0.5647395353776633,0.971121934141944,0.17769626837091224,0.5055830014986686,0.2530366107987399,12,,,,,62.7,
B5,45,C1_transplant_coulomb,175,,153,51,0.5734222800199201,0.9700475903641538,0.21015075144184744,0.5156045042869764,0.20217391304347823,12,,,,,62.7,
B5,45,C2_end2end,36,,153,51,0.337674202434817,0.9899346733182567,0.1998723363653247,0.3438089860477329,0.6693009696511208,12,0.6824596452681165,0.09707738047461949,0.2631191313266754,0.4321226477622986,62.7,
B5,45,C2_shuffled,36,,153,51,0.6952665380739683,0.9548390060792223,0.39646391433785905,0.5988274387849853,0.22111801242236023,12,0.6824596452681165,0.584247504106558,0.5442185997962952,0.4767632782459259,62.7,
B5,45,C3_msgpass,107,12,153,51,0.29158432239029825,0.9908817995561977,0.2443498603374259,0.262312330450084,0.2767579941817236,12,0.851246178150177,0.029216011986136436,,,62.7,atom
B5,45,C3_eigfeat,110,29,153,51,0.3378380731269544,0.9902103439759424,0.20392907879035435,0.3321724834395486,0.6885093167701863,12,0.7047231197357178,0.05435342714190483,,,62.7,eig
B5,45,C3_diagfeat,110,29,153,51,0.3547574261441174,0.9880001959422592,0.22892003468427824,0.31286078547831314,0.49347826086956526,12,0.6768947839736938,0.061048682779073715,,,62.7,diag
B5,45,C3_msgpass_shuffled,107,12,153,51,0.4811187891087835,0.9810556145201907,0.33808000884668826,0.4810093051362821,0.4742236024844721,12,0.851246178150177,0.06691950559616089,,,62.7,atom
B5,46,C1_transplant_J,172,,150,54,0.46140150715203027,0.9877691362147738,0.22431521419435022,0.4459663752414163,0.3963902404212229,11,,,,,63.6,
B5,46,C1_transplant_coulomb,172,,150,54,0.3215436829827058,0.993363911412285,0.17288033589479893,0.30380258415841377,0.546875,11,,,,,63.6,
B5,46,C2_end2end,37,,150,54,0.2923514612720159,0.9930681146076197,0.19037220175648617,0.3102197271980171,0.2644558038188103,11,0.6425329352998129,0.08370481540873832,0.2484257072210312,0.3740794360637665,63.6,
B5,46,C2_shuffled,37,,150,54,0.7818109339398752,0.9472946545181966,0.4280134095718518,0.7263811224065876,-0.008630952380952345,11,0.6425329352998129,0.5713863467805027,0.48927929997444153,0.5073496699333191,63.6,
B5,46,C3_msgpass,108,12,150,54,0.2509922235566559,0.9959469429499711,0.1749121570407207,0.24768968137760292,0.4283193232268337,11,0.7763351202011108,0.04201769083738327,,,63.6,atom
B5,46,C3_eigfeat,108,28,150,54,0.29406700259082935,0.992411900132675,0.175012727583586,0.28517159321160523,0.5645833333333333,11,0.6345846652984619,0.06295351684093475,,,63.6,eig
B5,46,C3_diagfeat,108,28,150,54,0.2690554620534345,0.9945157421299506,0.16658347940908147,0.27898911604214094,0.3729166666666666,11,0.6228584051132202,0.0723651871085167,,,63.6,diag
B5,46,C3_msgpass_shuffled,108,12,150,54,0.4760417433308592,0.9777482333926616,0.2679826735371675,0.4519239006965157,0.08214285714285714,11,0.7763351202011108,0.0583166629076004,,,63.6,atom
B5,47,C1_transplant_J,185,,163,41,0.5737017679549354,0.9792726833448295,0.3527232964249039,0.5900571482003992,0.47327955589886445,9,,,,,69.7,
B5,47,C1_transplant_coulomb,185,,163,41,0.5621180503547308,0.9794775300356799,0.3673499900383798,0.5831598289180174,0.5333333333333333,9,,,,,69.7,
B5,47,C2_end2end,36,,163,41,0.40418016353703184,0.9838605724110535,0.2652320638737871,0.3824093464209286,0.3786806935854318,9,0.6193774181363777,0.10479797651654679,0.48787134885787964,0.6526634693145752,69.7,
B5,47,C2_shuffled,36,,163,41,0.7947132296283134,0.9587646879088965,0.6058757231051685,0.7702885619475792,-0.1909090909090909,9,0.6193774181363777,0.5159425523538502,0.6484854221343994,0.6812030673027039,69.7,
B5,47,C3_msgpass,107,12,163,41,0.27866586021753165,0.9939778502462979,0.24573371488919266,0.320446264233665,0.5000094080488672,9,0.7812621593475342,0.04044375196099281,,,69.7,atom
B5,47,C3_eigfeat,110,29,163,41,0.2901269189655324,0.9936339506635923,0.19182165526991385,0.2949080699315256,0.3515151515151515,9,0.5970735549926758,0.05434493348002434,,,69.7,eig
B5,47,C3_diagfeat,110,29,163,41,0.2660096591287049,0.9946041638891333,0.23716322605637838,0.2853199844384044,0.22121212121212122,9,0.6706591844558716,0.07436531782150269,,,69.7,diag
B5,47,C3_msgpass_shuffled,107,12,163,41,0.4250041892538648,0.9809370138963512,0.412024010952571,0.4788751737539728,0.15757575757575756,9,0.7812621593475342,0.05294088274240494,,,69.7,atom
B5,48,C1_transplant_J,178,,156,48,0.6306601927540764,0.9665954755483865,0.36701828530511765,0.6233830241318079,0.5910983784354583,9,,,,,65.2,
B5,48,C1_transplant_coulomb,178,,156,48,0.6190200769353464,0.966364970200408,0.37960567091941905,0.6145790628713598,0.3174418604651163,9,,,,,65.2,
B5,48,C2_end2end,36,,156,48,0.43092673092770495,0.980250251300731,0.2500509287584055,0.4385167591441885,0.497857534708002,9,0.6782376429190118,0.1539277027952278,0.35638952255249023,0.43491658568382263,65.2,
B5,48,C2_shuffled,36,,156,48,0.7894252428650382,0.9497143315196593,0.5524157068982802,0.832907966584854,-0.05590339892665477,9,0.6782376429190118,0.5255700949871935,0.5417513251304626,0.5776333808898926,65.2,
B5,48,C3_msgpass,107,12,156,48,0.3181286277352065,0.9906246804035039,0.26040823564329785,0.346906531422058,0.619406827721935,9,0.7961803674697876,0.03715137764811516,,,65.2,atom
B5,48,C3_eigfeat,110,29,156,48,0.3265563038110441,0.9900756378793494,0.1907393679252554,0.3283938365954356,0.7438282647584973,9,0.6208440065383911,0.06528129428625107,,,65.2,eig
B5,48,C3_diagfeat,110,29,156,48,0.3146168733369259,0.9921159870560023,0.17721833168667658,0.3262456308002873,0.45277280858676205,9,0.7101861834526062,0.07948722690343857,,,65.2,diag
B5,48,C3_msgpass_shuffled,107,12,156,48,0.5523003737269977,0.970471075701308,0.4945959160843396,0.581015928125264,0.33327370304114495,9,0.7961803674697876,0.0714334174990654,,,65.2,atom
B5,49,C1_transplant_J,179,,157,47,0.4966833510281745,0.9822802048708548,0.221552374654729,0.5370558486944186,0.20844276459442523,11,,,,,66.0,
B5,49,C1_transplant_coulomb,179,,157,47,0.43265549169545225,0.9871391942579825,0.20330276074573114,0.4780516722022712,0.4749169435215947,11,,,,,66.0,
B5,49,C2_end2end,35,,157,47,0.35153520018527534,0.9902772782894083,0.3225651674057931,0.3635383949472936,0.2604714962935357,11,0.6785842764177352,0.1166634099995329,0.06452187150716782,0.4873051345348358,66.0,
B5,49,C2_shuffled,35,,157,47,0.6850948261570103,0.9661527371652792,0.3854156626521078,0.6589195197250097,0.2348837209302326,11,0.6785842764177352,0.5740799331999445,0.4614199697971344,0.5048186779022217,66.0,
B5,49,C3_msgpass,106,12,157,47,0.2763143270412406,0.9944518676953507,0.18397155192700304,0.27373239642941904,0.5278781304177459,11,0.8228932619094849,0.05401962250471115,,,66.0,atom
B5,49,C3_eigfeat,109,29,157,47,0.28715924761001665,0.9941499565748186,0.2269042030762071,0.27124017997909133,0.395016611295681,11,0.6831287741661072,0.05994601920247078,,,66.0,eig
B5,49,C3_diagfeat,109,29,157,47,0.3611297136252042,0.9910541160421943,0.23066020835144502,0.3508949756439571,0.5767441860465117,11,0.7582073211669922,0.09604129195213318,,,66.0,diag
B5,49,C3_msgpass_shuffled,106,12,157,47,0.49008189210364195,0.9831625188994993,0.3153720446316045,0.46206822727049934,0.4252491694352159,11,0.8228932619094849,0.06256432831287384,,,66.0,atom
B5,50,C1_transplant_J,180,,158,46,0.32087416366666355,0.9850272698614799,0.2590484218078509,0.3169385681888184,0.5904064808613423,6,,,,,66.4,
B5,50,C1_transplant_coulomb,180,,158,46,0.3953504609349752,0.979628729353163,0.30325766696119505,0.41449981455246515,0.48089133089133096,6,,,,,66.4,
B5,50,C2_end2end,37,,158,46,0.27972507475800834,0.9886167111758813,0.25275725928641124,0.29719055262870653,0.47419948183397626,6,0.6588102699841755,0.06248031632324436,0.29724177718162537,0.46255314350128174,66.4,
B5,50,C2_shuffled,37,,158,46,0.6324019342988624,0.9570502796617285,0.4314298588074503,0.608682214048396,0.07844932844932846,6,0.6588102699841755,0.5480544625781564,0.4259594678878784,0.32852399349212646,66.4,
B5,50,C3_msgpass,108,12,158,46,0.28016866500545706,0.990142120984612,0.2404059292172967,0.3021191238188067,0.6543487941755836,6,0.7409248948097229,0.03255511075258255,,,66.4,atom
B5,50,C3_eigfeat,108,28,158,46,0.2765466497317747,0.9896023307117059,0.2572723689381628,0.29426903082913763,0.7182539682539683,6,0.6563790440559387,0.05171921104192734,,,66.4,eig
B5,50,C3_diagfeat,108,28,158,46,0.3128291623991865,0.9880690394373022,0.2618178568905495,0.3377825932620307,0.5271672771672772,6,0.6948304176330566,0.07187851518392563,,,66.4,diag
B5,50,C3_msgpass_shuffled,108,12,158,46,0.37840661207772464,0.9831035478328157,0.30550964137284536,0.3678310635542174,0.6587301587301588,6,0.7409248948097229,0.0679236501455307,,,66.4,atom
B5,51,C1_transplant_J,176,,154,50,0.5198321183283734,0.9632430782095213,0.34739355438356273,0.48685490626153644,0.3876976510384482,11,,,,,64.8,
B5,51,C1_transplant_coulomb,176,,154,50,0.7036272737076881,0.9310565904891757,0.4665391268615265,0.6237774829424746,0.00803571428571427,11,,,,,64.8,
B5,51,C2_end2end,37,,154,50,0.3828768417797272,0.9841006583199398,0.2689220348859693,0.3725500827645784,0.6166517673734915,11,0.6857109250972676,0.10102791276385592,0.29490187764167786,0.5167240500450134,64.8,
B5,51,C2_shuffled,37,,154,50,0.7753562216757036,0.9207020322499841,0.4774851280330763,0.7662174381326154,0.07351190476190476,11,0.6857109250972676,0.6138459965277205,0.35729485750198364,0.5025882720947266,64.8,
B5,51,C3_msgpass,108,12,154,50,0.19396301785686773,0.9962346553677439,0.12913663999588434,0.2041727363789663,0.8515811725181192,11,0.6759204268455505,0.05926670506596565,,,64.8,atom
B5,51,C3_eigfeat,108,28,154,50,0.23040410310913217,0.993822551504794,0.19384346625829782,0.23037467233609749,0.6806547619047619,11,0.6268287897109985,0.06450522691011429,,,64.8,eig
B5,51,C3_diagfeat,108,28,154,50,0.2369332604726334,0.9936045455779147,0.2106828257112959,0.24293899888745407,0.6151785714285715,11,0.7264980673789978,0.07197847962379456,,,64.8,diag
B5,51,C3_msgpass_shuffled,108,12,154,50,0.34390457883901804,0.9823313178215487,0.3365547844840324,0.34167658039405635,0.6139880952380952,11,0.6759204268455505,0.054650239646434784,,,64.8,atom
B5,52,C1_transplant_J,177,,155,49,0.6563614544756878,0.9626602253027007,0.30076048272623945,0.5157268309035127,0.3939319307530969,11,,,,,61.3,
B5,52,C1_transplant_coulomb,177,,155,49,0.6306671776517313,0.9647942789166933,0.278763728823673,0.471051674531393,0.2726467331118494,11,,,,,61.3,
B5,52,C2_end2end,37,,155,49,0.3155337077713165,0.9925010941017434,0.19242939166403253,0.2804988328448772,0.7453595946876683,11,0.6382971469725787,0.0861405568969398,0.38210564851760864,0.4452759921550751,61.3,
B5,52,C2_shuffled,37,,155,49,0.8988575514935122,0.9172781410397018,0.6436361415683809,0.9054542714162269,-0.29534883720930233,11,0.6382971469725787,0.5804300407480947,0.438983678817749,0.4331101179122925,61.3,
B5,52,C3_msgpass,108,12,155,49,0.22118665879804783,0.9961910431460732,0.18741456611685048,0.25429220182319556,0.6864589691401823,11,0.7895042300224304,0.03835287317633629,,,61.3,atom
B5,52,C3_eigfeat,108,28,155,49,0.307158099733629,0.9921465641335676,0.16356275427729472,0.3319282154878113,0.6385382059800664,11,0.728530764579773,0.0666850209236145,,,61.3,eig
B5,52,C3_diagfeat,108,28,155,49,0.2817211003802309,0.9938357602167113,0.19441737669442544,0.32467268169280006,0.26733111849390917,11,0.6827822327613831,0.07738550752401352,,,61.3,diag
B5,52,C3_msgpass_shuffled,108,12,155,49,0.6142496396186469,0.9575651399431988,0.40887807452899716,0.5553592955846535,0.40609080841638984,11,0.7895042300224304,0.06676635146141052,,,61.3,atom
B5,53,C1_transplant_J,179,,157,47,0.460105891902648,0.9721523859283134,0.271073689470081,0.4938176403116739,0.5585738071538585,10,,,,,61.5,
B5,53,C1_transplant_coulomb,179,,157,47,0.4641767611687014,0.9720830868523656,0.2727796745669492,0.511490210738909,0.5292682926829269,10,,,,,61.5,
B5,53,C2_end2end,35,,157,47,0.34332903727506675,0.9839314897847328,0.22107665921711517,0.3623170614798521,0.7096536999080092,10,0.5984882478836354,0.11616046593539132,0.27478837966918945,0.40573450922966003,61.5,
B5,53,C2_shuffled,35,,157,47,0.8734784289472866,0.9096742491001566,0.4282148718380493,0.8757900867296358,-0.07195121951219514,10,0.5984882478836354,0.548776868917351,0.55681312084198,0.4845605194568634,61.5,
B5,53,C3_msgpass,106,12,157,47,0.2910826159312333,0.9879881002082975,0.14952072175523784,0.28101035735176705,0.8257034353433303,10,0.713672399520874,0.05567335709929466,,,61.5,atom
B5,53,C3_eigfeat,109,29,157,47,0.3610543016620875,0.9827867802099303,0.2488493766392309,0.3898008215188006,0.6036585365853658,10,0.6325812935829163,0.06209071725606918,,,61.5,eig
B5,53,C3_diagfeat,109,29,157,47,0.3501040697572541,0.9846386976617789,0.2336706271492496,0.3594402930403237,0.6195121951219512,10,0.6949892044067383,0.10163180530071259,,,61.5,diag
B5,53,C3_msgpass_shuffled,106,12,157,47,0.4838977741765043,0.9595162316799838,0.4580162055342453,0.5187880773510936,0.21707317073170732,10,0.713672399520874,0.07333997637033463,,,61.5,atom
B5,54,C1_transplant_J,173,,151,53,0.5785835681169996,0.9709528496642199,0.2390435125066314,0.5104168598114619,0.272799924063723,11,,,,,59.6,
B5,54,C1_transplant_coulomb,173,,151,53,0.5446337236756547,0.9720058727107409,0.2502093708500607,0.47163186010201014,0.2272510822510823,11,,,,,59.6,
B5,54,C2_end2end,37,,151,53,0.3141512456539412,0.9919296198205388,0.20743565469813846,0.30203322496460955,0.4800008244929067,11,0.6532422239782089,0.08709990055801264,0.3515501022338867,0.4457671344280243,59.6,
B5,54,C2_shuffled,37,,151,53,0.7975600797789208,0.9453651925735369,0.2878067830404744,0.7835593632115688,0.20062337662337662,11,0.6532422239782089,0.5531496356398935,0.5375934839248657,0.40218716859817505,59.6,
B5,54,C3_msgpass,108,12,151,53,0.2842817214408968,0.9918048367377196,0.20503309245914167,0.276377404987121,0.38018904914253354,11,0.8139857649803162,0.027657926082611084,,,59.6,atom
B5,54,C3_eigfeat,108,28,151,53,0.28151178125428117,0.9937876677973644,0.1647552613709847,0.26435759034445666,0.8433809523809523,11,0.676828920841217,0.06816775351762772,,,59.6,eig
B5,54,C3_diagfeat,108,28,151,53,0.3407883298600089,0.9900070590435817,0.20299318600913752,0.32319431087615486,0.2927272727272727,11,0.6433811783790588,0.06299480050802231,,,59.6,diag
B5,54,C3_msgpass_shuffled,108,12,151,53,0.5882161071822402,0.9608747221911509,0.4620830767794578,0.6162288557307679,0.05407359307359307,11,0.8139857649803162,0.06555283069610596,,,59.6,atom
B5,55,C1_transplant_J,183,,161,43,0.5078974638052605,0.9815090819629192,0.24763425469379885,0.5520187418820072,0.49355054206935023,10,,,,,63.7,
B5,55,C1_transplant_coulomb,183,,161,43,0.49958981371899575,0.9777163279979005,0.3572632907933678,0.5237217948284861,0.3071428571428572,10,,,,,63.7,
B5,55,C2_end2end,37,,161,43,0.28583085679914216,0.9935813108124991,0.19306028205215608,0.30476070998721455,0.5104700900854878,10,0.6531975580046442,0.10320469515918891,0.2726723849773407,0.39880549907684326,63.7,
B5,55,C2_shuffled,37,,161,43,0.8118741485505953,0.9504431920345242,0.577993684390732,0.8705353285881349,0.0071428571428571175,10,0.6531975580046442,0.5459394353796191,0.46467170119285583,0.5560905933380127,63.7,
B5,55,C3_msgpass,108,12,161,43,0.2325878351171977,0.9952083495044827,0.21170231928442548,0.2524926672015148,0.5762642228369289,10,0.8321078419685364,0.04979376494884491,,,63.7,atom
B5,55,C3_eigfeat,108,28,161,43,0.2212837727587069,0.9951610188311043,0.20396340747211528,0.23838956335218578,0.7210526315789473,10,0.6055364012718201,0.05766472965478897,,,63.7,eig
B5,55,C3_diagfeat,108,28,161,43,0.24788079373879132,0.9945744385008107,0.23981348430296584,0.270388423635368,0.48082706766917294,10,0.6188334822654724,0.07399550825357437,,,63.7,diag
B5,55,C3_msgpass_shuffled,108,12,161,43,0.27348611577006327,0.9934017145780608,0.250122784786285,0.2910340761595807,0.669360902255639,10,0.8321078419685364,0.05012211948633194,,,63.7,atom
B5,56,C1_transplant_J,175,,153,51,0.6530770626510597,0.9640920419696625,0.3888813814141345,0.6178495179536826,0.08257023117042508,11,,,,,60.9,
B5,56,C1_transplant_coulomb,175,,153,51,0.6378024821251113,0.9660271011683663,0.33564914739090673,0.60962971097428,0.14975450081833055,11,,,,,60.9,
B5,56,C2_end2end,36,,153,51,1.357639742476909,-1.0346183729001281,0.25242399589440956,0.47396511821336146,0.6036437922989462,11,0.6833920751663494,0.1643534722279871,0.442930668592453,0.48737725615501404,60.9,
B5,56,C2_shuffled,36,,153,51,0.8134078772367118,0.9414624397689357,0.45173202258145645,0.7656211326597594,0.2155482815057283,11,0.6833920751663494,0.5584578146903294,0.514763593673706,0.5858781933784485,60.9,
B5,56,C3_msgpass,107,12,153,51,0.34643274714521666,0.9877539883340549,0.2902399643545308,0.3384867841888202,0.6469520224140839,11,0.8272632956504822,0.03367239609360695,,,60.9,atom
B5,56,C3_eigfeat,110,29,153,51,0.30922376706565635,0.9921586365083778,0.13917081122555688,0.29303184844479696,0.6934533551554828,11,0.7430770993232727,0.06088552251458168,,,60.9,eig
B5,56,C3_diagfeat,110,29,153,51,0.40598083595869255,0.9855596112818578,0.16116197503472293,0.3707219332139304,0.6003273322422259,11,0.6925535202026367,0.06402971595525742,,,60.9,diag
B5,56,C3_msgpass_shuffled,107,12,153,51,0.31279009525808843,0.9881063160483137,0.29891716663098167,0.31695419614928483,0.4453355155482815,11,0.8272632956504822,0.048346538096666336,,,60.9,atom
B5,57,C1_transplant_J,167,,145,59,0.6532434685247832,0.959313905026252,0.19205532079549356,0.669116470604323,0.48483906444387215,10,,,,,57.0,
B5,57,C1_transplant_coulomb,167,,145,59,0.5038482585365126,0.971047600706373,0.21720144291280674,0.49679602991284083,0.29131701631701634,10,,,,,57.0,
B5,57,C2_end2end,37,,145,59,0.32281920261251923,0.9821050441415253,0.15888911467516742,0.2825979110959054,0.723445269400596,10,0.6450187229259655,0.10850521848585541,0.25686055421829224,0.5418877005577087,57.0,
B5,57,C2_shuffled,37,,145,59,0.7683074619228865,0.9103575380860381,0.48155916643096136,0.6640597314273525,0.1593822843822844,10,0.6450187229259655,0.48094919524123714,0.4542579650878906,0.34339579939842224,57.0,
B5,57,C3_msgpass,108,12,145,59,0.2250939679867301,0.9941590615629781,0.16397328139482958,0.2397073104252806,0.6950518604022136,10,0.7844697833061218,0.029010597616434097,,,57.0,atom
B5,57,C3_eigfeat,108,28,145,59,0.23597931484780837,0.9944853693984077,0.17603894822277796,0.22717858235480443,0.5695804195804196,10,0.6789396405220032,0.06622879207134247,,,57.0,eig
B5,57,C3_diagfeat,108,28,145,59,0.31870368433287327,0.9904815110303432,0.21968967303966147,0.3377287555456669,0.46993006993006986,10,0.7031856179237366,0.07565222680568695,,,57.0,diag
B5,57,C3_msgpass_shuffled,108,12,145,59,0.4011630425191392,0.9815889259151601,0.24068356067788507,0.4091398118643837,0.5973193473193473,10,0.7844697833061218,0.07590851932764053,,,57.0,atom
B5,58,C1_transplant_J,175,,153,51,0.4947858787548709,0.9780567001348424,0.38406026312226255,0.5015624052109716,0.6857224075476898,7,,,,,61.0,
B5,58,C1_transplant_coulomb,175,,153,51,0.44853034357584465,0.9829902041592881,0.3071125452889137,0.43925175824217333,0.5956445993031358,7,,,,,61.0,
B5,58,C2_end2end,37,,153,51,0.35289634391389785,0.9888197813269066,0.2704623429589349,0.3859933568371412,0.637272343508805,7,0.6613568862736678,0.11416771792807268,0.17633886635303497,0.48076626658439636,61.0,
B5,58,C2_shuffled,37,,153,51,0.7051800669079404,0.9594839439018331,0.38954001505136954,0.7003698053535798,0.10348432055749131,7,0.6613568862736678,0.5586622277851724,0.3685477375984192,0.3271183669567108,61.0,
B5,58,C3_msgpass,108,12,153,51,0.3249004362101272,0.9899957520282578,0.322006958982445,0.35642624111053667,0.7689070740350411,7,0.8313122987747192,0.03153061866760254,,,61.0,atom
B5,58,C3_eigfeat,108,28,153,51,0.2934340621713692,0.9916495181544798,0.29436537044206806,0.31357260189309555,0.6437282229965157,7,0.6703476905822754,0.060223035514354706,,,61.0,eig
B5,58,C3_diagfeat,108,28,153,51,0.27735357706300223,0.9937410158239283,0.2660102603479986,0.3114358108996128,0.6411149825783973,7,0.6561558246612549,0.09126361459493637,,,61.0,diag
B5,58,C3_msgpass_shuffled,108,12,153,51,0.3553510727513628,0.9886926726051951,0.29927470153912505,0.37068545245802825,0.4452961672473868,7,0.8313122987747192,0.08777492493391037,,,61.0,atom
B5,59,C1_transplant_J,170,,148,56,0.48092210267918273,0.9728256559335923,0.2924811837970249,0.48706946345468494,0.7731033478604419,11,,,,,58.5,
B5,59,C1_transplant_coulomb,170,,148,56,0.4257318470400943,0.9787631388178109,0.29624001347609163,0.4323998942062364,0.7132667332667332,11,,,,,58.5,
B5,59,C2_end2end,37,,148,56,0.3443649053789919,0.9861234328481334,0.27772570537366736,0.3445877033403787,0.590223670336217,11,0.6732262144358155,0.11930611394022414,0.3266250491142273,0.5603519082069397,58.5,
B5,59,C2_shuffled,37,,148,56,0.6673153207518718,0.9538933655806235,0.37946225246352633,0.668729519845065,0.34001998001998,11,0.6732262144358155,0.5614697639575053,0.5097226500511169,0.3868979215621948,58.5,
B5,59,C3_msgpass,108,12,148,56,0.26664618673543455,0.9924926971513167,0.19006659957427172,0.2691499826195026,0.5984701722862614,11,0.800191342830658,0.02841588295996189,,,58.5,atom
B5,59,C3_eigfeat,108,28,148,56,0.3451508449829098,0.9878201179481501,0.25142648537406376,0.3481786313088856,0.6848751248751249,11,0.6663342118263245,0.049532923847436905,,,58.5,eig
B5,59,C3_diagfeat,108,28,148,56,0.3553917020481507,0.9853820662982571,0.27887417263743197,0.35682066311316435,0.6269730269730269,11,0.6627584099769592,0.060220398008823395,,,58.5,diag
B5,59,C3_msgpass_shuffled,108,12,148,56,0.38509308101907574,0.9817299543076694,0.2701085177698763,0.3857364945393136,0.5357842157842159,11,0.800191342830658,0.10511286556720734,,,58.5,atom
B5,60,C1_transplant_J,179,,157,47,0.34407534727673356,0.9900819325858918,0.21204583751864217,0.34210862919021634,0.6463731111556831,12,,,,,61.8,
B5,60,C1_transplant_coulomb,179,,157,47,0.3134031444300875,0.990972383220222,0.2063873356300359,0.3053811020508073,0.49778516057585825,12,,,,,61.8,
B5,60,C2_end2end,36,,157,47,0.3978330678600761,0.9876077755162895,0.24820002147180986,0.3753360080073419,0.7120505059862356,12,0.5470784426333206,0.076493567542751,0.21543842554092407,0.40975862741470337,61.8,
B5,60,C2_shuffled,36,,157,47,0.7464597506377832,0.9638777667487731,0.5352599545517546,0.7642696833581877,-0.10077519379844962,12,0.5470784426333206,0.6054090188382277,0.29642337560653687,0.4288844168186188,61.8,
B5,60,C3_msgpass,107,12,157,47,0.2414066403575266,0.9956810644603538,0.1750169548601523,0.23436720500680758,0.6627138230062187,12,0.8192020058631897,0.03401387110352516,,,61.8,atom
B5,60,C3_eigfeat,110,29,157,47,0.3634019066041081,0.9909682568702322,0.2213352485288934,0.33602305296240154,0.5975083056478405,12,0.6145055294036865,0.05047354847192764,,,61.8,eig
B5,60,C3_diagfeat,110,29,157,47,0.2812271070064351,0.9940749523519179,0.2261758206253606,0.2698494142666091,0.6508859357696567,12,0.5727987289428711,0.06318198889493942,,,61.8,diag
B5,60,C3_msgpass_shuffled,107,12,157,47,0.532678666347916,0.9796271571823489,0.4847148409103465,0.4974039172291368,-0.07336655592469546,12,0.8192020058631897,0.08620382845401764,,,61.8,atom
B5,61,C1_transplant_J,173,,151,53,0.4744026265522295,0.9795445658756466,0.18939090208993065,0.40997926538658697,0.5302772364703441,10,,,,,60.9,
B5,61,C1_transplant_coulomb,173,,151,53,0.6080225577830738,0.9716128880505636,0.24049894237413838,0.5366048376552839,0.2410334346504559,10,,,,,60.9,
B5,61,C2_end2end,37,,151,53,0.3858382207404903,0.9886140038951947,0.16380616051687966,0.3175629190164426,0.6637856515288556,10,0.6438470355755035,0.09643606387808963,0.062277182936668396,0.417094886302948,60.9,
B5,61,C2_shuffled,37,,151,53,0.8364920911000074,0.9436616573548957,0.3903679249474777,0.7050414629767269,-0.0723404255319149,10,0.6438470355755035,0.5216222135546752,0.4976934492588043,0.5817952156066895,60.9,
B5,61,C3_msgpass,108,12,151,53,0.20246446796273285,0.997076261524151,0.09473596459004023,0.1917980114820782,0.7258337482258693,10,0.8712906837463379,0.04603884369134903,,,60.9,atom
B5,61,C3_eigfeat,108,28,151,53,0.2967647283967771,0.9925442767986603,0.16657146010006177,0.25730312678873185,0.6139817629179332,10,0.6521222591400146,0.06835490465164185,,,60.9,eig
B5,61,C3_diagfeat,108,28,151,53,0.305114987295627,0.9938091627709003,0.140460334915624,0.29338145032760143,0.38875379939209725,10,0.7105569243431091,0.08205624669790268,,,60.9,diag
B5,61,C3_msgpass_shuffled,108,12,151,53,0.3619935872827611,0.9891753372536582,0.22149140978821527,0.30036414616592827,0.46413373860182366,10,0.8712906837463379,0.05172695219516754,,,60.9,atom
B3,42,C1_transplant_J,367,,352,134,0.35272839305154213,0.9817780094864262,0.3286232989329109,0.3445571164790679,0.8531688402164632,8,,,,,157.3,
B3,42,C1_transplant_coulomb,367,,352,134,0.3285993068752503,0.9827195424106787,0.3157135055447935,0.3199441645036952,0.8325574306857728,8,,,,,157.3,
B3,42,C2_end2end,29,,352,134,0.4214091583521792,0.975854232802019,0.39381846587349695,0.4122498363189528,0.7724124356901961,8,0.7770234894497137,0.1589776832914929,0.2847510874271393,0.3427336513996124,157.3,
B3,42,C2_shuffled,29,,352,134,0.7957653959045341,0.9324725677612298,0.6933038580933516,0.786599087659533,0.3562861010053523,8,0.7770234894497137,0.7600600727503116,0.2818826735019684,0.4728115499019623,157.3,
B3,42,C3_msgpass,106,18,352,134,0.26722525637346567,0.9913420699953974,0.2665495777847353,0.26260095977593056,0.8734293588725901,8,0.7647285461425781,0.07956453412771225,,,157.3,atom
B3,42,C3_eigfeat,109,31,352,134,0.3153271565157253,0.9845103275495849,0.3117216106750736,0.31556600750686087,0.8345019804912853,8,0.7938085198402405,0.13652697205543518,,,157.3,eig
B3,42,C3_diagfeat,109,31,352,134,0.320172137212335,0.9852962216149285,0.30982385131168666,0.31371190807676286,0.7925036564742446,8,0.8101417422294617,0.1495238095521927,,,157.3,diag
B3,42,C3_msgpass_shuffled,106,18,352,134,0.28528899814647757,0.9880948558002999,0.27348218688022313,0.2764925373171158,0.8202011001476243,8,0.7647285461425781,0.12649963796138763,,,157.3,atom
B3,43,C1_transplant_J,348,,333,153,0.45569701451929134,0.9789900997100175,0.4095350346723001,0.4584753216185062,0.6832168674186533,8,,,,,147.2,
B3,43,C1_transplant_coulomb,348,,333,153,0.44174933636926156,0.9803075185461053,0.4064194116900875,0.445848965240791,0.7828259227077071,8,,,,,147.2,
B3,43,C2_end2end,30,,333,153,0.420814794261857,0.9818012061540057,0.36066875923131847,0.42565103438521784,0.731039764727691,8,0.7004388169483097,0.14752020295270826,0.2069503366947174,0.3823021948337555,147.2,
B3,43,C2_shuffled,30,,333,153,0.7692532757797469,0.9444093726491245,0.697772678505715,0.7658829068694589,0.05465847400433109,8,0.7004388169483097,0.852833979529656,0.24951186776161194,0.40162739157676697,147.2,
B3,43,C3_msgpass,107,18,333,153,0.3048409398176777,0.9873685051752231,0.28998472656463925,0.3064845051805938,0.8334655713009285,8,0.7519394159317017,0.06550613045692444,,,147.2,atom
B3,43,C3_eigfeat,110,31,333,153,0.35225770795427197,0.9857715875918338,0.27561749600893154,0.34798337663174583,0.781597810978271,8,0.7337307929992676,0.11721070110797882,,,147.2,eig
B3,43,C3_diagfeat,110,31,333,153,0.3926242500243368,0.9837652932619484,0.33152164033366815,0.39640803856394596,0.7368724438487023,8,0.7876006960868835,0.12312483042478561,,,147.2,diag
B3,43,C3_msgpass_shuffled,107,18,333,153,0.31384017407441067,0.9898204528620048,0.26990194969021153,0.3158518757750185,0.8212144046253957,8,0.7519394159317017,0.10097139328718185,,,147.2,atom
B3,44,C1_transplant_J,382,,367,119,0.41743299152701435,0.9832824613174173,0.39012603623321196,0.42058056541515865,0.7434872789673993,8,,,,,162.2,
B3,44,C1_transplant_coulomb,382,,367,119,0.35650064644449625,0.985910807390831,0.3205027929417136,0.3590001179747523,0.7500778594479175,8,,,,,162.2,
B3,44,C2_end2end,29,,367,119,0.4093805892331628,0.9819916721366824,0.35487628675732547,0.40683292078319877,0.7365912927965111,8,0.7493143619308876,0.16122445771632138,0.280113160610199,0.3162352442741394,162.2,
B3,44,C2_shuffled,29,,367,119,0.8083209101966623,0.9413218301754371,0.766862647543412,0.8150037379943608,0.4319004074070582,8,0.7493143619308876,0.7075829798208864,0.4494819641113281,0.11620602756738663,162.2,
B3,44,C3_msgpass,106,18,367,119,0.2814341167785427,0.9908855921138315,0.24124043108709387,0.27623583713248634,0.8775624697371102,8,0.7171790599822998,0.07234243303537369,,,162.2,atom
B3,44,C3_eigfeat,109,31,367,119,0.35472260246035836,0.9877442857498229,0.3192555500552333,0.35141701716590856,0.7839033614120169,8,0.7757015228271484,0.13210579752922058,,,162.2,eig
B3,44,C3_diagfeat,109,31,367,119,0.30367009070689865,0.9890490119375044,0.2839154744311509,0.2990216931165896,0.7440933107969354,8,0.8321337699890137,0.13607531785964966,,,162.2,diag
B3,44,C3_msgpass_shuffled,106,18,367,119,0.34355306240753447,0.9875909617601321,0.33050988084072114,0.33422756124626074,0.7812772108122938,8,0.7171790599822998,0.1296125054359436,,,162.2,atom
B3,45,C1_transplant_J,376,,361,125,0.3751851472817352,0.9858311389073865,0.3604817203856023,0.3741343893003765,0.722611250213222,9,,,,,159.3,
B3,45,C1_transplant_coulomb,376,,361,125,0.4310275983205553,0.9835351829245101,0.38473822795174617,0.433613836281297,0.7393974305264627,9,,,,,159.3,
B3,45,C2_end2end,29,,361,125,0.5126492955887099,0.9770087830859323,0.40346588952190887,0.5116565884671195,0.6924816432913481,9,0.7404258110573386,0.1529545041285034,0.2078818678855896,0.3707689642906189,159.3,
B3,45,C2_shuffled,29,,361,125,0.7952584502879048,0.9495462346699985,0.754459621253597,0.7969936988587967,-0.0040499190878697435,9,0.7404258110573386,0.8816297218596632,0.2443806529045105,0.3180599808692932,159.3,
B3,45,C3_msgpass,106,18,361,125,0.3091517322971094,0.9897264287223064,0.2819989944676835,0.30877644573346547,0.8436984177838236,9,0.7407853603363037,0.08199737966060638,,,159.3,atom
B3,45,C3_eigfeat,109,31,361,125,0.3843782574714431,0.9868095446062652,0.34552132645647454,0.3840857708912717,0.8025584867378036,9,0.7790920734405518,0.12189272046089172,,,159.3,eig
B3,45,C3_diagfeat,109,31,361,125,0.3763655369484416,0.9858442255910091,0.36436214926041516,0.3779614886508746,0.6938134051274468,9,0.8015211820602417,0.1436506062746048,,,159.3,diag
B3,45,C3_msgpass_shuffled,106,18,361,125,0.3007064192991856,0.9915674535361128,0.27725838451592794,0.29857223905652847,0.8262403788494869,9,0.7407853603363037,0.10961847752332687,,,159.3,atom
B3,46,C1_transplant_J,373,,358,128,0.3735842910079806,0.9877300475862395,0.3136538544543294,0.3735842910079806,0.725664560999228,11,,,,,160.6,
B3,46,C1_transplant_coulomb,373,,358,128,0.29642431087411414,0.9895155124865156,0.2580173684439395,0.29642431087411414,0.8061396202084206,11,,,,,160.6,
B3,46,C2_end2end,30,,358,128,0.4048079758758897,0.985823866851489,0.3361729123189499,0.4048079758758897,0.6961078425720011,11,0.7113888022136926,0.18288874117621565,0.18528525531291962,0.3318026661872864,160.6,
B3,46,C2_shuffled,30,,358,128,0.8197837119044573,0.9465228945001334,0.7392431414643975,0.8197837119044573,-0.042458505980746394,11,0.7113888022136926,0.8811992728230882,0.325001060962677,0.5014159679412842,160.6,
B3,46,C3_msgpass,107,18,358,128,0.2645845372855145,0.9940469307656314,0.2552204440143733,0.2645845372855145,0.8928113079788903,11,0.7932142615318298,0.06455656886100769,,,160.6,atom
B3,46,C3_eigfeat,110,31,358,128,0.3494286458124063,0.9882168747720858,0.29560213683652575,0.3494286458124063,0.7506561624489422,11,0.7642818689346313,0.12307091057300568,,,160.6,eig
B3,46,C3_diagfeat,110,31,358,128,0.33324174710963017,0.9911597188958438,0.3084224045629135,0.33324174710963017,0.782902287564586,11,0.771729052066803,0.14446145296096802,,,160.6,diag
B3,46,C3_msgpass_shuffled,107,18,358,128,0.3441964117920277,0.9850602179064952,0.3051707140404435,0.3441964117920277,0.7690757390291162,11,0.7932142615318298,0.10728530585765839,,,160.6,atom
B3,47,C1_transplant_J,370,,355,131,0.29327166076673294,0.9887325258721956,0.27837035541963717,0.2851905683809468,0.8911141999468629,8,,,,,156.0,
B3,47,C1_transplant_coulomb,370,,355,131,0.2913998225132465,0.9892177814295336,0.2769304668455067,0.2833546321513646,0.7759914867109634,8,,,,,156.0,
B3,47,C2_end2end,30,,355,131,0.43558104969768413,0.9795777804655138,0.40926321570356655,0.43252494035031547,0.7081273230872505,8,0.7759943581253975,0.1672837477969871,0.16958485543727875,0.35776200890541077,156.0,
B3,47,C2_shuffled,30,,355,131,0.8263038959049277,0.9387308779713932,0.777919171214517,0.8299571995338647,0.020715669988925798,8,0.7759943581253975,0.8594988326384385,0.3821989595890045,0.2991933226585388,156.0,
B3,47,C3_msgpass,107,18,355,131,0.23796019291481663,0.993278092261862,0.2107397050335777,0.22943724407500765,0.8992063024949773,8,0.768546462059021,0.07807522267103195,,,156.0,atom
B3,47,C3_eigfeat,110,31,355,131,0.3558077772006568,0.9860656557025304,0.3483506441983537,0.35632289276111184,0.7559934766057587,8,0.7819452881813049,0.12836068868637085,,,156.0,eig
B3,47,C3_diagfeat,110,31,355,131,0.3435898234802876,0.9871404767594381,0.34742811266605733,0.34545415902298116,0.7649441099114065,8,0.8344419598579407,0.13891012966632843,,,156.0,diag
B3,47,C3_msgpass_shuffled,107,18,355,131,0.2546724682730491,0.9927529896082916,0.2357577625163933,0.245730126071452,0.8716638981173865,8,0.768546462059021,0.1045270711183548,,,156.0,atom
B3,48,C1_transplant_J,367,,352,134,0.4691115879944646,0.9731169931205841,0.42752388453257056,0.4700968742565818,0.8464394008764295,7,,,,,155.0,
B3,48,C1_transplant_coulomb,367,,352,134,0.4871108860198356,0.9705059160707756,0.452000867440503,0.48875410404680464,0.7524125378888199,7,,,,,155.0,
B3,48,C2_end2end,30,,352,134,0.3792029137544253,0.9744877177813651,0.31064731598370576,0.36900650794389794,0.8761256220265187,7,0.7394512460969178,0.19878341261996416,0.1921587586402893,0.49070993065834045,155.0,
B3,48,C2_shuffled,30,,352,134,0.7442458379270243,0.9268084039072669,0.6684764238499045,0.7335788375082427,0.5068564699378926,7,0.7394512460969178,0.6776227195941664,0.48825109004974365,0.23836301267147064,155.0,
B3,48,C3_msgpass,107,18,352,134,0.26001307510133,0.989751653967852,0.21716615466050093,0.2560059017848594,0.8866133168777375,7,0.7653501629829407,0.0839575007557869,,,155.0,atom
B3,48,C3_eigfeat,110,31,352,134,0.2878841483607686,0.9866117291130391,0.24783433694261123,0.28632966235805185,0.8542782141922112,7,0.7625438570976257,0.1368551403284073,,,155.0,eig
B3,48,C3_diagfeat,110,31,352,134,0.29359860835404494,0.9865121830004467,0.26355628333963615,0.29249183596123784,0.7973735769719146,7,0.824418842792511,0.14607340097427368,,,155.0,diag
B3,48,C3_msgpass_shuffled,107,18,352,134,0.3291637874658574,0.9839599109422182,0.3093032092468557,0.3257327718807534,0.8459181393823875,7,0.7653501629829407,0.11685958504676819,,,155.0,atom
B3,49,C1_transplant_J,377,,362,124,0.2575078723303928,0.9888474985332206,0.24452681022519204,0.25421130763433053,0.8859683334063407,7,,,,,159.7,
B3,49,C1_transplant_coulomb,377,,362,124,0.24693831255910317,0.9887980127811383,0.22849904476765387,0.24296570938129905,0.9113753903200624,7,,,,,159.7,
B3,49,C2_end2end,30,,362,124,0.37713597955848444,0.9808693467173268,0.3476006883462851,0.38017147134412527,0.7642599506750842,7,0.7847647053491978,0.1902472742205412,0.23073460161685944,0.3509027063846588,159.7,
B3,49,C2_shuffled,30,,362,124,0.8956257284440252,0.901917416758004,0.7922192989470306,0.9025852504355237,0.08089253187613843,7,0.7847647053491978,0.9194196909774626,0.21189971268177032,0.34892240166664124,159.7,
B3,49,C3_msgpass,107,18,362,124,0.24745118823519952,0.9872459781566072,0.24334101387135382,0.24222158847922012,0.9077583832030659,7,0.7446341514587402,0.07046321034431458,,,159.7,atom
B3,49,C3_eigfeat,110,31,362,124,0.34596121050805073,0.9854139113522615,0.2895407326356063,0.34755026187021837,0.8897347449908927,7,0.8243831396102905,0.135040745139122,,,159.7,eig
B3,49,C3_diagfeat,110,31,362,124,0.30614362247092075,0.9856628031065615,0.2897192673147487,0.30035607995521935,0.9068712594327348,7,0.7930284142494202,0.13828440010547638,,,159.7,diag
B3,49,C3_msgpass_shuffled,107,18,362,124,0.30553270271070837,0.9848756994966935,0.29913786979671003,0.29855869903330284,0.895308190215977,7,0.7446341514587402,0.09634335339069366,,,159.7,atom
B3,50,C1_transplant_J,360,,345,141,0.3968161146264957,0.9788161562980647,0.3485383237059448,0.3935844028947743,0.770082036154119,9,,,,,152.4,
B3,50,C1_transplant_coulomb,360,,345,141,0.4553487699495035,0.9758908509264224,0.3786021890309203,0.4530658991912037,0.8096152319204867,9,,,,,152.4,
B3,50,C2_end2end,30,,345,141,0.4067009068369346,0.980023207075217,0.357254777194366,0.4070627702353603,0.8025922672939619,9,0.7578241601433434,0.1448620139759421,0.24252229928970337,0.3181304335594177,152.4,
B3,50,C2_shuffled,30,,345,141,0.7682247884271038,0.9286245118838898,0.7040818912655447,0.762568756037848,0.30463554797235626,9,0.7578241601433434,0.8313140320980148,0.45945706963539124,0.30696994066238403,152.4,
B3,50,C3_msgpass,107,18,345,141,0.2125728249533583,0.99310648209657,0.2036749578706872,0.21381237535290312,0.8763669635871741,9,0.7972424626350403,0.08154626190662384,,,152.4,atom
B3,50,C3_eigfeat,110,31,345,141,0.35227486142039444,0.9835877813797135,0.32234699910665643,0.34845563375184935,0.7389472873118095,9,0.7443007230758667,0.10941027104854584,,,152.4,eig
B3,50,C3_diagfeat,110,31,345,141,0.32660201903867314,0.9873676102836393,0.3234789983307299,0.3280702117598859,0.753748962211747,9,0.7755671143531799,0.13438773155212402,,,152.4,diag
B3,50,C3_msgpass_shuffled,107,18,345,141,0.33710993166791353,0.9835088358547862,0.25737469123845774,0.3381135050671993,0.822230250576813,9,0.7972424626350403,0.11045608669519424,,,152.4,atom
B3,51,C1_transplant_J,388,,373,113,0.46897265976540853,0.9736300395917177,0.4417989640077845,0.4650254838201663,0.7441672223825478,9,,,,,168.3,
B3,51,C1_transplant_coulomb,388,,373,113,0.4943484513480674,0.969842070846874,0.4839942585637883,0.4926693185362002,0.6637107580503807,9,,,,,168.3,
B3,51,C2_end2end,29,,373,113,0.4783663318035426,0.9817167383345198,0.41915754974148905,0.47932192726366807,0.7886673314051154,9,0.7773292795845065,0.16325064851772345,0.19160647690296173,0.33157268166542053,168.3,
B3,51,C2_shuffled,29,,373,113,0.7653377807049022,0.9497064006703566,0.6255704946870025,0.7691065404216327,0.5934806651787783,9,0.7773292795845065,0.7425498270881387,0.4946982264518738,0.13245996832847595,168.3,
B3,51,C3_msgpass,106,18,373,113,0.360394113331897,0.9872165781490634,0.3459480287518125,0.3622592024167236,0.7309659571740883,9,0.7120599150657654,0.07396872341632843,,,168.3,atom
B3,51,C3_eigfeat,109,31,373,113,0.5056983929132873,0.9772665544204399,0.42999103297138525,0.5118440345256373,0.6809294960238356,9,0.7686629295349121,0.12088005244731903,,,168.3,eig
B3,51,C3_diagfeat,109,31,373,113,0.47106434309293277,0.9791913492862884,0.4315816851782971,0.46811613258949963,0.6961100772421528,9,0.7818490862846375,0.13099464774131775,,,168.3,diag
B3,51,C3_msgpass_shuffled,106,18,373,113,0.3606420173305943,0.9870222772294919,0.3323849701102917,0.3479696931822326,0.7823476993288313,9,0.7120599150657654,0.08780991286039352,,,168.3,atom
B3,52,C1_transplant_J,360,,345,141,0.5016943975063817,0.9700549112722199,0.4092853856686826,0.5066218993036421,0.7549904056586206,8,,,,,153.5,
B3,52,C1_transplant_coulomb,360,,345,141,0.5049245560428576,0.9689495523178434,0.4061638161421716,0.5107232015989978,0.6948767543302692,8,,,,,153.5,
B3,52,C2_end2end,30,,345,141,0.47355866410549147,0.9727229449055236,0.3543723400771455,0.4761940636251913,0.6787784468932324,8,0.6689736750605265,0.14961937390460264,0.20611482858657837,0.3303290903568268,153.5,
B3,52,C2_shuffled,30,,345,141,0.7800223374207158,0.932899593731995,0.7593132328536984,0.784815917437031,0.22285931407764376,8,0.6689736750605265,0.7611602281173059,0.3027711808681488,0.27971744537353516,153.5,
B3,52,C3_msgpass,107,18,345,141,0.27451229711431824,0.9896015405034181,0.24521837093594406,0.2765253822640466,0.9311493400688341,8,0.8420196771621704,0.07842883467674255,,,153.5,atom
B3,52,C3_eigfeat,110,31,345,141,0.3963635089296171,0.9803773087219665,0.3189186422737985,0.3934613200259926,0.8149901078713081,8,0.740850567817688,0.11486000567674637,,,153.5,eig
B3,52,C3_diagfeat,110,31,345,141,0.3705712325066144,0.9807264730071924,0.3177641825643498,0.3708003575293956,0.8056029951110947,8,0.7796247005462646,0.13174715638160706,,,153.5,diag
B3,52,C3_msgpass_shuffled,107,18,345,141,0.3004478503232099,0.9876662432108508,0.2719461878570669,0.2954344486338077,0.8752297569089941,8,0.8420196771621704,0.09472521394491196,,,153.5,atom
B3,53,C1_transplant_J,396,,381,105,0.4483489218875793,0.9789105946882568,0.41227026986122634,0.4484531294643855,0.7392756054348586,8,,,,,170.9,
B3,53,C1_transplant_coulomb,396,,381,105,0.46397342461062974,0.976683813306552,0.4410257698458369,0.45816466108664267,0.7416452479559276,8,,,,,170.9,
B3,53,C2_end2end,29,,381,105,0.4375176121085021,0.9787496045703604,0.36702137331461876,0.43176945441815034,0.8101534532096645,8,0.729075948368408,0.17968221107533688,0.2285599410533905,0.34190836548805237,170.9,
B3,53,C2_shuffled,29,,381,105,0.8816852626278152,0.9405800697473984,0.8317766288493162,0.8784511756488586,-0.004255496074456667,8,0.729075948368408,0.8106188752220657,0.3086947202682495,0.2911653220653534,170.9,
B3,53,C3_msgpass,106,18,381,105,0.41098779593263285,0.9817651414689229,0.4002059183987399,0.41401385578387284,0.6476684996917335,8,0.7544790506362915,0.05968083441257477,,,170.9,atom
B3,53,C3_eigfeat,109,31,381,105,0.3652832246012492,0.9877829715675321,0.29882532157014935,0.36098542193544964,0.6798885723071902,8,0.7600387334823608,0.13044576346874237,,,170.9,eig
B3,53,C3_diagfeat,109,31,381,105,0.3702479061756122,0.9881497935474881,0.3532528652342394,0.37630551702760595,0.7601446383428108,8,0.8183190226554871,0.11068559437990189,,,170.9,diag
B3,53,C3_msgpass_shuffled,106,18,381,105,0.45366162421228096,0.9796885737233626,0.44528852022027177,0.4573204342846599,0.7095095509858502,8,0.7544790506362915,0.08896835893392563,,,170.9,atom
B3,54,C1_transplant_J,378,,363,123,0.4696607855843419,0.9744024679829135,0.4119967146596115,0.4732039515311815,0.7191579009915996,8,,,,,160.2,
B3,54,C1_transplant_coulomb,378,,363,123,0.45177274490863284,0.9764614073500022,0.38567914223926003,0.4553294852803079,0.6849142612476732,8,,,,,160.2,
B3,54,C2_end2end,30,,363,123,0.33607302150326473,0.986165941391368,0.30704491897677727,0.33731941879032723,0.7992357309137801,8,0.7128001665825121,0.19728418346719492,0.24866321682929993,0.3154412508010864,160.2,
B3,54,C2_shuffled,30,,363,123,0.8333295837745142,0.9340585049042248,0.7617704667404536,0.8236285106513552,0.34779771674773463,8,0.7128001665825121,0.7338314501589186,0.47751688957214355,0.28975412249565125,160.2,
B3,54,C3_msgpass,107,18,363,123,0.3106064039658516,0.987591633386678,0.2828716324599804,0.3133000357686689,0.8600041143799821,8,0.776947021484375,0.07039200514554977,,,160.2,atom
B3,54,C3_eigfeat,110,31,363,123,0.29738090060346484,0.9902041345665071,0.2660922784867597,0.29337193009381435,0.785747181164172,8,0.7574620842933655,0.16220588982105255,,,160.2,eig
B3,54,C3_diagfeat,110,31,363,123,0.2929756150551506,0.9901313391621896,0.2872682364646023,0.29440205323042257,0.7747820019488639,8,0.7803643941879272,0.13977031409740448,,,160.2,diag
B3,54,C3_msgpass_shuffled,107,18,363,123,0.3448020142396797,0.9843006925210497,0.3286681497932617,0.3407190989484015,0.7138294440763926,8,0.776947021484375,0.1124013140797615,,,160.2,atom
B3,55,C1_transplant_J,385,,370,116,0.29735494542469837,0.9890780073978079,0.2354951752786575,0.2877590592560147,0.8808396915892229,9,,,,,164.6,
B3,55,C1_transplant_coulomb,385,,370,116,0.29925043415412095,0.9890643616081262,0.2697032048029245,0.28880854038987397,0.8189887186302374,9,,,,,164.6,
B3,55,C2_end2end,29,,370,116,0.4085634841701034,0.9869931266638393,0.3795622328644314,0.41264656882712114,0.6299142642780149,9,0.7238570359191356,0.18091426309264963,0.21654710173606873,0.34058380126953125,164.6,
B3,55,C2_shuffled,29,,370,116,0.8268750597213006,0.9443768035055802,0.7284287060112745,0.8291337242936938,0.1305626183151847,9,0.7238570359191356,0.7863941327507543,0.35619422793388367,0.6725279688835144,164.6,
B3,55,C3_msgpass,106,18,370,116,0.3068540444253411,0.989774272146155,0.28434924289744995,0.29754581882610254,0.8281475038641546,9,0.768797755241394,0.06957215815782547,,,164.6,atom
B3,55,C3_eigfeat,109,31,370,116,0.3321810435559502,0.9875184270743576,0.273213464252983,0.32607803433797145,0.7893741854166328,9,0.7887029051780701,0.13149461150169373,,,164.6,eig
B3,55,C3_diagfeat,109,31,370,116,0.33866182839609116,0.9899066986785375,0.3197634729671721,0.3400766648348891,0.7674074334678049,9,0.7696410417556763,0.12226231396198273,,,164.6,diag
B3,55,C3_msgpass_shuffled,106,18,370,116,0.4039836102295625,0.9849372785760756,0.3526497275491435,0.39885134117707394,0.7643135244528434,9,0.768797755241394,0.09802695363759995,,,164.6,atom
B3,56,C1_transplant_J,382,,367,119,0.6216275521107917,0.96033541122505,0.5542783345613078,0.6241475656470885,0.7229652477812546,8,,,,,161.0,
B3,56,C1_transplant_coulomb,382,,367,119,0.5791852092863163,0.9661369161466541,0.5125644919041243,0.5843413759034095,0.649352944864564,8,,,,,161.0,
B3,56,C2_end2end,29,,367,119,0.3830798359072842,0.9841839047991731,0.3332039786722746,0.38213062043286317,0.8089061133531313,8,0.7618012215923726,0.20166861831134572,0.22631773352622986,0.3540787100791931,161.0,
B3,56,C2_shuffled,29,,367,119,0.855170203872735,0.9337242965928566,0.7520048946413638,0.8434793850653339,0.48709848580538234,8,0.7618012215923726,0.7331037980563246,0.44578316807746887,0.14123304188251495,161.0,
B3,56,C3_msgpass,106,18,367,119,0.2977692587165416,0.9892712924050667,0.2699565351710507,0.2936117293688922,0.9061057955128027,8,0.8967210054397583,0.07094479352235794,,,161.0,atom
B3,56,C3_eigfeat,109,31,367,119,0.31381097965074245,0.9899628559031975,0.27464850559132115,0.3147602390101247,0.8858759223451877,8,0.817196786403656,0.13867619633674622,,,161.0,eig
B3,56,C3_diagfeat,109,31,367,119,0.3106822206062713,0.9898284365649936,0.2669149235491071,0.31549285862416054,0.8167559379234792,8,0.7810875177383423,0.14669831097126007,,,161.0,diag
B3,56,C3_msgpass_shuffled,106,18,367,119,0.37080087515628585,0.9841993313126527,0.3454385390784594,0.37462770725665945,0.8039096731188186,8,0.8967210054397583,0.1301356554031372,,,161.0,atom
B3,57,C1_transplant_J,376,,361,125,0.4952817842970883,0.9764165077196035,0.46624080494138215,0.48650039376916904,0.45948415096508255,9,,,,,158.5,
B3,57,C1_transplant_coulomb,376,,361,125,0.46618716717973124,0.9819922365406651,0.3468406350552547,0.4600119259967373,0.8157386067815001,9,,,,,158.5,
B3,57,C2_end2end,30,,361,125,0.4038785393840809,0.9867470812583334,0.3330940207039252,0.3926839380159282,0.778391565604922,9,0.722058542063968,0.18397097826428843,0.2830173075199127,0.3455688953399658,158.5,
B3,57,C2_shuffled,30,,361,125,1.0073878705051187,0.9151915971733869,0.7657460764629649,0.9945902467772667,0.26363781998769387,9,0.722058542063968,0.8495519547280409,0.37818336486816406,0.24381506443023682,158.5,
B3,57,C3_msgpass,107,18,361,125,0.3240073959366837,0.9898117768419898,0.24693126947105878,0.31564659343843116,0.8484926992784193,9,0.7282084226608276,0.0723269060254097,,,158.5,atom
B3,57,C3_eigfeat,110,31,361,125,0.36134869001187364,0.9868433314395004,0.3332453748055852,0.35930824879358086,0.7512266119078568,9,0.8362040519714355,0.13167694211006165,,,158.5,eig
B3,57,C3_diagfeat,110,31,361,125,0.36874337290084425,0.9871705088241649,0.32426467515694163,0.3656680447763566,0.6959356875252586,9,0.7866271734237671,0.12850897014141083,,,158.5,diag
B3,57,C3_msgpass_shuffled,107,18,361,125,0.38987613455174336,0.98687050727145,0.29960263449066393,0.38674794870819346,0.7915961246491104,9,0.7282084226608276,0.11340715736150742,,,158.5,atom
B3,58,C1_transplant_J,393,,378,108,0.43659454636469475,0.9844485185834869,0.3825005416118396,0.43659454636469475,0.794810472745326,9,,,,,168.4,
B3,58,C1_transplant_coulomb,393,,378,108,0.40164983091669365,0.9862077323783663,0.3652736896461467,0.40164983091669365,0.8211844980416408,9,,,,,168.4,
B3,58,C2_end2end,30,,378,108,0.45387464170859043,0.9843956695773068,0.421610570513052,0.45387464170859043,0.7570965727875842,9,0.6915125414772685,0.18084694409329882,0.18863289058208466,0.3608614206314087,168.4,
B3,58,C2_shuffled,30,,378,108,0.8922409073993561,0.9439487276856379,0.8156288078834195,0.8922409073993559,0.0372979797979798,9,0.6915125414772685,0.8919404917862318,0.3976522386074066,0.3631837069988251,168.4,
B3,58,C3_msgpass,107,18,378,108,0.2603558297295792,0.99435856734366,0.22434673620804116,0.2603558297295792,0.8598213874164542,9,0.7193664908409119,0.0879552811384201,,,168.4,atom
B3,58,C3_eigfeat,110,31,378,108,0.38602882322340465,0.9846680171154576,0.3566796808722177,0.38602882322340465,0.7886527978194643,9,0.7258622050285339,0.10749340802431107,,,168.4,eig
B3,58,C3_diagfeat,110,31,378,108,0.31952826615721613,0.9922298704848961,0.2891539522574569,0.31952826615721613,0.9281172839506172,9,0.7997960448265076,0.14020855724811554,,,168.4,diag
B3,58,C3_msgpass_shuffled,107,18,378,108,0.3066840716423698,0.9922542383165451,0.2653351696858896,0.3066840716423698,0.9048021885521885,9,0.7193664908409119,0.11074808239936829,,,168.4,atom
B3,59,C1_transplant_J,356,,341,145,0.48777085519429875,0.9731828319978325,0.4535704520518087,0.4919533240344647,0.6150918476903874,8,,,,,150.2,
B3,59,C1_transplant_coulomb,356,,341,145,0.42429021518828747,0.9776057101844325,0.39321655941478273,0.42642237326368043,0.6784714763977284,8,,,,,150.2,
B3,59,C2_end2end,29,,341,145,0.4362330417675088,0.9805290925566514,0.35935999082996184,0.4343227533481574,0.7772815690725646,8,0.7329271168786415,0.15768308037074413,0.21164031326770782,0.3570622205734253,150.2,
B3,59,C2_shuffled,29,,341,145,0.776466168488528,0.9406405245205361,0.6723602560177218,0.7708072740168115,0.08922992961049084,8,0.7329271168786415,0.8905056191317082,0.22428838908672333,0.362891286611557,150.2,
B3,59,C3_msgpass,106,18,341,145,0.31737444324961794,0.9875962085385814,0.29884421960753366,0.3152558978685883,0.8294924526834071,8,0.8867158889770508,0.07462933659553528,,,150.2,atom
B3,59,C3_eigfeat,109,31,341,145,0.46012472946360683,0.9753414185376976,0.37169801298402244,0.4609380252892507,0.7612639021261891,8,0.7744165062904358,0.10219082981348038,,,150.2,eig
B3,59,C3_diagfeat,109,31,341,145,0.4435608960663095,0.9761973707365473,0.39668653588074926,0.4456310381202091,0.6854192580298414,8,0.7550034523010254,0.12408250570297241,,,150.2,diag
B3,59,C3_msgpass_shuffled,106,18,341,145,0.35155551622290787,0.9845047360461441,0.31764439845688447,0.35197110347547156,0.7932573684585486,8,0.8867158889770508,0.1142820194363594,,,150.2,atom
B3,60,C1_transplant_J,383,,368,118,0.5951519478649804,0.9577153807076219,0.591672990953891,0.5951519478649803,0.6417071311464614,7,,,,,161.4,
B3,60,C1_transplant_coulomb,383,,368,118,0.6006353533049469,0.9569113573312795,0.6008743073835884,0.6006353533049471,0.6622185972680893,7,,,,,161.4,
B3,60,C2_end2end,30,,368,118,0.4490156904726969,0.9753780229458155,0.41035538616875805,0.4490156904726969,0.7988895918211264,7,0.7238765136978096,0.1672958570543182,0.19448991119861603,0.30708903074264526,161.4,
B3,60,C2_shuffled,30,,368,118,0.8450775688437118,0.916972950875897,0.7721725290866599,0.8450775688437118,0.09023376118253446,7,0.7238765136978096,0.8558439840211729,0.2942875325679779,0.2668175995349884,161.4,
B3,60,C3_msgpass,107,18,368,118,0.3318482173676386,0.9867591652612981,0.3097277750253399,0.3318482173676386,0.8061609344048841,7,0.7558135390281677,0.07055852562189102,,,161.4,atom
B3,60,C3_eigfeat,110,31,368,118,0.4216855802879896,0.975788004316775,0.40580010135987166,0.4216855802879896,0.7541693930308899,7,0.702327311038971,0.11623650789260864,,,161.4,eig
B3,60,C3_diagfeat,110,31,368,118,0.40123191020638,0.9790847533598613,0.3659990600827255,0.40123191020638,0.7257697920225743,7,0.7621608376502991,0.13269378244876862,,,161.4,diag
B3,60,C3_msgpass_shuffled,107,18,368,118,0.36983766382299954,0.981692575911766,0.3325629195278921,0.36983766382299954,0.8425949702453738,7,0.7558135390281677,0.0874570831656456,,,161.4,atom
B3,61,C1_transplant_J,400,,385,101,0.3665866971686676,0.9827310359038259,0.3429200275020361,0.3662936346260883,0.8175493479930412,8,,,,,172.6,
B3,61,C1_transplant_coulomb,400,,385,101,0.34873484316155445,0.9830683170838529,0.30542151463853034,0.34713349404975025,0.867585621891842,8,,,,,172.6,
B3,61,C2_end2end,30,,385,101,0.39667285582520545,0.9804955217612307,0.33598243607839234,0.4037152846285304,0.7831622606308265,8,0.7039978391879662,0.14805970805212618,0.18793094158172607,0.47256001830101013,172.6,
B3,61,C2_shuffled,30,,385,101,1.0167986550054622,0.9110455884777401,0.9021639352732413,1.0319835253165281,-0.21153082253560723,8,0.7039978391879662,0.8920669464167865,0.25651347637176514,0.4197075366973877,172.6,
B3,61,C3_msgpass,107,18,385,101,0.269228309878604,0.9914369721560119,0.26110111636667527,0.27124532737084167,0.8263440641828169,8,0.8940578103065491,0.07404565811157227,,,172.6,atom
B3,61,C3_eigfeat,110,31,385,101,0.4067631126350693,0.9850040635796198,0.33567748339610576,0.4135186053146931,0.8437603155306503,8,0.7372702360153198,0.12981434166431427,,,172.6,eig
B3,61,C3_diagfeat,110,31,385,101,0.3574945575901791,0.9844104815676084,0.3404136907014765,0.35998505097355477,0.8157797014256345,8,0.7805752754211426,0.11569934338331223,,,172.6,diag
B3,61,C3_msgpass_shuffled,107,18,385,101,0.36508087561493113,0.9835922223169832,0.3510021687742928,0.358294285929353,0.8012021736902121,8,0.8940578103065491,0.11850129067897797,,,172.6,atom
A1,42,C1_transplant_J,554,,530,160,0.7685618669726129,0.9804947921449366,0.49059247122679944,0.7473548866670472,0.32489401216393093,28,,,,,201.5,
A1,42,C1_transplant_coulomb,554,,530,160,0.7170409112660693,0.9820813841911389,0.44740503359196326,0.6976314272951025,0.5713052955883668,28,,,,,201.5,
A1,42,C2_end2end,37,,530,160,0.5131058951035474,0.9859911077032485,0.3149741535358655,0.4214575961141028,0.6409783833890444,28,0.7310102789549813,0.25586167425836476,0.26886990666389465,0.4168194532394409,201.5,
A1,42,C2_shuffled,37,,530,160,0.7562110515119149,0.9727961999534931,0.5088222581338085,0.6707630057830078,0.10991299275295575,28,0.7310102789549813,0.6851453995456736,0.390257328748703,0.24038754403591156,201.5,
A1,42,C3_msgpass,110,12,530,160,0.2697288889905868,0.9953432839266029,0.17638673377683256,0.2279586389826777,0.7878063560745325,28,0.8559024333953857,0.06944508105516434,,,201.5,atom
A1,42,C3_eigfeat,110,28,530,160,0.33516402584464455,0.9954388578481604,0.20693869113234675,0.2937664212113756,0.7661111578317868,28,0.8385756015777588,0.10294594615697861,,,201.5,eig
A1,42,C3_diagfeat,110,28,530,160,0.4424168526254835,0.9606222861739558,0.20883596711845484,0.2870963720602417,0.7419413508682704,28,0.9043049812316895,0.09574858099222183,,,201.5,diag
A1,42,C3_msgpass_shuffled,110,12,530,160,0.3833806753191117,0.994271254799283,0.2937810897447663,0.3538041613446385,0.687223296797765,28,0.8559024333953857,0.1535368114709854,,,201.5,atom
A1,43,C1_transplant_J,544,,520,170,0.4763137715093188,0.9873801503079601,0.3375437054063254,0.4883064476604787,0.6277947279936736,27,,,,,193.2,
A1,43,C1_transplant_coulomb,544,,520,170,0.49006006949175335,0.9872313556173817,0.3763505294039261,0.5172462772327859,0.5800023295418032,27,,,,,193.2,
A1,43,C2_end2end,37,,520,170,0.3681475097874425,0.993587589791342,0.262455085759637,0.37244965274081493,0.6792803290014348,27,0.745655374251779,0.14139320858851692,0.24208879470825195,0.3504111170768738,193.2,
A1,43,C2_shuffled,37,,520,170,0.7312875934695543,0.9768762870480302,0.5524958639125132,0.7584453001077214,0.25226929503245293,27,0.745655374251779,0.7039972796318577,0.3151652216911316,0.1498108208179474,193.2,
A1,43,C3_msgpass,110,12,520,170,0.2813624330195871,0.9954645860194714,0.21164691789643894,0.2859730346941911,0.7537047355302148,27,0.647823691368103,0.07162080705165863,,,193.2,atom
A1,43,C3_eigfeat,110,28,520,170,0.32483095135730494,0.9945775008361682,0.21780749819265513,0.30428001412071204,0.6507696324143692,27,0.8715925216674805,0.09505845606327057,,,193.2,eig
A1,43,C3_diagfeat,110,28,520,170,0.3693122678609393,0.9930466413503862,0.26802528272993503,0.369349547761267,0.6515084988111304,27,0.9115274548530579,0.1289510875940323,,,193.2,diag
A1,43,C3_msgpass_shuffled,110,12,520,170,0.3382827936279079,0.9937312279851754,0.28585600135667577,0.34125239256184936,0.6750564713064713,27,0.647823691368103,0.1765003204345703,,,193.2,atom
A1,44,C1_transplant_J,547,,523,167,0.3007246468576218,0.9951945727872464,0.2252608130768733,0.30759365149511714,0.7912603995349061,27,,,,,197.0,
A1,44,C1_transplant_coulomb,547,,523,167,0.30081910418728414,0.9952614225973917,0.2273935646275334,0.3047872164527351,0.751386112842409,27,,,,,197.0,
A1,44,C2_end2end,37,,523,167,0.3036281387732742,0.9951424391273105,0.2291348691153787,0.3037748305029345,0.8332606326474888,27,0.7652435090232645,0.15551699485290688,0.1879737824201584,0.3806132376194,197.0,
A1,44,C2_shuffled,37,,523,167,0.7896867924093741,0.9710426993111754,0.6088853176620895,0.8090521755537597,0.19953684798727675,27,0.7652435090232645,0.7729917329906671,0.4348374605178833,0.43422386050224304,197.0,
A1,44,C3_msgpass,110,12,523,167,0.2547232603078574,0.9964092483693779,0.21720673838495852,0.2602159963500131,0.830950259803353,27,0.7980451583862305,0.0787845328450203,,,197.0,atom
A1,44,C3_eigfeat,110,28,523,167,0.28974122347065806,0.9957636062988401,0.21553786698967203,0.29265788846832225,0.7154545194036694,27,0.859454870223999,0.0956936627626419,,,197.0,eig
A1,44,C3_diagfeat,110,28,523,167,0.27922645148344677,0.995871830647633,0.21504595248842834,0.28181590582607347,0.7639061421670118,27,0.9140602946281433,0.10600627958774567,,,197.0,diag
A1,44,C3_msgpass_shuffled,110,12,523,167,0.4233622289031917,0.9911697748138955,0.3103826949005614,0.4153335694526739,0.7261556114346847,27,0.7980451583862305,0.17329873144626617,,,197.0,atom
A1,45,C1_transplant_J,540,,516,174,0.4636451384958817,0.9888925989629305,0.294065280833572,0.43811820656981376,0.5753046680164564,30,,,,,191.8,
A1,45,C1_transplant_coulomb,540,,516,174,0.4635449229701696,0.9888193300602015,0.2982193171947008,0.45001751650348654,0.5262378734484996,30,,,,,191.8,
A1,45,C2_end2end,37,,516,174,0.36207722902333983,0.9943326626277591,0.25882935515652133,0.36130698011241147,0.5349138632348278,30,0.716884271361784,0.1305950339571609,0.23761318624019623,0.3427093029022217,191.8,
A1,45,C2_shuffled,37,,516,174,0.7867339672056357,0.9747816194834288,0.4920504211894182,0.7543927535031139,0.09920423030479956,30,0.716884271361784,0.7498217054265044,0.5164783596992493,0.6775075197219849,191.8,
A1,45,C3_msgpass,110,12,516,174,0.28448606763324447,0.9963221431601357,0.20727269735430673,0.28502515419245633,0.6323038916604676,30,0.8954567313194275,0.06940832734107971,,,191.8,atom
A1,45,C3_eigfeat,110,28,516,174,0.3104500988140006,0.994747953345224,0.21875584190532715,0.3062465106284046,0.6124086792397988,30,0.8850241303443909,0.09479480981826782,,,191.8,eig
A1,45,C3_diagfeat,110,28,516,174,0.3733650201537601,0.9932833333470281,0.26722691430149925,0.3680844387171418,0.4466311676937863,30,0.9251807928085327,0.12080838531255722,,,191.8,diag
A1,45,C3_msgpass_shuffled,110,12,516,174,0.39564627046298356,0.9927325589314099,0.27279552780798494,0.387791616118352,0.42860963830603294,30,0.8954567313194275,0.15590831637382507,,,191.8,atom
A1,46,C1_transplant_J,527,,503,187,0.5524047609396473,0.9672905703599056,0.4682818872170192,0.56517719077338,0.4178713511176391,26,,,,,187.3,
A1,46,C1_transplant_coulomb,527,,503,187,0.5422777281058997,0.9686979104503374,0.4546187227923597,0.5612238371555038,0.26996789759947654,26,,,,,187.3,
A1,46,C2_end2end,37,,503,187,0.3058786011374976,0.9908645835229212,0.22649546825195851,0.3017170013515102,0.6486124760187627,26,0.7835397632465451,0.13914893950350526,0.23818126320838928,0.3733847141265869,187.3,
A1,46,C2_shuffled,37,,503,187,0.7085494067664393,0.9624258929255225,0.5407661770329459,0.6998007933697763,0.23224947567052825,26,0.7835397632465451,0.7741146508910024,0.4868856370449066,0.7175776958465576,187.3,
A1,46,C3_msgpass,110,12,503,187,0.27955577522871455,0.991247643704396,0.2056473805626032,0.27099044971489894,0.7331904689756772,26,0.7532400488853455,0.07699483633041382,,,187.3,atom
A1,46,C3_eigfeat,110,28,503,187,0.27143941987867776,0.9924856829064858,0.2003521764292692,0.26454587576547656,0.7418214339266971,26,0.8816441297531128,0.09940388053655624,,,187.3,eig
A1,46,C3_diagfeat,110,28,503,187,0.26906120865576877,0.9923197579635334,0.19259141188811016,0.27717910698443277,0.6735350419560946,26,0.9158782362937927,0.10558561980724335,,,187.3,diag
A1,46,C3_msgpass_shuffled,110,12,503,187,0.3872101578025814,0.984847609224796,0.3440261101196279,0.38859090550955205,0.551590612116928,26,0.7532400488853455,0.14936231076717377,,,187.3,atom
A1,47,C1_transplant_J,529,,505,185,0.4154449396549803,0.9865843331176184,0.36144752408243797,0.4159722755960564,0.7266440495328796,26,,,,,186.1,
A1,47,C1_transplant_coulomb,529,,505,185,0.4464200530740129,0.9841527776702481,0.37568432860642076,0.4451940161071449,0.6593684769807291,26,,,,,186.1,
A1,47,C2_end2end,37,,505,185,0.3437189862563528,0.9924853158915747,0.27727109540046574,0.34441572516179714,0.7026133909790319,26,0.7536249866277482,0.1280832395667117,0.2398393452167511,0.35573098063468933,186.1,
A1,47,C2_shuffled,37,,505,185,0.761395942463385,0.9641176994991616,0.6535466111372386,0.7378632399751364,0.05021066646545239,26,0.7536249866277482,0.8826086943288772,0.3117704391479492,0.5612426996231079,186.1,
A1,47,C3_msgpass,110,12,505,185,0.26923067376705523,0.9951653903404767,0.21763480010730468,0.26726780654916693,0.7582626421208424,26,0.8730112910270691,0.0789763405919075,,,186.1,atom
A1,47,C3_eigfeat,110,28,505,185,0.28176741090771446,0.9943497248490044,0.21195860690631912,0.2604977693184726,0.7705351209876097,26,0.8327548503875732,0.09945245087146759,,,186.1,eig
A1,47,C3_diagfeat,110,28,505,185,0.3447409205464261,0.991729068330992,0.27396423578798346,0.33728663384931523,0.7851858896411631,26,0.897850513458252,0.12539415061473846,,,186.1,diag
A1,47,C3_msgpass_shuffled,110,12,505,185,0.38505784447361024,0.9911360213690558,0.3083761840158372,0.3783294172126381,0.6907470357696603,26,0.8730112910270691,0.1717611700296402,,,186.1,atom
A1,48,C1_transplant_J,552,,528,162,0.29107633458362464,0.9955440059558022,0.22239525174202004,0.2853961726511116,0.8001502325938475,27,,,,,199.6,
A1,48,C1_transplant_coulomb,552,,528,162,0.30918668836064134,0.9946064164638783,0.23121261017624306,0.3025876427724601,0.7735014845385788,27,,,,,199.6,
A1,48,C2_end2end,37,,528,162,0.3466548310224633,0.9943319799488123,0.25592190095366185,0.3266744508693519,0.6862338226904824,27,0.7446464108527225,0.14274291482890744,0.21383067965507507,0.3533030152320862,199.6,
A1,48,C2_shuffled,37,,528,162,0.801683722523722,0.9730075753792002,0.5841524699335611,0.7955166209028456,0.1615001540511044,27,0.7446464108527225,0.7243170175197108,0.31046175956726074,0.1322665959596634,199.6,
A1,48,C3_msgpass,110,12,528,162,0.2755534293567854,0.995870892197678,0.21728895712427315,0.2724013926415182,0.751911738419157,27,0.7671413421630859,0.10779023915529251,,,199.6,atom
A1,48,C3_eigfeat,110,28,528,162,0.2958950053124888,0.9948788380822265,0.2183200769369518,0.28117236212880015,0.7276650594170544,27,0.8903523683547974,0.10554419457912445,,,199.6,eig
A1,48,C3_diagfeat,110,28,528,162,0.3115614156579181,0.9943893428092991,0.2284481814875297,0.30735561588407634,0.8310375827200318,27,0.916505753993988,0.10549367219209671,,,199.6,diag
A1,48,C3_msgpass_shuffled,110,12,528,162,0.3947699390685285,0.9915637679672092,0.3366466858210747,0.3998842872124734,0.6111651018614311,27,0.7671413421630859,0.14914047718048096,,,199.6,atom
A1,49,C1_transplant_J,551,,527,163,0.6513735309347787,0.9806233244096709,0.4516287164565501,0.6582198623238035,0.5597065558692611,28,,,,,201.1,
A1,49,C1_transplant_coulomb,551,,527,163,0.5480791028257044,0.986870763668107,0.40638535600131437,0.5534950151137515,0.4999229486549494,28,,,,,201.1,
A1,49,C2_end2end,37,,527,163,0.33459766410869,0.9945243496551713,0.2675208560596014,0.339080328956878,0.668716511013931,28,0.7447126432790647,0.13383867021611168,0.22600793838500977,0.38156503438949585,201.1,
A1,49,C2_shuffled,37,,527,163,0.765468262591761,0.9719382359276731,0.5371178915353259,0.7667530567143379,0.2769221289926923,28,0.7447126432790647,0.7062116171448101,0.5070158243179321,0.3193158209323883,201.1,
A1,49,C3_msgpass,110,12,527,163,0.2717914954681744,0.9958313730003533,0.23134207804615725,0.2738064410668512,0.7012459339003144,28,0.7634202837944031,0.08478609472513199,,,201.1,atom
A1,49,C3_eigfeat,110,28,527,163,0.2834155811638139,0.9954413009931312,0.23863791029758513,0.2927878933703612,0.7063490555683088,28,0.8335812091827393,0.09559845924377441,,,201.1,eig
A1,49,C3_diagfeat,110,28,527,163,0.2762251611413192,0.9959225174561291,0.24114684598821348,0.27935272733073935,0.6790943974401286,28,0.9157607555389404,0.09353470802307129,,,201.1,diag
A1,49,C3_msgpass_shuffled,110,12,527,163,0.44111101191948116,0.9890179246560158,0.355414031946268,0.4286761112988029,0.5263639825658027,28,0.7634202837944031,0.15050183236598969,,,201.1,atom
A1,50,C1_transplant_J,543,,519,171,0.31112807965155576,0.9949341349245898,0.2372184485282703,0.3241985848770921,0.8282034059206502,26,,,,,195.2,
A1,50,C1_transplant_coulomb,543,,519,171,0.35596731675491167,0.9936037592324813,0.28179961441943857,0.36228761303552515,0.7626255047473536,26,,,,,195.2,
A1,50,C2_end2end,37,,519,171,0.32581683127344113,0.9948011751297745,0.2404740833746891,0.3180583995449038,0.782645785953455,26,0.7211155548633011,0.15291632015662027,0.2502902150154114,0.3590545654296875,195.2,
A1,50,C2_shuffled,37,,519,171,0.7766759586235676,0.970498091579649,0.6104322277824189,0.7681412278172538,0.1461639201134999,26,0.7211155548633011,0.7345653751905429,0.3835620880126953,0.3999408185482025,195.2,
A1,50,C3_msgpass,110,12,519,171,0.2590816516218297,0.9958870865068433,0.21905551768349188,0.25374974040843457,0.8060998081558087,26,0.8689391016960144,0.07955522835254669,,,195.2,atom
A1,50,C3_eigfeat,110,28,519,171,0.26976908282412476,0.9959628868061908,0.22263378270306597,0.2658037176837348,0.747299829022518,26,0.872053861618042,0.10950923711061478,,,195.2,eig
A1,50,C3_diagfeat,110,28,519,171,0.2813414984962674,0.9953161953740444,0.21024665364623973,0.2781910109554137,0.8210561497326203,26,0.9172832369804382,0.10440074652433395,,,195.2,diag
A1,50,C3_msgpass_shuffled,110,12,519,171,0.38800500022847373,0.9910433599468098,0.32087347547110534,0.38046362575855924,0.705309396485867,26,0.8689391016960144,0.18638397753238678,,,195.2,atom
A1,51,C1_transplant_J,538,,514,176,0.34943621014535325,0.9931854981289668,0.29819411984886784,0.34702116647981274,0.7260615575044641,20,,,,,193.8,
A1,51,C1_transplant_coulomb,538,,514,176,0.3502102673452114,0.9932748734357851,0.2819049040425982,0.34975920756491263,0.7206740608923465,20,,,,,193.8,
A1,51,C2_end2end,36,,514,176,0.3306553561047829,0.9940165025565356,0.2813511506666556,0.33053248850328043,0.6918774379637799,20,0.757852263477913,0.14555611507466543,0.2129528522491455,0.3868447542190552,193.8,
A1,51,C2_shuffled,36,,514,176,0.8139807175352222,0.9694101429517711,0.6714214434700804,0.80744081588146,0.24071373074929525,20,0.757852263477913,0.833157093917521,0.2989611327648163,0.19747281074523926,193.8,
A1,51,C3_msgpass,109,12,514,176,0.2851556167711164,0.99486048357134,0.2403605366564289,0.2695780488385578,0.7504892158955074,20,0.9405326247215271,0.09569907188415527,,,193.8,atom
A1,51,C3_eigfeat,109,28,514,176,0.2688809585846225,0.9958181418887571,0.23921145956475406,0.2546820461352083,0.7453360115408946,20,0.8601860404014587,0.09963374584913254,,,193.8,eig
A1,51,C3_diagfeat,109,28,514,176,0.27071863065527585,0.9958678836535201,0.23657631199115486,0.2725031083485008,0.7663302271950427,20,0.9013054966926575,0.1069515198469162,,,193.8,diag
A1,51,C3_msgpass_shuffled,109,12,514,176,0.34595232882854393,0.9925958789999905,0.2852866938157335,0.3296639447640504,0.6909121973574105,20,0.9405326247215271,0.15369848906993866,,,193.8,atom
A1,52,C1_transplant_J,550,,526,164,0.3982809645354554,0.9901046465140906,0.3333977880281326,0.39878802954493786,0.7563409626195892,23,,,,,197.2,
A1,52,C1_transplant_coulomb,550,,526,164,0.3944771960240778,0.9898812580649594,0.3236106597740777,0.40037715977318084,0.6451395531673085,23,,,,,197.2,
A1,52,C2_end2end,37,,526,164,0.3483933557321745,0.9925778837043846,0.2719955971428263,0.35769302812804493,0.7581313058956926,23,0.7969792364733101,0.13959953975380365,0.24221104383468628,0.3649885356426239,197.2,
A1,52,C2_shuffled,37,,526,164,0.7299257873397431,0.9678726489702548,0.5774902169778252,0.7061220961193269,0.40047551854639635,23,0.7969792364733101,0.7540556327013779,0.5021312832832336,0.6194874048233032,197.2,
A1,52,C3_msgpass,110,12,526,164,0.27920848500643447,0.9947900210028278,0.24610603583415955,0.28688691570136327,0.7876114394516833,23,0.7174535989761353,0.0753198117017746,,,197.2,atom
A1,52,C3_eigfeat,110,28,526,164,0.3077455792242987,0.9908177476637785,0.24454246566891324,0.28427391651978484,0.7630174222215227,23,0.878140926361084,0.09977490454912186,,,197.2,eig
A1,52,C3_diagfeat,110,28,526,164,0.31683121066382286,0.9937360279596897,0.2603768534083976,0.3191226605999994,0.8039772030530408,23,0.9121644496917725,0.09766367077827454,,,197.2,diag
A1,52,C3_msgpass_shuffled,110,12,526,164,0.35900540296632727,0.9903214167471508,0.30233599350531754,0.3365985553725273,0.6850751288141769,23,0.7174535989761353,0.16418837010860443,,,197.2,atom
A1,53,C1_transplant_J,542,,518,172,0.493682221052835,0.9864666120097797,0.3646929331148804,0.4899975453424401,0.4316061827511363,32,,,,,193.0,
A1,53,C1_transplant_coulomb,542,,518,172,0.4595193570367161,0.9869557074677299,0.32358845112170925,0.43692018560246376,0.370296307913393,32,,,,,193.0,
A1,53,C2_end2end,36,,518,172,0.3795574328742766,0.991244968256748,0.2531153142927011,0.3818100202306209,0.608717552046593,32,0.7336492329798732,0.11664198993408313,0.20823444426059723,0.36875927448272705,193.0,
A1,53,C2_shuffled,36,,518,172,0.76157272387896,0.9703633619466563,0.4665654037635278,0.7725115805767162,0.1927044707743238,32,0.7336492329798732,0.7092704742450208,0.3327030539512634,0.1272752434015274,193.0,
A1,53,C3_msgpass,109,12,518,172,0.3212563867832666,0.9931113958588299,0.24803078299072637,0.31864177295192914,0.5461722006106657,32,0.7323590517044067,0.08382122218608856,,,193.0,atom
A1,53,C3_eigfeat,109,28,518,172,0.37845783928970517,0.9898496601233374,0.2704033663767659,0.3590600982036196,0.5147398190045249,32,0.8472235202789307,0.08151872456073761,,,193.0,eig
A1,53,C3_diagfeat,109,28,518,172,0.35339146428547047,0.9920833412743457,0.26806053326590384,0.36136775320365994,0.6591937168223934,32,0.904530942440033,0.0900818333029747,,,193.0,diag
A1,53,C3_msgpass_shuffled,109,12,518,172,0.4031124365757306,0.9906391772847118,0.276407427803827,0.40836814032360175,0.5911796230730054,32,0.7323590517044067,0.17862726747989655,,,193.0,atom
A1,54,C1_transplant_J,550,,526,164,0.2869840311104656,0.9957840779371825,0.2445414758895846,0.28688694930632286,0.6794795750785133,24,,,,,196.4,
A1,54,C1_transplant_coulomb,550,,526,164,0.3207680597547972,0.994916570438146,0.28964077638203556,0.31824993287654224,0.6814457651192345,24,,,,,196.4,
A1,54,C2_end2end,37,,526,164,0.330337931524129,0.9947816548857837,0.25133540512372143,0.3049092592752734,0.6249206481396495,24,0.7640329757908839,0.17483360698346265,0.23066233098506927,0.38476017117500305,196.4,
A1,54,C2_shuffled,37,,526,164,0.8581655337853543,0.9685696676990406,0.6442598143731046,0.8554445636002069,0.2043058981834492,24,0.7640329757908839,0.7575554224531361,0.1949690282344818,0.6699422001838684,196.4,
A1,54,C3_msgpass,110,12,526,164,0.29117315270496513,0.9944655716495928,0.2125714032356885,0.2808872722929838,0.7712776900402947,24,0.8187246322631836,0.07393019646406174,,,196.4,atom
A1,54,C3_eigfeat,110,28,526,164,0.33506248047340564,0.9928296132123593,0.217889875104797,0.2964516787016406,0.8139144302409609,24,0.8773345351219177,0.0963280200958252,,,196.4,eig
A1,54,C3_diagfeat,110,28,526,164,0.2719681222717195,0.9959329876068975,0.21754655740981213,0.2683214218820099,0.7215631307468042,24,0.9210723638534546,0.10011561214923859,,,196.4,diag
A1,54,C3_msgpass_shuffled,110,12,526,164,0.4378218952888198,0.9890636329089293,0.3443545972143891,0.4105892416194885,0.7936906630784181,24,0.8187246322631836,0.16333842277526855,,,196.4,atom
A1,55,C1_transplant_J,561,,537,153,0.5745203989726402,0.9813103104750887,0.41338040793094927,0.5586050913889463,0.3836177429199315,31,,,,,201.6,
A1,55,C1_transplant_coulomb,561,,537,153,0.48544472469003597,0.9859727094030001,0.3480146131681223,0.4846934694088774,0.39990072515185554,31,,,,,201.6,
A1,55,C2_end2end,37,,537,153,0.31533933407206594,0.993834938190617,0.23641397282971008,0.3007663815394877,0.662439220915433,31,0.7508150267569444,0.14096341385492503,0.21864920854568481,0.3383816182613373,201.6,
A1,55,C2_shuffled,37,,537,153,0.795986918761523,0.9676686725400597,0.5295640798638731,0.8018579223838199,0.16302802075014028,31,0.7508150267569444,0.7491848753664225,0.4740864038467407,0.7914671897888184,201.6,
A1,55,C3_msgpass,110,12,537,153,0.276253731691496,0.9954074515408277,0.23397379164816082,0.2854990282649473,0.7439476826396568,31,0.8313747048377991,0.08071646839380264,,,201.6,atom
A1,55,C3_eigfeat,110,28,537,153,0.24661157874457335,0.996044505083884,0.20628543387238363,0.23921081371116648,0.7549649090988156,31,0.8453559279441833,0.10500388592481613,,,201.6,eig
A1,55,C3_diagfeat,110,28,537,153,0.31005214805265374,0.9918070009598052,0.24925450048417652,0.3041052847046619,0.6730154841186758,31,0.9118366241455078,0.0928887203335762,,,201.6,diag
A1,55,C3_msgpass_shuffled,110,12,537,153,0.3460764908987464,0.9927738818234715,0.2876506101238916,0.34101155291191043,0.571774442453998,31,0.8313747048377991,0.18046243488788605,,,201.6,atom
A1,56,C1_transplant_J,542,,518,172,0.42029768897599273,0.9905011748150483,0.2961919385250312,0.4223032943740943,0.6489227715600334,29,,,,,193.6,
A1,56,C1_transplant_coulomb,542,,518,172,0.47795262714625375,0.9886869517035629,0.35453381846974,0.4820849083532314,0.6951140488470805,29,,,,,193.6,
A1,56,C2_end2end,37,,518,172,0.3072266341357356,0.9959583988998435,0.2062957246832316,0.30498515299638196,0.7645391404217258,29,0.7574933047674653,0.1314498678518379,0.23851798474788666,0.3978053033351898,193.6,
A1,56,C2_shuffled,37,,518,172,0.6884823325101697,0.9737628308247529,0.48842186102742896,0.6509692462186165,0.5344100218534608,29,0.7574933047674653,0.7159920369874917,0.5685617923736572,0.5614010691642761,193.6,
A1,56,C3_msgpass,110,12,518,172,0.2791990547119755,0.9962801036353761,0.19019301664402496,0.26379831465686376,0.7843255723215969,29,0.8026133179664612,0.09369821846485138,,,193.6,atom
A1,56,C3_eigfeat,110,28,518,172,0.48835927912842214,0.9895985530124988,0.3128485951376214,0.47840378732800376,0.742646054297638,29,0.8825413584709167,0.19442510604858398,,,193.6,eig
A1,56,C3_diagfeat,110,28,518,172,0.29949860291606406,0.9952163814237179,0.21307370711904297,0.3065568548875289,0.7146798023494857,29,0.9073911905288696,0.1053263396024704,,,193.6,diag
A1,56,C3_msgpass_shuffled,110,12,518,172,0.3988639887527786,0.9909914280874241,0.29115672976192203,0.34979355475686325,0.7433250635739324,29,0.8026133179664612,0.19684462249279022,,,193.6,atom
A1,57,C1_transplant_J,548,,524,166,0.5494089741816294,0.9848229345595106,0.3722789450804182,0.5515343337601817,0.5449399150698548,30,,,,,195.5,
A1,57,C1_transplant_coulomb,548,,524,166,0.548086926500054,0.9850961847411622,0.3828472420694718,0.5591487118219595,0.3234673314301797,30,,,,,195.5,
A1,57,C2_end2end,36,,524,166,0.35782883602638454,0.993076167027346,0.26743215628308953,0.3553526670545775,0.7100739235098997,30,0.7185815044543763,0.11786271662403876,0.24007833003997803,0.34939098358154297,195.5,
A1,57,C2_shuffled,36,,524,166,0.7723318212719348,0.9715277942157852,0.5217944695462554,0.7564756967826312,-0.011409354491397836,30,0.7185815044543763,0.7524237838188907,0.4143359363079071,0.3633866608142853,195.5,
A1,57,C3_msgpass,109,12,524,166,0.29368465658483606,0.9946080492359255,0.23624772828179524,0.2937481323595771,0.7416459537775023,30,0.7300699353218079,0.07637494802474976,,,195.5,atom
A1,57,C3_eigfeat,109,28,524,166,0.3149090168702432,0.994319947703738,0.2462310818351995,0.3190874284416552,0.7188006535947713,30,0.827364981174469,0.0821462944149971,,,195.5,eig
A1,57,C3_diagfeat,109,28,524,166,0.2773201404992185,0.994565996477007,0.21547982195351612,0.28464445151551215,0.6605873350935271,30,0.9053555130958557,0.08419827371835709,,,195.5,diag
A1,57,C3_msgpass_shuffled,109,12,524,166,0.38664137374342095,0.9921667522441524,0.3235263306320685,0.3871770715846926,0.5382650900870715,30,0.7300699353218079,0.14753781259059906,,,195.5,atom
A1,58,C1_transplant_J,547,,523,167,0.44478883521329327,0.9895114712999764,0.34597740047244263,0.4226110317236536,0.5897198688867805,26,,,,,197.0,
A1,58,C1_transplant_coulomb,547,,523,167,0.41054809693820143,0.9906762294900268,0.31161487972561946,0.38460841483950603,0.5937163194205604,26,,,,,197.0,
A1,58,C2_end2end,37,,523,167,0.3419709057951988,0.9942487490511438,0.2533226172322049,0.34127256946498913,0.6651252122579934,26,0.7556627014525564,0.1362580776565466,0.21933430433273315,0.3924795985221863,197.0,
A1,58,C2_shuffled,37,,523,167,0.8295141143688448,0.9662948494678821,0.5753487834592622,0.7982054876339485,0.24115577980228917,26,0.7556627014525564,0.7856909231777162,0.3498798608779907,0.32180842757225037,197.0,
A1,58,C3_msgpass,110,12,523,167,0.2674989375751687,0.996102058032881,0.20484540078083285,0.2632032996576129,0.8205601135875855,26,0.8156185150146484,0.08117551356554031,,,197.0,atom
A1,58,C3_eigfeat,110,28,523,167,0.2896981398027661,0.9948906973767655,0.18776414289599336,0.2646203607825016,0.7668003055295043,26,0.8461233973503113,0.10220067203044891,,,197.0,eig
A1,58,C3_diagfeat,110,28,523,167,0.37479947738330593,0.9655958029688315,0.20386524183381266,0.28813953350100285,0.6728278044285898,26,0.8971423506736755,0.09833288192749023,,,197.0,diag
A1,58,C3_msgpass_shuffled,110,12,523,167,0.35236476962829927,0.9925078604658271,0.2762387350377591,0.32201220241927125,0.597546295893245,26,0.8156185150146484,0.16685618460178375,,,197.0,atom
A1,59,C1_transplant_J,535,,511,179,0.5968276347064163,0.9844549540772335,0.37615096862129344,0.6231321475224321,0.3810997586531574,33,,,,,191.9,
A1,59,C1_transplant_coulomb,535,,511,179,0.7308077533869569,0.9798937067216372,0.490959667841294,0.7490413106982723,0.2612536106886896,33,,,,,191.9,
A1,59,C2_end2end,37,,511,179,0.36127667490912924,0.994539383251514,0.23933389539686667,0.35856476682158717,0.5847950085921998,33,0.7904441302582397,0.13772886002954143,0.247828409075737,0.37699586153030396,191.9,
A1,59,C2_shuffled,37,,511,179,0.8645575228059819,0.9713245551161672,0.6120918944337789,0.8815229056867031,0.023421458383796962,33,0.7904441302582397,0.9059951937752155,0.3677346706390381,0.4740777015686035,191.9,
A1,59,C3_msgpass,110,12,511,179,0.29619954119966746,0.9952462127782844,0.2162346066481704,0.27836587368863774,0.7512767248170185,33,0.8667439222335815,0.09204380214214325,,,191.9,atom
A1,59,C3_eigfeat,110,28,511,179,0.27663400706093577,0.9960047695957369,0.18954771451533256,0.2636119697523112,0.5921082235554976,33,0.9051297307014465,0.10488224774599075,,,191.9,eig
A1,59,C3_diagfeat,110,28,511,179,0.27930422249767556,0.9967009200102421,0.1828391634137744,0.2700753722516199,0.6225610890783057,33,0.917926549911499,0.09995174407958984,,,191.9,diag
A1,59,C3_msgpass_shuffled,110,12,511,179,0.37733494396542194,0.993490118001026,0.2882067044788438,0.36664004135125555,0.5780895724313945,33,0.8667439222335815,0.1942329853773117,,,191.9,atom
A1,60,C1_transplant_J,538,,514,176,0.368756893596394,0.99236404406444,0.29560431339343957,0.384582066829286,0.7115100711163712,23,,,,,195.8,
A1,60,C1_transplant_coulomb,538,,514,176,0.32343055456841624,0.9939263034989874,0.26552549919389135,0.33135317032682715,0.7547377838683637,23,,,,,195.8,
A1,60,C2_end2end,37,,514,176,0.344839655387112,0.9930349524625481,0.27172789276951714,0.3547903967321125,0.6680845471012542,23,0.7937431488468971,0.14209793944338867,0.24087509512901306,0.35755857825279236,195.8,
A1,60,C2_shuffled,37,,514,176,0.7148841702979891,0.9706113540566067,0.5649298686746932,0.726872016268378,0.2901188002537103,23,0.7937431488468971,0.7622110392348679,0.38272956013679504,0.22884880006313324,195.8,
A1,60,C3_msgpass,110,12,514,176,0.2768215405386497,0.9947365504575868,0.24583351073242216,0.28243098442209,0.7366102270111237,23,0.6912019848823547,0.09762979298830032,,,195.8,atom
A1,60,C3_eigfeat,110,28,514,176,0.278536846541521,0.9950985064193574,0.2289117382877229,0.2790130598245093,0.8147974610333039,23,0.8921587467193604,0.09819456934928894,,,195.8,eig
A1,60,C3_diagfeat,110,28,514,176,0.3125254190521349,0.9937152941921157,0.2687358950929459,0.3175029952323211,0.6702630730362243,23,0.9206073880195618,0.10627367347478867,,,195.8,diag
A1,60,C3_msgpass_shuffled,110,12,514,176,0.3947900802173356,0.9889846040159571,0.31399194108077416,0.3841169803471819,0.7023756806151877,23,0.6912019848823547,0.18101884424686432,,,195.8,atom
A1,61,C1_transplant_J,545,,521,169,0.5824418593061246,0.9803936961163847,0.4541895783450894,0.5719541946529103,0.6762719502594707,29,,,,,198.3,
A1,61,C1_transplant_coulomb,545,,521,169,0.4858937860578358,0.9834644098893979,0.36563246436342456,0.46165528334235445,0.6741876089278687,29,,,,,198.3,
A1,61,C2_end2end,37,,521,169,0.3665682530931896,0.9929261412642392,0.2668328936971429,0.3627529215014319,0.6546231162205678,29,0.7840096083053122,0.13460147732826247,0.26652392745018005,0.36541104316711426,198.3,
A1,61,C2_shuffled,37,,521,169,0.9125931432916838,0.9635719979419997,0.6948533282293284,0.8974541702558938,0.05143644234553325,29,0.7840096083053122,0.9383568826594239,0.4330854117870331,0.6432011723518372,198.3,
A1,61,C3_msgpass,110,12,521,169,0.2949154362478326,0.9936733112950161,0.24000208240688953,0.2876714121013029,0.7615438386259799,29,0.8463320732116699,0.058107949793338776,,,198.3,atom
A1,61,C3_eigfeat,110,28,521,169,0.2811402934504667,0.9947300325002021,0.2248402407877128,0.2767908619594147,0.6750571938883627,29,0.8652405738830566,0.08413954079151154,,,198.3,eig
A1,61,C3_diagfeat,110,28,521,169,0.291476870547215,0.9944739461103668,0.22877819190339269,0.305991940582815,0.6722700459713448,29,0.9359321594238281,0.11016058921813965,,,198.3,diag
A1,61,C3_msgpass_shuffled,110,12,521,169,0.37299315527575966,0.993120546281108,0.31481042648826263,0.3768992222817793,0.5177572427572428,29,0.8463320732116699,0.17991846799850464,,,198.3,atom
B1,42,C1_transplant_J,550,,536,196,0.37112452034872917,0.9935131903116153,0.27986675201959393,0.37305556096445525,0.6654952565644187,23,,,,,224.4,
B1,42,C1_transplant_coulomb,550,,536,196,0.341784050145117,0.9944773299208913,0.2650361032021217,0.3405819013512056,0.6403493989254005,23,,,,,224.4,
B1,42,C2_end2end,29,,536,196,0.27939261292060036,0.990260964245081,0.20503090613839986,0.24507346292509147,0.6965509633733572,23,0.7809344462924187,0.1778689860496426,0.2365630567073822,0.4954344630241394,224.4,
B1,42,C2_shuffled,29,,536,196,0.6711025038975466,0.9775848359388851,0.5133320898867991,0.6550401119925815,0.2761193592829748,23,0.7809344462924187,0.7382472494637485,0.44185400009155273,0.13934631645679474,224.4,
B1,42,C3_msgpass,106,18,536,196,0.2119362192789601,0.9967125004098508,0.16593568057633357,0.19697123053873955,0.707542762399908,23,0.8677385449409485,0.06544121354818344,,,224.4,atom
B1,42,C3_eigfeat,109,31,536,196,0.2397653034935612,0.9959942481187938,0.17940903031511596,0.2251855991435271,0.7575244568956532,23,0.871293306350708,0.1277589201927185,,,224.4,eig
B1,42,C3_diagfeat,109,31,536,196,0.24508565155437875,0.9970207529190438,0.21012512099518302,0.24748528194107727,0.6937384209668644,23,0.923443615436554,0.09696342796087265,,,224.4,diag
B1,42,C3_msgpass_shuffled,106,18,536,196,0.250445461732203,0.997097633448774,0.21080003166680827,0.24649402842544926,0.6160937563256322,23,0.8677385449409485,0.13441462814807892,,,224.4,atom
B1,43,C1_transplant_J,565,,551,181,0.5170198129588213,0.990349387392857,0.36741681973914464,0.5154935514769046,0.3652292227210715,21,,,,,231.0,
B1,43,C1_transplant_coulomb,565,,551,181,0.4204696543045571,0.9923751954922123,0.32123300147313305,0.41521173109366116,0.3688214308860296,21,,,,,231.0,
B1,43,C2_end2end,29,,551,181,0.23841048083084768,0.9979418404853599,0.19827395407872866,0.23406600033329006,0.5548858502035084,21,0.8179110718923288,0.16595737058479118,0.23988260328769684,0.5381471514701843,231.0,
B1,43,C2_shuffled,29,,551,181,0.7292953449491476,0.9841923694959173,0.5174610324881623,0.7211677222374177,0.146173688749686,21,0.8179110718923288,0.8661932041481413,0.4016634225845337,0.2987988591194153,231.0,
B1,43,C3_msgpass,106,18,551,181,0.2156813532844157,0.9976604556170251,0.1739948008261954,0.21435117871813364,0.6648240904030376,21,0.7249544858932495,0.07693897932767868,,,231.0,atom
B1,43,C3_eigfeat,109,31,551,181,0.2609039452138406,0.997528465499633,0.19819471394058022,0.2517947032970282,0.7139342894512665,21,0.8506830334663391,0.13367117941379547,,,231.0,eig
B1,43,C3_diagfeat,109,31,551,181,0.2315305172278553,0.9979153105131203,0.18524631073079886,0.22421699629919392,0.7024455916893699,21,0.9596925377845764,0.111327163875103,,,231.0,diag
B1,43,C3_msgpass_shuffled,106,18,551,181,0.2523486930701953,0.9973547275306922,0.17835629476810344,0.24239439417611192,0.7008879773096643,21,0.7249544858932495,0.11472509056329727,,,231.0,atom
B1,44,C1_transplant_J,559,,545,187,0.49487999415711853,0.9894525847549497,0.3788101771144979,0.48892880457585025,0.6211884858003625,22,,,,,230.2,
B1,44,C1_transplant_coulomb,559,,545,187,0.4941147216295202,0.9897789668452981,0.37345748061881245,0.4920240247183173,0.582506972019577,22,,,,,230.2,
B1,44,C2_end2end,29,,545,187,0.2417315187947316,0.9971333450982752,0.1946440360174937,0.24205213272300324,0.6433954876658499,22,0.7274367906666259,0.15317500842115384,0.21971848607063293,0.5521914958953857,230.2,
B1,44,C2_shuffled,29,,545,187,0.6182148121516741,0.9779196807759933,0.5176067072088776,0.5853713106281389,0.3240467263828608,22,0.7274367906666259,0.6783811959452409,0.4134436845779419,0.12304821610450745,230.2,
B1,44,C3_msgpass,106,18,545,187,0.16439947595920038,0.998747050245035,0.13448999880578935,0.15698241772663082,0.8608754145059981,22,0.8124502897262573,0.06933002173900604,,,230.2,atom
B1,44,C3_eigfeat,109,31,545,187,0.26336126997096143,0.9961548107692332,0.20749505595005371,0.24317101072009045,0.7941486748545572,22,0.8119110465049744,0.15185309946537018,,,230.2,eig
B1,44,C3_diagfeat,109,31,545,187,0.2206148499967105,0.9975358158642057,0.18819108425412465,0.2225014119592987,0.6697632283682703,22,0.9519643187522888,0.10914965718984604,,,230.2,diag
B1,44,C3_msgpass_shuffled,106,18,545,187,0.24252781382128796,0.9972598760181556,0.18421156256862864,0.23407355224079485,0.7752296610952073,22,0.8124502897262573,0.13293299078941345,,,230.2,atom
B1,45,C1_transplant_J,549,,535,197,0.4489282319546754,0.9932936228384067,0.4010221400144298,0.45229528917482553,0.27813605370729916,21,,,,,225.0,
B1,45,C1_transplant_coulomb,549,,535,197,0.41174338223541096,0.9943839118087024,0.35496737537332507,0.4123210854977524,0.4368048559176813,21,,,,,225.0,
B1,45,C2_end2end,29,,535,197,0.2352376285936526,0.9978466489751554,0.17938482529320376,0.23476801484884957,0.7138472498040668,21,0.7452264661322184,0.14368984384250405,0.22224530577659607,0.5409179925918579,225.0,
B1,45,C2_shuffled,29,,535,197,0.6049113122185649,0.9880823217158965,0.5105409562591566,0.5908438724133384,0.3351312509412799,21,0.7452264661322184,0.7166899187328161,0.4045356810092926,0.11712156981229782,225.0,
B1,45,C3_msgpass,106,18,535,197,0.16309916848267197,0.9989564773941779,0.14108699688418525,0.1639634240469186,0.7993289130105302,21,0.8533526062965393,0.06734555959701538,,,225.0,atom
B1,45,C3_eigfeat,109,31,535,197,0.24592011390043225,0.9977805851630408,0.18631185715828727,0.23187919859545875,0.8055890065147537,21,0.8219819068908691,0.11849824339151382,,,225.0,eig
B1,45,C3_diagfeat,109,31,535,197,0.266672861530515,0.989774765673601,0.18915601532230095,0.21950333902846791,0.8385780329174735,21,0.9460928440093994,0.11085852235555649,,,225.0,diag
B1,45,C3_msgpass_shuffled,106,18,535,197,0.2636817722196895,0.9971930800332081,0.20149520180987127,0.25106390637600673,0.7491651346617595,21,0.8533526062965393,0.11000939458608627,,,225.0,atom
B1,46,C1_transplant_J,562,,548,184,0.3926047453073102,0.9925221920882066,0.32987338580694825,0.3840525370409417,0.7046402232391554,22,,,,,230.4,
B1,46,C1_transplant_coulomb,562,,548,184,0.3676093299937797,0.9931353191138222,0.3165605923907881,0.36510069062612843,0.5626374313680815,22,,,,,230.4,
B1,46,C2_end2end,28,,548,184,0.28461381620387877,0.9957566492495027,0.243484322176934,0.28742779806977997,0.770415299978014,22,0.7852198077361469,0.16899743456677313,0.1218307614326477,0.4641404449939728,230.4,
B1,46,C2_shuffled,28,,548,184,0.6860525278087498,0.9828369758750359,0.5954106774706771,0.6777618291357607,0.14345898912462376,22,0.7852198077361469,0.8480913335250069,0.4588095545768738,0.3725490868091583,230.4,
B1,46,C3_msgpass,110,19,548,184,0.21523204284450634,0.9968068622978355,0.1771530345364446,0.20679593265437418,0.8391751035055283,22,0.8623932003974915,0.06024588271975517,,,230.4,atom
B1,46,C3_eigfeat,108,31,548,184,0.2853807569012602,0.994958001585267,0.2543434015588151,0.28097260476766256,0.7946028172034365,22,0.8637415170669556,0.1331498771905899,,,230.4,eig
B1,46,C3_diagfeat,108,31,548,184,0.2539547858003436,0.9946384517178232,0.24473395274062568,0.2510533131607173,0.7549541560377474,22,0.941430389881134,0.1298641413450241,,,230.4,diag
B1,46,C3_msgpass_shuffled,110,19,548,184,0.26045396284305966,0.9969196003667621,0.21093577902393704,0.24614082399992657,0.7179727393349684,22,0.8623932003974915,0.11477597802877426,,,230.4,atom
B1,47,C1_transplant_J,579,,565,167,0.3779290754825604,0.9933547881219617,0.25987925465363176,0.3484098540096638,0.5135888568174002,19,,,,,239.0,
B1,47,C1_transplant_coulomb,579,,565,167,0.3602736622476235,0.9941954653893861,0.2562569823547442,0.35444890171707477,0.44821389157945424,19,,,,,239.0,
B1,47,C2_end2end,29,,565,167,0.30447082073175297,0.9954046436261408,0.22297594524802591,0.28317994203872476,0.6503159161244101,19,0.7546931583186937,0.18656545592585955,0.29693812131881714,0.3945937752723694,239.0,
B1,47,C2_shuffled,29,,565,167,0.6451838448569823,0.9856331920076982,0.454370057280546,0.6261319500548929,0.30789532781655354,19,0.7546931583186937,0.7354922362617191,0.4046427607536316,0.16818666458129883,239.0,
B1,47,C3_msgpass,106,18,565,167,0.1871738064443149,0.9984752175518167,0.15371992599737866,0.1781681311506122,0.8644620759988088,19,0.8215588331222534,0.06235016509890556,,,239.0,atom
B1,47,C3_eigfeat,109,31,565,167,0.26022438241306156,0.9972629462894012,0.20456984802815809,0.24385015641726565,0.6938922314856244,19,0.8353743553161621,0.11554072797298431,,,239.0,eig
B1,47,C3_diagfeat,109,31,565,167,0.24201011436278894,0.9974877782263939,0.1994063177020407,0.229825866467349,0.7066389515040111,19,0.9554857015609741,0.10801753401756287,,,239.0,diag
B1,47,C3_msgpass_shuffled,106,18,565,167,0.2765532209937905,0.9965565672326951,0.2202522112556851,0.26142767428327796,0.6106243849567222,19,0.8215588331222534,0.11157684773206711,,,239.0,atom
B1,48,C1_transplant_J,555,,541,191,0.4421419795865982,0.9924133486889726,0.3358094968730429,0.4382092089188943,0.6181813088595893,16,,,,,226.6,
B1,48,C1_transplant_coulomb,555,,541,191,0.42471061009036837,0.9929105147982867,0.33371498140408773,0.42506360920179204,0.5603100674212442,16,,,,,226.6,
B1,48,C2_end2end,29,,541,191,0.2991044508149111,0.9867742657556207,0.20769138775480972,0.25069367920322694,0.684859171771519,16,0.7412908775857084,0.17291695003630536,0.21619386970996857,0.49940621852874756,226.6,
B1,48,C2_shuffled,29,,541,191,0.7007707386413097,0.981188569354274,0.5452193053299984,0.6644536725452523,0.1694028128386496,16,0.7412908775857084,0.8048044885683686,0.5247591733932495,0.33984753489494324,226.6,
B1,48,C3_msgpass,106,18,541,191,0.20872699188072316,0.9975688692290804,0.16681177915235504,0.19575908370649542,0.7509313172644325,16,0.7825171947479248,0.07577943801879883,,,226.6,atom
B1,48,C3_eigfeat,109,31,541,191,0.2604480744284719,0.9944571173946463,0.17482011556778462,0.22426783872943593,0.7143141995004798,16,0.7934659719467163,0.1298411786556244,,,226.6,eig
B1,48,C3_diagfeat,109,31,541,191,0.22402714157939854,0.9974806017745852,0.16625207953289126,0.206388376019582,0.758795979301597,16,0.95337975025177,0.116058349609375,,,226.6,diag
B1,48,C3_msgpass_shuffled,106,18,541,191,0.279612326117318,0.996947273504897,0.19349504719877683,0.27148575767990685,0.791998638066054,16,0.7825171947479248,0.11568630486726761,,,226.6,atom
B1,49,C1_transplant_J,570,,556,176,0.28671665692164405,0.9964595387154065,0.22832326221984858,0.27550708595898776,0.7109315163280382,21,,,,,237.7,
B1,49,C1_transplant_coulomb,570,,556,176,0.2742825561543182,0.9968152910304808,0.19483799496348042,0.2613936040893081,0.7008424628863763,21,,,,,237.7,
B1,49,C2_end2end,29,,556,176,0.2613339655795233,0.9973531033973488,0.2349491111227137,0.2816072260830286,0.6624212019631975,21,0.7751865216110968,0.16157941915289986,0.23781397938728333,0.48125192523002625,237.7,
B1,49,C2_shuffled,29,,556,176,0.5977711796089111,0.9864586608467844,0.4431090862604581,0.6257837402859016,0.21028192021088377,21,0.7751865216110968,0.7418979978360306,0.42512810230255127,0.17430540919303894,237.7,
B1,49,C3_msgpass,106,18,556,176,0.1897154057892156,0.9984251179312941,0.1494399198804787,0.17987732300022952,0.797118040070482,21,0.7391439080238342,0.0711299255490303,,,237.7,atom
B1,49,C3_eigfeat,109,31,556,176,0.2654271294204806,0.9973153435019261,0.22766154196271207,0.2736877405874952,0.5983613362205548,21,0.8437376618385315,0.13091763854026794,,,237.7,eig
B1,49,C3_diagfeat,109,31,556,176,0.24082896876997292,0.9976624294881048,0.2141320316612383,0.24506209409037435,0.7453413554479102,21,0.9183323383331299,0.10532987117767334,,,237.7,diag
B1,49,C3_msgpass_shuffled,106,18,556,176,0.24734213811255493,0.9973780712961071,0.22153337793231087,0.24739856341188082,0.5836573662049929,21,0.7391439080238342,0.11460516601800919,,,237.7,atom
B1,50,C1_transplant_J,563,,549,183,0.577912505791262,0.9891869545242645,0.4103089140687252,0.5889194039036503,0.17622733065425714,24,,,,,233.0,
B1,50,C1_transplant_coulomb,563,,549,183,0.5324692766108916,0.9907568683764066,0.38659766960362846,0.542470428878636,0.24687675376374912,24,,,,,233.0,
B1,50,C2_end2end,29,,549,183,0.2691159034928769,0.997237305768201,0.2080451199186862,0.26985634195775704,0.6678694785629747,24,0.7183714431786852,0.16243598055048486,0.16191424429416656,0.5048732757568359,233.0,
B1,50,C2_shuffled,29,,549,183,0.6031982147992824,0.982757475342246,0.38282518058627957,0.574267006377452,0.20679896736793493,24,0.7183714431786852,0.6955126293563411,0.40373510122299194,0.11557571589946747,233.0,
B1,50,C3_msgpass,106,18,549,183,0.22177424169841706,0.998070659383132,0.1566877627211782,0.20730875698449602,0.7276841952360621,24,0.6908217668533325,0.08074034005403519,,,233.0,atom
B1,50,C3_eigfeat,109,31,549,183,0.23855091418547975,0.9978376838780599,0.17484790773228082,0.23654655649674425,0.7275693146986429,24,0.8322800993919373,0.12084716558456421,,,233.0,eig
B1,50,C3_diagfeat,109,31,549,183,0.251501446161562,0.9975637309203658,0.18999234099673604,0.24952984431390537,0.7711680933448551,24,0.9272635579109192,0.12140516191720963,,,233.0,diag
B1,50,C3_msgpass_shuffled,106,18,549,183,0.24212520038708188,0.9974781394056218,0.18380688320247848,0.24083836824581062,0.5295857807608192,24,0.6908217668533325,0.11816054582595825,,,233.0,atom
B1,51,C1_transplant_J,551,,537,195,0.43167147608285455,0.9896496138495795,0.3421610613618583,0.4364764332466079,0.6011857871729513,25,,,,,229.6,
B1,51,C1_transplant_coulomb,551,,537,195,0.434779326375007,0.9901545008998986,0.3115969529151785,0.432265763536104,0.5592207981441462,25,,,,,229.6,
B1,51,C2_end2end,28,,537,195,0.29018617604348607,0.9948598868717745,0.22863598733248752,0.2901383951381589,0.6121153161901017,25,0.7651904715237287,0.1573687067306849,0.1598757952451706,0.4233531951904297,229.6,
B1,51,C2_shuffled,28,,537,195,0.5953986011790254,0.9795506623617931,0.36960632983938346,0.5625763113043988,0.40647259996197765,25,0.7651904715237287,0.7361531470336626,0.39498642086982727,0.10896354913711548,229.6,
B1,51,C3_msgpass,110,19,537,195,0.21798243232048256,0.9964075457488879,0.18438589811528924,0.2179154473970819,0.6817926416237214,25,0.898318886756897,0.07395578175783157,,,229.6,atom
B1,51,C3_eigfeat,108,31,537,195,0.28185537159221724,0.9940549591920145,0.2386868522653293,0.2815318984606494,0.6099195623050646,25,0.8462998867034912,0.12974990904331207,,,229.6,eig
B1,51,C3_diagfeat,108,31,537,195,0.2759999105134457,0.9941539454346872,0.23344952202015162,0.2689135387361679,0.6280314987622557,25,0.9106907844543457,0.1201120987534523,,,229.6,diag
B1,51,C3_msgpass_shuffled,110,19,537,195,0.2452018056563693,0.9969541342835857,0.19154480656939823,0.24480672916450985,0.6485070022515309,25,0.898318886756897,0.11681380122900009,,,229.6,atom
B1,52,C1_transplant_J,547,,533,199,0.3490798102581403,0.9963892558780778,0.24683653604542882,0.35376645551243036,0.5970955980769644,22,,,,,220.9,
B1,52,C1_transplant_coulomb,547,,533,199,0.3507457830947558,0.9963498637151033,0.2555467355897135,0.35722582347611,0.6366354343824855,22,,,,,220.9,
B1,52,C2_end2end,29,,533,199,0.2716448323942501,0.9977530387384433,0.2035740362994344,0.2769120129833347,0.629033815622335,22,0.7993062284934996,0.16085865545242045,0.21419714391231537,0.531537652015686,220.9,
B1,52,C2_shuffled,29,,533,199,0.5484828506686413,0.9908509180413986,0.43613810928254915,0.5584339483948949,0.3826608551585501,22,0.7993062284934996,0.7667279184622617,0.4505715072154999,0.19835971295833588,220.9,
B1,52,C3_msgpass,106,18,533,199,0.1958189348353241,0.9980736452604939,0.13466126927632663,0.1835030392116157,0.7654138740583876,22,0.8015303015708923,0.06804731488227844,,,220.9,atom
B1,52,C3_eigfeat,109,31,533,199,0.24343556416556283,0.9980000754838956,0.18632578943803688,0.23961154629701165,0.6343726497716373,22,0.8101540803909302,0.12007933855056763,,,220.9,eig
B1,52,C3_diagfeat,109,31,533,199,0.28260237744900213,0.9972631031499528,0.20147497763117478,0.2823652562119286,0.6283651065031743,22,0.9261545538902283,0.10382048785686493,,,220.9,diag
B1,52,C3_msgpass_shuffled,106,18,533,199,0.2461217038114966,0.9971246130303217,0.16786809170434902,0.2267746564068274,0.6664966007506146,22,0.8015303015708923,0.10857999324798584,,,220.9,atom
B1,53,C1_transplant_J,549,,535,197,0.41877447663608197,0.9920927905973509,0.3105746449304472,0.42851614816708805,0.46483421621966614,22,,,,,220.6,
B1,53,C1_transplant_coulomb,549,,535,197,0.42033711895210213,0.9912290373579391,0.3244570080417368,0.4299962562490245,0.442185152550859,22,,,,,220.6,
B1,53,C2_end2end,29,,535,197,0.22473636487199147,0.9972652131157582,0.19733415603846186,0.2169853430773614,0.5048870522825079,22,0.7712804125991791,0.17162535705193438,0.290362149477005,0.5510556101799011,220.6,
B1,53,C2_shuffled,29,,535,197,0.6033868039834692,0.9850424142906667,0.40972606817860274,0.6210625804135004,0.21670438554602775,22,0.7712804125991791,0.7420140348198869,0.4677813649177551,0.17434419691562653,220.6,
B1,53,C3_msgpass,106,18,535,197,0.18450698279374375,0.998303752058013,0.15363023209017,0.18490133404003384,0.6554457378098513,22,0.7804844975471497,0.07965996116399765,,,220.6,atom
B1,53,C3_eigfeat,109,31,535,197,0.24014473397236094,0.9970505907648183,0.17334696591122237,0.2297142710856545,0.6571910335270694,22,0.8331258296966553,0.12795349955558777,,,220.6,eig
B1,53,C3_diagfeat,109,31,535,197,0.25116755750231196,0.9966722267088864,0.21367112463214907,0.2569709432174946,0.6376884700793618,22,0.9296287298202515,0.09601950645446777,,,220.6,diag
B1,53,C3_msgpass_shuffled,106,18,535,197,0.2538416186461446,0.9967595119378408,0.20612777419116218,0.24675157911149578,0.6022526131220283,22,0.7804844975471497,0.11523964256048203,,,220.6,atom
B1,54,C1_transplant_J,546,,532,200,0.38065248496475973,0.99070916189608,0.2931376734625733,0.38596493852979535,0.42278609987247184,23,,,,,220.4,
B1,54,C1_transplant_coulomb,546,,532,200,0.3637959534803936,0.9910165629282062,0.2907071010405152,0.3716614264496635,0.5040354720813999,23,,,,,220.4,
B1,54,C2_end2end,28,,532,200,0.2863888812971877,0.9930730865535773,0.25832551044330077,0.2950553915305618,0.5333755484385314,23,0.78910142166899,0.14347424861078498,0.12531517446041107,0.45810467004776,220.4,
B1,54,C2_shuffled,28,,532,200,0.5740435835557394,0.9816016211469916,0.4157939475363308,0.5785709452540372,0.20481354426891976,23,0.78910142166899,0.86040091788938,0.35046201944351196,0.2694266438484192,220.4,
B1,54,C3_msgpass,110,19,532,200,0.2067196812733384,0.9962310584347064,0.1953196129480302,0.20940076374913555,0.7155665731169921,23,0.8139097094535828,0.05824488401412964,,,220.4,atom
B1,54,C3_eigfeat,108,31,532,200,0.2781358608565024,0.9939464201671739,0.2639898141958684,0.28667908859899155,0.5781136581379269,23,0.8165273666381836,0.0894765555858612,,,220.4,eig
B1,54,C3_diagfeat,108,31,532,200,0.2909049344261122,0.993822572257303,0.24913239570279402,0.3013544110907575,0.550235833824089,23,0.9009518623352051,0.11455419659614563,,,220.4,diag
B1,54,C3_msgpass_shuffled,110,19,532,200,0.2904059408501047,0.9937546272832704,0.2759879320523306,0.2959591817009646,0.5175064455154715,23,0.8139097094535828,0.0994420051574707,,,220.4,atom
B1,55,C1_transplant_J,557,,543,189,0.38067502477059334,0.9921616153928055,0.30007693931214563,0.3844653640759292,0.6305676108500249,21,,,,,228.2,
B1,55,C1_transplant_coulomb,557,,543,189,0.38202188767162026,0.9921389630564785,0.2951151001693858,0.3867560653258313,0.6001867816091954,21,,,,,228.2,
B1,55,C2_end2end,29,,543,189,0.26289429249332064,0.9960354711791383,0.24346975449739577,0.26735853764790257,0.6407916064069378,21,0.7823428973914821,0.15306423502339755,0.21154755353927612,0.5723332166671753,228.2,
B1,55,C2_shuffled,29,,543,189,0.673919683369379,0.9827100179901509,0.48250524837902165,0.6727210770792327,0.24577928297755877,21,0.7823428973914821,0.851278041739699,0.3392462730407715,0.28698402643203735,228.2,
B1,55,C3_msgpass,106,18,543,189,0.17657950258909982,0.9983510689439619,0.14049098439878785,0.1740467656991277,0.8329834581000822,21,0.7937252521514893,0.06666972488164902,,,228.2,atom
B1,55,C3_eigfeat,109,31,543,189,0.24195396403458913,0.9971943027974002,0.18528673061934692,0.24080620605020553,0.7515020069330414,21,0.8462673425674438,0.12781651318073273,,,228.2,eig
B1,55,C3_diagfeat,109,31,543,189,0.19462205662005827,0.9981672707015778,0.16085637291301985,0.18963075253325568,0.7739675697865352,21,0.9322795271873474,0.12552441656589508,,,228.2,diag
B1,55,C3_msgpass_shuffled,106,18,543,189,0.29362685673964556,0.9959559578983214,0.23147639677782897,0.28411645952819525,0.6995563461655416,21,0.7937252521514893,0.11287068575620651,,,228.2,atom
B1,56,C1_transplant_J,564,,550,182,0.461799712493436,0.99034235537264,0.3714676716800539,0.46176994802157434,0.5760526845165286,19,,,,,229.7,
B1,56,C1_transplant_coulomb,564,,550,182,0.5272960092944997,0.989124371943362,0.411081465336411,0.5368064264747914,0.49205867109449597,19,,,,,229.7,
B1,56,C2_end2end,29,,550,182,0.21874555992919614,0.997885684948539,0.19021880492066268,0.22076936028927066,0.7254322815290684,19,0.7474607783462951,0.17073980932657332,0.21368955075740814,0.5390329957008362,229.7,
B1,56,C2_shuffled,29,,550,182,0.6369283522093774,0.9849729583696775,0.4706863143490939,0.6511801009756761,0.3293164505404665,19,0.7474607783462951,0.7226871702130008,0.4169885218143463,0.16331236064434052,229.7,
B1,56,C3_msgpass,106,18,550,182,0.23829047763343456,0.9973461918070934,0.18550206991988502,0.22874763994166342,0.7392445904932747,19,0.9207004904747009,0.07195780426263809,,,229.7,atom
B1,56,C3_eigfeat,109,31,550,182,0.22996063575214687,0.9973649191544086,0.161225346758848,0.21617162392959466,0.7783231811924868,19,0.8603021502494812,0.12912151217460632,,,229.7,eig
B1,56,C3_diagfeat,109,31,550,182,0.22925405604553048,0.9975858282982217,0.17430769875234908,0.2206056975956041,0.7479941866330633,19,0.9050331115722656,0.11532548815011978,,,229.7,diag
B1,56,C3_msgpass_shuffled,106,18,550,182,0.28473872422150875,0.9964974123856568,0.2124068749927329,0.26871734831671595,0.5874567229664532,19,0.9207004904747009,0.10948581248521805,,,229.7,atom
B1,57,C1_transplant_J,577,,563,169,0.4010081731800765,0.9934321880115318,0.30312183781819696,0.3999467421448506,0.6202711516997542,21,,,,,237.1,
B1,57,C1_transplant_coulomb,577,,563,169,0.38374498292074205,0.9934355188124417,0.2749896302733261,0.3836971673032848,0.6206207815761594,21,,,,,237.1,
B1,57,C2_end2end,29,,563,169,0.2396945688706252,0.9971466103110757,0.19516500420537722,0.24534010213905388,0.780004364622405,21,0.7522510928429825,0.1513267764524861,0.22108174860477448,0.5099170207977295,237.1,
B1,57,C2_shuffled,29,,563,169,0.5749544056711384,0.9873062568355525,0.42749422453408414,0.5794466920214947,0.13949646490426357,21,0.7522510928429825,0.7254162154530477,0.3443666398525238,0.09337151795625687,237.1,
B1,57,C3_msgpass,106,18,563,169,0.17630454951846963,0.998410751892638,0.1446332768291423,0.1759886206360637,0.682340680403395,21,0.724402666091919,0.08069668710231781,,,237.1,atom
B1,57,C3_eigfeat,109,31,563,169,0.23444527352187608,0.9974884496587558,0.1809800933242238,0.23374889838467006,0.6590012216540897,21,0.8301911354064941,0.12044476717710495,,,237.1,eig
B1,57,C3_diagfeat,109,31,563,169,0.22211804533030122,0.9975397387957522,0.18823503757275828,0.2190200906400126,0.6742459608317783,21,0.8935017585754395,0.10813824832439423,,,237.1,diag
B1,57,C3_msgpass_shuffled,106,18,563,169,0.2664885616273705,0.9963385633247336,0.2281620853791688,0.2551608104359368,0.5828173173811219,21,0.724402666091919,0.10961446911096573,,,237.1,atom
B1,58,C1_transplant_J,553,,539,193,0.3961455058211766,0.9938277312134929,0.2888536933154058,0.4032751836532223,0.6248876592597802,20,,,,,224.1,
B1,58,C1_transplant_coulomb,553,,539,193,0.3562417077957356,0.9948869382964652,0.2503467473527414,0.35625466118163646,0.6641812588909896,20,,,,,224.1,
B1,58,C2_end2end,29,,539,193,0.32067605317345305,0.9953860791344389,0.18810746075768348,0.2903061293312914,0.5895063263295162,20,0.75152526619068,0.18090915053244852,0.33879539370536804,0.4147198498249054,224.1,
B1,58,C2_shuffled,29,,539,193,0.6271201495895603,0.9850226290887527,0.4371714505536611,0.6290959551857028,0.23500560284853794,20,0.75152526619068,0.7292852594462911,0.5003401637077332,0.15134041011333466,224.1,
B1,58,C3_msgpass,106,18,539,193,0.22253021478809729,0.997418145324722,0.14567209949195692,0.19586608989367063,0.7253751614877031,20,0.720389187335968,0.0693967416882515,,,224.1,atom
B1,58,C3_eigfeat,109,31,539,193,0.23786690880124664,0.9974548111769905,0.14472801920284745,0.21662730060381435,0.8022507336639297,20,0.8254221081733704,0.12031099200248718,,,224.1,eig
B1,58,C3_diagfeat,109,31,539,193,0.2466570512033135,0.994691056843583,0.15802372741748663,0.2207721674620176,0.7629870600708414,20,0.9107455611228943,0.10774078220129013,,,224.1,diag
B1,58,C3_msgpass_shuffled,106,18,539,193,0.2855152970720124,0.9948331564835555,0.20455703867378808,0.26612367202866977,0.5604442902241227,20,0.720389187335968,0.10274619609117508,,,224.1,atom
B1,59,C1_transplant_J,564,,550,182,0.3759202538471135,0.9953695322958747,0.29252880213571913,0.385224448787403,0.5380014837801061,22,,,,,233.2,
B1,59,C1_transplant_coulomb,564,,550,182,0.37223388461758106,0.9947726180974804,0.3008828413711383,0.379080122753328,0.5659669742022683,22,,,,,233.2,
B1,59,C2_end2end,29,,550,182,0.2883338629927115,0.9973665003310874,0.21027758025681267,0.2906144525775544,0.7025971729436966,22,0.818499996570845,0.18662294777737698,0.2514985203742981,0.40522894263267517,233.2,
B1,59,C2_shuffled,29,,550,182,0.5576356226839672,0.9901818609467169,0.4746015930452773,0.5515744042496394,0.48135232414644186,22,0.818499996570845,0.7866684717341875,0.41947317123413086,0.13502775132656097,233.2,
B1,59,C3_msgpass,106,18,550,182,0.17849513749455798,0.9987445123001902,0.15864479381167765,0.17523579701508166,0.7685582986003662,22,0.8928728699684143,0.07704862207174301,,,233.2,atom
B1,59,C3_eigfeat,109,31,550,182,0.24679632438075902,0.997775678670524,0.18467093436334406,0.23323647870254807,0.6095657773598949,22,0.8450901508331299,0.12750856578350067,,,233.2,eig
B1,59,C3_diagfeat,109,31,550,182,0.24020812296900193,0.9960372208937732,0.17899654583500263,0.21697861755631676,0.7136847955965603,22,0.9179118871688843,0.12015388906002045,,,233.2,diag
B1,59,C3_msgpass_shuffled,106,18,550,182,0.2557109061109261,0.9968289601162087,0.19172068708463333,0.22313314140976728,0.6277825116060411,22,0.8928728699684143,0.11660407483577728,,,233.2,atom
B1,60,C1_transplant_J,560,,546,186,0.4047477005905039,0.9934837125497092,0.2902498042889476,0.40949982581222044,0.6487154589064965,20,,,,,228.1,
B1,60,C1_transplant_coulomb,560,,546,186,0.4219768579502344,0.9928209085795615,0.2958558219697713,0.42653049242824276,0.6839884325900447,20,,,,,228.1,
B1,60,C2_end2end,28,,546,186,0.2606823669185179,0.9961314355654957,0.23281381646948682,0.26099666847977865,0.7082760088499632,20,0.7706447203797946,0.1635470741231584,0.11976946145296097,0.44944021105766296,228.1,
B1,60,C2_shuffled,28,,546,186,0.6444371686503866,0.9847838765276099,0.4841950881294662,0.6272447454957208,0.21089222280923192,20,0.7706447203797946,0.8044847613808337,0.3249194025993347,0.16352997720241547,228.1,
B1,60,C3_msgpass,110,19,546,186,0.24502579361183388,0.9965736581722647,0.21338198542427989,0.23349608659128523,0.6741760107090328,20,0.73600172996521,0.057598695158958435,,,228.1,atom
B1,60,C3_eigfeat,108,31,546,186,0.2692934207494873,0.9955151220001196,0.2508645858400208,0.2695865224203185,0.6601807184453238,20,0.8280806541442871,0.12772752344608307,,,228.1,eig
B1,60,C3_diagfeat,108,31,546,186,0.2935417000290007,0.994050754401771,0.2749258144027226,0.2891354117957204,0.7055907099500306,20,0.8962079882621765,0.1152050718665123,,,228.1,diag
B1,60,C3_msgpass_shuffled,110,19,546,186,0.25885913853517606,0.9966344694871831,0.21596283385673767,0.24157521625358983,0.4898169290741635,20,0.73600172996521,0.09570812433958054,,,228.1,atom
B1,61,C1_transplant_J,560,,546,186,0.35960856821737897,0.9942259288574239,0.2822881072164358,0.355529368648785,0.5388725887464314,24,,,,,227.5,
B1,61,C1_transplant_coulomb,560,,546,186,0.34778459441018056,0.9944595208387902,0.27626937063048596,0.34393998310996,0.5927876619627565,24,,,,,227.5,
B1,61,C2_end2end,29,,546,186,0.2842140998810933,0.9958723361865017,0.25427420790289224,0.28930179342957013,0.47809061352458226,24,0.7304042435250004,0.1675327515264912,0.24910014867782593,0.43636587262153625,227.5,
B1,61,C2_shuffled,29,,546,186,0.6756270263644079,0.9812627709746902,0.5108255953261166,0.6567199549672675,0.22287827803864854,24,0.7304042435250004,0.6946721211635409,0.5206883549690247,0.2413206845521927,227.5,
B1,61,C3_msgpass,106,18,546,186,0.1904132864576832,0.9982032977519846,0.1556827817733222,0.18409815195893664,0.7586903557347869,24,0.8600460290908813,0.07359613478183746,,,227.5,atom
B1,61,C3_eigfeat,109,31,546,186,0.2527336536455931,0.9969618309408799,0.21669276635214899,0.25324274188691337,0.6837508599440953,24,0.8182042837142944,0.1263824701309204,,,227.5,eig
B1,61,C3_diagfeat,109,31,546,186,0.2582383052693109,0.997032667001905,0.21437767803199312,0.2543748132934052,0.7243242224852305,24,0.9466122388839722,0.10507115721702576,,,227.5,diag
B1,61,C3_msgpass_shuffled,106,18,546,186,0.23104499077121943,0.99720712233027,0.17449885178944263,0.22177963342275614,0.672829087530337,24,0.8600460290908813,0.11214502155780792,,,227.5,atom
B2,42,C1_transplant_J,196,,186,48,0.5363162436161016,0.9635052463854256,0.5012971369840162,0.5322403641226421,0.17414581292676415,5,,,,,74.2,
B2,42,C1_transplant_coulomb,196,,186,48,0.5116653398660674,0.9658726919651999,0.47826938352161635,0.5075789066969496,0.16197077849142927,5,,,,,74.2,
B2,42,C2_end2end,25,,186,48,0.19644335767349919,0.994566280005468,0.18335048746417773,0.18909138679278154,0.8388836553334796,5,0.38418360820153913,0.04253319597483365,0.3971594572067261,0.29688745737075806,74.2,
B2,42,C2_shuffled,25,,186,48,0.5949122000656396,0.9515117841537626,0.6214432858546003,0.6020533237251559,-0.014890866330165448,5,0.38418360820153913,0.3673489059097938,0.4682143032550812,0.13322919607162476,74.2,
B2,42,C3_msgpass,108,24,186,48,0.396235526845863,0.980392646000738,0.35691980455372524,0.3981638939444713,0.5937832728387308,5,0.5221509337425232,0.03642364591360092,,,74.2,atom
B2,42,C3_eigfeat,108,32,186,48,0.32250961169038544,0.9879583925167548,0.3099623209493502,0.32868251247639685,0.71090236421901,5,0.44061827659606934,0.04408447816967964,,,74.2,eig
B2,42,C3_diagfeat,108,32,186,48,0.2686670689719824,0.9915104145453381,0.2313734980931023,0.2593802888397756,0.8398400931567389,5,0.6810141205787659,0.050456684082746506,,,74.2,diag
B2,42,C3_msgpass_shuffled,108,24,186,48,0.4080567160175413,0.9783609850819921,0.3656807274299629,0.4158851455471148,0.5319790764096146,5,0.5221509337425232,0.0441981740295887,,,74.2,atom
B2,43,C1_transplant_J,179,,169,65,0.2576230763990463,0.9911518610967754,0.2323892163568807,0.2605507411285398,0.8316190969688739,5,,,,,66.8,
B2,43,C1_transplant_coulomb,179,,169,65,0.23344975586093733,0.991492637243924,0.21573087383516043,0.23682762934582624,0.7989876248631638,5,,,,,66.8,
B2,43,C2_end2end,25,,169,65,0.2918829596589271,0.9868121240346749,0.19230360361858534,0.2793346058418814,0.7242810538236533,5,0.4330109341342623,0.05883028128937648,0.23013019561767578,0.4559383988380432,66.8,
B2,43,C2_shuffled,25,,169,65,0.6154884570934651,0.9425683071265877,0.6096839599655356,0.6234091242049556,0.41516852250957853,5,0.4330109341342623,0.3969584487168627,0.4823499023914337,0.14799362421035767,66.8,
B2,43,C3_msgpass,108,24,169,65,0.31993690945942416,0.981208694338077,0.2668578899014131,0.3169081340273986,0.7807373624616992,5,0.6760458946228027,0.04593769460916519,,,66.8,atom
B2,43,C3_eigfeat,108,32,169,65,0.2466383623999505,0.9895604555890734,0.19957032251201956,0.24285465585166732,0.784401084428024,5,0.4517320692539215,0.0434618815779686,,,66.8,eig
B2,43,C3_diagfeat,108,32,169,65,0.26106202721207367,0.9891143217407999,0.23099111609726442,0.2584817359138597,0.6972008415435139,5,0.7772271633148193,0.057874057441949844,,,66.8,diag
B2,43,C3_msgpass_shuffled,108,24,169,65,0.4886658980768079,0.9656004909879662,0.4198848552360974,0.4878742687769284,0.5808416290366721,5,0.6760458946228027,0.0724395364522934,,,66.8,atom
B2,44,C1_transplant_J,181,,171,63,0.5050392256195075,0.9713678495202757,0.46671323497113254,0.5066577133651439,0.6087007947177218,4,,,,,67.8,
B2,44,C1_transplant_coulomb,181,,171,63,0.5207650189909,0.9696499169767846,0.47701145356389524,0.5208804014067364,0.5818057877346942,4,,,,,67.8,
B2,44,C2_end2end,25,,171,63,0.28869802574361175,0.9895689477517596,0.20545318003491414,0.29147898366975417,0.7289741814933005,4,0.48580441300762817,0.06976232013475457,0.13196302950382233,0.40632328391075134,67.8,
B2,44,C2_shuffled,25,,171,63,0.595407918668236,0.9602458494310061,0.5161513650162982,0.5936215138368104,0.6527843526879208,4,0.48580441300762817,0.4950545456235069,0.42819392681121826,0.17145518958568573,67.8,
B2,44,C3_msgpass,108,24,171,63,0.28444703297770924,0.9874453884901945,0.25848650893165603,0.28127383997711075,0.8443640428184349,4,0.6503309011459351,0.039851363748311996,,,67.8,atom
B2,44,C3_eigfeat,108,32,171,63,0.31304079345605856,0.9871789711696862,0.24423337948672952,0.31692512640862386,0.7047551295215313,4,0.4802425503730774,0.05834082514047623,,,67.8,eig
B2,44,C3_diagfeat,108,32,171,63,0.4204810492145345,0.979254068261776,0.2896902009404696,0.423024219271159,0.611663353180661,4,0.7594149112701416,0.05899021774530411,,,67.8,diag
B2,44,C3_msgpass_shuffled,108,24,171,63,0.4405083254967626,0.9785760540749193,0.3868513163954864,0.4306158903858207,0.7009074383646259,4,0.6503309011459351,0.07819436490535736,,,67.8,atom
B2,45,C1_transplant_J,172,,162,72,0.5871583776908754,0.9616543080495251,0.5065274542042596,0.5905589535217848,0.417554099422458,4,,,,,63.6,
B2,45,C1_transplant_coulomb,172,,162,72,0.5892221822152515,0.9555611122707083,0.536858961204483,0.5868579940892045,0.48047069164627026,4,,,,,63.6,
B2,45,C2_end2end,25,,162,72,0.37846289198732,0.9815892090698828,0.3199924772145152,0.3820024018355653,0.7980375467942052,4,0.48879019583731365,0.07661536384528747,0.1572466492652893,0.47649362683296204,63.6,
B2,45,C2_shuffled,25,,162,72,0.9327146665139358,0.8845682021720142,0.827818982824468,0.9020466751174371,0.12185452743390852,4,0.48879019583731365,0.7949766684436457,0.17633341252803802,0.4670534133911133,63.6,
B2,45,C3_msgpass,108,24,162,72,0.3066527579505377,0.9881830928195723,0.30060841797845916,0.30586286793432166,0.8673370142167781,4,0.6814600825309753,0.0458783358335495,,,63.6,atom
B2,45,C3_eigfeat,108,32,162,72,0.32839389413853226,0.9846409416756954,0.25506449736871656,0.3067731151429844,0.8390495003411543,4,0.5270485877990723,0.062170952558517456,,,63.6,eig
B2,45,C3_diagfeat,108,32,162,72,0.33884170242478956,0.9853414721362611,0.33631579264795797,0.3389613667379035,0.8806275518368132,4,0.8488397598266602,0.0642622858285904,,,63.6,diag
B2,45,C3_msgpass_shuffled,108,24,162,72,0.2989002527263715,0.985364002286559,0.2962158484803577,0.2938893011736058,0.6723736631451478,4,0.6814600825309753,0.0720592811703682,,,63.6,atom
B2,46,C1_transplant_J,176,,166,68,0.364896405298512,0.9789392125888123,0.34296506952298816,0.36486075295633524,0.6971651204175597,5,,,,,65.8,
B2,46,C1_transplant_coulomb,176,,166,68,0.3911530961235381,0.9776150143854084,0.3678625438199587,0.3928348246908598,0.7617309458218549,5,,,,,65.8,
B2,46,C2_end2end,25,,166,68,0.1808035869032063,0.9935058255740657,0.10380188708305278,0.17323248811533176,0.9034591811445871,5,0.4519865766102187,0.04356596408761126,0.36651575565338135,0.326080858707428,65.8,
B2,46,C2_shuffled,25,,166,68,0.5880971572383924,0.9427553920302589,0.3823569678205155,0.5351370977175504,0.6848271677817133,5,0.4519865766102187,0.43133380656171205,0.5077438354492188,0.14618946611881256,65.8,
B2,46,C3_msgpass,108,24,166,68,0.24435186589233987,0.9897393369630585,0.21653547258290484,0.24272452359037447,0.8300762805254984,5,0.6953858733177185,0.03648151457309723,,,65.8,atom
B2,46,C3_eigfeat,108,32,166,68,0.2593309176203875,0.989565720273258,0.22388105863186294,0.24984803537188877,0.7733766233766233,5,0.39960774779319763,0.054424017667770386,,,65.8,eig
B2,46,C3_diagfeat,108,32,166,68,0.23943405697529066,0.9907027333117947,0.20807385197829528,0.24517657157742112,0.8544979010888102,5,0.7367241978645325,0.062199462205171585,,,65.8,diag
B2,46,C3_msgpass_shuffled,108,24,166,68,0.41901497260685544,0.9732750065467934,0.28028797128326005,0.40818889394619606,0.7877312081857535,5,0.6953858733177185,0.06730792671442032,,,65.8,atom
B2,47,C1_transplant_J,178,,168,66,0.3542577568398652,0.9739168693613651,0.24540902970227493,0.29611045579333206,0.7621056802012359,6,,,,,65.9,
B2,47,C1_transplant_coulomb,178,,168,66,0.3472757022349074,0.9687034265800047,0.2491328159268221,0.27836880183594853,0.7697902097902097,6,,,,,65.9,
B2,47,C2_end2end,25,,168,66,0.424758178454345,0.9709069480603782,0.30822738228657487,0.4000555980415779,0.692014019453319,6,0.3335201984494586,0.10391677839815641,0.2640289068222046,0.3858473002910614,65.9,
B2,47,C2_shuffled,25,,168,66,0.9602423781298468,0.6667141091528401,0.6277393103040185,0.658786883330278,0.2658441558441558,6,0.3335201984494586,0.3008302223650472,0.5101921558380127,0.2529617249965668,65.9,
B2,47,C3_msgpass,108,24,168,66,0.3312041683945741,0.9875406430546475,0.2489047209270856,0.3267216271053631,0.8207407218645173,6,0.7371730208396912,0.06393525749444962,,,65.9,atom
B2,47,C3_eigfeat,108,32,168,66,0.27293947070795505,0.9895956568228835,0.19906051089538776,0.253674496752008,0.7368431568431568,6,0.4551704525947571,0.060882341116666794,,,65.9,eig
B2,47,C3_diagfeat,108,32,168,66,0.23048341598312144,0.9928827917257673,0.2111564568937265,0.2323310046301188,0.786953046953047,6,0.7459852695465088,0.06584778428077698,,,65.9,diag
B2,47,C3_msgpass_shuffled,108,24,168,66,0.35791465292157015,0.9811543578997968,0.25642237653058425,0.3367775491121786,0.6996203796203796,6,0.7371730208396912,0.06481608003377914,,,65.9,atom
B2,48,C1_transplant_J,187,,177,57,0.5894713683374545,0.9490938689197151,0.45225711902992577,0.577436292178648,0.44878963646948683,5,,,,,68.9,
B2,48,C1_transplant_coulomb,187,,177,57,0.6080913387806981,0.9422590570349036,0.5051912710124669,0.5967326476763204,0.48706508915630153,5,,,,,68.9,
B2,48,C2_end2end,24,,177,57,0.40103354506234995,0.9776243274860488,0.3316230813619976,0.40205814850025545,0.708413583089304,5,0.4358581899689282,0.09625937865653023,0.2675756514072418,0.40348684787750244,68.9,
B2,48,C2_shuffled,24,,177,57,0.6647441145330614,0.938456370091191,0.46089340512973587,0.6488776866081206,0.658638952984185,5,0.4358581899689282,0.4144137987420703,0.4319003224372864,0.12399861216545105,68.9,
B2,48,C3_msgpass,107,24,177,57,0.30666768130235267,0.9846946803856007,0.27822812153859305,0.30147712056813253,0.7398436705702259,5,0.6237080097198486,0.028453940525650978,,,68.9,atom
B2,48,C3_eigfeat,110,33,177,57,0.28296504966895814,0.9883901078457485,0.23447116567316587,0.2674307375975945,0.772832317512265,5,0.4237270951271057,0.05388455465435982,,,68.9,eig
B2,48,C3_diagfeat,110,33,177,57,0.27192886487338347,0.9888102740634019,0.2650632518298659,0.2732950688300752,0.8370543946901515,5,0.7410062551498413,0.06158293038606644,,,68.9,diag
B2,48,C3_msgpass_shuffled,107,24,177,57,0.3714513218632703,0.9800251891860697,0.3033347018772523,0.34697616991616115,0.6721575549202203,5,0.6237080097198486,0.07496706396341324,,,68.9,atom
B2,49,C1_transplant_J,181,,171,63,0.33173789113760843,0.9911080307782053,0.22728968017180604,0.3142657826667822,0.6594064873400872,6,,,,,68.7,
B2,49,C1_transplant_coulomb,181,,171,63,0.3266057459653619,0.9914902044276565,0.2418056288145899,0.32028950597120776,0.6095761381475667,6,,,,,68.7,
B2,49,C2_end2end,25,,171,63,0.3973952779403381,0.9875742619545694,0.2618460151258266,0.3792957195625762,0.5007747066165893,6,0.407799955667187,0.09172102877409131,0.17759491503238678,0.4161064326763153,68.7,
B2,49,C2_shuffled,25,,171,63,0.8525969683471759,0.797602375571493,0.4432956804426388,0.5647880367375898,0.3825978254549683,6,0.407799955667187,0.3948528951958521,0.4657306373119354,0.18665961921215057,68.7,
B2,49,C3_msgpass,108,24,171,63,0.26443442527583433,0.9930907918472658,0.1647141235418039,0.25248833729252884,0.7467288257614613,6,0.6566112041473389,0.04805916175246239,,,68.7,atom
B2,49,C3_eigfeat,108,32,171,63,0.29175405694920425,0.9914997074764735,0.24063597776937026,0.2727321346969102,0.4607942322228036,6,0.42964860796928406,0.06749650835990906,,,68.7,eig
B2,49,C3_diagfeat,108,32,171,63,0.2133589377380436,0.9955522839278413,0.178258962962839,0.20871785724630143,0.6709692423978139,6,0.7425788640975952,0.05036142095923424,,,68.7,diag
B2,49,C3_msgpass_shuffled,108,24,171,63,0.6927691205812833,0.9564274516402528,0.4238596568417115,0.66938315217949,0.7359032501889644,6,0.6566112041473389,0.07057908177375793,,,68.7,atom
B2,50,C1_transplant_J,183,,173,61,0.36792794622038955,0.9835343074332581,0.3126418945090002,0.36285035797564735,0.7899314405019046,5,,,,,68.3,
B2,50,C1_transplant_coulomb,183,,173,61,0.3805009354982651,0.9814048269656731,0.3334923979556991,0.37311544584954653,0.8224358974358974,5,,,,,68.3,
B2,50,C2_end2end,24,,173,61,0.3014008366294171,0.987753670878041,0.25734473783864487,0.3013399112387834,0.741842065690266,5,0.5265568683820604,0.10155408017640645,0.3375445008277893,0.3996465504169464,68.3,
B2,50,C2_shuffled,24,,173,61,1.1120040201095942,0.8700594539613695,0.9563502861463549,1.1018234117201473,-0.02289377289377291,5,0.5265568683820604,0.7847647657710031,0.2616468369960785,0.35029199719429016,68.3,
B2,50,C3_msgpass,107,24,173,61,0.26693239367473365,0.9910761030271656,0.22067165762148294,0.2600321571447177,0.8674354437830665,5,0.7369704246520996,0.05656156316399574,,,68.3,atom
B2,50,C3_eigfeat,110,33,173,61,0.40545582027687077,0.9750094574421028,0.31534616313781083,0.40974868279274074,0.8126556776556776,5,0.49115172028541565,0.062186531722545624,,,68.3,eig
B2,50,C3_diagfeat,110,33,173,61,0.26961082250071106,0.9911249466959684,0.2457784123410184,0.2635908169140361,0.8242490842490842,5,0.8092000484466553,0.07158845663070679,,,68.3,diag
B2,50,C3_msgpass_shuffled,107,24,173,61,0.4200915565571714,0.9744570020679127,0.3585789108838949,0.4036998974288032,0.6863186813186813,5,0.7369704246520996,0.06320369243621826,,,68.3,atom
B2,51,C1_transplant_J,192,,182,52,0.30666617953486425,0.9913196005797106,0.2610594980423038,0.3011256116428729,0.6707291977821798,5,,,,,71.7,
B2,51,C1_transplant_coulomb,192,,182,52,0.3370301101588177,0.9898339701049202,0.2820936227289046,0.33192528352199574,0.61217316017316,5,,,,,71.7,
B2,51,C2_end2end,25,,182,52,0.24109992980995515,0.9941942228105207,0.12674131864279517,0.23095076377148133,0.8539339162330396,5,0.3945539971491023,0.03560953311977199,0.3436596393585205,0.3117760419845581,71.7,
B2,51,C2_shuffled,25,,182,52,0.625346056982941,0.9621348060577873,0.5615864528589936,0.6142337116979713,0.3102424242424242,5,0.3945539971491023,0.35942091007430405,0.44404351711273193,0.1229865550994873,71.7,
B2,51,C3_msgpass,108,24,182,52,0.31856556332426844,0.9884149643026429,0.2692658502949516,0.31654385586864575,0.7079399859530515,5,0.48406288027763367,0.03150651976466179,,,71.7,atom
B2,51,C3_eigfeat,108,32,182,52,0.23604566767034107,0.9942051565644484,0.21793954765892423,0.2338186586820626,0.7234978354978355,5,0.40634217858314514,0.056507959961891174,,,71.7,eig
B2,51,C3_diagfeat,108,32,182,52,0.346165321749874,0.9889557527679714,0.3130666310565584,0.35059328190407485,0.7077705627705626,5,0.6972171068191528,0.05670049041509628,,,71.7,diag
B2,51,C3_msgpass_shuffled,108,24,182,52,0.31654904401793094,0.9902755402102605,0.308268781334326,0.3069925079744074,0.7682251082251083,5,0.48406288027763367,0.05474824085831642,,,71.7,atom
B2,52,C1_transplant_J,195,,185,49,0.5705045792971988,0.940311818448543,0.5060886712839093,0.557477014395141,0.5885947038490705,4,,,,,73.8,
B2,52,C1_transplant_coulomb,195,,185,49,0.5514145623147829,0.9446102633368055,0.49046801130694634,0.5407060271111384,0.570700314178575,4,,,,,73.8,
B2,52,C2_end2end,24,,185,49,0.3421684587619158,0.9310461100664724,0.18701922212816213,0.21679243926532482,0.915511094440325,4,0.4037189546609594,0.03323375184457722,0.3330032527446747,0.33832496404647827,73.8,
B2,52,C2_shuffled,24,,185,49,0.693839470833928,0.9299369021677484,0.6635437533847359,0.652788254202303,0.695781392520523,4,0.4037189546609594,0.3747130161073224,0.43551406264305115,0.1287298947572708,73.8,
B2,52,C3_msgpass,107,24,185,49,0.24659763516746921,0.9882638205315885,0.20288460515324203,0.21818501586013656,0.8615350019816522,4,0.6185820698738098,0.031598854809999466,,,73.8,atom
B2,52,C3_eigfeat,110,33,185,49,0.3091647687057832,0.9858050562025552,0.29156800903469954,0.30015129989909756,0.8483163575554878,4,0.4042627811431885,0.050185427069664,,,73.8,eig
B2,52,C3_diagfeat,110,33,185,49,0.37505904253708705,0.9810792400883459,0.3300973466065594,0.368079949721956,0.849679487179487,4,0.7029584050178528,0.06191615015268326,,,73.8,diag
B2,52,C3_msgpass_shuffled,107,24,185,49,0.40405328031512466,0.9694548539498723,0.30819199639241723,0.37645466780513104,0.8425813317117664,4,0.6185820698738098,0.06865265220403671,,,73.8,atom
B2,53,C1_transplant_J,180,,170,64,0.5908425285542429,0.9403220508722633,0.5814419006418333,0.5908425285542429,0.2102567994278974,5,,,,,66.1,
B2,53,C1_transplant_coulomb,180,,170,64,0.6304797853094135,0.9088383872724851,0.6748994268572281,0.6304797853094135,0.451036501608148,5,,,,,66.1,
B2,53,C2_end2end,25,,170,64,0.2640968045203119,0.9876844920534363,0.2517948066376796,0.2640968045203119,0.8267537163676063,5,0.45173967778733315,0.08358432128094968,0.2409704625606537,0.4198867678642273,66.1,
B2,53,C2_shuffled,25,,170,64,0.586124355381081,0.9458392574959467,0.5513405302387968,0.586124355381081,0.7142885062092379,5,0.45173967778733315,0.4000466542247175,0.43460023403167725,0.14320679008960724,66.1,
B2,53,C3_msgpass,108,24,170,64,0.2919958126097967,0.9895806378877952,0.24193653594276665,0.2919958126097967,0.8961561027757058,5,0.6960655450820923,0.04745752736926079,,,66.1,atom
B2,53,C3_eigfeat,108,32,170,64,0.31259198162803337,0.9873211493645675,0.2592857475910191,0.31259198162803337,0.8918346706647013,5,0.4976781904697418,0.05199362337589264,,,66.1,eig
B2,53,C3_diagfeat,108,32,170,64,0.28412956635694675,0.9892853041965501,0.2591023380344405,0.28412956635694675,0.810042339520236,5,0.7812007069587708,0.060401447117328644,,,66.1,diag
B2,53,C3_msgpass_shuffled,108,24,170,64,0.32809249602817214,0.9842826301055781,0.3166932198745178,0.32809249602817214,0.8221696875279192,5,0.6960655450820923,0.08362783491611481,,,66.1,atom
B2,54,C1_transplant_J,177,,167,67,0.5319350271468828,0.9766382270928397,0.38696867986749434,0.4775393465680279,0.6651628441856352,5,,,,,65.4,
B2,54,C1_transplant_coulomb,177,,167,67,0.49888578939568257,0.981343885955567,0.4006654312975136,0.4622894788082188,0.5622315592903829,5,,,,,65.4,
B2,54,C2_end2end,25,,167,67,0.2435864970669551,0.9927901325450392,0.23007889553856647,0.20237187784673016,0.8423996352017507,5,0.4329904604202372,0.04347683859751155,0.27571794390678406,0.3490169942378998,65.4,
B2,54,C2_shuffled,25,,167,67,0.8274282160054015,0.8486764420699253,0.5135124910771293,0.5905279946056651,0.5540573805279688,5,0.4329904604202372,0.4210523603078964,0.47521212697029114,0.22701528668403625,65.4,
B2,54,C3_msgpass,108,24,167,67,0.30378795445769297,0.9934080071759598,0.2446458695671446,0.2976810591874277,0.8138615786981955,5,0.6612021327018738,0.04341832548379898,,,65.4,atom
B2,54,C3_eigfeat,108,32,167,67,0.270879107537301,0.9941455635768719,0.24576912954328184,0.2575087422617217,0.6998790425261012,5,0.47255852818489075,0.07071419805288315,,,65.4,eig
B2,54,C3_diagfeat,108,32,167,67,0.28641699925512804,0.9931650107237483,0.21149873406422634,0.2875280602107557,0.8536563110092522,5,0.770524263381958,0.048542194068431854,,,65.4,diag
B2,54,C3_msgpass_shuffled,108,24,167,67,0.39240104223896033,0.986195097077974,0.28215490150368544,0.3642013966720471,0.7133095662507427,5,0.6612021327018738,0.05189991742372513,,,65.4,atom
B2,55,C1_transplant_J,190,,180,54,0.4186244181703887,0.9852657142616914,0.3737071084637139,0.41733515480033706,0.42604653547555876,5,,,,,70.1,
B2,55,C1_transplant_coulomb,190,,180,54,0.3880929420876544,0.9870670691696619,0.3606510717053001,0.39001839432317464,0.5334915084915085,5,,,,,70.1,
B2,55,C2_end2end,25,,180,54,0.3854537286680933,0.9881685057545071,0.3288490747266554,0.38505448765488653,0.5021609880894935,5,0.43501722384101194,0.07357019685076575,0.21065916121006012,0.4525640308856964,70.1,
B2,55,C2_shuffled,25,,180,54,0.6627105211316362,0.9541276397011252,0.6031507770094646,0.6417969621344761,0.4672410922410922,5,0.43501722384101194,0.40666061626622285,0.47770631313323975,0.1965351402759552,70.1,
B2,55,C3_msgpass,108,24,180,54,0.20705997212019195,0.9958085249224334,0.19697437881576102,0.20552381408314974,0.7685828528754536,5,0.6283272504806519,0.04590657725930214,,,70.1,atom
B2,55,C3_eigfeat,108,32,180,54,0.3956858650680753,0.9842456232811058,0.24310867517988669,0.39524959542354104,0.6403596403596403,5,0.37552082538604736,0.05913735553622246,,,70.1,eig
B2,55,C3_diagfeat,108,32,180,54,0.3334312211247622,0.9902846772644963,0.2592722444890808,0.3312968837770946,0.5782301032301033,5,0.70283043384552,0.07375122606754303,,,70.1,diag
B2,55,C3_msgpass_shuffled,108,24,180,54,0.41499901640930653,0.9823840059857474,0.2866562629130047,0.3920881973201307,0.81491008991009,5,0.6283272504806519,0.060619331896305084,,,70.1,atom
B2,56,C1_transplant_J,182,,172,62,0.7331099261508188,0.9065358597897091,0.518697823329142,0.7387535542526558,0.5844188148797698,4,,,,,66.8,
B2,56,C1_transplant_coulomb,182,,172,62,0.4066737103519195,0.9702012939203228,0.3609304710457301,0.41198988869421455,0.7059965487489215,4,,,,,66.8,
B2,56,C2_end2end,25,,172,62,0.19095335522099238,0.9929189324477232,0.19074020853851878,0.18957082713031653,0.8847162966949755,4,0.417437380826513,0.03536313472230362,0.40727636218070984,0.32056358456611633,66.8,
B2,56,C2_shuffled,25,,172,62,0.6007393901081707,0.9249162760725086,0.5927137142623785,0.6048397232559478,0.43848144952545304,4,0.417437380826513,0.40318498308856565,0.5727105736732483,0.23490740358829498,66.8,
B2,56,C3_msgpass,108,24,172,62,0.25319313674156574,0.9875897310536436,0.19578112029877315,0.25087587822316193,0.69770106197271,4,0.694902777671814,0.039546433836221695,,,66.8,atom
B2,56,C3_eigfeat,108,32,172,62,0.3198545658190934,0.981966461307611,0.2746267157001027,0.32225215899272086,0.6958584987057809,4,0.457072377204895,0.06029477342963219,,,66.8,eig
B2,56,C3_diagfeat,108,32,172,62,0.28815396330172016,0.9862774890355932,0.20497075919704844,0.29138933922510685,0.772174288179465,4,0.7379812002182007,0.047822725027799606,,,66.8,diag
B2,56,C3_msgpass_shuffled,108,24,172,62,0.5656676706118889,0.9534924649795634,0.27635827438090793,0.5726784124078067,0.7202329594477999,4,0.694902777671814,0.06319153308868408,,,66.8,atom
B2,57,C1_transplant_J,186,,176,58,0.5775332299909809,0.9693201360253619,0.46667111968469166,0.5775332299909809,0.7711109081822972,6,,,,,69.8,
B2,57,C1_transplant_coulomb,186,,176,58,0.4646643630956118,0.9781765583989065,0.34048395647739704,0.4646643630956118,0.7353605015673981,6,,,,,69.8,
B2,57,C2_end2end,25,,176,58,0.4773382506865572,0.9789619530242583,0.3617933481736741,0.4773382506865572,0.710734788373156,6,0.45464608427660574,0.05405002488759913,0.2976021468639374,0.4322826564311981,69.8,
B2,57,C2_shuffled,25,,176,58,0.4989700714546773,0.9694491377100043,0.3717748379673862,0.4989700714546773,0.5975687913618948,6,0.45464608427660574,0.5140830932865424,0.42203786969184875,0.2774578034877777,69.8,
B2,57,C3_msgpass,108,24,176,58,0.3128516354950307,0.9920263323164268,0.2328217201598553,0.3128516354950307,0.7427856664477358,6,0.6484761238098145,0.03405364602804184,,,69.8,atom
B2,57,C3_eigfeat,108,32,176,58,0.26168127713013506,0.9904733114013627,0.1892129788548374,0.26168127713013506,0.7127760362243121,6,0.3936648368835449,0.047147586941719055,,,69.8,eig
B2,57,C3_diagfeat,108,32,176,58,0.3593602923881568,0.9875933104344349,0.2507468595872905,0.3593602923881568,0.7504214559386972,6,0.7262511849403381,0.05869090184569359,,,69.8,diag
B2,57,C3_msgpass_shuffled,108,24,176,58,0.3403284834756044,0.9869413509881237,0.2500536006616927,0.3403284834756044,0.5580076628352489,6,0.6484761238098145,0.06857369095087051,,,69.8,atom
B2,58,C1_transplant_J,192,,182,52,0.5846048892896393,0.9464563612674378,0.47625025464819887,0.5846048892896393,0.8818569894609944,6,,,,,70.9,
B2,58,C1_transplant_coulomb,192,,182,52,0.3816749891306851,0.9732500037024939,0.33448920076686667,0.3816749891306851,0.7988234415157494,6,,,,,70.9,
B2,58,C2_end2end,25,,182,52,0.19424644896536208,0.9935380664194943,0.1335825208098979,0.19424644896536208,0.8142973749257701,6,0.4739911680812257,0.05124802229941947,0.34063249826431274,0.35312619805336,70.9,
B2,58,C2_shuffled,25,,182,52,1.0165241611817442,0.7985299992111987,0.7234155313264927,1.0165241611817442,-0.12516645747414978,6,0.4739911680812257,0.864301236239361,0.17407479882240295,0.4524102210998535,70.9,
B2,58,C3_msgpass,108,24,182,52,0.2473271374787454,0.9903241650364426,0.17939529787450859,0.2473271374787454,0.8874183642770693,6,0.6509326100349426,0.036591410636901855,,,70.9,atom
B2,58,C3_eigfeat,108,32,182,52,0.260182734470722,0.9883898203159275,0.21044882787368052,0.260182734470722,0.8323834498834498,6,0.5130802392959595,0.06816300004720688,,,70.9,eig
B2,58,C3_diagfeat,108,32,182,52,0.27057674189832986,0.9879103289065305,0.15855852094527448,0.27057674189832986,0.7544399617476542,6,0.7627146244049072,0.08439608663320541,,,70.9,diag
B2,58,C3_msgpass_shuffled,108,24,182,52,0.3671112284657069,0.9769164783154668,0.285986592026989,0.3671112284657069,0.810276582391967,6,0.6509326100349426,0.0769411250948906,,,70.9,atom
B2,59,C1_transplant_J,180,,170,64,0.3603850262490088,0.9879025575534075,0.23863524770633843,0.35548167261418917,0.5364985476733841,6,,,,,67.0,
B2,59,C1_transplant_coulomb,180,,170,64,0.3575039062409646,0.9863823835431567,0.2618644820919393,0.3507147152101577,0.5020159045003766,6,,,,,67.0,
B2,59,C2_end2end,25,,170,64,0.33783785956019385,0.9852780046307149,0.21254399305961666,0.33320702382640804,0.8047535386189697,6,0.45239020585950424,0.0762663476229057,0.2605387270450592,0.3686438798904419,67.0,
B2,59,C2_shuffled,25,,170,64,0.8046223305329403,0.9322763280386293,0.6961956857238594,0.8171043101720438,0.06396019439497704,6,0.45239020585950424,0.4701334801617566,0.35215502977371216,0.17725780606269836,67.0,
B2,59,C3_msgpass,108,24,170,64,0.2674117597061526,0.9926763651481345,0.2097403885354398,0.2708420374719783,0.6922983178385327,6,0.6903011798858643,0.05264575034379959,,,67.0,atom
B2,59,C3_eigfeat,108,32,170,64,0.2744112148743385,0.989528429704149,0.19743583799612158,0.27231168431571806,0.681632882875119,6,0.4461360275745392,0.06061268970370293,,,67.0,eig
B2,59,C3_diagfeat,108,32,170,64,0.2606407855345583,0.9932469586351883,0.22338996956835877,0.2577332717912023,0.7695484869397913,6,0.7749587893486023,0.08483787626028061,,,67.0,diag
B2,59,C3_msgpass_shuffled,108,24,170,64,0.2641372824816788,0.9926777449410596,0.21121485792474595,0.25570367273677186,0.7130916472531379,6,0.6903011798858643,0.07115379720926285,,,67.0,atom
B2,60,C1_transplant_J,170,,160,74,0.334073524502599,0.986068174674815,0.2628238020956134,0.31522367572506393,0.6586643350910562,6,,,,,61.9,
B2,60,C1_transplant_coulomb,170,,160,74,0.3847552206356397,0.9807292012057257,0.32692753539846137,0.36686001152188563,0.5928565186315726,6,,,,,61.9,
B2,60,C2_end2end,25,,160,74,0.3167981804801567,0.9850644756619278,0.2515060392116918,0.2812772923625589,0.6306284994884601,6,0.3354260197352771,0.09355895972543034,0.2706339955329895,0.4051803648471832,61.9,
B2,60,C2_shuffled,25,,160,74,0.8114210548923789,0.8243132153228618,0.49966084726552035,0.5871989368922107,0.10835276235420431,6,0.3354260197352771,0.33116535000279446,0.4148993194103241,0.11617642641067505,61.9,
B2,60,C3_msgpass,108,24,160,74,0.3656214341643119,0.9842389875693118,0.29195091417657953,0.37484705982795474,0.5014099119564704,6,0.6887504458427429,0.04464810714125633,,,61.9,atom
B2,60,C3_eigfeat,108,32,160,74,0.298934217742399,0.990181843927608,0.2411729007975633,0.29083805374950317,0.5376646785082257,6,0.39677849411964417,0.05251318961381912,,,61.9,eig
B2,60,C3_diagfeat,108,32,160,74,0.2777654926993912,0.9916313240203409,0.24191986422208842,0.2720145904439017,0.657832002172305,6,0.7020753622055054,0.05797487497329712,,,61.9,diag
B2,60,C3_msgpass_shuffled,108,24,160,74,0.30433286627817063,0.987660907110929,0.20038349051043114,0.2600720323395195,0.6572650492982142,6,0.6887504458427429,0.06890621036291122,,,61.9,atom
B2,61,C1_transplant_J,173,,163,71,0.5532409253589756,0.968670622399528,0.3626762590709328,0.5426633548137647,0.45155033437821807,6,,,,,64.7,
B2,61,C1_transplant_coulomb,173,,163,71,0.5471642142817726,0.9708197254370124,0.36493365003168865,0.536680582156533,0.3298639455782313,6,,,,,64.7,
B2,61,C2_end2end,25,,163,71,0.3145201974152019,0.9901929831830553,0.2289084850719332,0.3177998906982642,0.4937547614225579,6,0.39702096262006975,0.07883981139330197,0.2746499180793762,0.38299867510795593,64.7,
B2,61,C2_shuffled,25,,163,71,0.6307786623996197,0.9600020442027933,0.5044432930365949,0.6076572307156578,0.36241187384044526,6,0.39702096262006975,0.3908604321185142,0.4608306586742401,0.18116633594036102,64.7,
B2,61,C3_msgpass,108,24,163,71,0.33511992046429917,0.9874251924119051,0.2683085882325978,0.3307627175733251,0.6362955512044391,6,0.6033052802085876,0.03981312736868858,,,64.7,atom
B2,61,C3_eigfeat,108,32,163,71,0.24432128143830953,0.9946277284156064,0.16985735316570855,0.24763556146333454,0.7154545454545453,6,0.4025994539260864,0.05265399068593979,,,64.7,eig
B2,61,C3_diagfeat,108,32,163,71,0.30070381589955664,0.9914837639218632,0.2420140561703632,0.2961770959210951,0.6398144712430427,6,0.6823306679725647,0.05962236598134041,,,64.7,diag
B2,61,C3_msgpass_shuffled,108,24,163,71,0.35660829267453675,0.9812231923960582,0.26390419704633145,0.34496788877170886,0.6757081014223871,6,0.6033052802085876,0.08548059314489365,,,64.7,atom
B4,42,C1_transplant_J,639,,617,221,0.5351978320865954,0.937797581390291,0.444977633901693,0.530198270120037,0.6965707213993086,8,,,,,265.4,
B4,42,C1_transplant_coulomb,639,,617,221,0.3856239380971102,0.9623939390657106,0.33625471622582515,0.3846049766990404,0.8336382613939723,8,,,,,265.4,
B4,42,C2_end2end,37,,617,221,0.37099945343478824,0.9667359736572309,0.35354135365889316,0.36759470415089096,0.8470073146220568,8,0.6027967952771852,0.09541683530880896,0.27954426407814026,0.33259305357933044,265.4,
B4,42,C2_shuffled,37,,617,221,0.8525537988281479,0.8456177494661725,0.7637241197608748,0.8533485171200071,0.4686721921273422,8,0.6027967952771852,0.5842206863195417,0.25776582956314087,0.27079659700393677,265.4,
B4,42,C3_msgpass,108,12,617,221,0.3323658828445823,0.9719899002961708,0.26112571562655734,0.3286001412684971,0.8632756257100878,8,0.6210418343544006,0.06240563467144966,,,265.4,atom
B4,42,C3_eigfeat,108,28,617,221,0.32044610335340973,0.9715332575797664,0.31322320779282153,0.31728019267744106,0.87119710820841,8,0.7171440720558167,0.08062063902616501,,,265.4,eig
B4,42,C3_diagfeat,108,28,617,221,0.4118648837250858,0.9581366234642387,0.3736884871886913,0.4108722773012452,0.8041953357134939,8,0.7676064372062683,0.09898775815963745,,,265.4,diag
B4,42,C3_msgpass_shuffled,108,12,617,221,0.33801995641887617,0.9694876880667773,0.3086576892151316,0.33251972222497744,0.8592027546715768,8,0.6210418343544006,0.07385813444852829,,,265.4,atom
B4,43,C1_transplant_J,659,,637,201,0.3349695270364648,0.9806464380797298,0.31245102945752545,0.32644252670478946,0.8473383650569798,10,,,,,275.2,
B4,43,C1_transplant_coulomb,659,,637,201,0.3520084110222756,0.9676732776377969,0.3120176885680186,0.3406588465540849,0.7983402861822314,10,,,,,275.2,
B4,43,C2_end2end,36,,637,201,0.3448959769320683,0.977257193512953,0.31928258885859967,0.3454744486042915,0.8316077526225479,10,0.6278647735585898,0.12157113552866528,0.20327533781528473,0.33449599146842957,275.2,
B4,43,C2_shuffled,36,,637,201,0.8121571049896492,0.8902930495111792,0.680185930987092,0.8096894535812494,0.5150351936066222,10,0.6278647735585898,0.6187906294426704,0.4512018859386444,0.22531990706920624,275.2,
B4,43,C3_msgpass,107,12,637,201,0.2584238596625523,0.9863830053389326,0.24197290121687648,0.25996977188134646,0.8616246183795299,10,0.4861646592617035,0.06782139837741852,,,275.2,atom
B4,43,C3_eigfeat,110,29,637,201,0.29913072255262846,0.9820233826729494,0.2754696246159066,0.2947369172818215,0.8421199953874726,10,0.7308614253997803,0.09053865820169449,,,275.2,eig
B4,43,C3_diagfeat,110,29,637,201,0.28205320144906765,0.9848833198897715,0.2767382639912585,0.2860661500046972,0.8448599599815404,10,0.752846896648407,0.08234686404466629,,,275.2,diag
B4,43,C3_msgpass_shuffled,107,12,637,201,0.30398385031398106,0.9806859979581116,0.28871220822105936,0.30521116823673794,0.8433732666255462,10,0.4861646592617035,0.07542453706264496,,,275.2,atom
B4,44,C1_transplant_J,660,,638,200,0.3917962193111103,0.9429030170618264,0.3532390270988306,0.39371922419818434,0.8073573876700855,9,,,,,276.6,
B4,44,C1_transplant_coulomb,660,,638,200,0.3724638437624405,0.9436264263780543,0.33405126120530343,0.37419597557393847,0.7879439125562823,9,,,,,276.6,
B4,44,C2_end2end,37,,638,200,0.34341501090695603,0.9561614489435826,0.3287600295746287,0.34183022249841993,0.8892645170642779,9,0.6284006470019272,0.09759254552022036,0.24165724217891693,0.30677592754364014,276.6,
B4,44,C2_shuffled,37,,638,200,1.0251782827688658,0.7451508729584966,0.9790474770530925,1.0259594170923487,0.1175232198970396,9,0.6284006470019272,0.9184736293405334,0.10772363096475601,0.4553680717945099,276.6,
B4,44,C3_msgpass,108,12,638,200,0.3314480393742506,0.971317776194174,0.2942995084005902,0.3310198279530428,0.9163681771641675,9,0.7845196723937988,0.06556728482246399,,,276.6,atom
B4,44,C3_eigfeat,108,28,638,200,0.3442533069151507,0.9682682691027668,0.32811457223076634,0.34313457059893454,0.9167139510215263,9,0.683921754360199,0.07991690933704376,,,276.6,eig
B4,44,C3_diagfeat,108,28,638,200,0.30023696139941747,0.9714346133159044,0.2874099169294435,0.29655144432936037,0.9110525751389068,9,0.7217093706130981,0.07914605736732483,,,276.6,diag
B4,44,C3_msgpass_shuffled,108,12,638,200,0.3861610626639529,0.9551018078519878,0.37044338970888824,0.3817470093872938,0.888064173729183,9,0.7845196723937988,0.0937075987458229,,,276.6,atom
B4,45,C1_transplant_J,637,,615,223,0.4430199768920299,0.9503101199721048,0.37059085053704055,0.438427031946021,0.7490499698160746,10,,,,,266.6,
B4,45,C1_transplant_coulomb,637,,615,223,0.4673933608462453,0.9492025646392733,0.3761132762205328,0.46539005566236724,0.7792718077950646,10,,,,,266.6,
B4,45,C2_end2end,37,,615,223,0.41418330226941186,0.9463835225174466,0.3135998901549712,0.41671550431008353,0.9010285353466122,10,0.5838152161209573,0.08533916490182715,0.33241888880729675,0.26536765694618225,266.6,
B4,45,C2_shuffled,37,,615,223,0.9301501315066452,0.8469298741418487,0.7640105999194288,0.9180688493114022,0.3434239852236928,10,0.5838152161209573,0.5963390574489859,0.424577534198761,0.7300198078155518,266.6,
B4,45,C3_msgpass,108,12,615,223,0.30443172300851157,0.982856077746909,0.28665989072816245,0.29799337309100377,0.8527092811832747,10,0.7181428670883179,0.06476116180419922,,,266.6,atom
B4,45,C3_eigfeat,108,28,615,223,0.312439691979367,0.9818291578574286,0.2891516935678791,0.30991099018424517,0.8529148737415104,10,0.7411794066429138,0.07853692770004272,,,266.6,eig
B4,45,C3_diagfeat,108,28,615,223,0.310979225310864,0.9838429614908341,0.2904563868961565,0.3053057855863645,0.8920984935082651,10,0.7750115990638733,0.066144660115242,,,266.6,diag
B4,45,C3_msgpass_shuffled,108,12,615,223,0.38786617874489143,0.9667838216567982,0.3434746318499865,0.3821645319923956,0.8208727796244901,10,0.7181428670883179,0.07715868949890137,,,266.6,atom
B4,46,C1_transplant_J,659,,637,201,0.4173120321945455,0.9641870307368926,0.3489467225696895,0.40743908458509975,0.8731469092809697,9,,,,,273.3,
B4,46,C1_transplant_coulomb,659,,637,201,0.37983770804851796,0.96304152630055,0.3612558287326247,0.3723104161073784,0.8413875407264617,9,,,,,273.3,
B4,46,C2_end2end,35,,637,201,0.32462507033132826,0.971675372747419,0.30191270481332855,0.32532635309228586,0.8790833482711313,9,0.5706765181833859,0.08759064418452468,0.30919259786605835,0.2882590591907501,273.3,
B4,46,C2_shuffled,35,,637,201,0.9024083607349029,0.8229035394724593,0.8509213832372937,0.9047173226201178,0.37200256673754495,9,0.5706765181833859,0.6029515129605955,0.2769286334514618,0.24854537844657898,273.3,
B4,46,C3_msgpass,106,12,637,201,0.27789024475535645,0.9800459225457657,0.28164457196736387,0.2790152672811236,0.9323385082872719,9,0.6018537878990173,0.06366764008998871,,,273.3,atom
B4,46,C3_eigfeat,109,29,637,201,0.3301702318963111,0.9712285620447545,0.3172601195528717,0.32799935686489834,0.886509061252303,9,0.6820166110992432,0.08675382286310196,,,273.3,eig
B4,46,C3_diagfeat,109,29,637,201,0.2932447439535205,0.9738214964266992,0.29107124304271326,0.29356850074326746,0.8950615819639548,9,0.7277284264564514,0.07842173427343369,,,273.3,diag
B4,46,C3_msgpass_shuffled,106,12,637,201,0.3757140104185465,0.9643455166372411,0.34477307887173814,0.3741138004776499,0.8520853471862797,9,0.6018537878990173,0.0738283023238182,,,273.3,atom
B4,47,C1_transplant_J,664,,642,196,0.8070294334216258,0.8861108433465257,0.7632740688744403,0.8156992947480178,0.7139946143272203,10,,,,,283.4,
B4,47,C1_transplant_coulomb,664,,642,196,0.401372995621476,0.9679276687062022,0.38359637676502356,0.4000170319373717,0.8683024317461834,10,,,,,283.4,
B4,47,C2_end2end,37,,642,196,0.31879185880582234,0.980292615689732,0.29687490863412536,0.31831220936306065,0.9105131205058411,10,0.6481229330872257,0.119635993181584,0.2780333459377289,0.33412858843803406,283.4,
B4,47,C2_shuffled,37,,642,196,0.8624148513428673,0.8740985651380092,0.8163275245027308,0.875283134227159,0.6463816068006938,10,0.6481229330872257,0.6230845373477543,0.33183279633522034,0.2653208076953888,283.4,
B4,47,C3_msgpass,108,12,642,196,0.29830138302272097,0.984006761691189,0.2602204888950566,0.2992401848535263,0.9203586163164805,10,0.7181379199028015,0.07373768091201782,,,283.4,atom
B4,47,C3_eigfeat,108,28,642,196,0.3040132562150565,0.9816508352452613,0.2885717428211633,0.302305037099394,0.8434155789601194,10,0.7149540781974792,0.09740772843360901,,,283.4,eig
B4,47,C3_diagfeat,108,28,642,196,0.2889943865149687,0.9828007176372383,0.26851928835389083,0.283913464735113,0.8604508544287996,10,0.7792748212814331,0.07451493293046951,,,283.4,diag
B4,47,C3_msgpass_shuffled,108,12,642,196,0.33950613534004975,0.9751686339209502,0.33094431932306273,0.33850726286000626,0.892128523201503,10,0.7181379199028015,0.08840321004390717,,,283.4,atom
B4,48,C1_transplant_J,631,,609,229,0.4680082680057245,0.9591790549154824,0.3677686264835086,0.4660951134892858,0.8470949328221775,13,,,,,264.2,
B4,48,C1_transplant_coulomb,631,,609,229,0.4703733986761891,0.957991736613865,0.3795132946041466,0.4640275493339016,0.8389352330221908,13,,,,,264.2,
B4,48,C2_end2end,34,,609,229,0.2991900210642754,0.9824227193933843,0.27854197012908244,0.29669499481849526,0.8275388475786648,13,0.6166009353226215,0.07838964162966028,0.3035445809364319,0.22273410856723785,264.2,
B4,48,C2_shuffled,34,,609,229,0.8306327549464854,0.8796429434196835,0.6582995978091629,0.8294615459573758,0.5340978731184499,13,0.6166009353226215,0.6729433093506536,0.4870419502258301,0.40991392731666565,264.2,
B4,48,C3_msgpass,105,12,609,229,0.32560002896645246,0.9820739398038946,0.2869107334893853,0.3245167029883409,0.8514123235747822,13,0.47429317235946655,0.06688912212848663,,,264.2,atom
B4,48,C3_eigfeat,108,29,609,229,0.295491703672692,0.984508235338371,0.2615985096936834,0.2965034343804509,0.8288817192394463,13,0.690189778804779,0.0766170397400856,,,264.2,eig
B4,48,C3_diagfeat,108,29,609,229,0.2943593663343382,0.9840473843728557,0.26581069437097965,0.29223873333470873,0.8718503779355917,13,0.7476013898849487,0.07442889362573624,,,264.2,diag
B4,48,C3_msgpass_shuffled,105,12,609,229,0.3308132944678731,0.9793118712394789,0.28886047031732415,0.3274475685603166,0.7814401612173256,13,0.47429317235946655,0.0892658606171608,,,264.2,atom
B4,49,C1_transplant_J,635,,613,225,0.42708841401166614,0.9272624504576663,0.3690731166203561,0.4196665951720258,0.8156358062101153,10,,,,,265.8,
B4,49,C1_transplant_coulomb,635,,613,225,0.4077218297503657,0.9409586581129296,0.3474445483197281,0.3944281774228944,0.8314926657928002,10,,,,,265.8,
B4,49,C2_end2end,36,,613,225,0.3128017117831661,0.9638973856322116,0.277657667077047,0.3139490682181673,0.8749662434815569,10,0.6192912519232506,0.12014861373163853,0.20698823034763336,0.3631649315357208,265.8,
B4,49,C2_shuffled,36,,613,225,0.8615176430181635,0.7890969784465918,0.7280783211663661,0.8559229506636207,0.5198616359964923,10,0.6192912519232506,0.59903958942948,0.3408806025981903,0.22661569714546204,265.8,
B4,49,C3_msgpass,107,12,613,225,0.2757251324717084,0.9751639829424649,0.24382998837877604,0.2764858584724703,0.8871185767791508,10,0.6294270753860474,0.0588691309094429,,,265.8,atom
B4,49,C3_eigfeat,110,29,613,225,0.30493647043817584,0.9661330142318324,0.2862748866009884,0.29974846622714435,0.8537099708292517,10,0.6997355818748474,0.09447173774242401,,,265.8,eig
B4,49,C3_diagfeat,110,29,613,225,0.2973635508442335,0.9693586735498761,0.26767396620025735,0.29666255049656576,0.8857822591361404,10,0.7618783116340637,0.07339008152484894,,,265.8,diag
B4,49,C3_msgpass_shuffled,107,12,613,225,0.30210609919360487,0.968527638795185,0.2721032535465794,0.2991910077521073,0.8980281285212316,10,0.6294270753860474,0.0837881788611412,,,265.8,atom
B4,50,C1_transplant_J,640,,618,220,0.5559073379668694,0.9272321094084002,0.4176862455246556,0.5472005445523305,0.860561591596861,9,,,,,266.6,
B4,50,C1_transplant_coulomb,640,,618,220,0.4057487031714244,0.9572424575639324,0.30605729791562203,0.39638614845925846,0.8377238635863093,9,,,,,266.6,
B4,50,C2_end2end,36,,618,220,0.41561258567037596,0.9581008184555496,0.3282167669090719,0.42109028427910783,0.8820307102378666,9,0.6078868137986306,0.10011554935956773,0.2566968500614166,0.3278897702693939,266.6,
B4,50,C2_shuffled,36,,618,220,0.9546660769524209,0.746914804175727,0.8759147991911447,0.9489201155354583,0.4943473680841464,9,0.6078868137986306,0.5892453937428492,0.34266045689582825,0.199442520737648,266.6,
B4,50,C3_msgpass,107,12,618,220,0.30765483778890285,0.9767525158352884,0.2770178852522557,0.3086922722913702,0.9120226252994807,9,0.6176371574401855,0.07999041676521301,,,266.6,atom
B4,50,C3_eigfeat,110,29,618,220,0.3325736390207618,0.9743181405661674,0.25577913928583995,0.330522493356765,0.8973052473218758,9,0.6891101598739624,0.08139292150735855,,,266.6,eig
B4,50,C3_diagfeat,110,29,618,220,0.31835327186593515,0.9745421861661441,0.2702485496859513,0.32018560280546055,0.8783471143552353,9,0.7878422141075134,0.08198772370815277,,,266.6,diag
B4,50,C3_msgpass_shuffled,107,12,618,220,0.3753033331314814,0.9555607184569026,0.30259959538803993,0.3711081174752542,0.9205810233958298,9,0.6176371574401855,0.09484949707984924,,,266.6,atom
B4,51,C1_transplant_J,667,,645,193,0.4741526081202029,0.9721367989621554,0.3770879518476683,0.46579645969346367,0.7587336685720164,11,,,,,281.1,
B4,51,C1_transplant_coulomb,667,,645,193,0.49056314288765923,0.9674622661900396,0.42866674826869194,0.4894691480927996,0.7811613672650904,11,,,,,281.1,
B4,51,C2_end2end,35,,645,193,0.3301142500855993,0.9833108858528052,0.2957365520032187,0.3248445532016403,0.8285256292610758,11,0.6412937517305904,0.09060870235941326,0.3555225729942322,0.2560446262359619,281.1,
B4,51,C2_shuffled,35,,645,193,0.8534440817952595,0.8966973855733726,0.7201027066941069,0.8571695436890979,0.5766014405974512,11,0.6412937517305904,0.6117277315297555,0.40064263343811035,0.39920714497566223,281.1,
B4,51,C3_msgpass,106,12,645,193,0.2986481218982623,0.9873300424062555,0.24263421720615694,0.2906260789873569,0.8967695793636677,11,0.6713054776191711,0.08827611804008484,,,281.1,atom
B4,51,C3_eigfeat,109,29,645,193,0.3312865537914092,0.9841357268141538,0.2981125095918351,0.3251483054982545,0.7728928181388288,11,0.7539306282997131,0.08168704062700272,,,281.1,eig
B4,51,C3_diagfeat,109,29,645,193,0.3545317801111386,0.9789168108861992,0.2870162116780563,0.34041967943006224,0.8560146820785118,11,0.813849687576294,0.0730365738272667,,,281.1,diag
B4,51,C3_msgpass_shuffled,106,12,645,193,0.3541343672661579,0.9786164687518167,0.29589452213801815,0.342995159114049,0.8683914735111544,11,0.6713054776191711,0.09049519896507263,,,281.1,atom
B4,52,C1_transplant_J,640,,618,220,0.3062048130603481,0.9755896571178482,0.25979780249910217,0.28870393196645144,0.8321406101191893,11,,,,,265.0,
B4,52,C1_transplant_coulomb,640,,618,220,0.42091701968798273,0.9629756841948282,0.29439591878082816,0.405489760875746,0.8430714686837794,11,,,,,265.0,
B4,52,C2_end2end,37,,618,220,0.33431457024063244,0.9770570160973516,0.25226314923084286,0.33417021170355843,0.8676726560016093,11,0.6322830771733419,0.10792117856545452,0.29427728056907654,0.23753711581230164,265.0,
B4,52,C2_shuffled,37,,618,220,0.9734026149541114,0.8312225083244569,0.7025924382366434,0.9695570896517981,0.6375635765936425,11,0.6322830771733419,0.602740345951377,0.38277339935302734,0.23203206062316895,265.0,
B4,52,C3_msgpass,108,12,618,220,0.28351411764347395,0.9817180757356871,0.24195509353414918,0.2776441961753698,0.829907497824511,11,0.5201237201690674,0.07240907847881317,,,265.0,atom
B4,52,C3_eigfeat,108,28,618,220,0.30928161050601194,0.9789056284823893,0.25748658543768216,0.29664725575307055,0.8273506631035399,11,0.7603074908256531,0.10993149876594543,,,265.0,eig
B4,52,C3_diagfeat,108,28,618,220,0.2626491081681825,0.9839187158792417,0.22733170944714923,0.2557600315767714,0.8790676158664442,11,0.804465651512146,0.08573773503303528,,,265.0,diag
B4,52,C3_msgpass_shuffled,108,12,618,220,0.30280644590800965,0.9785175607695679,0.2566531533234344,0.2954462738777939,0.8681622863529367,11,0.5201237201690674,0.09061194211244583,,,265.0,atom
B4,53,C1_transplant_J,637,,615,223,0.3280738314536445,0.9738641810674997,0.26522694308208206,0.3243617166837634,0.8657866221669654,11,,,,,264.4,
B4,53,C1_transplant_coulomb,637,,615,223,0.3423689434568176,0.9724606010372356,0.26654390699868247,0.33922990798231134,0.8633603901078133,11,,,,,264.4,
B4,53,C2_end2end,37,,615,223,0.3261265566618329,0.9745841762182907,0.2985186692391826,0.3243827730747546,0.8457796412624823,11,0.6124509567876497,0.08900665815782467,0.29176637530326843,0.26912474632263184,264.4,
B4,53,C2_shuffled,37,,615,223,0.9788653314827918,0.8104143607514237,0.8991781559921574,0.9743238442242026,0.30439995540692744,11,0.6124509567876497,0.8170491578075163,0.3288504481315613,0.21834741532802582,264.4,
B4,53,C3_msgpass,108,12,615,223,0.28161309528669665,0.9786925486828254,0.26385680234010095,0.2763235313242452,0.9027047943794382,11,0.6824065446853638,0.06661613285541534,,,264.4,atom
B4,53,C3_eigfeat,108,28,615,223,0.30722343063895247,0.9796909844030086,0.27275995131246983,0.3021532223837015,0.8993067183118566,11,0.7698111534118652,0.09589292109012604,,,264.4,eig
B4,53,C3_diagfeat,108,28,615,223,0.3022073635803149,0.9799548397429594,0.23611452294126992,0.2949698254133619,0.8910971457779744,11,0.7717217206954956,0.07411982119083405,,,264.4,diag
B4,53,C3_msgpass_shuffled,108,12,615,223,0.32861504659370566,0.9717328325810938,0.25702065848932926,0.32500700220193657,0.9214616719730472,11,0.6824065446853638,0.09016283601522446,,,264.4,atom
B4,54,C1_transplant_J,641,,619,219,0.42057297364342827,0.963718214537707,0.38965478571083273,0.41003115273624624,0.740316218940623,9,,,,,267.2,
B4,54,C1_transplant_coulomb,641,,619,219,0.4192713756964851,0.9614668908654318,0.4059527323951297,0.4184704231725841,0.7384674890912439,9,,,,,267.2,
B4,54,C2_end2end,36,,619,219,0.37405342173328254,0.9710264630152868,0.37009988178586656,0.3768807934572963,0.7793639502256922,9,0.6391076410925961,0.09988092789198036,0.24662889540195465,0.32342129945755005,267.2,
B4,54,C2_shuffled,36,,619,219,0.8639712602660342,0.8294021165499357,0.7952919114397163,0.866798994901759,0.48779535320728334,9,0.6391076410925961,0.6446269950380951,0.23088979721069336,0.3350982367992401,267.2,
B4,54,C3_msgpass,107,12,619,219,0.3340495093344287,0.9798142586720711,0.334122193782124,0.3401576924137175,0.8085596420348907,9,0.6600722670555115,0.05978866294026375,,,267.2,atom
B4,54,C3_eigfeat,110,29,619,219,0.3710629877956979,0.9738490161588359,0.36392106028406573,0.3726503023529922,0.8047061676051332,9,0.6815845966339111,0.07785645127296448,,,267.2,eig
B4,54,C3_diagfeat,110,29,619,219,0.33566589989112494,0.978949146516232,0.32767675576707145,0.3356398264183963,0.8102948224184895,9,0.7374037504196167,0.07133310288190842,,,267.2,diag
B4,54,C3_msgpass_shuffled,107,12,619,219,0.34334050035170094,0.9721429619287477,0.3243303466972342,0.34567028727095817,0.8517226163714794,9,0.6600722670555115,0.07262387871742249,,,267.2,atom
B4,55,C1_transplant_J,638,,616,222,0.4038938143623972,0.9602942819233863,0.3757388124876881,0.40274908120843217,0.8280016437330103,10,,,,,265.1,
B4,55,C1_transplant_coulomb,638,,616,222,0.4214935694873813,0.9585174458393859,0.388233361839273,0.4206130972615455,0.8193538391637115,10,,,,,265.1,
B4,55,C2_end2end,37,,616,222,0.4088407238782047,0.9568886315740566,0.3690472903752669,0.4130993475537765,0.8945438005132385,10,0.5996607978001328,0.11205530461971752,0.20122464001178741,0.4044366478919983,265.1,
B4,55,C2_shuffled,37,,616,222,0.9686241571347419,0.8028769270424025,0.8913469424616305,0.9698938689215074,0.4485674704561098,10,0.5996607978001328,0.5881246439335533,0.3089100420475006,0.2434789538383484,265.1,
B4,55,C3_msgpass,108,12,616,222,0.29219396702383515,0.9810394625223298,0.278244686678378,0.2936479111298697,0.9267843170234025,10,0.6280809044837952,0.06324818730354309,,,265.1,atom
B4,55,C3_eigfeat,108,28,616,222,0.3064472587197685,0.977397124971567,0.295340553149432,0.30823790599527756,0.8985710016230631,10,0.7136610746383667,0.0920473039150238,,,265.1,eig
B4,55,C3_diagfeat,108,28,616,222,0.3616539743820203,0.9708505762755922,0.33937247432760825,0.36121310359214387,0.8800861486527449,10,0.7665101885795593,0.10991770029067993,,,265.1,diag
B4,55,C3_msgpass_shuffled,108,12,616,222,0.3733073271254938,0.956369043613758,0.33579072769986035,0.37362647805998395,0.9019043367333421,10,0.6280809044837952,0.08523724228143692,,,265.1,atom
B4,56,C1_transplant_J,642,,620,218,0.39580659544617125,0.9756018555311214,0.3464997170704077,0.39220105664364474,0.8502147455453358,10,,,,,266.0,
B4,56,C1_transplant_coulomb,642,,620,218,0.40203115791252986,0.9748498083274186,0.3472441546567645,0.3970710453907604,0.7752588883958527,10,,,,,266.0,
B4,56,C2_end2end,37,,620,218,0.44991245292069776,0.969162850050956,0.4270972447642767,0.454585672795096,0.810920698384247,10,0.5791897484833365,0.10945517678770454,0.21527554094791412,0.3996722400188446,266.0,
B4,56,C2_shuffled,37,,620,218,0.8930658354722284,0.8759842435109491,0.8787836127329063,0.8953395800080017,0.36782865253759456,10,0.5791897484833365,0.6040835551170509,0.37287041544914246,0.28222399950027466,266.0,
B4,56,C3_msgpass,108,12,620,218,0.3683284054634873,0.9793194888432406,0.3084686034107158,0.37151780607744395,0.8523410434922482,10,0.558015763759613,0.06874607503414154,,,266.0,atom
B4,56,C3_eigfeat,108,28,620,218,0.3503046574726488,0.9810309674537062,0.31307157609041597,0.3521380698860778,0.8581884277457835,10,0.7165606021881104,0.08360215276479721,,,266.0,eig
B4,56,C3_diagfeat,108,28,620,218,0.30322959662872023,0.9838663593820133,0.26474098040049426,0.3025683061861922,0.9096205693668644,10,0.7711794376373291,0.06513608247041702,,,266.0,diag
B4,56,C3_msgpass_shuffled,108,12,620,218,0.33969907749366374,0.9803683820194713,0.3067028029807282,0.3379535168259334,0.885556014237123,10,0.558015763759613,0.09406783431768417,,,266.0,atom
B4,57,C1_transplant_J,665,,643,195,0.4573564464637388,0.9629944493051232,0.4224209363211026,0.4528514423704659,0.8214146062726072,12,,,,,279.0,
B4,57,C1_transplant_coulomb,665,,643,195,0.4951734546515096,0.9581255967130767,0.4440157935208773,0.49396860246270763,0.7947909469003217,12,,,,,279.0,
B4,57,C2_end2end,35,,643,195,0.31078047240156104,0.9794770218171435,0.28545239528518224,0.30888628522090145,0.8513136987988853,12,0.5946669909444445,0.09823667717146804,0.2592616677284241,0.3059083819389343,279.0,
B4,57,C2_shuffled,35,,643,195,0.8427510943941223,0.8830320311790296,0.780769181298559,0.8331666298357854,0.43699133042883037,12,0.5946669909444445,0.5734121391326604,0.44537633657455444,0.25436243414878845,279.0,
B4,57,C3_msgpass,106,12,643,195,0.3069609408044056,0.9816916720911539,0.26189448713975677,0.30154344324992727,0.8545690574537608,12,0.4653562307357788,0.07776337116956711,,,279.0,atom
B4,57,C3_eigfeat,109,29,643,195,0.35691076565998286,0.9762701943720067,0.3441857880824401,0.35724647725072045,0.9079748058654307,12,0.6913958787918091,0.08150332421064377,,,279.0,eig
B4,57,C3_diagfeat,109,29,643,195,0.3242451996196287,0.9761220073055784,0.3073069557778122,0.3241036086540024,0.8575764079670328,12,0.7266760468482971,0.07422330975532532,,,279.0,diag
B4,57,C3_msgpass_shuffled,106,12,643,195,0.3021385452180724,0.9789785923893581,0.26808088497979005,0.28446763543291054,0.8937583625864874,12,0.4653562307357788,0.07899153232574463,,,279.0,atom
B4,58,C1_transplant_J,645,,623,215,0.7049324444674833,0.9050797911520229,0.6413799550016195,0.7036470836383382,0.615944689784155,13,,,,,267.9,
B4,58,C1_transplant_coulomb,645,,623,215,0.4839980609562365,0.9515970625004384,0.4322172696192251,0.4870998718799481,0.7948727723830593,13,,,,,267.9,
B4,58,C2_end2end,36,,623,215,0.3596735738992371,0.9711244413784794,0.3471482708116476,0.357978190380413,0.8640850079021896,13,0.6240209958926236,0.07932547608539865,0.28294506669044495,0.20445457100868225,267.9,
B4,58,C2_shuffled,36,,623,215,0.7701181910881283,0.8924004873850226,0.6815037949502424,0.7722935769713783,0.5281963908845684,13,0.6240209958926236,0.5999963924625599,0.30031660199165344,0.2096434235572815,267.9,
B4,58,C3_msgpass,107,12,623,215,0.31589411643388815,0.9803597989634645,0.29780237083693245,0.3174498101051882,0.8329983266590283,13,0.6308765411376953,0.07880820333957672,,,267.9,atom
B4,58,C3_eigfeat,110,29,623,215,0.34303387099542176,0.9761628875310033,0.3118398051568063,0.3467886796764778,0.8249881648052564,13,0.7184610962867737,0.08371910452842712,,,267.9,eig
B4,58,C3_diagfeat,110,29,623,215,0.31966756941864843,0.9801702534457974,0.3032263667615387,0.3174440206648951,0.8471755342163814,13,0.7639747262001038,0.0752173662185669,,,267.9,diag
B4,58,C3_msgpass_shuffled,107,12,623,215,0.3453278050930372,0.9751772348384969,0.3274766763380043,0.34524759100421754,0.8322906522801142,13,0.6308765411376953,0.08613626658916473,,,267.9,atom
B4,59,C1_transplant_J,655,,633,205,0.4723333673423013,0.9556534292604048,0.4356696097985768,0.47268136910476477,0.7311932453513981,12,,,,,272.4,
B4,59,C1_transplant_coulomb,655,,633,205,0.47273950304820184,0.9566964541980831,0.4404740902334127,0.4743248326009383,0.7270462023525822,12,,,,,272.4,
B4,59,C2_end2end,35,,633,205,0.35901975837261085,0.96492972466235,0.3238015373956371,0.3392687070475246,0.8153776694904019,12,0.6345789088152993,0.08943861536858837,0.31474438309669495,0.35745540261268616,272.4,
B4,59,C2_shuffled,35,,633,205,0.8297147906219876,0.8821850910539866,0.7437062695368649,0.8268209961875596,0.6374904585903973,12,0.6345789088152993,0.6130391058869317,0.3227228820323944,0.11819367855787277,272.4,
B4,59,C3_msgpass,106,12,633,205,0.3209657234086559,0.9775137409251494,0.29293800481430854,0.31264763633868614,0.8415111274022077,12,0.6013577580451965,0.06733868271112442,,,272.4,atom
B4,59,C3_eigfeat,109,29,633,205,0.33082131857588537,0.9752188534691868,0.31020274885254373,0.3216520785286997,0.8548971706548303,12,0.718045175075531,0.08008445054292679,,,272.4,eig
B4,59,C3_diagfeat,109,29,633,205,0.32822262636117044,0.9742295526549465,0.31525716622218175,0.3257491516617243,0.8724624447783936,12,0.763027012348175,0.0728137195110321,,,272.4,diag
B4,59,C3_msgpass_shuffled,106,12,633,205,0.3324965963567436,0.9765798787361721,0.309926662000331,0.32665428355581033,0.8558496450625347,12,0.6013577580451965,0.08170931041240692,,,272.4,atom
B4,60,C1_transplant_J,647,,625,213,0.46033637581664505,0.9478180429996941,0.4295738005746109,0.44214851613407447,0.8650172849279101,9,,,,,269.1,
B4,60,C1_transplant_coulomb,647,,625,213,0.43163637309550773,0.9525208980924657,0.40237187780722583,0.41343065445015525,0.8610333235146304,9,,,,,269.1,
B4,60,C2_end2end,36,,625,213,0.32556211597873985,0.9757540165508196,0.2997780675552328,0.32553190945229066,0.8731644166197351,9,0.633126149526222,0.09368877468244508,0.3010028302669525,0.3014407753944397,269.1,
B4,60,C2_shuffled,36,,625,213,0.8081804155443615,0.8851549787709502,0.7506893998893249,0.7818560001895067,0.5565811315371569,9,0.633126149526222,0.6157392609191612,0.3022400140762329,0.10442546010017395,269.1,
B4,60,C3_msgpass,107,12,625,213,0.3006704012363786,0.9801341990669399,0.2643390432225013,0.2922313820637922,0.8676650030850875,9,0.5288081169128418,0.06690523773431778,,,269.1,atom
B4,60,C3_eigfeat,110,29,625,213,0.32228043694376113,0.9783924762133819,0.30374965091341427,0.31346164533721654,0.808718841079167,9,0.7603047490119934,0.09360353648662567,,,269.1,eig
B4,60,C3_diagfeat,110,29,625,213,0.28935803197330545,0.9812879253343179,0.2603170201269279,0.27469813323497533,0.8867448755297406,9,0.803155779838562,0.07558351010084152,,,269.1,diag
B4,60,C3_msgpass_shuffled,107,12,625,213,0.4582503291659338,0.9180154619772994,0.3915079936988753,0.4165488090883816,0.8954761366371664,9,0.5288081169128418,0.08329048752784729,,,269.1,atom
B4,61,C1_transplant_J,648,,626,212,0.49754885419611655,0.952851817424967,0.4611309627730631,0.49548062415870253,0.7005395520002488,12,,,,,266.6,
B4,61,C1_transplant_coulomb,648,,626,212,0.38293880614718867,0.9652502331556592,0.3471779393132822,0.3708421420459285,0.7578824755946063,12,,,,,266.6,
B4,61,C2_end2end,35,,626,212,0.35791741165704233,0.9741843406754329,0.3241484223995275,0.35963954798611825,0.8084848191292766,12,0.552632195735733,0.08322048735839917,0.2835426926612854,0.31486010551452637,266.6,
B4,61,C2_shuffled,35,,626,212,0.857907120476976,0.8578182724283943,0.7587271369752223,0.8512103678392466,0.2798778352897806,12,0.552632195735733,0.5289229017785637,0.33151164650917053,0.20526228845119476,266.6,
B4,61,C3_msgpass,106,12,626,212,0.3238320880552928,0.9782680675385838,0.27790268890674485,0.31994205491732364,0.8285381692229757,12,0.6261782646179199,0.061440855264663696,,,266.6,atom
B4,61,C3_eigfeat,109,29,626,212,0.32647830857148386,0.9771749056407089,0.2871228282351565,0.3259002676560798,0.8044244267913658,12,0.6954701542854309,0.07230469584465027,,,266.6,eig
B4,61,C3_diagfeat,109,29,626,212,0.29307429210897906,0.9810729646287746,0.2549461849000032,0.286076254384104,0.8320362925921927,12,0.7358014583587646,0.06419466435909271,,,266.6,diag
B4,61,C3_msgpass_shuffled,106,12,626,212,0.2956934153137442,0.9787949367789693,0.27929861023069347,0.29645426184467255,0.8543426774149485,12,0.6261782646179199,0.08015063405036926,,,266.6,atom
