config,split,entangler,alpha,alpha_mode,n_rounds,bond_param_mode,encode_source,drop_q0,angle_range,rz_source,n_reupload,observable,use_cnot,readout,scaler,optimizer,diff_method,epochs,seed,n_qubits,n_params,n_types,n_train,n_test,mae,r2,isomer_mae,isomer_mae_tr,isomer_rho,n_isomer_groups,loss_first,loss_last,loss_drop,param_shift,param_shift_rel,grad_norm_last,alpha_mean,angle_max,comp_r2,time_s,arm
B5,molecule,none,0.0,fixed,1,fixed,eig,0,"[0.000,3.142]",none,1,Z,1,ridge,1,adam,adjoint,100,42,13,40,22,150,54,0.4771181266500192,0.9790486750763543,0.29432254656138596,0.47087565839381923,0.5163333333333333,10,0.5008876786661028,0.36347354503702284,0.27434121357311675,1.5145382372002072,1.234181720485791,0.00484460453986312,0.0,0.0,0.9625054122237194,44.12,eig_off
B5,molecule,zz,0.1,fixed,1,fixed,eig,0,"[0.000,3.142]",none,1,Z,1,ridge,1,adam,adjoint,100,42,13,40,22,150,54,0.5146758236220665,0.9777283825778561,0.3189770245116813,0.5091548242693021,0.27399999999999997,10,0.45811172649334236,0.34452211078131995,0.247951774955652,2.5961491664667182,1.9561691793599973,0.18335429848944437,0.1,0.20158105227158785,0.9625054122237194,53.56,eig_zz_a0.1
B5,molecule,zz,0.5,fixed,1,fixed,eig,0,"[0.000,3.142]",none,1,Z,1,ridge,1,adam,adjoint,100,42,13,40,22,150,54,0.4602458883204515,0.9836538595278402,0.3284682089161561,0.4585674524969855,0.4106666666666666,10,0.5771691581768498,0.2840357194356368,0.5078813283564162,1.8492698840771074,1.0706999120581124,0.24013399506738364,0.5,1.0079052613579391,0.9625054122237194,54.32,eig_zz_a0.5
B5,molecule,zz,1.0,fixed,1,fixed,eig,0,"[0.000,3.142]",none,1,Z,1,ridge,1,adam,adjoint,100,42,13,40,22,150,54,0.5926379759815804,0.9730251114072249,0.45114134485848295,0.585087327473783,-0.13699999999999998,10,0.6272230950783567,0.28681115656952033,0.5427286418181236,1.8166749909689992,0.8156913401266017,0.5989887283944691,1.0,2.0158105227158782,0.9625054122237194,77.79,eig_zz_a1.0
B5,molecule,xy,0.1,fixed,1,fixed,eig,0,"[0.000,3.142]",none,1,Z,1,ridge,1,adam,adjoint,100,42,13,40,22,150,54,0.48124924342718944,0.9792275398837327,0.29322863470452804,0.4845960813976292,0.25299999999999995,10,0.5191325214463666,0.373194196467729,0.2811195965377695,2.8744817659975364,2.1658896606967213,0.0865024071433485,0.1,0.20158105227158785,0.9625054122237194,76.81,eig_xy_a0.1
B5,molecule,xy,0.5,fixed,1,fixed,eig,0,"[0.000,3.142]",none,1,Z,1,ridge,1,adam,adjoint,100,42,13,40,22,150,54,0.6042558841491833,0.9713118868865979,0.35963974083379907,0.5986047547159841,-0.09033333333333332,10,0.5693453595548137,0.3421259601772323,0.39908887560838346,2.5142475619156164,1.4557121524632626,0.14577231591971151,0.5,1.0079052613579391,0.9625054122237194,81.08,eig_xy_a0.5
B5,molecule,xy,1.0,fixed,1,fixed,eig,0,"[0.000,3.142]",none,1,Z,1,ridge,1,adam,adjoint,100,42,13,40,22,150,54,0.6575767255826798,0.9622346018220824,0.3399915838423678,0.6702208177400518,0.13666666666666666,10,0.586995733283447,0.4213253061388492,0.282234465688355,2.197892216636192,0.9868587703106638,0.018370125594796418,1.0,2.0158105227158782,0.9625054122237194,62.06,eig_xy_a1.0
B5,molecule,xxz,0.1,fixed,1,fixed,eig,0,"[0.000,3.142]",none,1,Z,1,ridge,1,adam,adjoint,100,42,13,40,22,150,54,0.5018612087145633,0.9766595317321644,0.3564014528760511,0.4958999525098312,0.07933333333333335,10,0.47170286050884747,0.28716753907009546,0.39121094419415925,3.0057360067405723,2.2647882539355915,0.4340610489111424,0.1,0.20158105227158785,0.9625054122237194,72.45,eig_xxz_a0.1
B5,molecule,xxz,0.5,fixed,1,fixed,eig,0,"[0.000,3.142]",none,1,Z,1,ridge,1,adam,adjoint,100,42,13,40,22,150,54,0.6542424491000948,0.9587293957502672,0.37073708168787745,0.6720502539204785,0.114,10,0.5592406418939246,0.4048289290077549,0.2761096052733917,2.430559063171391,1.407257749448726,0.019130548126773766,0.5,1.0079052613579391,0.9625054122237194,75.47,eig_xxz_a0.5
B5,molecule,xxz,1.0,fixed,1,fixed,eig,0,"[0.000,3.142]",none,1,Z,1,ridge,1,adam,adjoint,100,42,13,40,22,150,54,0.7527107173282922,0.9536604653751559,0.4067391472482245,0.7618060125827744,-0.18266666666666664,10,0.5904601072854391,0.4419955909929173,0.25143869071031305,1.3525663377619925,0.6073054641825234,0.018496825609371957,1.0,2.0158105227158782,0.9625054122237194,79.67,eig_xxz_a1.0
B5,molecule,trotter,0.1,fixed,1,fixed,eig,0,"[0.000,3.142]",none,1,Z,1,ridge,1,adam,adjoint,100,42,13,40,22,150,54,0.4636107805605646,0.9808761017957078,0.3270042380256426,0.44854468791857216,0.24633333333333332,10,0.48973804193122344,0.31862485598809864,0.34939737429496065,2.3233618523344033,1.7506270081633142,0.07485977657045617,0.1,0.20158105227158785,0.9625054122237194,75.24,eig_trotter_a0.1
B5,molecule,trotter,0.5,fixed,1,fixed,eig,0,"[0.000,3.142]",none,1,Z,1,ridge,1,adam,adjoint,100,42,13,40,22,150,54,0.6882151654093711,0.9549529957156148,0.42801058728040886,0.7027260916518313,0.23199999999999998,10,0.6301320313592111,0.32427235529596016,0.48538982442061185,2.7195016871072557,1.574551255227286,0.35442710340464073,0.5,1.0079052613579391,0.9625054122237194,89.88,eig_trotter_a0.5
B5,molecule,trotter,1.0,fixed,1,fixed,eig,0,"[0.000,3.142]",none,1,Z,1,ridge,1,adam,adjoint,100,42,13,40,22,150,54,0.7243668066991951,0.9542254561332313,0.4456056752632523,0.7295962151781324,0.15466666666666667,10,0.6853620035545616,0.38734157645390327,0.4348365178621008,1.0081509087874183,0.452662127197574,0.009963224829921166,1.0,2.0158105227158782,0.9625054122237194,89.77,eig_trotter_a1.0
B5,molecule,none,0.0,fixed,1,fixed,diag,0,"[0.000,3.142]",none,1,Z,1,ridge,1,adam,adjoint,100,42,13,40,22,150,54,0.8239969955857964,0.9493732736601683,0.4877383835936989,0.8459711027430614,0.43766666666666665,10,0.8105268368413998,0.5433158780062874,0.32967564636900354,2.2530286737231253,1.8359700247514135,0.009534782742172506,0.0,0.0,0.9625054122237194,51.06,diag_off
B5,molecule,zz,0.1,fixed,1,fixed,diag,0,"[0.000,3.142]",none,1,Z,1,ridge,1,adam,adjoint,100,42,13,40,22,150,54,0.8535066264731015,0.9444032864302365,0.5118859085671409,0.8777617203356235,0.45633333333333326,10,0.7895588351478453,0.5354603194116606,0.321823408750286,2.237160379072632,1.6856751681888822,0.05990597276565956,0.1,0.20158105227158785,0.9625054122237194,53.37,diag_zz_a0.1
B5,molecule,zz,0.5,fixed,1,fixed,diag,0,"[0.000,3.142]",none,1,Z,1,ridge,1,adam,adjoint,100,42,13,40,22,150,54,0.649292202488194,0.9668232720535259,0.46417308694665027,0.6730874863984023,0.05033333333333331,10,0.6548271791819407,0.47024306071976646,0.2818821886604807,3.1898251011631107,1.8468615558515717,0.34504845499758763,0.5,1.0079052613579391,0.9625054122237194,53.41,diag_zz_a0.5
B5,molecule,zz,1.0,fixed,1,fixed,diag,0,"[0.000,3.142]",none,1,Z,1,ridge,1,adam,adjoint,100,42,13,40,22,150,54,0.6430057580282953,0.9680044294122915,0.3594550488465373,0.6604639450545288,0.3396666666666667,10,0.6166966760957997,0.40235026554736864,0.3475718596464979,2.3962847862867602,1.0759375003057934,0.10561475397729853,1.0,2.0158105227158782,0.9625054122237194,53.94,diag_zz_a1.0
B5,molecule,xy,0.1,fixed,1,fixed,diag,0,"[0.000,3.142]",none,1,Z,1,ridge,1,adam,adjoint,100,42,13,40,22,150,54,0.8229040709026959,0.9494557534085241,0.48437270142486766,0.8456565997575595,0.4416666666666667,10,0.8040820575819388,0.5419184973765884,0.3260408035887992,2.278594855176553,1.7168955796214536,0.030134930091141245,0.1,0.20158105227158785,0.9625054122237194,61.59,diag_xy_a0.1
B5,molecule,xy,0.5,fixed,1,fixed,diag,0,"[0.000,3.142]",none,1,Z,1,ridge,1,adam,adjoint,100,42,13,40,22,150,54,0.6411833293678483,0.9689092330410531,0.3937713119637175,0.663449710074714,0.7046666666666667,10,0.6903016960447097,0.41348023701269293,0.4010151802004083,3.4797490158815227,2.0147232144798717,0.049535102720596295,0.5,1.0079052613579391,0.9625054122237194,58.35,diag_xy_a0.5
B5,molecule,xy,1.0,fixed,1,fixed,diag,0,"[0.000,3.142]",none,1,Z,1,ridge,1,adam,adjoint,100,42,13,40,22,150,54,0.6589757651262141,0.9703748051283809,0.3668169872245423,0.6831687734790565,0.68,10,0.7256933660010579,0.4197352579888162,0.4216079715572261,2.489101286660839,1.1176123270922902,0.11477428176730844,1.0,2.0158105227158782,0.9625054122237194,60.54,diag_xy_a1.0
B5,molecule,xxz,0.1,fixed,1,fixed,diag,0,"[0.000,3.142]",none,1,Z,1,ridge,1,adam,adjoint,100,42,13,40,22,150,54,0.8117480800900003,0.9507243824093224,0.47634044259675096,0.8342663512247068,0.4513333333333333,10,0.7997258156909599,0.5500175716437113,0.3122423199900101,2.2149952793151804,1.6689740149720287,0.1310034123603588,0.1,0.20158105227158785,0.9625054122237194,67.29,diag_xxz_a0.1
B5,molecule,xxz,0.5,fixed,1,fixed,diag,0,"[0.000,3.142]",none,1,Z,1,ridge,1,adam,adjoint,100,42,13,40,22,150,54,0.6467684793675353,0.9653125375388781,0.5026699231226908,0.6736538839561167,0.17166666666666672,10,0.6766900964391505,0.2718950811987241,0.5981985215544329,3.7397300772125504,2.1652484038536364,0.43530724634161305,0.5,1.0079052613579391,0.9625054122237194,68.59,diag_xxz_a0.5
B5,molecule,xxz,1.0,fixed,1,fixed,diag,0,"[0.000,3.142]",none,1,Z,1,ridge,1,adam,adjoint,100,42,13,40,22,150,54,0.655173484854166,0.9643498491905682,0.42812639525247465,0.666719199670011,0.31566666666666665,10,0.6618309722247879,0.48321867879524233,0.2698759969318582,2.7297368593137668,1.225658264706427,0.014231979635125775,1.0,2.0158105227158782,0.9625054122237194,68.97,diag_xxz_a1.0
B5,molecule,trotter,0.1,fixed,1,fixed,diag,0,"[0.000,3.142]",none,1,Z,1,ridge,1,adam,adjoint,100,42,13,40,22,150,54,0.654202128438775,0.9645810725904229,0.4602647411644841,0.6930903646582156,-0.1963333333333333,10,0.7081400642022345,0.4205093274809844,0.4061777482471419,3.9592192336828353,2.98322713474906,0.3589039397127882,0.1,0.20158105227158785,0.9625054122237194,79.34,diag_trotter_a0.1
B5,molecule,trotter,0.5,fixed,1,fixed,diag,0,"[0.000,3.142]",none,1,Z,1,ridge,1,adam,adjoint,100,42,13,40,22,150,54,0.534744220105785,0.9755873689320269,0.2667205413349724,0.5657736636915984,0.6053333333333333,10,0.7430907223194084,0.2942224701244633,0.6040557884963131,3.8687566284075965,2.239952868684437,0.17637869483487512,0.5,1.0079052613579391,0.9625054122237194,78.3,diag_trotter_a0.5
B5,molecule,trotter,1.0,fixed,1,fixed,diag,0,"[0.000,3.142]",none,1,Z,1,ridge,1,adam,adjoint,100,42,13,40,22,150,54,0.5979860350183762,0.9694067322287901,0.31975060893884816,0.6144622063781269,0.27899999999999997,10,0.7628110525935518,0.38963829916513165,0.4892073235693631,2.747001283874777,1.2334100319056736,0.36039967048603944,1.0,2.0158105227158782,0.9625054122237194,79.09,diag_trotter_a1.0
B5,molecule,none,0.0,fixed,1,fixed,eig,0,"[0.000,3.142]",none,1,Z,1,ridge,1,adam,adjoint,100,43,13,40,22,159,45,0.5101437300081644,0.9752858520950977,0.29998473270344483,0.4056130653418261,0.27738095238095245,9,0.4605059681740052,0.3698776625620535,0.19680158754795374,1.958025560915096,1.4047745481931604,0.008184200659748118,0.0,0.0,0.957994129331869,45.73,eig_off
B5,molecule,zz,0.1,fixed,1,fixed,eig,0,"[0.000,3.142]",none,1,Z,1,ridge,1,adam,adjoint,100,43,13,40,22,159,45,0.5867088216715656,0.969808885351522,0.34262383519239525,0.4833279754980362,0.3213095238095239,9,0.6399388236816922,0.38535694413845323,0.3978222138150332,3.1382716682909315,2.100813833421119,0.5326855959593442,0.1,0.20158105227158785,0.957994129331869,55.59,eig_zz_a0.1
B5,molecule,zz,0.5,fixed,1,fixed,eig,0,"[0.000,3.142]",none,1,Z,1,ridge,1,adam,adjoint,100,43,13,40,22,159,45,0.5926988652231957,0.9771226201173673,0.35638215713056115,0.5630344841704785,0.18738095238095234,9,0.6892551911224696,0.5016809146910276,0.27214053495334944,1.7684445630882022,0.9337896282198538,0.04964633004262952,0.5,1.0079052613579391,0.957994129331869,57.98,eig_zz_a0.5
B5,molecule,zz,1.0,fixed,1,fixed,eig,0,"[0.000,3.142]",none,1,Z,1,ridge,1,adam,adjoint,100,43,13,40,22,159,45,0.4661908809246468,0.9861525824561004,0.2576739093469504,0.42357029640730115,0.38202380952380965,9,0.6221245417992465,0.31469176625674994,0.49416596659789397,1.111623916045226,0.46436925590478884,0.10471214640777365,1.0,2.0158105227158782,0.957994129331869,81.47,eig_zz_a1.0
B5,molecule,xy,0.1,fixed,1,fixed,eig,0,"[0.000,3.142]",none,1,Z,1,ridge,1,adam,adjoint,100,43,13,40,22,159,45,0.5699362922740037,0.9666611110963242,0.29720767250127267,0.4488297183475353,0.4886904761904763,9,0.7170514187819125,0.34858523426846977,0.5138629878724357,2.777559970614087,1.8593471267580166,0.04211634966819023,0.1,0.20158105227158785,0.957994129331869,75.75,eig_xy_a0.1
B5,molecule,xy,0.5,fixed,1,fixed,eig,0,"[0.000,3.142]",none,1,Z,1,ridge,1,adam,adjoint,100,43,13,40,22,159,45,0.5492077704810463,0.9768964314209131,0.34529965767670046,0.45592654885066464,0.24797619047619052,9,0.6903884412082227,0.35672977795992694,0.48329120728668684,2.566945216363564,1.3554209553863823,0.33034024775521575,0.5,1.0079052613579391,0.957994129331869,80.94,eig_xy_a0.5
B5,molecule,xy,1.0,fixed,1,fixed,eig,0,"[0.000,3.142]",none,1,Z,1,ridge,1,adam,adjoint,100,43,13,40,22,159,45,0.7748154150287855,0.9667345930531682,0.49003807721138803,0.7322282629290818,-0.07761904761904762,9,0.7406504621804065,0.368413701930126,0.5025808789134485,2.2963892938077395,0.9592925918929569,0.13515510611830334,1.0,2.0158105227158782,0.957994129331869,62.55,eig_xy_a1.0
B5,molecule,xxz,0.1,fixed,1,fixed,eig,0,"[0.000,3.142]",none,1,Z,1,ridge,1,adam,adjoint,100,43,13,40,22,159,45,0.5118069770707984,0.9780314410721694,0.3214921340729262,0.41207447673889475,0.28797619047619055,9,0.6316667111212587,0.3707562866391193,0.41305077486037317,2.880560637290087,1.9282975709120052,0.19237727031315632,0.1,0.20158105227158785,0.957994129331869,76.6,eig_xxz_a0.1
B5,molecule,xxz,0.5,fixed,1,fixed,eig,0,"[0.000,3.142]",none,1,Z,1,ridge,1,adam,adjoint,100,43,13,40,22,159,45,0.7174144463530365,0.9688280734741458,0.3649851647322345,0.6397941328210501,0.06499999999999999,9,0.6743541943726746,0.443685091492253,0.3420592691575146,3.981586962258602,2.102392513068017,0.07990222918778978,0.5,1.0079052613579391,0.957994129331869,78.75,eig_xxz_a0.5
B5,molecule,xxz,1.0,fixed,1,fixed,eig,0,"[0.000,3.142]",none,1,Z,1,ridge,1,adam,adjoint,100,43,13,40,22,159,45,0.6765438411079379,0.9675469766583709,0.35715645018512204,0.5713415844956288,0.08904761904761901,9,0.7515536742233063,0.45494789666797725,0.3946568125847519,2.927431639980298,1.2229039270818276,0.12471895818356554,1.0,2.0158105227158782,0.957994129331869,77.49,eig_xxz_a1.0
B5,molecule,trotter,0.1,fixed,1,fixed,eig,0,"[0.000,3.142]",none,1,Z,1,ridge,1,adam,adjoint,100,43,13,40,22,159,45,0.45371328566457,0.9820465552588148,0.31203827008848906,0.37586875674939096,0.12857142857142864,9,0.7387938428507437,0.31168782274709256,0.5781125874785317,2.6849581443430943,1.7973578478833472,0.10838686918465822,0.1,0.20158105227158785,0.957994129331869,78.86,eig_trotter_a0.1
B5,molecule,trotter,0.5,fixed,1,fixed,eig,0,"[0.000,3.142]",none,1,Z,1,ridge,1,adam,adjoint,100,43,13,40,22,159,45,0.5705722204670036,0.973960059665944,0.40407692738340356,0.5297611095345476,0.017857142857142884,9,0.7681847797737347,0.43469818266352195,0.43412289059988884,1.756527191928879,0.9274969132450687,0.04119179996119514,0.5,1.0079052613579391,0.957994129331869,95.83,eig_trotter_a0.5
B5,molecule,trotter,1.0,fixed,1,fixed,eig,0,"[0.000,3.142]",none,1,Z,1,ridge,1,adam,adjoint,100,43,13,40,22,159,45,0.67547139914328,0.961564700421753,0.46182522145905286,0.6730800702897517,0.08964285714285716,9,0.798168351723801,0.4377088160487059,0.45160840428790755,1.4786318960002716,0.6176829981721965,0.2953868277394697,1.0,2.0158105227158782,0.957994129331869,92.66,eig_trotter_a1.0
B5,molecule,none,0.0,fixed,1,fixed,diag,0,"[0.000,3.142]",none,1,Z,1,ridge,1,adam,adjoint,100,43,13,40,22,159,45,0.7998109258493471,0.9559123844496112,0.43852130410735646,0.7809486629530744,0.005476190476190501,9,0.6860903979871353,0.57223045031353,0.1659547313410153,2.257124362835368,1.619361320051388,0.007538797568904418,0.0,0.0,0.957994129331869,48.82,diag_off
B5,molecule,zz,0.1,fixed,1,fixed,diag,0,"[0.000,3.142]",none,1,Z,1,ridge,1,adam,adjoint,100,43,13,40,22,159,45,0.8040896554574043,0.9561957991211424,0.4435982706271778,0.7927304636320841,-0.13452380952380946,9,0.6928981598308019,0.5798309665455785,0.163180103282181,2.0808166454482797,1.3929349832072682,0.15706687294724125,0.1,0.20158105227158785,0.957994129331869,55.69,diag_zz_a0.1
B5,molecule,zz,0.5,fixed,1,fixed,diag,0,"[0.000,3.142]",none,1,Z,1,ridge,1,adam,adjoint,100,43,13,40,22,159,45,0.6633822127833457,0.9710947900666538,0.44053111390604033,0.6929082119355637,0.37714285714285717,9,0.7088642857792989,0.346866438836575,0.5106729936954816,3.2150130904993754,1.6976194454502904,0.07870136839583076,0.5,1.0079052613579391,0.957994129331869,55.99,diag_zz_a0.5
B5,molecule,zz,1.0,fixed,1,fixed,diag,0,"[0.000,3.142]",none,1,Z,1,ridge,1,adam,adjoint,100,43,13,40,22,159,45,0.7113194053868527,0.9563678688190494,0.41639146508526304,0.6317840328235984,0.24726190476190482,9,0.6835457540958726,0.41120990416171016,0.39841641660751975,2.9912677741889913,1.2495708039944715,0.5700739271580985,1.0,2.0158105227158782,0.957994129331869,56.96,diag_zz_a1.0
B5,molecule,xy,0.1,fixed,1,fixed,diag,0,"[0.000,3.142]",none,1,Z,1,ridge,1,adam,adjoint,100,43,13,40,22,159,45,0.7840217684027764,0.9588657703768485,0.43494328548811956,0.7741519843845136,0.005476190476190501,9,0.6834349026410029,0.5710064783901804,0.1645049496541141,2.417881129584188,1.6185718323629368,0.02981437114957072,0.1,0.20158105227158785,0.957994129331869,65.52,diag_xy_a0.1
B5,molecule,xy,0.5,fixed,1,fixed,diag,0,"[0.000,3.142]",none,1,Z,1,ridge,1,adam,adjoint,100,43,13,40,22,159,45,0.6007829585898404,0.9750244802003954,0.3368146086110059,0.6065970463453064,0.19297619047619052,9,0.7092688033413898,0.4198197876977241,0.408094948318693,3.513634427163883,1.8553001060504262,0.21930983614402472,0.5,1.0079052613579391,0.957994129331869,62.89,diag_xy_a0.5
B5,molecule,xy,1.0,fixed,1,fixed,diag,0,"[0.000,3.142]",none,1,Z,1,ridge,1,adam,adjoint,100,43,13,40,22,159,45,0.7390928059300552,0.966089756533189,0.4562283525032978,0.7232500427493507,-0.225,9,0.7701586689814387,0.5869873427482993,0.23783582995357272,2.8039792286958924,1.1713329744059058,0.17626456726754094,1.0,2.0158105227158782,0.957994129331869,61.43,diag_xy_a1.0
B5,molecule,xxz,0.1,fixed,1,fixed,diag,0,"[0.000,3.142]",none,1,Z,1,ridge,1,adam,adjoint,100,43,13,40,22,159,45,0.7864647157783136,0.9583562181279487,0.43680702253049014,0.7753002493699569,-0.020238095238095187,9,0.6890627547475,0.5783714738036035,0.16064034833004165,2.2620749887781013,1.5142724821044422,0.10414956403921037,0.1,0.20158105227158785,0.957994129331869,72.45,diag_xxz_a0.1
B5,molecule,xxz,0.5,fixed,1,fixed,diag,0,"[0.000,3.142]",none,1,Z,1,ridge,1,adam,adjoint,100,43,13,40,22,159,45,0.7797786254127429,0.960062941379404,0.3100265303135066,0.7243775466737363,0.5836904761904762,9,0.6428718048804343,0.3201762870890204,0.5019593569692032,3.0124758621213843,1.5906739594931312,0.20713658001325563,0.5,1.0079052613579391,0.957994129331869,72.15,diag_xxz_a0.5
B5,molecule,xxz,1.0,fixed,1,fixed,diag,0,"[0.000,3.142]",none,1,Z,1,ridge,1,adam,adjoint,100,43,13,40,22,159,45,0.5169753647068739,0.9831106048377853,0.26300767924377644,0.536570559983029,0.3711904761904762,9,0.7563200725761189,0.3934111151450427,0.47983515258951653,2.8900175503100436,1.2072745827237632,0.12440635337343427,1.0,2.0158105227158782,0.957994129331869,71.73,diag_xxz_a1.0
B5,molecule,trotter,0.1,fixed,1,fixed,diag,0,"[0.000,3.142]",none,1,Z,1,ridge,1,adam,adjoint,100,43,13,40,22,159,45,0.7378123642561247,0.9689094921965586,0.3956781876085847,0.7802646830627102,0.09333333333333342,9,0.6703814561866788,0.45829410070676735,0.3163681714681144,2.2549896301563916,1.50952941936783,0.25129488967571356,0.1,0.20158105227158785,0.957994129331869,80.31,diag_trotter_a0.1
B5,molecule,trotter,0.5,fixed,1,fixed,diag,0,"[0.000,3.142]",none,1,Z,1,ridge,1,adam,adjoint,100,43,13,40,22,159,45,0.5339948426944703,0.9796362281202111,0.31081698095763544,0.5263541514006193,0.37928571428571434,9,0.7806738909619476,0.2848268897608752,0.6351525354461245,4.2905143096683656,2.2655150439665563,0.4164427570791936,0.5,1.0079052613579391,0.957994129331869,82.86,diag_trotter_a0.5
B5,molecule,trotter,1.0,fixed,1,fixed,diag,0,"[0.000,3.142]",none,1,Z,1,ridge,1,adam,adjoint,100,43,13,40,22,159,45,0.4978786445289136,0.9833137574627013,0.26446973122324524,0.5168694653891472,0.34797619047619055,9,0.8158230423678786,0.3629021994287091,0.5551704467976208,4.453459594643336,1.860386132680534,0.8787257572481,1.0,2.0158105227158782,0.957994129331869,80.23,diag_trotter_a1.0
B5,molecule,none,0.0,fixed,1,fixed,eig,0,"[0.000,3.142]",none,1,Z,1,ridge,1,adam,adjoint,100,44,13,40,22,153,51,0.5927344944790073,0.9554318936366386,0.3915343200964121,0.48066518826388693,0.32610184494018113,7,0.5013640526311129,0.4007851948638472,0.20061042916706337,2.6100998927592007,2.252020940466134,0.003566154240716626,0.0,0.0,0.9671451656168382,44.58,eig_off
B5,molecule,zz,0.1,fixed,1,fixed,eig,0,"[0.000,3.142]",none,1,Z,1,ridge,1,adam,adjoint,100,44,13,40,22,153,51,0.6341243299413074,0.95060691517968,0.41193830403195575,0.5216593130526488,0.44371168271760536,7,0.4891723334773305,0.3594548455451436,0.26517748256545326,2.980669000761546,2.367482912772706,0.44431014198871177,0.1,0.20158105227158785,0.9671451656168382,54.5,eig_zz_a0.1
B5,molecule,zz,0.5,fixed,1,fixed,eig,0,"[0.000,3.142]",none,1,Z,1,ridge,1,adam,adjoint,100,44,13,40,22,153,51,0.537725986299137,0.9700799431219643,0.36001376539871605,0.47281550453276977,0.5990901748675338,7,0.6523220040398516,0.3103886616739532,0.5241787648558442,1.7933478278280868,1.080979004745922,0.08625108667673818,0.5,1.0079052613579391,0.9671451656168382,55.21,eig_zz_a0.5
B5,molecule,zz,1.0,fixed,1,fixed,eig,0,"[0.000,3.142]",none,1,Z,1,ridge,1,adam,adjoint,100,44,13,40,22,153,51,0.46318470425521563,0.9766311235657433,0.3567134846204841,0.3967785458729891,0.4085408534123031,7,0.7584168065306696,0.32593528929718174,0.5702425282633801,2.6328012102042773,1.219452099369458,0.19168855931848117,1.0,2.0158105227158782,0.9671451656168382,81.88,eig_zz_a1.0
B5,molecule,xy,0.1,fixed,1,fixed,eig,0,"[0.000,3.142]",none,1,Z,1,ridge,1,adam,adjoint,100,44,13,40,22,153,51,0.529239999596447,0.9657177533996189,0.3554421067198022,0.43022022088998985,0.44429447252169024,7,0.533050262007865,0.3965155757548122,0.2561384844625369,3.387017116392868,2.6902367040017054,0.025950161477523107,0.1,0.20158105227158785,0.9671451656168382,78.66,eig_xy_a0.1
B5,molecule,xy,0.5,fixed,1,fixed,eig,0,"[0.000,3.142]",none,1,Z,1,ridge,1,adam,adjoint,100,44,13,40,22,153,51,0.6130005781644033,0.9628982555069092,0.4030038854738485,0.5342077511942169,0.5411089628279021,7,0.7445449186553776,0.36206268385186985,0.5137127730241682,3.6796375594587367,2.2179807425683173,0.23294567428232257,0.5,1.0079052613579391,0.9671451656168382,74.85,eig_xy_a0.5
B5,molecule,xy,1.0,fixed,1,fixed,eig,0,"[0.000,3.142]",none,1,Z,1,ridge,1,adam,adjoint,100,44,13,40,22,153,51,0.7046928010834841,0.9594013547966437,0.5374534786221006,0.6685305114684081,-0.10106380809032577,7,0.784394690053559,0.6091040417308734,0.22347250758507384,2.3085631079598445,1.0692725746316734,0.016740307220604312,1.0,2.0158105227158782,0.9671451656168382,62.3,eig_xy_a1.0
B5,molecule,xxz,0.1,fixed,1,fixed,eig,0,"[0.000,3.142]",none,1,Z,1,ridge,1,adam,adjoint,100,44,13,40,22,153,51,0.5419100783402314,0.9633210719896578,0.3514798445094133,0.44117518333980177,0.5719677594357901,7,0.5419575874003901,0.36218727881724816,0.3317054927590309,3.241636511593627,2.5747639367729973,0.6181212403000806,0.1,0.20158105227158785,0.9671451656168382,72.39,eig_xxz_a0.1
B5,molecule,xxz,0.5,fixed,1,fixed,eig,0,"[0.000,3.142]",none,1,Z,1,ridge,1,adam,adjoint,100,44,13,40,22,153,51,0.6423732553951474,0.9629319244704181,0.5062873938794593,0.6148105638726864,0.16571319603356224,7,0.7588927961143853,0.5289953912786252,0.30293791957554506,2.744897916037852,1.654546302376424,0.14576365989372272,0.5,1.0079052613579391,0.9671451656168382,78.02,eig_xxz_a0.5
B5,molecule,xxz,1.0,fixed,1,fixed,eig,0,"[0.000,3.142]",none,1,Z,1,ridge,1,adam,adjoint,100,44,13,40,22,153,51,0.7802390932857877,0.9502329627027147,0.5679101669278878,0.7697870780793419,-0.1656775046194887,7,0.7777527169947979,0.5281942626569411,0.3208712086563189,1.8193458309077049,0.8426785449583303,0.0833246265771916,1.0,2.0158105227158782,0.9671451656168382,79.3,eig_xxz_a1.0
B5,molecule,trotter,0.1,fixed,1,fixed,eig,0,"[0.000,3.142]",none,1,Z,1,ridge,1,adam,adjoint,100,44,13,40,22,153,51,0.5299218522276897,0.9600707131487388,0.35681380142032515,0.4407923583855352,0.5623759468422276,7,0.6934333032093213,0.33781970439720355,0.5128302854308852,2.8152329094659923,2.2360804929810216,0.25715317543009025,0.1,0.20158105227158785,0.9671451656168382,76.41,eig_trotter_a0.1
B5,molecule,trotter,0.5,fixed,1,fixed,eig,0,"[0.000,3.142]",none,1,Z,1,ridge,1,adam,adjoint,100,44,13,40,22,153,51,0.5778841197339165,0.9651950681651117,0.46332538092868036,0.5146165085678449,0.06991081225500394,7,0.7446733840463521,0.44549563535567166,0.40175700528603575,2.351493550687583,1.4174133531960817,0.10227768414482684,0.5,1.0079052613579391,0.9671451656168382,93.68,eig_trotter_a0.5
B5,molecule,trotter,1.0,fixed,1,fixed,eig,0,"[0.000,3.142]",none,1,Z,1,ridge,1,adam,adjoint,100,44,13,40,22,153,51,0.6349566089860469,0.9602615642768706,0.5215746337092189,0.5893853502742752,0.03161545458624475,7,0.6558966656031641,0.43235597320927616,0.3408169367476802,1.4542044034949655,0.6735535542452346,0.049978064377195756,1.0,2.0158105227158782,0.9671451656168382,89.71,eig_trotter_a1.0
B5,molecule,none,0.0,fixed,1,fixed,diag,0,"[0.000,3.142]",none,1,Z,1,ridge,1,adam,adjoint,100,44,13,40,22,153,51,0.6027792299513786,0.9698528496901403,0.46235493366830344,0.59899197195286,0.16160562415105426,7,0.8852990113774524,0.5676488303177749,0.35880553008349114,3.955163753085324,3.412555825786748,0.022490054994269648,0.0,0.0,0.9671451656168382,53.51,diag_off
B5,molecule,zz,0.1,fixed,1,fixed,diag,0,"[0.000,3.142]",none,1,Z,1,ridge,1,adam,adjoint,100,44,13,40,22,153,51,0.6153259787672795,0.9706534239857011,0.4671267801882134,0.6109043491003096,0.12941094890213212,7,0.9142248856045834,0.5568433744943448,0.39091203569010224,3.847314402165507,3.055841190304597,0.1598903606393156,0.1,0.20158105227158785,0.9671451656168382,55.0,diag_zz_a0.1
B5,molecule,zz,0.5,fixed,1,fixed,diag,0,"[0.000,3.142]",none,1,Z,1,ridge,1,adam,adjoint,100,44,13,40,22,153,51,0.6015089171936235,0.9678744391205885,0.422262831060823,0.6235986443149938,-0.031233760406596586,7,0.8938563991704725,0.34743815833944475,0.6113042781123696,2.650521639466271,1.5976589702387827,0.06722005813570074,0.5,1.0079052613579391,0.9671451656168382,54.74,diag_zz_a0.5
B5,molecule,zz,1.0,fixed,1,fixed,diag,0,"[0.000,3.142]",none,1,Z,1,ridge,1,adam,adjoint,100,44,13,40,22,153,51,0.5760179807909721,0.9707459382547117,0.4551841285794603,0.5648751143320574,-0.006089873020146263,7,0.8808835510601188,0.5064854055006569,0.4250256973340962,2.6627421294648914,1.233320034672699,0.03797029099431037,1.0,2.0158105227158782,0.9671451656168382,55.09,diag_zz_a1.0
B5,molecule,xy,0.1,fixed,1,fixed,diag,0,"[0.000,3.142]",none,1,Z,1,ridge,1,adam,adjoint,100,44,13,40,22,153,51,0.5956836831438784,0.9698638084905788,0.46599784312821907,0.5941239334828211,0.228925749621671,7,0.8968237254383488,0.562370860350672,0.37293043839156154,4.087016427192936,3.2462314846527662,0.03699688343983037,0.1,0.20158105227158785,0.9671451656168382,66.25,diag_xy_a0.1
B5,molecule,xy,0.5,fixed,1,fixed,diag,0,"[0.000,3.142]",none,1,Z,1,ridge,1,adam,adjoint,100,44,13,40,22,153,51,0.9021916953739413,0.9281260212722519,0.7891688187323386,0.9168700802587372,-0.1775228730976476,7,0.8271069082878059,0.520207035421998,0.3710522422078681,2.6879478687492613,1.6202184355326499,0.06852577253809422,0.5,1.0079052613579391,0.9671451656168382,57.5,diag_xy_a0.5
B5,molecule,xy,1.0,fixed,1,fixed,diag,0,"[0.000,3.142]",none,1,Z,1,ridge,1,adam,adjoint,100,44,13,40,22,153,51,0.8018947281257445,0.939605881300097,0.5283884108970263,0.8027206806091164,0.21262762229917967,7,0.8354458014478989,0.3529864850408918,0.5774872715511454,3.6186083252735686,1.676054956959045,0.2801991952606162,1.0,2.0158105227158782,0.9671451656168382,60.19,diag_xy_a1.0
B5,molecule,xxz,0.1,fixed,1,fixed,diag,0,"[0.000,3.142]",none,1,Z,1,ridge,1,adam,adjoint,100,44,13,40,22,153,51,0.6107493516937447,0.9703213946744209,0.47054221201394425,0.6056446324738936,0.21996822444392777,7,0.9139126060788454,0.5706404631984371,0.3756071867234901,4.846429406694593,3.8494172970487845,0.023319997548931697,0.1,0.20158105227158785,0.9671451656168382,70.98,diag_xxz_a0.1
B5,molecule,xxz,0.5,fixed,1,fixed,diag,0,"[0.000,3.142]",none,1,Z,1,ridge,1,adam,adjoint,100,44,13,40,22,153,51,0.6520218684609499,0.9629550725198337,0.4933712243176377,0.6512468771632366,0.03156599648388587,7,0.8631658142183013,0.35624240359465675,0.5872839288505924,2.5359594906076848,1.5286041690825065,0.049852874847086226,0.5,1.0079052613579391,0.9671451656168382,68.96,diag_xxz_a0.5
B5,molecule,xxz,1.0,fixed,1,fixed,diag,0,"[0.000,3.142]",none,1,Z,1,ridge,1,adam,adjoint,100,44,13,40,22,153,51,0.6752620311513733,0.9541295681397503,0.5141644868222275,0.6829758714064669,0.1165376676986584,7,0.7900982696071259,0.37514344587416637,0.5251939406718289,3.0177653661409667,1.397758515486064,0.1812715643128703,1.0,2.0158105227158782,0.9671451656168382,69.9,diag_xxz_a1.0
B5,molecule,trotter,0.1,fixed,1,fixed,diag,0,"[0.000,3.142]",none,1,Z,1,ridge,1,adam,adjoint,100,44,13,40,22,153,51,0.47490889171458783,0.9762847411524329,0.34102882017751823,0.4629923369450518,0.39900053843047517,7,0.8981431703999945,0.5196743656801576,0.4213902829671166,5.55768441367381,4.414352241256647,0.3450352885241015,0.1,0.20158105227158785,0.9671451656168382,78.98,diag_trotter_a0.1
B5,molecule,trotter,0.5,fixed,1,fixed,diag,0,"[0.000,3.142]",none,1,Z,1,ridge,1,adam,adjoint,100,44,13,40,22,153,51,0.7421107425822676,0.9479020360092503,0.5662872612204862,0.7043315357823401,0.6325274212035553,7,0.860575676378697,0.42243305042004947,0.5091273643735226,4.322018538542897,2.6051897048581876,0.5985835918771174,0.5,1.0079052613579391,0.9671451656168382,79.65,diag_trotter_a0.5
B5,molecule,trotter,1.0,fixed,1,fixed,diag,0,"[0.000,3.142]",none,1,Z,1,ridge,1,adam,adjoint,100,44,13,40,22,153,51,0.805496373544725,0.9388576378695426,0.5187430535276562,0.7484010959994656,-0.016936289806124234,7,0.8631841166742918,0.6488815559803165,0.24826981469451534,2.1354531356022353,0.9890920739561604,0.06429443953863266,1.0,2.0158105227158782,0.9671451656168382,78.74,diag_trotter_a1.0
B5,molecule,none,0.0,fixed,1,fixed,eig,0,"[0.000,3.142]",none,1,Z,1,ridge,1,adam,adjoint,100,45,13,40,22,153,51,0.40511172891277797,0.9856277918744624,0.26770954757496485,0.36930149907672777,0.16863354037267078,12,0.5612874864421553,0.37715792822538324,0.32804857165784673,2.2730362916701328,1.9764581083924107,0.005884157228866142,0.0,0.0,0.9625370453145851,43.87,eig_off
B5,molecule,zz,0.1,fixed,1,fixed,eig,0,"[0.000,3.142]",none,1,Z,1,ridge,1,adam,adjoint,100,45,13,40,22,153,51,0.5448569334380229,0.9765403353653387,0.3640067745837868,0.4936618566440804,0.24037267080745342,12,0.5392278415298597,0.3334403008168295,0.3816337452628264,1.4857810852025806,1.1885722044783273,0.29572345206063927,0.1,0.20158105227158785,0.9625370453145851,54.01,eig_zz_a0.1
B5,molecule,zz,0.5,fixed,1,fixed,eig,0,"[0.000,3.142]",none,1,Z,1,ridge,1,adam,adjoint,100,45,13,40,22,153,51,0.6204199694924512,0.9679529629254263,0.38084405401200866,0.552060150339338,0.29192546583850926,12,0.5843813095755033,0.3120851676895764,0.46595628132549927,2.1670015236742612,1.3132901736417737,0.1483806227009958,0.5,1.0079052613579391,0.9625370453145851,54.35,eig_zz_a0.5
B5,molecule,zz,1.0,fixed,1,fixed,eig,0,"[0.000,3.142]",none,1,Z,1,ridge,1,adam,adjoint,100,45,13,40,22,153,51,0.5584790570822945,0.9744155724569334,0.315962390415292,0.5517687924318928,0.16304347826086954,12,0.6966582221209932,0.31557108648389276,0.5470216578753225,0.9159614335614661,0.4260175992491369,0.05589352756224226,1.0,2.0158105227158782,0.9625370453145851,83.04,eig_zz_a1.0
B5,molecule,xy,0.1,fixed,1,fixed,eig,0,"[0.000,3.142]",none,1,Z,1,ridge,1,adam,adjoint,100,45,13,40,22,153,51,0.4806494109331374,0.9729422311888991,0.2586495004603137,0.38620462548838835,0.08602484472049692,12,0.6305190238182989,0.34273889730704005,0.45641783299180916,2.253363261147412,1.8026107381945022,0.49448765336190653,0.1,0.20158105227158785,0.9625370453145851,68.98,eig_xy_a0.1
B5,molecule,xy,0.5,fixed,1,fixed,eig,0,"[0.000,3.142]",none,1,Z,1,ridge,1,adam,adjoint,100,45,13,40,22,153,51,0.537284184350371,0.9749653951002875,0.4055053457568608,0.506313692890469,0.25496894409937887,12,0.7621629302511865,0.3192543267146829,0.5811206317664045,1.9713016628974942,1.1946881785193075,0.2753906958980405,0.5,1.0079052613579391,0.9625370453145851,76.02,eig_xy_a0.5
B5,molecule,xy,1.0,fixed,1,fixed,eig,0,"[0.000,3.142]",none,1,Z,1,ridge,1,adam,adjoint,100,45,13,40,22,153,51,0.6628990182591994,0.9652999353516827,0.4109365799333439,0.6245575558206923,-0.06118012422360244,12,0.7616348207499041,0.5364809815924934,0.29561915109884906,1.9422525431105275,0.9033500049606098,0.02375029535183424,1.0,2.0158105227158782,0.9625370453145851,65.0,eig_xy_a1.0
B5,molecule,xxz,0.1,fixed,1,fixed,eig,0,"[0.000,3.142]",none,1,Z,1,ridge,1,adam,adjoint,100,45,13,40,22,153,51,0.4526555827354504,0.9843872484534101,0.30783617458402346,0.4178669508759162,0.13602484472049692,12,0.6536097124439194,0.317313975054399,0.5145207162422254,2.089256982030149,1.6713315316668822,0.7941174680438753,0.1,0.20158105227158785,0.9625370453145851,70.55,eig_xxz_a0.1
B5,molecule,xxz,0.5,fixed,1,fixed,eig,0,"[0.000,3.142]",none,1,Z,1,ridge,1,adam,adjoint,100,45,13,40,22,153,51,0.7519713508546805,0.9423486391791502,0.416278964626226,0.6578906261097951,0.3832298136645963,12,0.7358549370427556,0.41353734178657137,0.438017847038589,1.6007019706240955,0.970089843492719,0.1344164946890294,0.5,1.0079052613579391,0.9625370453145851,76.08,eig_xxz_a0.5
B5,molecule,xxz,1.0,fixed,1,fixed,eig,0,"[0.000,3.142]",none,1,Z,1,ridge,1,adam,adjoint,100,45,13,40,22,153,51,0.8223094770094964,0.9325055981984284,0.35511491789829464,0.8334944856392503,-0.11335403726708075,12,0.7113354683712285,0.34005510269117833,0.5219483382857103,1.7726402046496543,0.82446257740465,0.06742360803027322,1.0,2.0158105227158782,0.9625370453145851,79.74,eig_xxz_a1.0
B5,molecule,trotter,0.1,fixed,1,fixed,eig,0,"[0.000,3.142]",none,1,Z,1,ridge,1,adam,adjoint,100,45,13,40,22,153,51,0.5842229234928433,0.9732462644647052,0.37650150446417036,0.5349611173541741,-0.08913043478260871,12,0.6297969280723551,0.31743682145683194,0.4959695620802349,1.3159333448010944,1.0527000324300932,0.09266257577226544,0.1,0.20158105227158785,0.9625370453145851,75.59,eig_trotter_a0.1
B5,molecule,trotter,0.5,fixed,1,fixed,eig,0,"[0.000,3.142]",none,1,Z,1,ridge,1,adam,adjoint,100,45,13,40,22,153,51,0.6101277536242292,0.9708135264471724,0.41193204369349007,0.5820530960231382,0.06521739130434778,12,0.6594364044076733,0.4185289498755662,0.36532325622589457,1.6909894982735496,1.0248077205080477,0.015163530844865382,0.5,1.0079052613579391,0.9625370453145851,89.01,eig_trotter_a0.5
B5,molecule,trotter,1.0,fixed,1,fixed,eig,0,"[0.000,3.142]",none,1,Z,1,ridge,1,adam,adjoint,100,45,13,40,22,153,51,1.037903523804499,0.7730192385646832,0.42381844146016134,0.6829031620391031,0.14999999999999997,12,0.5993277848349297,0.4133877422184316,0.3102476596637527,2.5914525750347823,1.2052957298558868,0.028241924354092972,1.0,2.0158105227158782,0.9625370453145851,88.43,eig_trotter_a1.0
B5,molecule,none,0.0,fixed,1,fixed,diag,0,"[0.000,3.142]",none,1,Z,1,ridge,1,adam,adjoint,100,45,13,40,22,153,51,0.7056492545491457,0.9570825557684169,0.3612931605251692,0.6498259988727496,0.122360248447205,12,0.7637081347456928,0.6123997122280135,0.19812336105083322,2.583562861739118,2.2464682087736842,0.005158791935556259,0.0,0.0,0.9625370453145851,55.67,diag_off
B5,molecule,zz,0.1,fixed,1,fixed,diag,0,"[0.000,3.142]",none,1,Z,1,ridge,1,adam,adjoint,100,45,13,40,22,153,51,0.7157681694739635,0.9604687983712235,0.41094496269332637,0.7042118442368791,-0.06335403726708073,12,0.7649600544931149,0.5376209094182534,0.29719087126124927,2.3608217779018075,1.8885737427183678,0.09994813167401116,0.1,0.20158105227158785,0.9625370453145851,53.71,diag_zz_a0.1
B5,molecule,zz,0.5,fixed,1,fixed,diag,0,"[0.000,3.142]",none,1,Z,1,ridge,1,adam,adjoint,100,45,13,40,22,153,51,0.5152944370722589,0.9762075982131897,0.28316082657488073,0.5105830036120885,0.3645962732919254,12,0.7824935569242994,0.3417785489283888,0.5632187052481336,2.8228189828221315,1.710741959158413,0.09600964531913286,0.5,1.0079052613579391,0.9625370453145851,54.5,diag_zz_a0.5
B5,molecule,zz,1.0,fixed,1,fixed,diag,0,"[0.000,3.142]",none,1,Z,1,ridge,1,adam,adjoint,100,45,13,40,22,153,51,0.7229591865338036,0.9559902138315414,0.3504149132683807,0.7073274659808765,0.06273291925465833,12,0.823199304398089,0.41038902655700915,0.5014706349186246,3.0188111426730573,1.4040620363104157,0.08864462145917736,1.0,2.0158105227158782,0.9625370453145851,53.97,diag_zz_a1.0
B5,molecule,xy,0.1,fixed,1,fixed,diag,0,"[0.000,3.142]",none,1,Z,1,ridge,1,adam,adjoint,100,45,13,40,22,153,51,0.6993295880227146,0.9622373130667216,0.40843895264682833,0.6924689898388943,-0.05031055900621123,12,0.7636834951988142,0.5436460855504456,0.28812644378426033,2.049445954307037,1.6394841205949102,0.03080378681397591,0.1,0.20158105227158785,0.9625370453145851,59.96,diag_xy_a0.1
B5,molecule,xy,0.5,fixed,1,fixed,diag,0,"[0.000,3.142]",none,1,Z,1,ridge,1,adam,adjoint,100,45,13,40,22,153,51,0.6416787320384575,0.9693794396198537,0.40201197092157864,0.6475670073895735,0.21925465838509312,12,0.7243465942429562,0.3216953420451416,0.555882025812024,1.9383525367765333,1.1747196814545837,0.1992680408943971,0.5,1.0079052613579391,0.9625370453145851,60.69,diag_xy_a0.5
B5,molecule,xy,1.0,fixed,1,fixed,diag,0,"[0.000,3.142]",none,1,Z,1,ridge,1,adam,adjoint,100,45,13,40,22,153,51,0.7127614295235274,0.9594801985222463,0.48312877101724555,0.6967998927007725,-0.2562111801242236,12,0.6667009130179201,0.33952886824199163,0.4907328584491296,2.829457384408821,1.3159927895618098,0.19754770519126613,1.0,2.0158105227158782,0.9625370453145851,60.33,diag_xy_a1.0
B5,molecule,xxz,0.1,fixed,1,fixed,diag,0,"[0.000,3.142]",none,1,Z,1,ridge,1,adam,adjoint,100,45,13,40,22,153,51,0.7081261667319789,0.9612713289639632,0.4120214906521851,0.6986970437340634,-0.04378881987577644,12,0.7664061159184374,0.534497306057628,0.30259258772080266,2.1609173071536496,1.7286572517571066,0.1683362012997122,0.1,0.20158105227158785,0.9625370453145851,69.38,diag_xxz_a0.1
B5,molecule,xxz,0.5,fixed,1,fixed,diag,0,"[0.000,3.142]",none,1,Z,1,ridge,1,adam,adjoint,100,45,13,40,22,153,51,0.7535430985532339,0.9579395022700409,0.4622677121215187,0.697699238880014,-0.0071428571428571565,12,0.6717572286839923,0.47647688532593085,0.29070076959294644,2.1667715310609736,1.3131507888578955,0.1292690427463356,0.5,1.0079052613579391,0.9625370453145851,69.5,diag_xxz_a0.5
B5,molecule,xxz,1.0,fixed,1,fixed,diag,0,"[0.000,3.142]",none,1,Z,1,ridge,1,adam,adjoint,100,45,13,40,22,153,51,0.6635898591554246,0.9647553932132434,0.4121982551220138,0.6764267752468163,0.31335403726708067,12,0.7150781557576569,0.3479059372636459,0.5134714513897797,2.9645438262044297,1.3788220741978552,0.1773277882733814,1.0,2.0158105227158782,0.9625370453145851,68.82,diag_xxz_a1.0
B5,molecule,trotter,0.1,fixed,1,fixed,diag,0,"[0.000,3.142]",none,1,Z,1,ridge,1,adam,adjoint,100,45,13,40,22,153,51,0.6362867202203739,0.9677417471682537,0.40450641345278965,0.6046568511982741,0.06832298136645958,12,0.6821325737904445,0.5327410353986171,0.21900660389474588,2.270729747467722,1.8165033116936187,0.8655452295086394,0.1,0.20158105227158785,0.9625370453145851,79.61,diag_trotter_a0.1
B5,molecule,trotter,0.5,fixed,1,fixed,diag,0,"[0.000,3.142]",none,1,Z,1,ridge,1,adam,adjoint,100,45,13,40,22,153,51,0.5535572982823993,0.9748005788836611,0.3267572320230638,0.5470403248641765,0.13478260869565215,12,0.7563206493410356,0.3513229060319424,0.5354841807663961,4.2591563392243055,2.581220228596458,0.21991307902587828,0.5,1.0079052613579391,0.9625370453145851,76.85,diag_trotter_a0.5
B5,molecule,trotter,1.0,fixed,1,fixed,diag,0,"[0.000,3.142]",none,1,Z,1,ridge,1,adam,adjoint,100,45,13,40,22,153,51,0.5536543304195021,0.9769250565015124,0.34571114042707857,0.562627354466427,-0.041925465838509327,12,0.7689141445993382,0.3342035248301888,0.5653565132368141,3.82445931740668,1.7787724647887726,0.9671400177794612,1.0,2.0158105227158782,0.9625370453145851,79.32,diag_trotter_a1.0
B5,molecule,none,0.0,fixed,1,fixed,eig,0,"[0.000,3.142]",none,1,Z,1,ridge,1,adam,adjoint,100,46,13,40,22,150,54,0.5816121844715662,0.971904986736487,0.2732406171477055,0.516056624650392,0.134375,11,0.5331007722105893,0.34439967161417595,0.3539689125077299,2.8009352294235828,2.0807285001007667,0.03769791619089972,0.0,0.0,0.9557740146845558,43.04,eig_off
B5,molecule,zz,0.1,fixed,1,fixed,eig,0,"[0.000,3.142]",none,1,Z,1,ridge,1,adam,adjoint,100,46,13,40,22,150,54,0.5262568192996443,0.9813036485832279,0.29835708909905767,0.4951125503136735,0.25,11,0.6636569184582847,0.31518303278047827,0.5250813725973541,3.0851607551093942,2.133388060478968,0.3533492746212754,0.1,0.20158105227158785,0.9557740146845558,52.38,eig_zz_a0.1
B5,molecule,zz,0.5,fixed,1,fixed,eig,0,"[0.000,3.142]",none,1,Z,1,ridge,1,adam,adjoint,100,46,13,40,22,150,54,0.5922255623408259,0.9733386933023878,0.3730657652958982,0.5529891183208484,0.2513392857142857,11,0.6877780612435686,0.4456561543657303,0.3520349376077199,1.559066928948908,0.8445045771523152,0.009201007540535516,0.5,1.0079052613579391,0.9557740146845558,53.22,eig_zz_a0.5
B5,molecule,zz,1.0,fixed,1,fixed,eig,0,"[0.000,3.142]",none,1,Z,1,ridge,1,adam,adjoint,100,46,13,40,22,150,54,0.5987724439017791,0.9791195694809397,0.4032847111420154,0.6143123583646827,-0.03660714285714287,11,0.5659681066669058,0.2639961846135793,0.5335493616975995,2.49878824402546,1.0650671990401772,0.0988843286791588,1.0,2.0158105227158782,0.9557740146845558,78.69,eig_zz_a1.0
B5,molecule,xy,0.1,fixed,1,fixed,eig,0,"[0.000,3.142]",none,1,Z,1,ridge,1,adam,adjoint,100,46,13,40,22,150,54,0.5025835242851542,0.9792250505463846,0.2594510515410106,0.4387589042630265,0.014583333333333356,11,0.6824986812393411,0.3678797938507883,0.46098094551221724,2.342481483463381,1.6198254889757402,0.06445641631914642,0.1,0.20158105227158785,0.9557740146845558,78.1,eig_xy_a0.1
B5,molecule,xy,0.5,fixed,1,fixed,eig,0,"[0.000,3.142]",none,1,Z,1,ridge,1,adam,adjoint,100,46,13,40,22,150,54,0.520486898705339,0.9760072058324232,0.24926054121191354,0.4120222877459156,0.15520833333333334,11,0.6837186035177001,0.34401180518453706,0.4968517699904427,3.2881324093323525,1.7810927923640418,0.37683893193758505,0.5,1.0079052613579391,0.9557740146845558,71.22,eig_xy_a0.5
B5,molecule,xy,1.0,fixed,1,fixed,eig,0,"[0.000,3.142]",none,1,Z,1,ridge,1,adam,adjoint,100,46,13,40,22,150,54,0.6751011714019312,0.9590220309000964,0.35916855894108163,0.5976929065596059,-0.08199404761904765,11,0.6974725960375725,0.3910050288450485,0.43939728805633926,2.2848892900120226,0.973896304358157,0.10417271618127323,1.0,2.0158105227158782,0.9557740146845558,62.82,eig_xy_a1.0
B5,molecule,xxz,0.1,fixed,1,fixed,eig,0,"[0.000,3.142]",none,1,Z,1,ridge,1,adam,adjoint,100,46,13,40,22,150,54,0.47979006576266203,0.9807900038087884,0.26871993594052795,0.4109034846097259,0.014583333333333356,11,0.6929250067589217,0.34972593969149396,0.49529034703582503,2.268815030718489,1.5688851512693447,0.09316506708318405,0.1,0.20158105227158785,0.9557740146845558,67.88,eig_xxz_a0.1
B5,molecule,xxz,0.5,fixed,1,fixed,eig,0,"[0.000,3.142]",none,1,Z,1,ridge,1,adam,adjoint,100,46,13,40,22,150,54,0.6692651294083023,0.9648545456906781,0.3709467973995137,0.5952929925517233,0.15758928571428568,11,0.6104436044588374,0.46681066466390386,0.23529272605331847,1.5302250242785946,0.828881693967761,0.0432280386343575,0.5,1.0079052613579391,0.9557740146845558,70.89,eig_xxz_a0.5
B5,molecule,xxz,1.0,fixed,1,fixed,eig,0,"[0.000,3.142]",none,1,Z,1,ridge,1,adam,adjoint,100,46,13,40,22,150,54,0.6801261055179124,0.9640628823832458,0.4198046638058548,0.6554342274521954,0.13839285714285712,11,0.6932671070464854,0.43025849853935844,0.3793755766483979,1.9032966262977227,0.8112487368869181,0.006117922948390474,1.0,2.0158105227158782,0.9557740146845558,81.19,eig_xxz_a1.0
B5,molecule,trotter,0.1,fixed,1,fixed,eig,0,"[0.000,3.142]",none,1,Z,1,ridge,1,adam,adjoint,100,46,13,40,22,150,54,0.6556712644497723,0.9652913871420179,0.3948350994891916,0.6240618228594631,-0.0845238095238095,11,0.6292289461744176,0.4018059657552072,0.36143121164704084,2.7300412015111593,1.8878229584224846,0.24251727012440016,0.1,0.20158105227158785,0.9557740146845558,74.66,eig_trotter_a0.1
B5,molecule,trotter,0.5,fixed,1,fixed,eig,0,"[0.000,3.142]",none,1,Z,1,ridge,1,adam,adjoint,100,46,13,40,22,150,54,0.7267256086318318,0.9652557597622805,0.5103026534874732,0.7294771442498164,0.2180059523809524,11,0.6467921295523101,0.38287475666747667,0.4080404829098787,3.8683476675529196,2.0953797753040404,0.15330563573746078,0.5,1.0079052613579391,0.9557740146845558,83.0,eig_trotter_a0.5
B5,molecule,trotter,1.0,fixed,1,fixed,eig,0,"[0.000,3.142]",none,1,Z,1,ridge,1,adam,adjoint,100,46,13,40,22,150,54,0.7404214488284916,0.9570349306172438,0.544885491597992,0.7279553957020098,0.05714285714285714,11,0.5555988974292465,0.3614010809914137,0.34952880096844174,1.1792794086886864,0.5026483615412024,0.1970548104388359,1.0,2.0158105227158782,0.9557740146845558,89.42,eig_trotter_a1.0
B5,molecule,none,0.0,fixed,1,fixed,diag,0,"[0.000,3.142]",none,1,Z,1,ridge,1,adam,adjoint,100,46,13,40,22,150,54,0.9136942455828249,0.9206803733331287,0.5607731663744396,0.9343753505459665,-0.2099702380952381,11,0.6472156046951639,0.5183533161542893,0.19910256737639742,2.365664146440597,1.7573790209274094,0.009622700507513507,0.0,0.0,0.9557740146845558,55.5,diag_off
B5,molecule,zz,0.1,fixed,1,fixed,diag,0,"[0.000,3.142]",none,1,Z,1,ridge,1,adam,adjoint,100,46,13,40,22,150,54,0.7141631135818043,0.9602560694294315,0.4127201963625821,0.6941385797341292,0.005208333333333366,11,0.6506124581278131,0.5925497574006112,0.08924314313667113,2.9200781458712686,2.01923346838581,0.09420041723840561,0.1,0.20158105227158785,0.9557740146845558,55.5,diag_zz_a0.1
B5,molecule,zz,0.5,fixed,1,fixed,diag,0,"[0.000,3.142]",none,1,Z,1,ridge,1,adam,adjoint,100,46,13,40,22,150,54,0.6297276054863749,0.9706882679694081,0.40074798337596834,0.6586461343193754,0.18125000000000002,11,0.6703406162935289,0.2986532865131384,0.5544753230611883,4.23299944940153,2.2929018271928023,0.11831986551615166,0.5,1.0079052613579391,0.9557740146845558,53.26,diag_zz_a0.5
B5,molecule,zz,1.0,fixed,1,fixed,diag,0,"[0.000,3.142]",none,1,Z,1,ridge,1,adam,adjoint,100,46,13,40,22,150,54,0.6555271705917759,0.9650191728988534,0.4052631038223636,0.6542140020381941,0.15625,11,0.6080679405814389,0.34554022766748355,0.4317407569011523,2.106852089072074,0.8980108893441219,0.007400645238135095,1.0,2.0158105227158782,0.9557740146845558,52.81,diag_zz_a1.0
B5,molecule,xy,0.1,fixed,1,fixed,diag,0,"[0.000,3.142]",none,1,Z,1,ridge,1,adam,adjoint,100,46,13,40,22,150,54,0.9051952414198081,0.9233539459493367,0.5495524955307992,0.9239744276100074,-0.2099702380952381,11,0.6480925687981683,0.5203390722822606,0.1971222980581548,2.3809322649001716,1.6464141968404706,0.02502995750620633,0.1,0.20158105227158785,0.9557740146845558,56.36,diag_xy_a0.1
B5,molecule,xy,0.5,fixed,1,fixed,diag,0,"[0.000,3.142]",none,1,Z,1,ridge,1,adam,adjoint,100,46,13,40,22,150,54,0.7873174801010171,0.9591602580644002,0.5251472627496704,0.7993679803001831,0.22425595238095242,11,0.682117685064649,0.41677563724092487,0.38899746133773944,2.4331681488517245,1.317981672584016,0.3296099478243009,0.5,1.0079052613579391,0.9557740146845558,61.3,diag_xy_a0.5
B5,molecule,xy,1.0,fixed,1,fixed,diag,0,"[0.000,3.142]",none,1,Z,1,ridge,1,adam,adjoint,100,46,13,40,22,150,54,0.8109059920256972,0.9588160088310207,0.5226705821456137,0.7959818612810801,-0.30491071428571426,11,0.7696715865125607,0.3284431893607724,0.573268397695473,3.6339896858666036,1.5489280555569163,0.1236124655328951,1.0,2.0158105227158782,0.9557740146845558,58.35,diag_xy_a1.0
B5,molecule,xxz,0.1,fixed,1,fixed,diag,0,"[0.000,3.142]",none,1,Z,1,ridge,1,adam,adjoint,100,46,13,40,22,150,54,0.8953249659833465,0.9276165084530723,0.5315947063192566,0.9107743531052926,-0.15372023809523813,11,0.6521432169785883,0.5217186614545267,0.1999937316350924,2.4295878527020505,1.6800595263164817,0.07964881087046466,0.1,0.20158105227158785,0.9557740146845558,68.05,diag_xxz_a0.1
B5,molecule,xxz,0.5,fixed,1,fixed,diag,0,"[0.000,3.142]",none,1,Z,1,ridge,1,adam,adjoint,100,46,13,40,22,150,54,0.6960996783558124,0.965560972712274,0.4514922151140855,0.7175030791973754,0.08035714285714286,11,0.6465219855273325,0.3949750766161932,0.38907711499705044,1.7732348187278728,0.9605135565226393,0.6726364726927335,0.5,1.0079052613579391,0.9557740146845558,67.94,diag_xxz_a0.5
B5,molecule,xxz,1.0,fixed,1,fixed,diag,0,"[0.000,3.142]",none,1,Z,1,ridge,1,adam,adjoint,100,46,13,40,22,150,54,0.6924679521562221,0.9640830424077487,0.46043489621046,0.6786270365479187,0.11592261904761907,11,0.6461200685588001,0.34495444153231974,0.4661140269149105,3.1322623947087798,1.335075088242398,0.11906658914786203,1.0,2.0158105227158782,0.9557740146845558,68.34,diag_xxz_a1.0
B5,molecule,trotter,0.1,fixed,1,fixed,diag,0,"[0.000,3.142]",none,1,Z,1,ridge,1,adam,adjoint,100,46,13,40,22,150,54,0.7856032417847109,0.9569461119652705,0.49013759703844473,0.8024587109865892,0.20654761904761906,11,0.5487602944602986,0.452310277845082,0.17575983100248616,3.688176400694254,2.550373261798612,0.12886300739538498,0.1,0.20158105227158785,0.9557740146845558,78.51,diag_trotter_a0.1
B5,molecule,trotter,0.5,fixed,1,fixed,diag,0,"[0.000,3.142]",none,1,Z,1,ridge,1,adam,adjoint,100,46,13,40,22,150,54,0.6709120491730056,0.97115094619609,0.45934420740053,0.6782970981481727,-0.005803571428571412,11,0.6521535281391653,0.37717848837850765,0.42164157348847425,3.9756274861062098,2.1534903644789405,0.4054504986391404,0.5,1.0079052613579391,0.9557740146845558,74.75,diag_trotter_a0.5
B5,molecule,trotter,1.0,fixed,1,fixed,diag,0,"[0.000,3.142]",none,1,Z,1,ridge,1,adam,adjoint,100,46,13,40,22,150,54,0.7836874248229159,0.9540052597072954,0.46592597901121396,0.7769923710277403,-0.14092261904761907,11,0.6777258290771632,0.47219188775924237,0.3032700429874269,3.788519523131532,1.6147938452401396,0.049035907162670644,1.0,2.0158105227158782,0.9557740146845558,78.83,diag_trotter_a1.0
B3,molecule,none,0.0,fixed,1,fixed,eig,0,"[0.000,3.142]",none,1,Z,1,ridge,1,adam,adjoint,100,42,13,40,15,352,134,0.6571504518929421,0.954737324487817,0.612081953447107,0.6549605795787928,0.4035051401361561,8,0.6910642871163527,0.6070493994566079,0.12157318678746813,1.3308370751453162,1.0844855222179526,0.0012456376195919645,0.0,0.0,0.9457454409377412,101.02,eig_off
B3,molecule,zz,0.1,fixed,1,fixed,eig,0,"[0.000,3.142]",none,1,Z,1,ridge,1,adam,adjoint,100,42,13,40,15,352,134,0.6617497041890443,0.9543501602364644,0.6032035039292776,0.6566132101871084,0.37106816237832274,8,0.7352757320342249,0.5938360732058101,0.19236274592812375,1.77559482886597,1.3378907206575283,0.14381761003390026,0.1,0.12444444444444445,0.9457454409377412,157.63,eig_zz_a0.1
B3,molecule,zz,0.5,fixed,1,fixed,eig,0,"[0.000,3.142]",none,1,Z,1,ridge,1,adam,adjoint,100,42,13,40,15,352,134,0.6839736523526035,0.9471881311818001,0.6281879842017891,0.6762520482177481,0.48596193616247085,8,0.8430920240246847,0.573190860642748,0.32013250711767416,1.765049374921959,1.0219374828841201,0.019410159978845282,0.5,0.6222222222222222,0.9457454409377412,173.18,eig_zz_a0.5
B3,molecule,zz,1.0,fixed,1,fixed,eig,0,"[0.000,3.142]",none,1,Z,1,ridge,1,adam,adjoint,100,42,13,40,15,352,134,0.6808759968863661,0.9469214914250396,0.6269495583533923,0.6713967123203283,0.46491215261268737,8,0.8625890792219593,0.5776881187535053,0.33028584215954804,1.7365575423169506,0.7797184174060352,0.07496273088234988,1.0,1.2444444444444445,0.9457454409377412,138.37,eig_zz_a1.0
B3,molecule,xy,0.1,fixed,1,fixed,eig,0,"[0.000,3.142]",none,1,Z,1,ridge,1,adam,adjoint,100,42,13,40,15,352,134,0.6905084233232553,0.9468829963721007,0.623596456506813,0.6757531287824408,0.30551580772169007,8,0.6854412102442945,0.5713333668252822,0.16647356726384116,1.4723152106758841,1.1093729415196942,0.03874181320929313,0.1,0.12444444444444445,0.9457454409377412,150.73,eig_xy_a0.1
B3,molecule,xy,0.5,fixed,1,fixed,eig,0,"[0.000,3.142]",none,1,Z,1,ridge,1,adam,adjoint,100,42,13,40,15,352,134,0.7303432940189569,0.9425332238148408,0.6641491541799733,0.7097866300033525,0.33904263443033494,8,0.765099795761812,0.5665968195279127,0.25944716928887596,1.628468550876221,0.9428592058009583,0.1675962995098825,0.5,0.6222222222222222,0.9457454409377412,149.65,eig_xy_a0.5
B3,molecule,xy,1.0,fixed,1,fixed,eig,0,"[0.000,3.142]",none,1,Z,1,ridge,1,adam,adjoint,100,42,13,40,15,352,134,0.890290232258548,0.9123264488037022,0.7836467372048067,0.8869419477557733,0.008933416553737408,8,0.7989591163757924,0.6646680745632882,0.16808249516154222,1.9876835423198511,0.8924745815527868,0.004539392688976264,1.0,1.2444444444444445,0.9457454409377412,148.5,eig_xy_a1.0
B3,molecule,xxz,0.1,fixed,1,fixed,eig,0,"[0.000,3.142]",none,1,Z,1,ridge,1,adam,adjoint,100,42,13,40,15,352,134,0.7051456079177402,0.9450017936874502,0.6163598942599626,0.6877902975955107,0.29973258322188806,8,0.7123675810893015,0.5710427970914758,0.1983874445573759,1.6480125571553894,1.2417589147595525,0.30380808189461095,0.1,0.12444444444444445,0.9457454409377412,154.07,eig_xxz_a0.1
B3,molecule,xxz,0.5,fixed,1,fixed,eig,0,"[0.000,3.142]",none,1,Z,1,ridge,1,adam,adjoint,100,42,13,40,15,352,134,0.8553580068511624,0.9175521748925981,0.7393947728049117,0.8331716608928627,0.13190000730107682,8,0.7735636052199862,0.5143408377388552,0.33510207270856956,1.9683929002594336,1.139670376590479,0.09612188616420002,0.5,0.6222222222222222,0.9457454409377412,164.76,eig_xxz_a0.5
B3,molecule,xxz,1.0,fixed,1,fixed,eig,0,"[0.000,3.142]",none,1,Z,1,ridge,1,adam,adjoint,100,42,13,40,15,352,134,0.7940951088755627,0.928110874535109,0.61336764252706,0.7899398871473922,0.3468207668742428,8,0.8160928891846844,0.5520139001470251,0.32358937632882295,2.8819986501218433,1.294024166594067,0.04446053641262327,1.0,1.2444444444444445,0.9457454409377412,162.26,eig_xxz_a1.0
B3,molecule,trotter,0.1,fixed,1,fixed,eig,0,"[0.000,3.142]",none,1,Z,1,ridge,1,adam,adjoint,100,42,13,40,15,352,134,0.7455458696582291,0.9401892728094713,0.6176512739285753,0.725654012798193,0.4558556862032797,8,0.7226642831203448,0.5562426320370707,0.23028902212337513,1.4768804829351763,1.1128128227886003,0.04227793462611753,0.1,0.12444444444444445,0.9457454409377412,180.43,eig_trotter_a0.1
B3,molecule,trotter,0.5,fixed,1,fixed,eig,0,"[0.000,3.142]",none,1,Z,1,ridge,1,adam,adjoint,100,42,13,40,15,352,134,0.8811941328387198,0.9213661093359811,0.7506852021336321,0.8819655622682231,0.19126968545417744,8,0.8646475891220607,0.5780209179389977,0.33149536850509914,2.5960091658527045,1.5030509118833668,0.11195724832378652,0.5,0.6222222222222222,0.9457454409377412,181.13,eig_trotter_a0.5
B3,molecule,trotter,1.0,fixed,1,fixed,eig,0,"[0.000,3.142]",none,1,Z,1,ridge,1,adam,adjoint,100,42,13,40,15,352,134,0.8538021987992952,0.9247848025803433,0.7034258338957198,0.858190495778823,0.22183622972393027,8,0.7207307435771316,0.58506806879822,0.1882293436042293,3.216146050638208,1.4440571346714401,0.01855453389241084,1.0,1.2444444444444445,0.9457454409377412,175.04,eig_trotter_a1.0
B3,molecule,none,0.0,fixed,1,fixed,diag,0,"[0.000,3.142]",none,1,Z,1,ridge,1,adam,adjoint,100,42,13,40,15,352,134,0.752798277490322,0.9394185178511191,0.6330727128533635,0.7481301625508263,0.45599875466185624,8,0.8775323044184474,0.617055648737911,0.2968285661610576,3.29501973006408,2.685077880240762,1.0314727672091821,0.0,0.0,0.9457454409377412,104.7,diag_off
B3,molecule,zz,0.1,fixed,1,fixed,diag,0,"[0.000,3.142]",none,1,Z,1,ridge,1,adam,adjoint,100,42,13,40,15,352,134,0.7535894107508233,0.9396962001145105,0.6287637013652332,0.7491687201180433,0.4208255499699349,8,0.8770398459168156,0.610447476675105,0.3039683664121641,2.5741941365445076,1.9396263113998309,0.01921102549082878,0.1,0.12444444444444445,0.9457454409377412,126.51,diag_zz_a0.1
B3,molecule,zz,0.5,fixed,1,fixed,diag,0,"[0.000,3.142]",none,1,Z,1,ridge,1,adam,adjoint,100,42,13,40,15,352,134,0.7790262141293877,0.9306420416142509,0.7237656342302395,0.7801694157766598,0.2119703157804762,8,0.854381551968465,0.6088744171712345,0.2873506973922725,2.38911895399181,1.3832645391356735,0.2887673677687749,0.5,0.6222222222222222,0.9457454409377412,127.09,diag_zz_a0.5
B3,molecule,zz,1.0,fixed,1,fixed,diag,0,"[0.000,3.142]",none,1,Z,1,ridge,1,adam,adjoint,100,42,13,40,15,352,134,0.8863644587184476,0.9072758227401642,0.7795632556919112,0.8906446410879924,0.23859069480727232,8,0.8739774692849059,0.5013021454130173,0.4264129648294183,3.3225989097762025,1.4918547185883428,0.024294343636621404,1.0,1.2444444444444445,0.9457454409377412,127.07,diag_zz_a1.0
B3,molecule,xy,0.1,fixed,1,fixed,diag,0,"[0.000,3.142]",none,1,Z,1,ridge,1,adam,adjoint,100,42,13,40,15,352,134,0.789980680227079,0.9251615215010616,0.6561341887491495,0.7547814881498768,0.3654951109496564,8,0.8764691142828638,0.7003549533111005,0.2009359578127995,3.5716050035082922,2.6911641745992267,0.008847629748870958,0.1,0.12444444444444445,0.9457454409377412,129.49,diag_xy_a0.1
B3,molecule,xy,0.5,fixed,1,fixed,diag,0,"[0.000,3.142]",none,1,Z,1,ridge,1,adam,adjoint,100,42,13,40,15,352,134,0.7903014281327957,0.9375511455998543,0.6398908792797736,0.7880509285612325,0.45767161388819133,8,0.8613876656440954,0.5993082956641692,0.30425252233436445,3.522596756841435,2.0395314227747696,0.4325169235394424,0.5,0.6222222222222222,0.9457454409377412,129.87,diag_xy_a0.5
B3,molecule,xy,1.0,fixed,1,fixed,diag,0,"[0.000,3.142]",none,1,Z,1,ridge,1,adam,adjoint,100,42,13,40,15,352,134,0.8134391742219097,0.9310172409160901,0.7124100828970555,0.8151274913415961,0.3814321299615417,8,0.8933798780070975,0.5706887933159379,0.3612025439961789,2.927589642313395,1.3144946292267874,0.03460613319796624,1.0,1.2444444444444445,0.9457454409377412,127.63,diag_xy_a1.0
B3,molecule,xxz,0.1,fixed,1,fixed,diag,0,"[0.000,3.142]",none,1,Z,1,ridge,1,adam,adjoint,100,42,13,40,15,352,134,0.7913333626585813,0.9240975942812986,0.6575927883240917,0.7548333911029893,0.36237462032916573,8,0.8759179956424487,0.7010869414924321,0.19959751371677822,3.560344540946294,2.6826795427862185,0.026611471439899722,0.1,0.12444444444444445,0.9457454409377412,146.5,diag_xxz_a0.1
B3,molecule,xxz,0.5,fixed,1,fixed,diag,0,"[0.000,3.142]",none,1,Z,1,ridge,1,adam,adjoint,100,42,13,40,15,352,134,0.797223976927384,0.9346223807800863,0.672883252833286,0.7935134172978785,0.3354704045212066,8,0.8603129003947796,0.5064968167641425,0.4112644172466533,4.433378184908853,2.566860399108916,0.1031099986176103,0.5,0.6222222222222222,0.9457454409377412,147.27,diag_xxz_a0.5
B3,molecule,xxz,1.0,fixed,1,fixed,diag,0,"[0.000,3.142]",none,1,Z,1,ridge,1,adam,adjoint,100,42,13,40,15,352,134,0.9558521087402885,0.9009098207565448,0.8505409708330568,0.9517945990111285,0.020600025346014673,8,0.8507245779335544,0.5318655926696224,0.3748087142826575,3.9073677642440465,1.7544173084496975,0.029941072690267297,1.0,1.2444444444444445,0.9457454409377412,146.94,diag_xxz_a1.0
B3,molecule,trotter,0.1,fixed,1,fixed,diag,0,"[0.000,3.142]",none,1,Z,1,ridge,1,adam,adjoint,100,42,13,40,15,352,134,0.7074572446836883,0.9451656084224449,0.6404892866910251,0.7022231655193728,0.46963621642766024,8,0.8392510862781305,0.5994389140998938,0.2857454415004024,2.669583072279195,2.011500800950098,0.10331411841519031,0.1,0.12444444444444445,0.9457454409377412,169.59,diag_trotter_a0.1
B3,molecule,trotter,0.5,fixed,1,fixed,diag,0,"[0.000,3.142]",none,1,Z,1,ridge,1,adam,adjoint,100,42,13,40,15,352,134,0.8100115495029216,0.9297408398966402,0.7071446039563518,0.8126482696146763,0.35840862197814066,8,0.796734267714696,0.5928948320183282,0.25584369087205006,2.037985877696101,1.1799636812416217,0.05869271198137312,0.5,0.6222222222222222,0.9457454409377412,169.91,diag_trotter_a0.5
B3,molecule,trotter,1.0,fixed,1,fixed,diag,0,"[0.000,3.142]",none,1,Z,1,ridge,1,adam,adjoint,100,42,13,40,15,352,134,0.9771886432183547,0.9052584548113071,0.8218853235062997,0.9748223231850904,0.1566409303708769,8,0.8548101963875525,0.6233403257163558,0.2707851072078851,3.7152210169978837,1.6681429673918122,0.532063980721617,1.0,1.2444444444444445,0.9457454409377412,168.39,diag_trotter_a1.0
B3,molecule,none,0.0,fixed,1,fixed,eig,0,"[0.000,3.142]",none,1,Z,1,ridge,1,adam,adjoint,100,43,13,40,15,333,153,0.5635033508849915,0.9700843337312627,0.4900291096178767,0.5646237740860591,0.5943921927730192,8,0.6673253731228505,0.5764409878122104,0.13619201212945453,2.227696490171017,1.5982484564853836,0.0012080179426260254,0.0,0.0,0.9328994816003787,96.31,eig_off
B3,molecule,zz,0.1,fixed,1,fixed,eig,0,"[0.000,3.142]",none,1,Z,1,ridge,1,adam,adjoint,100,43,13,40,15,333,153,0.559902843853723,0.9707441022466314,0.49407899545332307,0.562035621476857,0.5981689725087087,8,0.674290440714697,0.572760804872681,0.1505725570340316,2.344591435376376,1.5695104317854576,0.09111278975010045,0.1,0.12444444444444445,0.9328994816003787,151.2,eig_zz_a0.1
B3,molecule,zz,0.5,fixed,1,fixed,eig,0,"[0.000,3.142]",none,1,Z,1,ridge,1,adam,adjoint,100,43,13,40,15,333,153,0.613484774300451,0.9658349756182647,0.5535505726428029,0.6198391526203519,0.4481927422287893,8,0.795344260616632,0.5751605398514255,0.2768407740749869,1.9860654783565028,1.0486997349898308,0.06597805653388855,0.5,0.6222222222222222,0.9328994816003787,168.4,eig_zz_a0.5
B3,molecule,zz,1.0,fixed,1,fixed,eig,0,"[0.000,3.142]",none,1,Z,1,ridge,1,adam,adjoint,100,43,13,40,15,333,153,0.6182405174361603,0.9640335368514187,0.5593779238887774,0.6241731837818593,0.5176088529589291,8,0.8036582176497592,0.5501511491892997,0.31544139398191273,1.888773439733828,0.7890153352424295,0.019952728932147324,1.0,1.2444444444444445,0.9328994816003787,128.28,eig_zz_a1.0
B3,molecule,xy,0.1,fixed,1,fixed,eig,0,"[0.000,3.142]",none,1,Z,1,ridge,1,adam,adjoint,100,43,13,40,15,333,153,0.5612781568164795,0.9698303635758391,0.4863982070106921,0.5607176006739718,0.5454024317732772,8,0.6361714176507145,0.5565891613669215,0.12509561743229258,2.1837607534794734,1.4618475660171897,0.006709365073565122,0.1,0.12444444444444445,0.9328994816003787,143.16,eig_xy_a0.1
B3,molecule,xy,0.5,fixed,1,fixed,eig,0,"[0.000,3.142]",none,1,Z,1,ridge,1,adam,adjoint,100,43,13,40,15,333,153,0.5804476802475883,0.9686442316131579,0.542619270164203,0.5841376945324125,0.4363858423696609,8,0.7370645517383113,0.5756761771050192,0.2189609773698515,1.8917881590568837,0.9989185969344645,0.14252458280868865,0.5,0.6222222222222222,0.9328994816003787,134.3,eig_xy_a0.5
B3,molecule,xy,1.0,fixed,1,fixed,eig,0,"[0.000,3.142]",none,1,Z,1,ridge,1,adam,adjoint,100,43,13,40,15,333,153,0.7249626776661834,0.9445978281697921,0.7219256976543371,0.7277111590900701,-0.048867331492526964,8,0.7376065128898307,0.6295611103284035,0.14648108533928436,2.1760465375135074,0.9090206650413847,0.06802573533764131,1.0,1.2444444444444445,0.9328994816003787,152.4,eig_xy_a1.0
B3,molecule,xxz,0.1,fixed,1,fixed,eig,0,"[0.000,3.142]",none,1,Z,1,ridge,1,adam,adjoint,100,43,13,40,15,333,153,0.5648559051874253,0.9699274238390062,0.4890971745945976,0.5647545889986505,0.5371297190547321,8,0.6500706792952059,0.559923454747392,0.13867295883203,2.2422800048862643,1.5010213743649499,0.1855281778901194,0.1,0.12444444444444445,0.9328994816003787,144.77,eig_xxz_a0.1
B3,molecule,xxz,0.5,fixed,1,fixed,eig,0,"[0.000,3.142]",none,1,Z,1,ridge,1,adam,adjoint,100,43,13,40,15,333,153,0.683906317502618,0.9538964069980157,0.6529405805483693,0.6874391680574452,0.13724451524737621,8,0.7348385232717817,0.604410298378041,0.17749236160486573,2.4608465341987418,1.299397797498812,0.13988879646948477,0.5,0.6222222222222222,0.9328994816003787,153.39,eig_xxz_a0.5
B3,molecule,xxz,1.0,fixed,1,fixed,eig,0,"[0.000,3.142]",none,1,Z,1,ridge,1,adam,adjoint,100,43,13,40,15,333,153,0.7076962796395861,0.9483057048820924,0.6567726402955134,0.709855301744464,0.13807738416418347,8,0.7455170281469607,0.569441184449421,0.23617950636914303,2.1437322114034725,0.8955216935329567,0.0300805215747202,1.0,1.2444444444444445,0.9328994816003787,154.04,eig_xxz_a1.0
B3,molecule,trotter,0.1,fixed,1,fixed,eig,0,"[0.000,3.142]",none,1,Z,1,ridge,1,adam,adjoint,100,43,13,40,15,333,153,0.5181100324097095,0.9705270591714695,0.44859360804770826,0.5193212875560222,0.6309140078001974,8,0.7723944813839777,0.5493126692303387,0.28881849563958645,2.7399923394294246,1.8341986986983827,0.05242989256454665,0.1,0.12444444444444445,0.9328994816003787,175.3,eig_trotter_a0.1
B3,molecule,trotter,0.5,fixed,1,fixed,eig,0,"[0.000,3.142]",none,1,Z,1,ridge,1,adam,adjoint,100,43,13,40,15,333,153,0.87975056274774,0.9296643328097843,0.8379373721150067,0.8768151327206783,0.1747738724322755,8,0.7354704323581879,0.5059108165831051,0.31212623332664846,2.9824138476374706,1.5748003506085797,0.36046074768402997,0.5,0.6222222222222222,0.9328994816003787,171.86,eig_trotter_a0.5
B3,molecule,trotter,1.0,fixed,1,fixed,eig,0,"[0.000,3.142]",none,1,Z,1,ridge,1,adam,adjoint,100,43,13,40,15,333,153,0.7454957158068156,0.9473342637212756,0.6908831309257828,0.7446393328007607,0.21530173631652455,8,0.7302161832015823,0.5970867971694949,0.18231503093835977,2.337759478558996,0.9765745535638887,0.10657453170573415,1.0,1.2444444444444445,0.9328994816003787,167.63,eig_trotter_a1.0
B3,molecule,none,0.0,fixed,1,fixed,diag,0,"[0.000,3.142]",none,1,Z,1,ridge,1,adam,adjoint,100,43,13,40,15,333,153,0.6551881426337822,0.9555195991807763,0.6126635820414446,0.6580129258178252,0.3516395927489155,8,0.9303005963460683,0.6707665902651624,0.278978651739314,3.789413210862461,2.7186934315191684,0.22062677027754007,0.0,0.0,0.9328994816003787,98.53,diag_off
B3,molecule,zz,0.1,fixed,1,fixed,diag,0,"[0.000,3.142]",none,1,Z,1,ridge,1,adam,adjoint,100,43,13,40,15,333,153,0.49230343963466583,0.9727126858830097,0.4958388521827991,0.49653215006653556,0.5675676377038161,8,0.9300831555184949,0.6737820940774246,0.27556789940808,2.5944803057801735,1.7367904034547579,0.12000827236288031,0.1,0.12444444444444445,0.9328994816003787,119.53,diag_zz_a0.1
B3,molecule,zz,0.5,fixed,1,fixed,diag,0,"[0.000,3.142]",none,1,Z,1,ridge,1,adam,adjoint,100,43,13,40,15,333,153,0.7008037794010513,0.9515565308448164,0.6627654418666293,0.7074463070160442,0.3121752885496495,8,0.9030814842821462,0.6162018774493648,0.3176674661432353,3.7786084857261826,1.9952140353854306,0.27059445228761214,0.5,0.6222222222222222,0.9328994816003787,119.17,diag_zz_a0.5
B3,molecule,zz,1.0,fixed,1,fixed,diag,0,"[0.000,3.142]",none,1,Z,1,ridge,1,adam,adjoint,100,43,13,40,15,333,153,0.8205594763792777,0.9199500325047351,0.7616265492806679,0.8134392338331786,0.11696647756859252,8,0.8629842715313634,0.44847759987586433,0.4803177593491455,4.436245228536469,1.8531950114168267,0.07325367109832248,1.0,1.2444444444444445,0.9328994816003787,119.79,diag_zz_a1.0
B3,molecule,xy,0.1,fixed,1,fixed,diag,0,"[0.000,3.142]",none,1,Z,1,ridge,1,adam,adjoint,100,43,13,40,15,333,153,0.61319175022032,0.9607487034479096,0.5745911535633341,0.6162390574845986,0.46066113648445034,8,0.9284619571397602,0.6654487252287112,0.2832784153281769,3.869281560917518,2.5901646153545244,1.086140649983807,0.1,0.12444444444444445,0.9328994816003787,123.47,diag_xy_a0.1
B3,molecule,xy,0.5,fixed,1,fixed,diag,0,"[0.000,3.142]",none,1,Z,1,ridge,1,adam,adjoint,100,43,13,40,15,333,153,0.5134156926937906,0.9727906064329421,0.5047085378078376,0.5171984065303041,0.43185297157399377,8,0.8864204473498413,0.6198568758137027,0.30071911397474177,2.69372882336344,1.4223663489349625,0.013171541815416373,0.5,0.6222222222222222,0.9328994816003787,121.95,diag_xy_a0.5
B3,molecule,xy,1.0,fixed,1,fixed,diag,0,"[0.000,3.142]",none,1,Z,1,ridge,1,adam,adjoint,100,43,13,40,15,333,153,0.6244573832040874,0.9637222381544825,0.5877755102149189,0.627199318783542,0.4641654333225864,8,0.9047314748717676,0.6079962519668992,0.32798154054154716,2.0229997026350715,0.8450869516647188,0.04925434101414255,1.0,1.2444444444444445,0.9328994816003787,122.23,diag_xy_a1.0
B3,molecule,xxz,0.1,fixed,1,fixed,diag,0,"[0.000,3.142]",none,1,Z,1,ridge,1,adam,adjoint,100,43,13,40,15,333,153,0.5990085033295705,0.9644504942869475,0.575904938260925,0.600917593879861,0.49593370439505324,8,0.9272548458803408,0.6518386311516982,0.29702321422452205,3.9321497902440057,2.6322497054333263,0.24610894897735727,0.1,0.12444444444444445,0.9328994816003787,141.12,diag_xxz_a0.1
B3,molecule,xxz,0.5,fixed,1,fixed,diag,0,"[0.000,3.142]",none,1,Z,1,ridge,1,adam,adjoint,100,43,13,40,15,333,153,0.6369773449000774,0.9555161495137138,0.5860981791056293,0.6424055593560795,0.4558847140178875,8,0.8772661923839187,0.5587121159065483,0.36312134132482476,2.066664169977398,1.0912581639361436,0.37627119923189084,0.5,0.6222222222222222,0.9328994816003787,141.91,diag_xxz_a0.5
B3,molecule,xxz,1.0,fixed,1,fixed,diag,0,"[0.000,3.142]",none,1,Z,1,ridge,1,adam,adjoint,100,43,13,40,15,333,153,0.7547259358958961,0.9478101163107121,0.7125341785855883,0.7556739629299304,0.16676894903367667,8,0.838061906523337,0.5225860400821859,0.3764350389697211,3.0958330621846977,1.2932518586022068,0.05991717762062182,1.0,1.2444444444444445,0.9328994816003787,142.89,diag_xxz_a1.0
B3,molecule,trotter,0.1,fixed,1,fixed,diag,0,"[0.000,3.142]",none,1,Z,1,ridge,1,adam,adjoint,100,43,13,40,15,333,153,0.64175888565512,0.9583049133042247,0.6230746259005623,0.6407774338913591,0.11808162910149568,8,0.8892152068887709,0.7798771290062643,0.12296019797621764,2.6776442167853562,1.7924617771112767,0.20105818311273935,0.1,0.12444444444444445,0.9328994816003787,163.52,diag_trotter_a0.1
B3,molecule,trotter,0.5,fixed,1,fixed,diag,0,"[0.000,3.142]",none,1,Z,1,ridge,1,adam,adjoint,100,43,13,40,15,333,153,0.532309795644485,0.9686612097927221,0.5042880143991211,0.53631202363096,0.5385220184869807,8,0.7757086785754856,0.5777936456951797,0.2551409289938046,2.7292015716616693,1.441096981003799,0.06623841246009242,0.5,0.6222222222222222,0.9328994816003787,164.04,diag_trotter_a0.5
B3,molecule,trotter,1.0,fixed,1,fixed,diag,0,"[0.000,3.142]",none,1,Z,1,ridge,1,adam,adjoint,100,43,13,40,15,333,153,0.6983842616580902,0.951730680135608,0.6477655953245316,0.6973742735125793,0.28998638433856744,8,0.799193614444229,0.5496090792298117,0.3122954572002956,1.4235408714590276,0.5946692992907764,0.14269352944454738,1.0,1.2444444444444445,0.9328994816003787,163.89,diag_trotter_a1.0
B3,molecule,none,0.0,fixed,1,fixed,eig,0,"[0.000,3.142]",none,1,Z,1,ridge,1,adam,adjoint,100,44,13,40,15,367,119,0.6097765157898019,0.9669700046754272,0.5143649235141483,0.6149385634410327,0.5735644475549381,8,0.7148045297724142,0.6231144279723927,0.128272972513499,2.0023587001179988,1.7276556102315812,0.0028668206657103536,0.0,0.0,0.9425865545779384,104.69,eig_off
B3,molecule,zz,0.1,fixed,1,fixed,eig,0,"[0.000,3.142]",none,1,Z,1,ridge,1,adam,adjoint,100,44,13,40,15,367,119,0.6005233155576682,0.9671667938958971,0.5011964190303172,0.6052420503339351,0.5761409224929239,8,0.7236990150294529,0.6277496353939784,0.13258188506940213,2.023028403349409,1.6068490583019739,0.04459583506846617,0.1,0.12444444444444445,0.9425865545779384,165.46,eig_zz_a0.1
B3,molecule,zz,0.5,fixed,1,fixed,eig,0,"[0.000,3.142]",none,1,Z,1,ridge,1,adam,adjoint,100,44,13,40,15,367,119,0.6228512956727879,0.9630071307907989,0.5069810737092107,0.6269329304763188,0.5508632591485975,8,0.8642420935169843,0.6200713984948337,0.28252580712484365,2.0964767447133172,1.2636964841995046,0.07568256025955646,0.5,0.6222222222222222,0.9425865545779384,171.29,eig_zz_a0.5
B3,molecule,zz,1.0,fixed,1,fixed,eig,0,"[0.000,3.142]",none,1,Z,1,ridge,1,adam,adjoint,100,44,13,40,15,367,119,0.6993372747409258,0.9540715765637404,0.5918399265782258,0.7009638309985744,0.48517347372497643,8,0.900267238346888,0.6014667878337255,0.3319019484279286,2.5934639465130718,1.2012319965353482,0.013501605530465982,1.0,1.2444444444444445,0.9425865545779384,147.64,eig_zz_a1.0
B3,molecule,xy,0.1,fixed,1,fixed,eig,0,"[0.000,3.142]",none,1,Z,1,ridge,1,adam,adjoint,100,44,13,40,15,367,119,0.5823908454468898,0.9691749892300533,0.48837353543316003,0.5871582685564999,0.6297530432633324,8,0.7043446020465162,0.608433382943587,0.1361708726442331,1.9058310827085536,1.5137616829613778,0.04106995608751078,0.1,0.12444444444444445,0.9425865545779384,150.24,eig_xy_a0.1
B3,molecule,xy,0.5,fixed,1,fixed,eig,0,"[0.000,3.142]",none,1,Z,1,ridge,1,adam,adjoint,100,44,13,40,15,367,119,0.690919349112207,0.95810243587475,0.6099408109874033,0.6964619710701913,0.5296929190934266,8,0.8408891101980763,0.620091185091964,0.26257674457706087,1.887253604263267,1.137582732798908,0.13058534605168512,0.5,0.6222222222222222,0.9425865545779384,159.16,eig_xy_a0.5
B3,molecule,xy,1.0,fixed,1,fixed,eig,0,"[0.000,3.142]",none,1,Z,1,ridge,1,adam,adjoint,100,44,13,40,15,367,119,0.8394319140727062,0.9413992994055442,0.6699189829985011,0.8462621504479925,0.47465725841141904,8,0.8588926141329538,0.7470771497756115,0.13018561635929224,1.930441770915714,0.8941355925884773,0.0031535225563586733,1.0,1.2444444444444445,0.9425865545779384,151.1,eig_xy_a1.0
B3,molecule,xxz,0.1,fixed,1,fixed,eig,0,"[0.000,3.142]",none,1,Z,1,ridge,1,adam,adjoint,100,44,13,40,15,367,119,0.580790417034696,0.9689274578715135,0.4798764578994058,0.5857079887269867,0.6472461961837102,8,0.7071452061753091,0.6218329560920136,0.12064318521611474,1.9638120442880813,1.5598147454686844,0.20672659231886867,0.1,0.12444444444444445,0.9425865545779384,165.26,eig_xxz_a0.1
B3,molecule,xxz,0.5,fixed,1,fixed,eig,0,"[0.000,3.142]",none,1,Z,1,ridge,1,adam,adjoint,100,44,13,40,15,367,119,0.7048156281346015,0.9567105328521095,0.650194950581197,0.7096591497725342,0.5865130244427165,8,0.8615132068023685,0.6302183222055243,0.2684751467192579,2.1298196927956616,1.2837946638577136,0.1123304206006216,0.5,0.6222222222222222,0.9425865545779384,166.79,eig_xxz_a0.5
B3,molecule,xxz,1.0,fixed,1,fixed,eig,0,"[0.000,3.142]",none,1,Z,1,ridge,1,adam,adjoint,100,44,13,40,15,367,119,0.7723418619934104,0.9448781459653577,0.687384172887633,0.7783866995200316,0.4366216105346021,8,0.8718280606229779,0.6297110186077475,0.27771191700600006,2.825341244868512,1.3086321516172126,0.004273025701922008,1.0,1.2444444444444445,0.9425865545779384,166.96,eig_xxz_a1.0
B3,molecule,trotter,0.1,fixed,1,fixed,eig,0,"[0.000,3.142]",none,1,Z,1,ridge,1,adam,adjoint,100,44,13,40,15,367,119,0.6448048551092518,0.9612357007070197,0.5229004138541538,0.6495757106157486,0.5488810394587386,8,0.8343113945993121,0.6039260855274139,0.27613827470562535,2.4680060764053025,1.960285497321546,0.2397967468340867,0.1,0.12444444444444445,0.9425865545779384,188.86,eig_trotter_a0.1
B3,molecule,trotter,0.5,fixed,1,fixed,eig,0,"[0.000,3.142]",none,1,Z,1,ridge,1,adam,adjoint,100,44,13,40,15,367,119,0.7945329138975694,0.9466960604291552,0.6752713935990228,0.797402205930415,0.5075092888078105,8,0.855737079636173,0.7042052665415683,0.17707753549610145,1.8461668536330176,1.1128168094708493,0.05513886650799741,0.5,0.6222222222222222,0.9425865545779384,182.77,eig_trotter_a0.5
B3,molecule,trotter,1.0,fixed,1,fixed,eig,0,"[0.000,3.142]",none,1,Z,1,ridge,1,adam,adjoint,100,44,13,40,15,367,119,0.8083758785431148,0.9481522599232857,0.7263685091196177,0.814284460699683,0.5218763225180104,8,0.8164170072481775,0.6535565866120404,0.19948190592584034,2.7994951611785677,1.2966608486209883,0.06107371115079888,1.0,1.2444444444444445,0.9425865545779384,183.07,eig_trotter_a1.0
B3,molecule,none,0.0,fixed,1,fixed,diag,0,"[0.000,3.142]",none,1,Z,1,ridge,1,adam,adjoint,100,44,13,40,15,367,119,0.8263432837551069,0.9413528543591704,0.6950927839617936,0.8301782972223034,0.3612570275829378,8,0.9268098096032442,0.7466410770348171,0.19439666121526608,2.1063157901756377,1.8173508530723599,0.004845352315697106,0.0,0.0,0.9425865545779384,107.92,diag_off
B3,molecule,zz,0.1,fixed,1,fixed,diag,0,"[0.000,3.142]",none,1,Z,1,ridge,1,adam,adjoint,100,44,13,40,15,367,119,0.8287073729356459,0.9410330433559267,0.6958223885099907,0.8324926430384034,0.3484917040806125,8,0.9271361446554006,0.7444971826153255,0.19699260253515266,2.0901001021628454,1.6601227028532062,0.04222987821803295,0.1,0.12444444444444445,0.9425865545779384,131.1,diag_zz_a0.1
B3,molecule,zz,0.5,fixed,1,fixed,diag,0,"[0.000,3.142]",none,1,Z,1,ridge,1,adam,adjoint,100,44,13,40,15,367,119,0.7536998074276247,0.9538446159304469,0.6510720817069185,0.7577025664301604,0.485633460160168,8,0.9330570112160119,0.6316797239278105,0.32299986352969984,1.7241907289602354,1.0392930748079336,0.2888047403286289,0.5,0.6222222222222222,0.9425865545779384,131.87,diag_zz_a0.5
B3,molecule,zz,1.0,fixed,1,fixed,diag,0,"[0.000,3.142]",none,1,Z,1,ridge,1,adam,adjoint,100,44,13,40,15,367,119,0.7280637305596972,0.9517343849468348,0.6402370536293477,0.7313266356271247,0.5245047518100778,8,0.9329515874197235,0.6799936855938706,0.2711372221633299,2.070099548273068,0.9588218169534699,0.03493875965856325,1.0,1.2444444444444445,0.9425865545779384,130.74,diag_zz_a1.0
B3,molecule,xy,0.1,fixed,1,fixed,diag,0,"[0.000,3.142]",none,1,Z,1,ridge,1,adam,adjoint,100,44,13,40,15,367,119,0.8282586898124211,0.9410974868484008,0.6961859330508889,0.8321062194117905,0.34205618574526325,8,0.9265699906347384,0.7469415486965062,0.19386386754785723,2.117477120567426,1.681867694752323,0.011160661332453047,0.1,0.12444444444444445,0.9425865545779384,135.46,diag_xy_a0.1
B3,molecule,xy,0.5,fixed,1,fixed,diag,0,"[0.000,3.142]",none,1,Z,1,ridge,1,adam,adjoint,100,44,13,40,15,367,119,0.7792106175043564,0.9470256527166174,0.6747357475810228,0.784708179272118,0.3016968615346255,8,0.9117987470396506,0.6341660786589138,0.30448897772905537,3.0299241209327,1.82635198251985,0.019461288265072485,0.5,0.6222222222222222,0.9425865545779384,132.29,diag_xy_a0.5
B3,molecule,xy,1.0,fixed,1,fixed,diag,0,"[0.000,3.142]",none,1,Z,1,ridge,1,adam,adjoint,100,44,13,40,15,367,119,0.7804796577744567,0.9465624569577133,0.6778767176420222,0.7829207782012749,0.31349018769111314,8,0.861485087642663,0.6636035519478202,0.2296981555842351,1.4208664876838657,0.6581122093890867,0.05118856734086144,1.0,1.2444444444444445,0.9425865545779384,131.94,diag_xy_a1.0
B3,molecule,xxz,0.1,fixed,1,fixed,diag,0,"[0.000,3.142]",none,1,Z,1,ridge,1,adam,adjoint,100,44,13,40,15,367,119,0.8306496000543555,0.940783649594722,0.6977553136405334,0.8344693489674352,0.34307398459676475,8,0.9265264551295641,0.7456421586172064,0.19522842063593654,2.116412086907801,1.6810217608394848,0.008853144825275229,0.1,0.12444444444444445,0.9425865545779384,154.6,diag_xxz_a0.1
B3,molecule,xxz,0.5,fixed,1,fixed,diag,0,"[0.000,3.142]",none,1,Z,1,ridge,1,adam,adjoint,100,44,13,40,15,367,119,0.7043522020069459,0.9568273283995608,0.6312489816272164,0.7070296588048176,0.3721561941053403,8,0.8921630939162353,0.6066470354981078,0.32002675336504605,1.9766991521084796,1.1914979620635904,0.024688859684639585,0.5,0.6222222222222222,0.9425865545779384,153.8,diag_xxz_a0.5
B3,molecule,xxz,1.0,fixed,1,fixed,diag,0,"[0.000,3.142]",none,1,Z,1,ridge,1,adam,adjoint,100,44,13,40,15,367,119,0.8217447955784186,0.9455179856362194,0.7444566701517887,0.8251455436973069,0.34328255681038644,8,0.8837092801936097,0.5790732707859684,0.3447242393345687,3.0155773287807675,1.3967450676260231,0.06938144543107966,1.0,1.2444444444444445,0.9425865545779384,153.38,diag_xxz_a1.0
B3,molecule,trotter,0.1,fixed,1,fixed,diag,0,"[0.000,3.142]",none,1,Z,1,ridge,1,adam,adjoint,100,44,13,40,15,367,119,0.7284339595856468,0.9531980497650151,0.652475801049995,0.7331708066447247,0.45662946792299497,8,0.9195155642788153,0.6864998984665179,0.2534113340376721,2.679402610067334,2.1281933331585243,0.01873734140362512,0.1,0.12444444444444445,0.9425865545779384,176.83,diag_trotter_a0.1
B3,molecule,trotter,0.5,fixed,1,fixed,diag,0,"[0.000,3.142]",none,1,Z,1,ridge,1,adam,adjoint,100,44,13,40,15,367,119,0.685293511854178,0.9579243885841645,0.6306347274971582,0.6853067965730401,0.52302612110341,8,0.8690651732062629,0.6660468722450995,0.23360538106959586,2.2793359042897547,1.3739187786480984,0.15237520716134068,0.5,0.6222222222222222,0.9425865545779384,178.13,diag_trotter_a0.5
B3,molecule,trotter,1.0,fixed,1,fixed,diag,0,"[0.000,3.142]",none,1,Z,1,ridge,1,adam,adjoint,100,44,13,40,15,367,119,0.7249333581826264,0.9508793932411752,0.6912243755551905,0.7285929915679404,0.4598645057618282,8,0.8445863048915554,0.6004990256118261,0.2890021752259765,3.6152445953535297,1.6744969557332765,0.08470928024917072,1.0,1.2444444444444445,0.9425865545779384,177.78,diag_trotter_a1.0
B3,molecule,none,0.0,fixed,1,fixed,eig,0,"[0.000,3.142]",none,1,Z,1,ridge,1,adam,adjoint,100,45,13,40,15,361,125,0.6236038358048084,0.9680473471398132,0.5965683425660671,0.6247545184354687,0.4584441254507668,9,0.7020255460067787,0.5858106823449385,0.1655422146998594,2.2617780439475585,1.9666687992295453,0.028727468354984843,0.0,0.0,0.9346144364898379,103.33,eig_off
B3,molecule,zz,0.1,fixed,1,fixed,eig,0,"[0.000,3.142]",none,1,Z,1,ridge,1,adam,adjoint,100,45,13,40,15,361,125,0.7077141595746101,0.9491000365934851,0.6180660708695646,0.7110701055991411,0.3624515348661459,9,0.7020605618370698,0.5480077634003101,0.21942950054572552,2.1455191583323043,1.71633927848921,0.08898725284256508,0.1,0.12444444444444445,0.9346144364898379,166.59,eig_zz_a0.1
B3,molecule,zz,0.5,fixed,1,fixed,eig,0,"[0.000,3.142]",none,1,Z,1,ridge,1,adam,adjoint,100,45,13,40,15,361,125,0.6302898042447537,0.9651635295426481,0.5912750989023565,0.6347599986087489,0.38702592473939723,9,0.706243273416537,0.5520752880957367,0.2182930317693422,2.251726944589771,1.3646371900284255,0.038216336576983645,0.5,0.6222222222222222,0.9346144364898379,165.12,eig_zz_a0.5
B3,molecule,zz,1.0,fixed,1,fixed,eig,0,"[0.000,3.142]",none,1,Z,1,ridge,1,adam,adjoint,100,45,13,40,15,361,125,0.6979418813250595,0.9498291689817477,0.6256619491762064,0.7012891022076304,0.35276395015484197,9,0.737148470642434,0.5462311069713511,0.2589944512869925,1.3725821620425365,0.6383938624707517,0.02205256154436959,1.0,1.2444444444444445,0.9346144364898379,147.91,eig_zz_a1.0
B3,molecule,xy,0.1,fixed,1,fixed,eig,0,"[0.000,3.142]",none,1,Z,1,ridge,1,adam,adjoint,100,45,13,40,15,361,125,0.7040726706151075,0.9526431368082537,0.6421774686573505,0.7082456165348943,0.32359286823233685,9,0.6704478236199495,0.5361573620737192,0.20029964572210207,2.2282475269791293,1.7825190410900011,0.2716270919897153,0.1,0.12444444444444445,0.9346144364898379,148.49,eig_xy_a0.1
B3,molecule,xy,0.5,fixed,1,fixed,eig,0,"[0.000,3.142]",none,1,Z,1,ridge,1,adam,adjoint,100,45,13,40,15,361,125,0.7062858012046368,0.9622926528852209,0.6407077097524398,0.7096782551154307,0.1488428949292327,9,0.7632030103231214,0.5401394894854947,0.2922728524658034,1.5145402977719415,0.9178724006044415,0.1575846849963374,0.5,0.6222222222222222,0.9346144364898379,151.9,eig_xy_a0.5
B3,molecule,xy,1.0,fixed,1,fixed,eig,0,"[0.000,3.142]",none,1,Z,1,ridge,1,adam,adjoint,100,45,13,40,15,361,125,0.7769080466596177,0.9537507801284104,0.684645560819145,0.7807825643285277,0.036608323681378695,9,0.781728791533986,0.6471029935589149,0.17221547860722258,1.781424149091243,0.8285480277149248,0.13793860886926887,1.0,1.2444444444444445,0.9346144364898379,156.15,eig_xy_a1.0
B3,molecule,xxz,0.1,fixed,1,fixed,eig,0,"[0.000,3.142]",none,1,Z,1,ridge,1,adam,adjoint,100,45,13,40,15,361,125,0.7002104096589822,0.9553357570724131,0.6444331319343886,0.7048903077350243,0.2932662214445896,9,0.6627483898255102,0.525151731655032,0.20761522816631045,2.274890423650658,1.8198317051643154,0.18251584938584525,0.1,0.12444444444444445,0.9346144364898379,162.82,eig_xxz_a0.1
B3,molecule,xxz,0.5,fixed,1,fixed,eig,0,"[0.000,3.142]",none,1,Z,1,ridge,1,adam,adjoint,100,45,13,40,15,361,125,0.7517599968509654,0.9572387433625158,0.6778689855515918,0.7557304573385853,0.07008397200522437,9,0.7553717284659108,0.5708921732419646,0.24422353693142168,1.556086285294059,0.9430509418149378,0.10542541357615778,0.5,0.6222222222222222,0.9346144364898379,164.91,eig_xxz_a0.5
B3,molecule,xxz,1.0,fixed,1,fixed,eig,0,"[0.000,3.142]",none,1,Z,1,ridge,1,adam,adjoint,100,45,13,40,15,361,125,0.7366988450084485,0.9574169771640736,0.683486559075019,0.7380293499529801,0.22822416356571953,9,0.7762709853342685,0.6145768178491682,0.20829603391072712,2.1446922301044267,0.9975055734003812,0.02580343518284988,1.0,1.2444444444444445,0.9346144364898379,166.46,eig_xxz_a1.0
B3,molecule,trotter,0.1,fixed,1,fixed,eig,0,"[0.000,3.142]",none,1,Z,1,ridge,1,adam,adjoint,100,45,13,40,15,361,125,0.6082869200790954,0.9631253379246536,0.5725888336473185,0.6103551182556298,0.38342872339551654,9,0.8374621869754675,0.5938569050485112,0.29088511184815136,2.634776135899562,2.1077275187724216,0.3907347583410062,0.1,0.12444444444444445,0.9346144364898379,188.5,eig_trotter_a0.1
B3,molecule,trotter,0.5,fixed,1,fixed,eig,0,"[0.000,3.142]",none,1,Z,1,ridge,1,adam,adjoint,100,45,13,40,15,361,125,0.7336686767154423,0.959157129396094,0.6316952085992042,0.7360531240552359,0.43307242251739403,9,0.8296856422333327,0.6189020063867287,0.25405240866796314,3.307015858331772,2.0041847610059516,0.20206394160248192,0.5,0.6222222222222222,0.9346144364898379,180.63,eig_trotter_a0.5
B3,molecule,trotter,1.0,fixed,1,fixed,eig,0,"[0.000,3.142]",none,1,Z,1,ridge,1,adam,adjoint,100,45,13,40,15,361,125,0.7691109448341575,0.9531807505473351,0.714112623573074,0.7750306807566222,0.32818976564232727,9,0.8265995183265461,0.5737506978679258,0.3058903554293302,2.893662284632127,1.345854764587124,0.03290286303902538,1.0,1.2444444444444445,0.9346144364898379,178.97,eig_trotter_a1.0
B3,molecule,none,0.0,fixed,1,fixed,diag,0,"[0.000,3.142]",none,1,Z,1,ridge,1,adam,adjoint,100,45,13,40,15,361,125,0.7163397811695699,0.9528906450019705,0.6839971199695749,0.7168206224136893,0.26738142471064674,9,0.9111791868847329,0.5362537590446934,0.4114727742211574,4.441269149549168,3.861787184985868,0.09051183322849948,0.0,0.0,0.9346144364898379,107.59,diag_off
B3,molecule,zz,0.1,fixed,1,fixed,diag,0,"[0.000,3.142]",none,1,Z,1,ridge,1,adam,adjoint,100,45,13,40,15,361,125,0.720578254045767,0.9519632585227918,0.6848186389404891,0.7215908759430086,0.3074585992754873,9,0.9112762641441531,0.5368938249104007,0.4108330853820302,4.511836770466805,3.6093094937932473,0.10802918903508335,0.1,0.12444444444444445,0.9346144364898379,130.13,diag_zz_a0.1
B3,molecule,zz,0.5,fixed,1,fixed,diag,0,"[0.000,3.142]",none,1,Z,1,ridge,1,adam,adjoint,100,45,13,40,15,361,125,0.7183933763751451,0.9518004916139338,0.7065380321229067,0.7196779410124747,0.13685742625495945,9,0.9146747379744788,0.699075887584232,0.23571094886438468,2.056989448463943,1.2466184266322555,0.16616627898394407,0.5,0.6222222222222222,0.9346144364898379,130.17,diag_zz_a0.5
B3,molecule,zz,1.0,fixed,1,fixed,diag,0,"[0.000,3.142]",none,1,Z,1,ridge,1,adam,adjoint,100,45,13,40,15,361,125,0.7604310178210121,0.9445525322096573,0.7205816110528813,0.7596136932351364,0.08220384928164816,9,0.9229742598936114,0.5850236208023654,0.36615391541926706,2.8236225885687243,1.3132790009405557,0.16309695503342,1.0,1.2444444444444445,0.9346144364898379,129.15,diag_zz_a1.0
B3,molecule,xy,0.1,fixed,1,fixed,diag,0,"[0.000,3.142]",none,1,Z,1,ridge,1,adam,adjoint,100,45,13,40,15,361,125,0.7190270318256476,0.9520449529447733,0.6881752810162044,0.7198834007168603,0.27340044522207707,9,0.9100214381027295,0.5371955084292049,0.40968917221424556,4.555919699754096,3.6445742746985132,0.21102983494088035,0.1,0.12444444444444445,0.9346144364898379,132.94,diag_xy_a0.1
B3,molecule,xy,0.5,fixed,1,fixed,diag,0,"[0.000,3.142]",none,1,Z,1,ridge,1,adam,adjoint,100,45,13,40,15,361,125,0.8093749034699446,0.9189888473732397,0.7198171115051667,0.8086255626828807,0.22316499913748486,9,0.8773280060841558,0.7181738942028396,0.18140776400343214,2.9382317253204686,1.7806867279923173,0.0161975202370769,0.5,0.6222222222222222,0.9346144364898379,131.39,diag_xy_a0.5
B3,molecule,xy,1.0,fixed,1,fixed,diag,0,"[0.000,3.142]",none,1,Z,1,ridge,1,adam,adjoint,100,45,13,40,15,361,125,0.667066949788782,0.9605006765331617,0.6392915056766102,0.671868634477307,0.3806444425277442,9,0.8716648182785566,0.6169636012329941,0.2922008686189374,3.4191020188681747,1.5902390431467344,0.16805565703697897,1.0,1.2444444444444445,0.9346144364898379,128.7,diag_xy_a1.0
B3,molecule,xxz,0.1,fixed,1,fixed,diag,0,"[0.000,3.142]",none,1,Z,1,ridge,1,adam,adjoint,100,45,13,40,15,361,125,0.7141410960223545,0.9532300183511174,0.6793395054240224,0.7148124020397079,0.293675505392773,9,0.9093501246577108,0.53916892251863,0.4070832478066916,4.478328005732618,3.5825036697279695,0.172944205843995,0.1,0.12444444444444445,0.9346144364898379,152.8,diag_xxz_a0.1
B3,molecule,xxz,0.5,fixed,1,fixed,diag,0,"[0.000,3.142]",none,1,Z,1,ridge,1,adam,adjoint,100,45,13,40,15,361,125,0.752270219071831,0.944770950647402,0.6491978235585208,0.7501895461295712,0.40175295924821536,9,0.8512225541292787,0.5970003708712047,0.2986553657734311,2.811452803468317,1.7038535968318813,0.25780660857079035,0.5,0.6222222222222222,0.9346144364898379,151.87,diag_xxz_a0.5
B3,molecule,xxz,1.0,fixed,1,fixed,diag,0,"[0.000,3.142]",none,1,Z,1,ridge,1,adam,adjoint,100,45,13,40,15,361,125,0.8195321340096405,0.9456748629590398,0.752220527951381,0.8204784667653839,-0.043958389807535934,9,0.8166243678863131,0.5771112030933481,0.2932966174067304,3.257550325119369,1.5151006560883455,0.07928003569207145,1.0,1.2444444444444445,0.9346144364898379,152.26,diag_xxz_a1.0
B3,molecule,trotter,0.1,fixed,1,fixed,diag,0,"[0.000,3.142]",none,1,Z,1,ridge,1,adam,adjoint,100,45,13,40,15,361,125,0.777788724639161,0.9240858485425694,0.6923010194806074,0.7770419339817607,0.3312161668186336,9,0.8975798056987513,0.7124611240325964,0.20624203050339682,2.5141790041481715,2.0112540879507006,0.14518980122151756,0.1,0.12444444444444445,0.9346144364898379,176.49,diag_trotter_a0.1
B3,molecule,trotter,0.5,fixed,1,fixed,diag,0,"[0.000,3.142]",none,1,Z,1,ridge,1,adam,adjoint,100,45,13,40,15,361,125,0.6573401127355307,0.9645414363716945,0.6321601850861188,0.6555260677533316,0.3241808160214232,9,0.8273808833913929,0.6347380190799277,0.23283456045277695,2.1527155070840838,1.3046322723881778,0.023671163215067462,0.5,0.6222222222222222,0.9346144364898379,177.33,diag_trotter_a0.5
B3,molecule,trotter,1.0,fixed,1,fixed,diag,0,"[0.000,3.142]",none,1,Z,1,ridge,1,adam,adjoint,100,45,13,40,15,361,125,0.7010901606553974,0.9592613621587567,0.63820946348572,0.7002904908170571,0.1852057098499224,9,0.881201207787668,0.5347583732110573,0.3931483882624099,2.930343950607046,1.3629155650777431,0.10165239631039728,1.0,1.2444444444444445,0.9346144364898379,175.34,diag_trotter_a1.0
B3,molecule,none,0.0,fixed,1,fixed,eig,0,"[0.000,3.142]",none,1,Z,1,ridge,1,adam,adjoint,100,46,13,40,15,358,128,0.5699609098379468,0.9689758334656368,0.4661372045723658,0.5699609098379468,0.5938105561483208,11,0.7227577684925068,0.5882892108769068,0.18604927332163868,1.33931566180773,0.99493634800265,0.003090645917533031,0.0,0.0,0.9334585963868824,103.62,eig_off
B3,molecule,zz,0.1,fixed,1,fixed,eig,0,"[0.000,3.142]",none,1,Z,1,ridge,1,adam,adjoint,100,46,13,40,15,358,128,0.5601401840000868,0.9730695212615296,0.45935043587716295,0.5601401840000868,0.5342311817047201,11,0.7300439296420141,0.5931926444154236,0.1874562333443375,1.822199544955196,1.2600506299645904,0.0896989801462975,0.1,0.12444444444444445,0.9334585963868824,162.79,eig_zz_a0.1
B3,molecule,zz,0.5,fixed,1,fixed,eig,0,"[0.000,3.142]",none,1,Z,1,ridge,1,adam,adjoint,100,46,13,40,15,358,128,0.6175728992584892,0.9648798644585701,0.5521195896483012,0.6175728992584892,0.31442661421240053,11,0.7830586273109615,0.57772643177935,0.2622181639665043,2.0130695144944957,1.0904255536114336,0.02028247491785796,0.5,0.6222222222222222,0.9334585963868824,164.98,eig_zz_a0.5
B3,molecule,zz,1.0,fixed,1,fixed,eig,0,"[0.000,3.142]",none,1,Z,1,ridge,1,adam,adjoint,100,46,13,40,15,358,128,0.6659154849327915,0.9607024240324865,0.5839317169502316,0.6659154849327915,0.32610992103494624,11,0.8217315242406278,0.5674303514971705,0.3094699001336965,1.907776935231169,0.8131583945371771,0.02032195674947684,1.0,1.2444444444444445,0.9334585963868824,141.21,eig_zz_a1.0
B3,molecule,xy,0.1,fixed,1,fixed,eig,0,"[0.000,3.142]",none,1,Z,1,ridge,1,adam,adjoint,100,46,13,40,15,358,128,0.5850838307404951,0.9713871151003343,0.48617118299175344,0.5850838307404951,0.6771463100911186,11,0.7320964219489612,0.5458295220716899,0.2544294635143799,1.3937824175064735,0.9638002698852521,0.04750812186449705,0.1,0.12444444444444445,0.9334585963868824,152.33,eig_xy_a0.1
B3,molecule,xy,0.5,fixed,1,fixed,eig,0,"[0.000,3.142]",none,1,Z,1,ridge,1,adam,adjoint,100,46,13,40,15,358,128,0.700392798576496,0.9506626554813712,0.585128105184789,0.700392798576496,0.49643413542103065,11,0.7909954075419203,0.5731204945371176,0.2754439670918773,1.5502370651011355,0.8397216776522258,0.1572522147006544,0.5,0.6222222222222222,0.9334585963868824,151.59,eig_xy_a0.5
B3,molecule,xy,1.0,fixed,1,fixed,eig,0,"[0.000,3.142]",none,1,Z,1,ridge,1,adam,adjoint,100,46,13,40,15,358,128,0.7971829661948794,0.9576480850106375,0.6539119935797467,0.7971829661948794,0.20258995666631754,11,0.8055348521268695,0.6603993587911096,0.18017282921099667,1.7331504536821523,0.7387267423048011,0.1075838849753413,1.0,1.2444444444444445,0.9334585963868824,151.92,eig_xy_a1.0
B3,molecule,xxz,0.1,fixed,1,fixed,eig,0,"[0.000,3.142]",none,1,Z,1,ridge,1,adam,adjoint,100,46,13,40,15,358,128,0.5733036761861887,0.9721573894689339,0.47819935829171284,0.5733036761861887,0.6318379626296083,11,0.7161878642710722,0.5427943796893038,0.24210614732804264,1.372261071469126,0.9489182632975969,0.04163603171148597,0.1,0.12444444444444445,0.9334585963868824,159.34,eig_xxz_a0.1
B3,molecule,xxz,0.5,fixed,1,fixed,eig,0,"[0.000,3.142]",none,1,Z,1,ridge,1,adam,adjoint,100,46,13,40,15,358,128,0.6590830008843612,0.9666527334641217,0.5982943479445504,0.6590830008843612,0.25455480968963834,11,0.7638549618837673,0.6050857242669042,0.20785259707591242,1.5925862113114373,0.8626610698932016,0.09042223057951207,0.5,0.6222222222222222,0.9334585963868824,167.68,eig_xxz_a0.5
B3,molecule,xxz,1.0,fixed,1,fixed,eig,0,"[0.000,3.142]",none,1,Z,1,ridge,1,adam,adjoint,100,46,13,40,15,358,128,0.7084722045937405,0.9579582644803514,0.6626528216757569,0.7084722045937405,0.22652987291186638,11,0.7999876602889114,0.46993332718552816,0.4125742801885042,3.834141695768561,1.6342395424659155,0.17157699879851224,1.0,1.2444444444444445,0.9334585963868824,167.9,eig_xxz_a1.0
B3,molecule,trotter,0.1,fixed,1,fixed,eig,0,"[0.000,3.142]",none,1,Z,1,ridge,1,adam,adjoint,100,46,13,40,15,358,128,0.681010355347353,0.9553658291664573,0.5621665756127916,0.681010355347353,0.35178081169922154,11,0.7929190714773113,0.5724775153038125,0.2780126801122182,1.4944935994513746,1.0334420325590934,0.08143231966960784,0.1,0.12444444444444445,0.9334585963868824,187.89,eig_trotter_a0.1
B3,molecule,trotter,0.5,fixed,1,fixed,eig,0,"[0.000,3.142]",none,1,Z,1,ridge,1,adam,adjoint,100,46,13,40,15,358,128,0.7161531374657495,0.9546175006991261,0.6549203887696572,0.7161531374657495,0.24184236200207726,11,0.7940335830314421,0.604625531054735,0.2385390945979761,1.4023127750822655,0.7595950726467802,0.08912384612209998,0.5,0.6222222222222222,0.9334585963868824,182.08,eig_trotter_a0.5
B3,molecule,trotter,1.0,fixed,1,fixed,eig,0,"[0.000,3.142]",none,1,Z,1,ridge,1,adam,adjoint,100,46,13,40,15,358,128,0.7450346411234041,0.9525006808140242,0.6855229476608604,0.7450346411234041,0.10847250133099426,11,0.7658180520605777,0.5968653800046576,0.220617249229528,2.5656903147708907,1.093583101205634,0.03627771789269382,1.0,1.2444444444444445,0.9334585963868824,178.11,eig_trotter_a1.0
B3,molecule,none,0.0,fixed,1,fixed,diag,0,"[0.000,3.142]",none,1,Z,1,ridge,1,adam,adjoint,100,46,13,40,15,358,128,1.0899814184883163,0.8700022116850621,1.0088212180971166,1.0899814184883163,-0.051724223986698806,11,0.868457852895849,0.674091035118955,0.22380685156888522,2.438156629317452,1.8112314533508398,0.004014433304921868,0.0,0.0,0.9334585963868824,105.92,diag_off
B3,molecule,zz,0.1,fixed,1,fixed,diag,0,"[0.000,3.142]",none,1,Z,1,ridge,1,adam,adjoint,100,46,13,40,15,358,128,1.081974811719677,0.8718655149160217,0.998970422902131,1.081974811719677,-0.005302962116848248,11,0.8680937183437728,0.6685061171846672,0.2299148086682354,2.5004504506920178,1.7290609990066645,0.07366743390570657,0.1,0.12444444444444445,0.9334585963868824,130.46,diag_zz_a0.1
B3,molecule,zz,0.5,fixed,1,fixed,diag,0,"[0.000,3.142]",none,1,Z,1,ridge,1,adam,adjoint,100,46,13,40,15,358,128,1.0819702357496175,0.8837151632440106,0.9761312400972594,1.0819702357496175,0.051712311860686325,11,0.8607184642031449,0.6382871499335596,0.2584251686473494,2.609647129102926,1.41357558444628,0.16276696983628264,0.5,0.6222222222222222,0.9334585963868824,129.71,diag_zz_a0.5
B3,molecule,zz,1.0,fixed,1,fixed,diag,0,"[0.000,3.142]",none,1,Z,1,ridge,1,adam,adjoint,100,46,13,40,15,358,128,0.894441603722379,0.9164484047456632,0.8267461154059004,0.894441603722379,0.14316248058057535,11,0.8504805772766474,0.5370514714507593,0.3685317621591431,3.204966692242368,1.3660640937003146,0.14651614578989539,1.0,1.2444444444444445,0.9334585963868824,129.29,diag_zz_a1.0
B3,molecule,xy,0.1,fixed,1,fixed,diag,0,"[0.000,3.142]",none,1,Z,1,ridge,1,adam,adjoint,100,46,13,40,15,358,128,1.0863090801193356,0.8707422455060142,1.0059401330347768,1.0863090801193356,-0.024301343922374666,11,0.8659819049773115,0.6726588491050586,0.2232414496897807,2.3661092649903703,1.636164095293678,0.028110674857350387,0.1,0.12444444444444445,0.9334585963868824,132.21,diag_xy_a0.1
B3,molecule,xy,0.5,fixed,1,fixed,diag,0,"[0.000,3.142]",none,1,Z,1,ridge,1,adam,adjoint,100,46,13,40,15,358,128,0.9391691365205317,0.9079373472227735,0.9122611861676146,0.9391691365205317,0.061772917103058225,11,0.8166524739093077,0.6936007558814203,0.15067819171457347,2.589922837423106,1.4028914667247112,0.07459301004277734,0.5,0.6222222222222222,0.9334585963868824,130.59,diag_xy_a0.5
B3,molecule,xy,1.0,fixed,1,fixed,diag,0,"[0.000,3.142]",none,1,Z,1,ridge,1,adam,adjoint,100,46,13,40,15,358,128,0.8156169402231843,0.9425004292620548,0.7408056585897268,0.8156169402231843,0.18038605379835215,11,0.8350788522197373,0.6416945157549737,0.2315761391283295,2.639115722110673,1.1248794678028227,0.1309768468937312,1.0,1.2444444444444445,0.9334585963868824,128.61,diag_xy_a1.0
B3,molecule,xxz,0.1,fixed,1,fixed,diag,0,"[0.000,3.142]",none,1,Z,1,ridge,1,adam,adjoint,100,46,13,40,15,358,128,1.08061965082401,0.8724845885391062,0.9998394509930487,1.0806196508240102,0.02324539906917679,11,0.8645511398510204,0.6689829783122855,0.22620774240426686,2.3519465330018496,1.626370568885683,0.0812940311575905,0.1,0.12444444444444445,0.9334585963868824,150.08,diag_xxz_a0.1
B3,molecule,xxz,0.5,fixed,1,fixed,diag,0,"[0.000,3.142]",none,1,Z,1,ridge,1,adam,adjoint,100,46,13,40,15,358,128,0.8349767699545726,0.9341185862677807,0.7764540027077591,0.8349767699545726,0.06555508188887726,11,0.8116565769555284,0.662231548905771,0.1840988323044718,3.05188885323508,1.6531260189418184,0.25957657885900504,0.5,0.6222222222222222,0.9334585963868824,151.26,diag_xxz_a0.5
B3,molecule,xxz,1.0,fixed,1,fixed,diag,0,"[0.000,3.142]",none,1,Z,1,ridge,1,adam,adjoint,100,46,13,40,15,358,128,0.7920737589376587,0.9437720049529255,0.7438509013818468,0.7920737589376587,0.20085305686836682,11,0.7914776768161299,0.6068799504438883,0.23323175343974475,2.868715638587014,1.2227426382919597,0.10795676562313798,1.0,1.2444444444444445,0.9334585963868824,149.73,diag_xxz_a1.0
B3,molecule,trotter,0.1,fixed,1,fixed,diag,0,"[0.000,3.142]",none,1,Z,1,ridge,1,adam,adjoint,100,46,13,40,15,358,128,1.0539147156527773,0.8779805214637137,1.0177914376680992,1.0539147156527773,0.07452294901419143,11,0.8568796546441589,0.6808908772335286,0.20538330727867984,1.847108750909075,1.2772753410238145,0.16819711514387328,0.1,0.12444444444444445,0.9334585963868824,173.44,diag_trotter_a0.1
B3,molecule,trotter,0.5,fixed,1,fixed,diag,0,"[0.000,3.142]",none,1,Z,1,ridge,1,adam,adjoint,100,46,13,40,15,358,128,0.6709446854016368,0.9682245060632044,0.588926279891199,0.6709446854016368,0.523077756521872,11,0.7910777411204779,0.6537756434729979,0.17356334341174376,2.9934949358399017,1.621495606159393,0.2281761708134163,0.5,0.6222222222222222,0.9334585963868824,175.72,diag_trotter_a0.5
B3,molecule,trotter,1.0,fixed,1,fixed,diag,0,"[0.000,3.142]",none,1,Z,1,ridge,1,adam,adjoint,100,46,13,40,15,358,128,0.9628817777571249,0.9257968945816291,0.8168265945218538,0.9628817777571249,0.12751258580549155,11,0.8542456717366578,0.6138264923145754,0.2814403249282104,2.8244871649449363,1.2038909822333002,0.1657406399331007,1.0,1.2444444444444445,0.9334585963868824,173.35,diag_trotter_a1.0
