config,target,residual,split,entangler,alpha,alpha_mode,n_rounds,bond_param_mode,encode_source,drop_q0,angle_range,rz_source,canonical,n_reupload,observable,use_cnot,readout,scaler,optimizer,diff_method,epochs,seed,n_qubits,n_params,n_types,n_train,n_test,mae,r2,isomer_mae,isomer_mae_tr,isomer_rho,n_isomer_groups,loss_first,loss_last,loss_drop,param_shift,param_shift_rel,grad_norm_last,alpha_mean,angle_max,comp_r2,time_s,arm,mae_krr,isomer_mae_krr,n_types_train,max_types,train_frac,types_from_train,mae_ridge,r2_ridge,n_isomer_groups_ridge,isomer_mae_ridge,isomer_mae_tr_ridge,isomer_rho_ridge,r2_krr,n_isomer_groups_krr,isomer_mae_tr_krr,isomer_rho_krr,hidden_width,node_feat
B5,HLgap,0,molecule,zz,0.1,bytype,3,bytype,eig,0,"[0.000,3.142]",none,1,1,Z,1,ridge,1,adam,adjoint,100,42,13,114,22,150,54,0.5123030054170312,0.5180689479114888,0.3353399955908411,0.5035682661750883,0.40399999999999997,10,0.2940597495770254,0.03660042152817028,0.8755340655060198,8.858676722968688,3.5091949082417115,0.020249762193417817,0.23845399511503373,0.7568727929307552,0.0,104.46,zz_bytype_r3,0.5153904340789223,0.33953373993907393,21,0,1.0,1,0.5123030054170312,0.5180689479114888,10,0.3353399955908411,0.5035682661750883,0.40399999999999997,0.511011381266899,10,0.50774770896712,0.29899999999999993,,
B5,HLgap,0,molecule,xy,0.1,bytype,3,bytype,eig,0,"[0.000,3.142]",none,1,1,Z,1,ridge,1,adam,adjoint,100,42,13,114,22,150,54,0.3542175593028983,0.7478173492144167,0.2658967436212331,0.35195266269689085,0.5366666666666667,10,0.4621032109639549,0.03128261217879306,0.9323038415735372,8.309649231173509,3.291708195616001,0.009818111137202596,0.17658937450438786,0.6683247594130916,0.0,110.44,xy_bytype_r3,0.34367303016160017,0.2666765139216461,21,0,1.0,1,0.3542175593028983,0.7478173492144167,10,0.2658967436212331,0.35195266269689085,0.5366666666666667,0.7583425492988027,10,0.34580898711194025,0.5566666666666665,,
B5,HLgap,0,molecule,none,0.0,fixed,3,fixed,eig,0,"[0.000,3.142]",none,1,1,Z,1,ridge,1,adam,adjoint,100,42,13,92,22,150,54,0.6780150078652563,0.062245882492729554,0.44423954221840817,0.6973382711220972,-0.05666666666666668,10,0.6015387288948953,0.23412834243797628,0.6107842584498251,2.5830979391656057,1.2567514239223738,0.13084225904330618,0.0,0.0,0.0,79.73,none_r3,0.7003221981784244,0.4501744983967732,21,0,1.0,1,0.6780150078652563,0.062245882492729554,10,0.44423954221840817,0.6973382711220972,-0.05666666666666668,0.035043472816577825,10,0.7147400370592446,-0.14733333333333334,,
B5,HLgap,0,molecule,xy,0.1,bytype_shuffled,3,bytype_shuffled,eig,0,"[0.000,3.142]",none,1,1,Z,1,ridge,1,adam,adjoint,100,42,13,114,22,150,54,0.7604007801655309,-0.14058815278706027,0.49829245497266506,0.7889100151599289,-0.07900000000000003,10,0.4621032109639549,0.12879611584066758,0.7212827940061339,11.164878115627278,4.4227523658148336,0.03608317076440287,0.11584819399791813,1.8487839474413172,0.0,113.85,xy_shuffled_r3,0.7599874169236498,0.49050511390685403,21,0,1.0,1,0.7604007801655309,-0.14058815278706027,10,0.49829245497266506,0.7889100151599289,-0.07900000000000003,-0.14273440841356666,10,0.78830719551393,-0.0010000000000000052,,
B5,HLgap,0,,,,,,,,,,,,,,,,,,,,42,,150,,150,54,0.5787258447901483,0.25783655810271366,0.39864026761478355,0.5992384831957185,0.10400000000000002,10,,,,,,,,,,,krr_res,,,,,,,,,,,,,,,,,,
B5,HLgap,0,,,,,,,,,,,,,,,,,,,,42,,0,,150,54,0.8399892358024691,-0.012110839663107109,0.3974524089223058,0.8395956447999998,nan,10,,,,,,,,,,,composition,,,,,,,,,,,,,,,,,,
B5,HLgap,0,,,,,,,,,,,,,,,,,,,,42,,113,,150,54,0.40149528986538807,0.5946066458327376,0.3340142244993164,0.40159927308027654,0.544,10,0.31499695777893066,0.06785502284765244,,,,,,,,,C3_eigfeat,,,,,,,,,,,,,,,,,30,eig
B5,HLgap,0,,,,,,,,,,,,,,,,,,,,42,,114,,150,54,0.3871080541751131,0.6668011293017903,0.3420456040875915,0.3970585767110411,0.25098112084988194,10,0.3204614818096161,0.046114228665828705,,,,,,,,,C3_msgpass,,,,,,,,,,,,,,,,,13,atom
B5,HLgap,0,molecule,zz,0.1,bytype,3,bytype,eig,0,"[0.000,3.142]",none,1,1,Z,1,ridge,1,adam,adjoint,100,43,13,115,23,159,45,0.52747610926453,0.37941446975461557,0.32511187099323197,0.5165129136653437,0.11345238095238101,9,0.36065099103301435,0.034616513287047374,0.9040165862628156,9.83584465855538,3.3300845199137,0.01549994795801921,0.23618921712398688,0.9672012413945756,0.0,110.02,zz_bytype_r3,0.4996300240772135,0.3331836921478056,22,0,1.0,1,0.52747610926453,0.37941446975461557,9,0.32511187099323197,0.5165129136653437,0.11345238095238101,0.41816353741617784,9,0.4837116057120846,0.09440476190476196,,
B5,HLgap,0,molecule,xy,0.1,bytype,3,bytype,eig,0,"[0.000,3.142]",none,1,1,Z,1,ridge,1,adam,adjoint,100,43,13,115,23,159,45,0.4188402179571725,0.6654571373549256,0.35310547474107806,0.388623960869064,0.29761904761904767,9,0.5745248606586193,0.02707109998358772,0.9528808902149959,11.02337374449569,3.7321417263171517,0.008781020256118186,0.2908699590184102,1.2821790144069152,0.0,116.54,xy_bytype_r3,0.414904583543745,0.34958985777172424,22,0,1.0,1,0.4188402179571725,0.6654571373549256,9,0.35310547474107806,0.388623960869064,0.29761904761904767,0.6644574412210542,9,0.385012486496227,0.29761904761904767,,
B5,HLgap,0,molecule,none,0.0,fixed,3,fixed,eig,0,"[0.000,3.142]",none,1,1,Z,1,ridge,1,adam,adjoint,100,43,13,92,23,159,45,0.500925594986052,0.49817658221432026,0.27997183566947825,0.4807913757447995,-0.06690476190476194,9,0.5987214848183825,0.322739729089103,0.46095181604013497,3.077897127607626,1.2440728320573287,0.0035451086083365616,0.0,0.0,0.0,83.54,none_r3,0.49191397875063175,0.28021485327158724,22,0,1.0,1,0.500925594986052,0.49817658221432026,9,0.27997183566947825,0.4807913757447995,-0.06690476190476194,0.5490428957600579,9,0.47438144605194593,-0.1326190476190476,,
B5,HLgap,0,molecule,xy,0.1,bytype_shuffled,3,bytype_shuffled,eig,0,"[0.000,3.142]",none,1,1,Z,1,ridge,1,adam,adjoint,100,43,13,115,23,159,45,0.6941524013769782,0.06642718506078138,0.4870091741840475,0.6530715428094168,0.19988095238095244,9,0.5745248606586193,0.07648227007888944,0.8668773532424475,9.921012969512871,3.3589196310558873,0.02305928627701848,0.6305730619589978,0.9215831707430003,0.0,119.53,xy_shuffled_r3,0.6897951958459837,0.49782426740508506,22,0,1.0,1,0.6941524013769782,0.06642718506078138,9,0.4870091741840475,0.6530715428094168,0.19988095238095244,0.07894729488931695,9,0.6614182448369264,0.22369047619047625,,
B5,HLgap,0,,,,,,,,,,,,,,,,,,,,43,,159,,159,45,0.49735455855024113,0.494684720298318,0.3386285790636706,0.5021337331283053,-0.2542857142857143,9,,,,,,,,,,,krr_res,,,,,,,,,,,,,,,,,,
B5,HLgap,0,,,,,,,,,,,,,,,,,,,,43,,0,,159,45,0.928634453529001,-0.3235175602716729,0.266983875,0.9561652938679248,nan,9,,,,,,,,,,,composition,,,,,,,,,,,,,,,,,,
B5,HLgap,0,,,,,,,,,,,,,,,,,,,,43,,114,,159,45,0.4310079851844054,0.6873989211610662,0.3160354986508227,0.44213045490423575,0.4007142857142857,9,0.3507092595100403,0.07201886177062988,,,,,,,,,C3_eigfeat,,,,,,,,,,,,,,,,,30,eig
B5,HLgap,0,,,,,,,,,,,,,,,,,,,,43,,115,,159,45,0.506423688220848,0.5290673200194305,0.335808322474697,0.4968763360646841,0.1058781629377529,9,0.3849647045135498,0.028498871251940727,,,,,,,,,C3_msgpass,,,,,,,,,,,,,,,,,13,atom
B5,HLgap,0,molecule,zz,0.1,bytype,3,bytype,eig,0,"[0.000,3.142]",none,1,1,Z,1,ridge,1,adam,adjoint,100,44,13,114,22,153,51,0.4402396815051482,0.7459286295982865,0.41033467703882814,0.425747577182263,0.2539549146057425,7,0.3110474850492815,0.03298073032212253,0.8939688249950095,10.010667560596133,3.465394371585381,0.034380949150415646,0.20720557109527588,0.6858033800263558,0.0,105.99,zz_bytype_r3,0.43498203621880577,0.4038566921516112,21,0,1.0,1,0.4402396815051482,0.7459286295982865,7,0.41033467703882814,0.425747577182263,0.2539549146057425,0.7533748235499121,7,0.42123118987677016,0.24991668604200576,,
B5,HLgap,0,molecule,xy,0.1,bytype,3,bytype,eig,0,"[0.000,3.142]",none,1,1,Z,1,ridge,1,adam,adjoint,100,44,13,114,22,153,51,0.4656952101824393,0.7128693381774605,0.3309397414455752,0.4343671015032838,0.5346357640206072,7,0.39002907692404415,0.03187554616665333,0.9182739235288837,9.248916246066692,3.2016987986439007,0.006215541420525695,0.023387219335524248,1.0246646818975578,0.0,110.89,xy_bytype_r3,0.44475816359361203,0.3236765238151172,21,0,1.0,1,0.4656952101824393,0.7128693381774605,7,0.3309397414455752,0.4343671015032838,0.5346357640206072,0.7362235077035113,7,0.41716907621641475,0.5524039697010487,,
B5,HLgap,0,molecule,none,0.0,fixed,3,fixed,eig,0,"[0.000,3.142]",none,1,1,Z,1,ridge,1,adam,adjoint,100,44,13,92,22,153,51,0.6268154470674477,0.5187875747373123,0.5037177758535301,0.6263194131554051,-0.08268742071407298,7,0.510211202208781,0.30667858603074666,0.39891836027298316,2.737055427888439,1.1311496364825058,0.02325755196742428,0.0,0.0,0.0,80.3,none_r3,0.6587642728314882,0.5138705501523801,21,0,1.0,1,0.6268154470674477,0.5187875747373123,7,0.5037177758535301,0.6263194131554051,-0.08268742071407298,0.5061010858146179,7,0.6542919838412367,-0.05469923355237661,,
B5,HLgap,0,molecule,xy,0.1,bytype_shuffled,3,bytype_shuffled,eig,0,"[0.000,3.142]",none,1,1,Z,1,ridge,1,adam,adjoint,100,44,13,114,22,153,51,1.0426693002214955,-0.8704527084524667,0.8905489505516588,1.018297460399484,0.011553718637444577,7,0.39002907692404415,0.14891568649506112,0.6181933724801201,8.486835578930856,2.937889213658612,0.012862713517628348,0.21348695967795503,0.8488096821929236,0.0,115.65,xy_shuffled_r3,0.9446787416166283,0.8126584912449786,21,0,1.0,1,1.0426693002214955,-0.8704527084524667,7,0.8905489505516588,1.018297460399484,0.011553718637444577,-0.28592706043941085,7,0.934856510530026,0.05845101302430687,,
B5,HLgap,0,,,,,,,,,,,,,,,,,,,,44,,153,,153,51,0.5638095744598459,0.5798003098527942,0.5042215943541768,0.5538623561141623,0.1471373446403733,7,,,,,,,,,,,krr_res,,,,,,,,,,,,,,,,,,
B5,HLgap,0,,,,,,,,,,,,,,,,,,,,44,,0,,153,51,0.9658359978213507,-9.612088492372273e-05,0.41925985886818473,0.9949107198067633,nan,7,,,,,,,,,,,composition,,,,,,,,,,,,,,,,,,
B5,HLgap,0,,,,,,,,,,,,,,,,,,,,44,,113,,153,51,0.45115819088857323,0.728221958366768,0.3788481871387724,0.4644358239867115,0.2746179998939455,7,0.3520328104496002,0.08975191414356232,,,,,,,,,C3_eigfeat,,,,,,,,,,,,,,,,,30,eig
B5,HLgap,0,,,,,,,,,,,,,,,,,,,,44,,114,,153,51,0.4573554149486495,0.7401309912861781,0.3956550424541325,0.47830574785789676,0.38415862267723944,7,0.3661097288131714,0.024201232939958572,,,,,,,,,C3_msgpass,,,,,,,,,,,,,,,,,13,atom
B5,HLgap,0,molecule,zz,0.1,bytype,3,bytype,eig,0,"[0.000,3.142]",none,1,1,Z,1,ridge,1,adam,adjoint,100,45,13,114,22,153,51,0.5435607209706083,0.6542272541342398,0.29600197680320667,0.5495007735972732,0.5142857142857143,12,0.47691728819319046,0.0454050750905462,0.9047946547239583,12.106790719396798,4.293228722407673,0.028941067244560453,-0.16352598356360024,1.0215512925895252,0.0,107.62,zz_bytype_r3,0.5386939968997111,0.31720434829981903,21,0,1.0,1,0.5435607209706083,0.6542272541342398,12,0.29600197680320667,0.5495007735972732,0.5142857142857143,0.6471482961106285,12,0.5451517136210099,0.512111801242236,,
B5,HLgap,0,molecule,xy,0.1,bytype,3,bytype,eig,0,"[0.000,3.142]",none,1,1,Z,1,ridge,1,adam,adjoint,100,45,13,114,22,153,51,0.4508167362232369,0.7568409871581758,0.25793984957731775,0.4511018846810121,0.5630434782608696,12,0.5616963224574738,0.06736860227512366,0.8800622336632369,8.70078059176656,3.0854123119591312,0.04425316047359726,0.14095232488530385,0.8479198734410165,0.0,112.59,xy_bytype_r3,0.4565993580902066,0.2675836460340686,21,0,1.0,1,0.4508167362232369,0.7568409871581758,12,0.25793984957731775,0.4511018846810121,0.5630434782608696,0.7515226705854845,12,0.4667964288992072,0.6937888198757765,,
B5,HLgap,0,molecule,none,0.0,fixed,3,fixed,eig,0,"[0.000,3.142]",none,1,1,Z,1,ridge,1,adam,adjoint,100,45,13,92,22,153,51,0.695788287680889,0.5118947070073084,0.4454516364776548,0.7068184055493542,-0.04534161490683229,12,0.5805027044351152,0.2916902031497099,0.4975213708374495,3.083631363777964,1.311663467259032,0.0014164536128905886,0.0,0.0,0.0,81.17,none_r3,0.7019662487411917,0.44365051964493474,21,0,1.0,1,0.695788287680889,0.5118947070073084,12,0.4454516364776548,0.7068184055493542,-0.04534161490683229,0.5006479449175766,12,0.7194887223000336,-0.05186335403726705,,
B5,HLgap,0,molecule,xy,0.1,bytype_shuffled,3,bytype_shuffled,eig,0,"[0.000,3.142]",none,1,1,Z,1,ridge,1,adam,adjoint,100,45,13,114,22,153,51,0.8084958591394988,0.35767285018896855,0.5217754004418894,0.7741509283859892,-0.1357142857142857,12,0.5616963224574738,0.15707293571701592,0.7203596864764804,11.583190738155213,4.107553217592266,0.015360252285739496,0.356355044598006,1.5191654488547268,0.0,116.33,xy_shuffled_r3,0.7977576043119843,0.5295882124489181,21,0,1.0,1,0.8084958591394988,0.35767285018896855,12,0.5217754004418894,0.7741509283859892,-0.1357142857142857,0.39695602674401154,12,0.7752504421006556,-0.17267080745341615,,
B5,HLgap,0,,,,,,,,,,,,,,,,,,,,45,,153,,153,51,0.5569542505969997,0.6751705874023155,0.3942625400191399,0.5554476445320797,0.3549689440993788,12,,,,,,,,,,,krr_res,,,,,,,,,,,,,,,,,,
B5,HLgap,0,,,,,,,,,,,,,,,,,,,,45,,0,,153,51,1.0498651350762531,-0.0012981544545902501,0.4512097143610013,1.0791412657004833,nan,12,,,,,,,,,,,composition,,,,,,,,,,,,,,,,,,
B5,HLgap,0,,,,,,,,,,,,,,,,,,,,45,,113,,153,51,0.36155463755317,0.831839868853777,0.23702024775421596,0.3595214139640103,0.5437888198757764,12,0.3393399715423584,0.0910734012722969,,,,,,,,,C3_eigfeat,,,,,,,,,,,,,,,,,30,eig
B5,HLgap,0,,,,,,,,,,,,,,,,,,,,45,,114,,153,51,0.3461130229899439,0.8536910992258205,0.2788392270468526,0.3463367160738754,0.36294063806463334,12,0.33308839797973633,0.035852525383234024,,,,,,,,,C3_msgpass,,,,,,,,,,,,,,,,,13,atom
B5,HLgap,0,molecule,zz,0.1,bytype,3,bytype,eig,0,"[0.000,3.142]",none,1,1,Z,1,ridge,1,adam,adjoint,100,46,13,115,23,150,54,0.40979198757183405,0.7170180557128316,0.3030523134988773,0.39392944516581024,0.3022321428571429,11,0.4126718841941664,0.04020907467106956,0.9025640558246736,11.96480040322273,3.8347996379916753,0.017387382890668598,0.1813930471475571,0.9653505889302595,0.0,103.72,zz_bytype_r3,0.40703980882587315,0.30936511555004914,22,0,1.0,1,0.40979198757183405,0.7170180557128316,11,0.3030523134988773,0.39392944516581024,0.3022321428571429,0.7111578064928461,11,0.3887831992324619,0.16711309523809526,,
B5,HLgap,0,molecule,xy,0.1,bytype,3,bytype,eig,0,"[0.000,3.142]",none,1,1,Z,1,ridge,1,adam,adjoint,100,46,13,115,23,150,54,0.3884621173333415,0.7927872622015952,0.27359465844595005,0.3790909709971688,0.35446428571428573,11,0.6469576194084858,0.05983006347181143,0.9075208921312123,9.742641314093383,3.1225825860249876,0.021706628210307385,0.30779573232316293,0.7561626630684751,0.0,110.2,xy_bytype_r3,0.3874061532609955,0.27141181381337176,22,0,1.0,1,0.3884621173333415,0.7927872622015952,11,0.27359465844595005,0.3790909709971688,0.35446428571428573,0.7898137456832489,11,0.3703959438193265,0.3898809523809524,,
B5,HLgap,0,molecule,none,0.0,fixed,3,fixed,eig,0,"[0.000,3.142]",none,1,1,Z,1,ridge,1,adam,adjoint,100,46,13,92,23,150,54,0.5061603114450134,0.5876503179826246,0.28452001611373734,0.5059817986359209,-0.08095238095238093,11,0.6556498394098662,0.33485873094369367,0.48927200036365215,3.8682582213515073,1.4649853737579959,0.0033476415180855473,0.0,0.0,0.0,78.78,none_r3,0.533788095011129,0.28820314863196933,22,0,1.0,1,0.5061603114450134,0.5876503179826246,11,0.28452001611373734,0.5059817986359209,-0.08095238095238093,0.5611624440086116,11,0.5266759037899736,-0.07083333333333329,,
B5,HLgap,0,molecule,xy,0.1,bytype_shuffled,3,bytype_shuffled,eig,0,"[0.000,3.142]",none,1,1,Z,1,ridge,1,adam,adjoint,100,46,13,115,23,150,54,0.6348003811899896,0.48478283785231246,0.4228413058096625,0.5750457867974392,0.1467261904761905,11,0.6469576194084858,0.11342763068138856,0.8246753306884373,10.97247772509236,3.5167534927471387,0.02345938179879596,0.28107491491683634,1.6777302107411218,0.0,112.29,xy_shuffled_r3,0.6441273494675269,0.4300165731760002,22,0,1.0,1,0.6348003811899896,0.48478283785231246,11,0.4228413058096625,0.5750457867974392,0.1467261904761905,0.46808523430170046,11,0.5882245367298936,0.0008928571428571674,,
B5,HLgap,0,,,,,,,,,,,,,,,,,,,,46,,150,,150,54,0.5678822983677647,0.548838684392771,0.3247995242173894,0.5704689255901434,0.1879464285714286,11,,,,,,,,,,,krr_res,,,,,,,,,,,,,,,,,,
B5,HLgap,0,,,,,,,,,,,,,,,,,,,,46,,0,,150,54,1.014795477777778,-0.054114518845086224,0.2715678498286435,1.0616830916666666,nan,11,,,,,,,,,,,composition,,,,,,,,,,,,,,,,,,
B5,HLgap,0,,,,,,,,,,,,,,,,,,,,46,,114,,150,54,0.470765196967648,0.587593006690522,0.32418847718600546,0.46157699455713885,0.3117559523809524,11,0.4045409560203552,0.0750114694237709,,,,,,,,,C3_eigfeat,,,,,,,,,,,,,,,,,30,eig
B5,HLgap,0,,,,,,,,,,,,,,,,,,,,46,,115,,150,54,0.39292099484919013,0.797123366252453,0.1821546090896177,0.3929716638221352,0.3808878304344297,11,0.38670027256011963,0.030813779681921005,,,,,,,,,C3_msgpass,,,,,,,,,,,,,,,,,13,atom
B5,HLgap,0,molecule,zz,0.1,bytype,3,bytype,eig,0,"[0.000,3.142]",none,1,1,Z,1,ridge,1,adam,adjoint,100,47,13,114,22,163,41,0.5608194220524145,0.584703644460527,0.3298199857789923,0.48988080791297484,0.2878787878787879,9,0.4073570094368772,0.056721573142771334,0.8607570955482461,11.718029517248667,3.982567500119785,0.020384569003121362,0.2508812025847533,0.7337836115476745,0.0,113.02,zz_bytype_r3,0.5361876894808169,0.31536711842107085,21,0,1.0,1,0.5608194220524145,0.584703644460527,9,0.3298199857789923,0.48988080791297484,0.2878787878787879,0.62988805355222,9,0.4697175838750376,0.2878787878787879,,
B5,HLgap,0,molecule,xy,0.1,bytype,3,bytype,eig,0,"[0.000,3.142]",none,1,1,Z,1,ridge,1,adam,adjoint,100,47,13,114,22,163,41,0.6096904722950284,0.07427631437260018,0.5170651062719707,0.5862110110972105,0.2393939393939394,9,0.6840588518299242,0.036507902745987,0.9466304651298278,7.842798250998943,2.665505610687212,0.014354017283675632,0.1695153887184442,0.6802732521261259,0.0,119.27,xy_bytype_r3,0.5718400526818185,0.4852940020407411,21,0,1.0,1,0.6096904722950284,0.07427631437260018,9,0.5170651062719707,0.5862110110972105,0.2393939393939394,0.13971436468844511,9,0.5870191908169116,0.2393939393939394,,
B5,HLgap,0,molecule,none,0.0,fixed,3,fixed,eig,0,"[0.000,3.142]",none,1,1,Z,1,ridge,1,adam,adjoint,100,47,13,92,22,163,41,0.589482797149214,0.5361257492074805,0.23250013368298372,0.5551214354450175,0.20000000000000004,9,0.6785625327844513,0.3247213594688642,0.5214569862317855,2.95397780225159,1.1943521298836597,0.03831840183651169,0.0,0.0,0.0,85.81,none_r3,0.5140589474356033,0.22527440406112667,21,0,1.0,1,0.589482797149214,0.5361257492074805,9,0.23250013368298372,0.5551214354450175,0.20000000000000004,0.6867501570265773,9,0.5265956588930364,0.403030303030303,,
B5,HLgap,0,molecule,xy,0.1,bytype_shuffled,3,bytype_shuffled,eig,0,"[0.000,3.142]",none,1,1,Z,1,ridge,1,adam,adjoint,100,47,13,114,22,163,41,0.741017745724554,0.27280624664141895,0.27831524545925596,0.6618360512610463,0.3,9,0.6840588518299242,0.1267292303897865,0.8147392873423487,12.923977223256028,4.392428913569834,0.012887334737112186,0.2129544946294544,2.159380858618889,0.0,122.91,xy_shuffled_r3,0.7371386680571046,0.300745641118927,21,0,1.0,1,0.741017745724554,0.27280624664141895,9,0.27831524545925596,0.6618360512610463,0.3,0.2832930445251217,9,0.6653436616908961,0.2545454545454546,,
B5,HLgap,0,,,,,,,,,,,,,,,,,,,,47,,163,,163,41,0.4287212244368438,0.7632503968196929,0.27846893162212816,0.44334507462595957,0.2333333333333333,9,,,,,,,,,,,krr_res,,,,,,,,,,,,,,,,,,
B5,HLgap,0,,,,,,,,,,,,,,,,,,,,47,,0,,163,41,1.0156170044890023,-0.08137316505481595,0.24491800303030298,1.064688712957799,nan,9,,,,,,,,,,,composition,,,,,,,,,,,,,,,,,,
B5,HLgap,0,,,,,,,,,,,,,,,,,,,,47,,113,,163,41,0.36206535462430306,0.8269493044539632,0.21110488555199441,0.3629627776597233,0.5181818181818182,9,0.3625236451625824,0.07468917220830917,,,,,,,,,C3_eigfeat,,,,,,,,,,,,,,,,,30,eig
B5,HLgap,0,,,,,,,,,,,,,,,,,,,,47,,114,,163,41,0.299396030781023,0.8550381671592538,0.22139092283457354,0.30741709800459766,0.5756503905551287,9,0.3622989356517792,0.03623664006590843,,,,,,,,,C3_msgpass,,,,,,,,,,,,,,,,,13,atom
B5,HLgap,0,molecule,zz,0.1,bytype,3,bytype,eig,0,"[0.000,3.142]",none,1,1,Z,1,ridge,1,adam,adjoint,100,48,13,114,22,156,48,0.5378875122085502,0.5281093977749713,0.3778745446403382,0.5171982633064908,0.4253130590339893,9,0.3328504022085872,0.02564432131799741,0.9229554143608127,10.119105323181381,3.3630798531383146,0.0192728495989088,0.10523713091336974,0.8056537768126147,0.0,109.09,zz_bytype_r3,0.5122041528995406,0.34717329626512855,21,0,1.0,1,0.5378875122085502,0.5281093977749713,9,0.3778745446403382,0.5171982633064908,0.4253130590339893,0.5880055967971509,9,0.49242097091735326,0.42674418604651165,,
B5,HLgap,0,molecule,xy,0.1,bytype,3,bytype,eig,0,"[0.000,3.142]",none,1,1,Z,1,ridge,1,adam,adjoint,100,48,13,114,22,156,48,0.40308780448096054,0.7517149795759859,0.2570992709879436,0.4066176267060877,0.27692307692307694,9,0.5351973014895562,0.058317733840946996,0.8910350749552779,9.297774156480035,3.090110829566627,0.011762877587680456,-0.10830797421914165,0.7921787052900773,0.0,114.59,xy_bytype_r3,0.40007335683611517,0.25352682883212346,21,0,1.0,1,0.40308780448096054,0.7517149795759859,9,0.2570992709879436,0.4066176267060877,0.27692307692307694,0.7515222517811752,9,0.40289518175433026,0.2912343470483006,,
B5,HLgap,0,molecule,none,0.0,fixed,3,fixed,eig,0,"[0.000,3.142]",none,1,1,Z,1,ridge,1,adam,adjoint,100,48,13,92,22,156,48,0.7071660241128379,0.30012208578319677,0.48573337008685263,0.7574269740116621,-0.20044722719141325,9,0.5088732109648101,0.2689113733281194,0.4715552567244195,2.2614511106652544,0.8903915547494445,0.006484060535268913,0.0,0.0,0.0,81.21,none_r3,0.7010239900548294,0.4752775403590966,21,0,1.0,1,0.7071660241128379,0.30012208578319677,9,0.48573337008685263,0.7574269740116621,-0.20044722719141325,0.30159236717699733,9,0.750083718983167,-0.22620751341681575,,
B5,HLgap,0,molecule,xy,0.1,bytype_shuffled,3,bytype_shuffled,eig,0,"[0.000,3.142]",none,1,1,Z,1,ridge,1,adam,adjoint,100,48,13,114,22,156,48,0.7981908143161928,0.12413692566474244,0.6597143522205129,0.8426824600699416,0.05089445438282648,9,0.5351973014895562,0.1345112915998421,0.748669712598566,9.274538634101788,3.0823885147283367,0.015616907024477444,0.17163674891711797,1.1483955797056595,0.0,117.52,xy_shuffled_r3,0.8069185560394526,0.6581650097112972,21,0,1.0,1,0.7981908143161928,0.12413692566474244,9,0.6597143522205129,0.8426824600699416,0.05089445438282648,0.09991736092901604,9,0.8518437713968263,0.020214669051878343,,
B5,HLgap,0,,,,,,,,,,,,,,,,,,,,48,,156,,156,48,0.5524562336264501,0.41115270013648597,0.42612100118922663,0.5795854083545644,0.2770125223613596,9,,,,,,,,,,,krr_res,,,,,,,,,,,,,,,,,,
B5,HLgap,0,,,,,,,,,,,,,,,,,,,,48,,0,,156,48,0.9509560822649571,-0.11363308629724389,0.38372291029900335,0.9521093384019079,nan,9,,,,,,,,,,,composition,,,,,,,,,,,,,,,,,,
B5,HLgap,0,,,,,,,,,,,,,,,,,,,,48,,113,,156,48,0.5154070149954648,0.6185198161328374,0.3837721666845514,0.5369118005784546,0.31091234347048297,9,0.3331848382949829,0.0630607083439827,,,,,,,,,C3_eigfeat,,,,,,,,,,,,,,,,,30,eig
B5,HLgap,0,,,,,,,,,,,,,,,,,,,,48,,114,,156,48,0.38462999406487347,0.7870041535039005,0.2890857087795737,0.40278225136300283,0.43955438164168253,9,0.3421888053417206,0.039451077580451965,,,,,,,,,C3_msgpass,,,,,,,,,,,,,,,,,13,atom
B5,HLgap,0,molecule,zz,0.1,bytype,3,bytype,eig,0,"[0.000,3.142]",none,1,1,Z,1,ridge,1,adam,adjoint,100,49,13,113,21,157,47,0.36704143657989596,0.7577468952385127,0.23152751742355582,0.28686877433113583,0.3875415282392027,11,0.39240464214031984,0.05395051331175601,0.8625130604533882,11.018603656243984,3.6872648516885183,0.013408878072340827,-0.1762818194813866,0.7632973436870794,0.0,108.86,zz_bytype_r3,0.37417280300003325,0.24310436647134062,20,0,1.0,1,0.36704143657989596,0.7577468952385127,11,0.23152751742355582,0.28686877433113583,0.3875415282392027,0.7556597828781848,11,0.29307870302428063,0.2945182724252492,,
B5,HLgap,0,molecule,xy,0.1,bytype,3,bytype,eig,0,"[0.000,3.142]",none,1,1,Z,1,ridge,1,adam,adjoint,100,49,13,113,21,157,47,0.34451666851648777,0.827380618073848,0.2299519668450663,0.31078714734181184,0.2770764119601329,11,0.7961736234061562,0.048771785938964814,0.9387422736634863,7.568497875435826,2.5327216648145314,0.018653335904752776,0.08788806716468667,0.792214701150911,0.0,116.39,xy_bytype_r3,0.34293551142416917,0.22254126636378427,20,0,1.0,1,0.34451666851648777,0.827380618073848,11,0.2299519668450663,0.31078714734181184,0.2770764119601329,0.8394059328684864,11,0.3121688076451564,0.2770764119601329,,
B5,HLgap,0,molecule,none,0.0,fixed,3,fixed,eig,0,"[0.000,3.142]",none,1,1,Z,1,ridge,1,adam,adjoint,100,49,13,92,21,157,47,0.6382394998201631,0.5217480885609479,0.33469625912367007,0.6440967387585396,-0.1699335548172758,11,0.7422444474956577,0.28540968665088035,0.6154775052695156,3.0725470034476383,1.214431584784538,0.011192971054491147,0.0,0.0,0.0,81.24,none_r3,0.6381207148781147,0.3264746599245877,20,0,1.0,1,0.6382394998201631,0.5217480885609479,11,0.33469625912367007,0.6440967387585396,-0.1699335548172758,0.5209315204285586,11,0.6360436257541331,-0.15265780730897016,,
B5,HLgap,0,molecule,xy,0.1,bytype_shuffled,3,bytype_shuffled,eig,0,"[0.000,3.142]",none,1,1,Z,1,ridge,1,adam,adjoint,100,49,13,113,21,157,47,0.8650041446588816,-0.18472826200612147,0.5908569778558986,0.8549905879650681,0.1294019933554817,11,0.7961736234061562,0.16069915404361124,0.7981606658154349,9.428845775904032,3.1552683721209305,0.03198998342101945,-0.10202897543805858,1.1832075778163809,0.0,116.47,xy_shuffled_r3,0.7658688034133195,0.4744214294983665,20,0,1.0,1,0.8650041446588816,-0.18472826200612147,11,0.5908569778558986,0.8549905879650681,0.1294019933554817,0.28816687653256867,11,0.7570132952757496,0.1612956810631229,,
B5,HLgap,0,,,,,,,,,,,,,,,,,,,,49,,157,,157,47,0.4649024989488099,0.7068730569917989,0.27437867975382246,0.418358761560571,0.17857142857142855,11,,,,,,,,,,,krr_res,,,,,,,,,,,,,,,,,,
B5,HLgap,0,,,,,,,,,,,,,,,,,,,,49,,0,,157,47,0.9830570574603607,-0.0001961219949120352,0.31245962790697673,1.0319334980581019,nan,11,,,,,,,,,,,composition,,,,,,,,,,,,,,,,,,
B5,HLgap,0,,,,,,,,,,,,,,,,,,,,49,,112,,157,47,0.5158365690857489,0.6468486567340971,0.3250722146508409,0.4635365773672635,-0.009302325581395383,11,0.30135488510131836,0.10143740475177765,,,,,,,,,C3_eigfeat,,,,,,,,,,,,,,,,,30,eig
B5,HLgap,0,,,,,,,,,,,,,,,,,,,,49,,113,,157,47,0.313914849130209,0.8871791922271586,0.16229410964996163,0.31115442082274514,0.4994487716647191,11,0.30625659227371216,0.04116002470254898,,,,,,,,,C3_msgpass,,,,,,,,,,,,,,,,,13,atom
B5,HLgap,0,molecule,zz,0.1,bytype,3,bytype,eig,0,"[0.000,3.142]",none,1,1,Z,1,ridge,1,adam,adjoint,100,50,13,115,23,158,46,0.440398062750557,0.8262680195192527,0.279508086413091,0.4465351347230567,0.6076923076923076,6,0.43239386109865513,0.05648212557444026,0.8693734332145079,10.380208171424531,3.289113440630471,0.0076556048162504,-0.02280118877831441,0.8400499609790555,0.0,109.67,zz_bytype_r3,0.3758163582928216,0.2789603808149779,22,0,1.0,1,0.440398062750557,0.8262680195192527,6,0.279508086413091,0.4465351347230567,0.6076923076923076,0.8794033823595586,6,0.37139971259787696,0.41153846153846146,,
B5,HLgap,0,molecule,xy,0.1,bytype,3,bytype,eig,0,"[0.000,3.142]",none,1,1,Z,1,ridge,1,adam,adjoint,100,50,13,115,23,158,46,0.8259991891649185,0.07961507693646463,0.3440481251197794,0.8907797789078936,0.5179487179487179,6,0.508160455132592,0.03361745968578276,0.9338447938122003,10.463303035833617,3.315443205011081,0.00832235729315532,-0.07598401831740009,1.0007070940826306,0.0,114.86,xy_bytype_r3,0.8412371472083082,0.346860418173384,22,0,1.0,1,0.8259991891649185,0.07961507693646463,6,0.3440481251197794,0.8907797789078936,0.5179487179487179,0.027982923161593898,6,0.909842996192312,0.46025641025641034,,
B5,HLgap,0,molecule,none,0.0,fixed,3,fixed,eig,0,"[0.000,3.142]",none,1,1,Z,1,ridge,1,adam,adjoint,100,50,13,92,23,158,46,0.7058568709191447,0.45698903054771534,0.3127162796301831,0.7455496214290289,0.3578144078144078,6,0.5220986569291737,0.30700401367590363,0.41198084001669655,3.176544505124061,1.1868961641932096,0.0014094988627360973,0.0,0.0,0.0,83.02,none_r3,0.7348922141979394,0.302862890261389,22,0,1.0,1,0.7058568709191447,0.45698903054771534,6,0.3127162796301831,0.7455496214290289,0.3578144078144078,0.3583940262852464,6,0.7761207865303428,0.2344932844932845,,
B5,HLgap,0,molecule,xy,0.1,bytype_shuffled,3,bytype_shuffled,eig,0,"[0.000,3.142]",none,1,1,Z,1,ridge,1,adam,adjoint,100,50,13,115,23,158,46,0.8156381723203319,0.2623153164470443,0.46464652030170983,0.8860955275752965,0.2294871794871795,6,0.508160455132592,0.1255871930274956,0.7528591771378064,10.07124914583715,3.191215472990378,0.017638506144330674,-0.012795582157101816,1.6793128443677678,0.0,118.63,xy_shuffled_r3,0.8126558354451264,0.47183138470384806,22,0,1.0,1,0.8156381723203319,0.2623153164470443,6,0.46464652030170983,0.8860955275752965,0.2294871794871795,0.2727494154485415,6,0.8813287499732169,0.2294871794871795,,
B5,HLgap,0,,,,,,,,,,,,,,,,,,,,50,,158,,158,46,0.6841988636929647,0.44724490092634284,0.37356164831198296,0.7614957811550096,0.1835775335775336,6,,,,,,,,,,,krr_res,,,,,,,,,,,,,,,,,,
B5,HLgap,0,,,,,,,,,,,,,,,,,,,,50,,0,,158,46,1.096008911392405,-0.02696495124706022,0.2939866014839863,1.1175603902953586,nan,6,,,,,,,,,,,composition,,,,,,,,,,,,,,,,,,
B5,HLgap,0,,,,,,,,,,,,,,,,,,,,50,,114,,158,46,0.48866087200073294,0.7835548303426283,0.3117697186919057,0.5198067602320672,0.19181929181929183,6,0.38610613346099854,0.08825661987066269,,,,,,,,,C3_eigfeat,,,,,,,,,,,,,,,,,30,eig
B5,HLgap,0,,,,,,,,,,,,,,,,,,,,50,,115,,158,46,0.3484428120011063,0.8782764573038938,0.27443250715955375,0.3434389208927197,0.40175584909842654,6,0.36811649799346924,0.041313108056783676,,,,,,,,,C3_msgpass,,,,,,,,,,,,,,,,,13,atom
B5,HLgap,0,molecule,zz,0.1,bytype,3,bytype,eig,0,"[0.000,3.142]",none,1,1,Z,1,ridge,1,adam,adjoint,100,51,13,115,23,154,50,0.37343977068206,0.7851185099734383,0.2904528332678591,0.32779958513097424,0.5723214285714285,11,0.4268193054095167,0.04198764735602428,0.9016266442874725,12.858810719889854,3.7263596013812306,0.01564921373995418,0.20958316480943415,0.9830647731915548,0.0,106.83,zz_bytype_r3,0.3718762504800877,0.2922321055626697,22,0,1.0,1,0.37343977068206,0.7851185099734383,11,0.2904528332678591,0.32779958513097424,0.5723214285714285,0.7861842101353673,11,0.3259227267892212,0.5410714285714285,,
B5,HLgap,0,molecule,xy,0.1,bytype,3,bytype,eig,0,"[0.000,3.142]",none,1,1,Z,1,ridge,1,adam,adjoint,100,51,13,115,23,154,50,0.39301010882977594,0.7826688703893255,0.3104600828452264,0.3880078958162897,0.6455357142857142,11,0.49045469953659543,0.026360074708004055,0.9462538033932384,8.692924965681813,2.519125999720175,0.008002476220290645,0.1206795837474197,0.8180308692683506,0.0,112.6,xy_bytype_r3,0.38103726803626503,0.2989785588819809,22,0,1.0,1,0.39301010882977594,0.7826688703893255,11,0.3104600828452264,0.3880078958162897,0.6455357142857142,0.8010007221755494,11,0.3746702467844958,0.6455357142857142,,
B5,HLgap,0,molecule,none,0.0,fixed,3,fixed,eig,0,"[0.000,3.142]",none,1,1,Z,1,ridge,1,adam,adjoint,100,51,13,92,23,154,50,0.551688573118955,0.5994568283210349,0.3703451007162619,0.5523965099905052,0.0788690476190476,11,0.538720560875752,0.30640076583735315,0.4312436018048697,2.926131349695741,0.9848357874321698,0.01608380619532497,0.0,0.0,0.0,80.66,none_r3,0.549551090988393,0.36812799608760155,22,0,1.0,1,0.551688573118955,0.5994568283210349,11,0.3703451007162619,0.5523965099905052,0.0788690476190476,0.6002490958234739,11,0.5528412198628401,0.18125,,
B5,HLgap,0,molecule,xy,0.1,bytype_shuffled,3,bytype_shuffled,eig,0,"[0.000,3.142]",none,1,1,Z,1,ridge,1,adam,adjoint,100,51,13,115,23,154,50,0.6062984999319554,0.4949000194865737,0.5025484201554474,0.6378593447364006,0.281547619047619,11,0.49045469953659543,0.15046815933271918,0.6932068150740761,9.587138756691404,2.778260550994186,0.09149380381844324,0.2203496901158874,0.8082049598388718,0.0,114.95,xy_shuffled_r3,0.6207671542803617,0.5128308594899251,22,0,1.0,1,0.6062984999319554,0.4949000194865737,11,0.5025484201554474,0.6378593447364006,0.281547619047619,0.47569534307119277,11,0.6524763640795694,0.2741071428571428,,
B5,HLgap,0,,,,,,,,,,,,,,,,,,,,51,,154,,154,50,0.4575012019749341,0.7427805933725161,0.36839378698547165,0.45430682219385987,0.25386904761904766,11,,,,,,,,,,,krr_res,,,,,,,,,,,,,,,,,,
B5,HLgap,0,,,,,,,,,,,,,,,,,,,,51,,0,,154,50,1.0383135838961035,-0.0041080037009251225,0.38415333536324775,1.0774158428571425,nan,11,,,,,,,,,,,composition,,,,,,,,,,,,,,,,,,
B5,HLgap,0,,,,,,,,,,,,,,,,,,,,51,,114,,154,50,0.38452966678989164,0.8221603380730668,0.30790043046926524,0.39115198191167116,0.4380952380952381,11,0.32923799753189087,0.06718813627958298,,,,,,,,,C3_eigfeat,,,,,,,,,,,,,,,,,30,eig
B5,HLgap,0,,,,,,,,,,,,,,,,,,,,51,,115,,154,50,0.3613031563783744,0.7875882591187408,0.32892043845229363,0.3505263737189196,0.4649575549041663,11,0.35169127583503723,0.03605012223124504,,,,,,,,,C3_msgpass,,,,,,,,,,,,,,,,,13,atom
B5,HLgap,0,molecule,zz,0.1,bytype,3,bytype,eig,0,"[0.000,3.142]",none,1,1,Z,1,ridge,1,adam,adjoint,100,52,13,115,23,155,49,1.142443842968538,-13.888462490431833,0.2609051663523317,0.4890914449322042,0.26965669988925806,11,0.3394325082019182,0.040490183756893845,0.8807121216191601,7.185365673586296,2.500550809728256,0.11906554318952588,0.037727289026238446,0.9320209956984452,0.0,107.55,zz_bytype_r3,0.6660569554007553,0.24993445230474984,22,0,1.0,1,1.142443842968538,-13.888462490431833,11,0.2609051663523317,0.4890914449322042,0.26965669988925806,0.17794196280026653,11,0.4940411926975583,0.29091915836101884,,
B5,HLgap,0,molecule,xy,0.1,bytype,3,bytype,eig,0,"[0.000,3.142]",none,1,1,Z,1,ridge,1,adam,adjoint,100,52,13,115,23,155,49,0.5091260632093206,0.382792615293983,0.2879352327232863,0.4083460222556623,-0.264562569213732,11,0.5712134675735281,0.04757969586003711,0.9167041770528415,7.805012665716612,2.7161917190855926,0.019326120164305592,-0.04538268784889834,0.6788635665987502,0.0,113.96,xy_bytype_r3,0.514479796401507,0.2898523160733199,22,0,1.0,1,0.5091260632093206,0.382792615293983,11,0.2879352327232863,0.4083460222556623,-0.264562569213732,0.44204265505804996,11,0.4294826420817993,-0.22292358803986712,,
B5,HLgap,0,molecule,none,0.0,fixed,3,fixed,eig,0,"[0.000,3.142]",none,1,1,Z,1,ridge,1,adam,adjoint,100,52,13,92,23,155,49,1.162662903116039,-11.872561036746257,0.2598812611240741,0.7196100662762902,-0.02458471760797335,11,0.585834555729354,0.30993691521734745,0.47094804806882495,3.79216781401791,1.5840763065885581,0.008192612653591507,0.0,0.0,0.0,81.79,none_r3,0.6499726640195318,0.2540515046413747,22,0,1.0,1,1.162662903116039,-11.872561036746257,11,0.2598812611240741,0.7196100662762902,-0.02458471760797335,0.4199225887227276,11,0.6741266210528171,0.012624584717608037,,
B5,HLgap,0,molecule,xy,0.1,bytype_shuffled,3,bytype_shuffled,eig,0,"[0.000,3.142]",none,1,1,Z,1,ridge,1,adam,adjoint,100,52,13,115,23,155,49,0.8554101780975802,-0.5598563747915162,0.4926549780226463,0.7541192141336684,-0.1184939091915836,11,0.5712134675735281,0.14471335036689273,0.7466562702353218,5.950080525808184,2.0706640904097466,0.30764605538938683,0.37099487020871735,0.407448325048857,0.0,116.47,xy_shuffled_r3,0.8608832981772128,0.5263098384827356,22,0,1.0,1,0.8554101780975802,-0.5598563747915162,11,0.4926549780226463,0.7541192141336684,-0.1184939091915836,-0.22780695450801058,11,0.8245935230724484,-0.084828349944629,,
B5,HLgap,0,,,,,,,,,,,,,,,,,,,,52,,155,,155,49,0.6450125716719863,0.38640588083421323,0.31463092021927935,0.6237680452137933,0.3869324473975637,11,,,,,,,,,,,krr_res,,,,,,,,,,,,,,,,,,
B5,HLgap,0,,,,,,,,,,,,,,,,,,,,52,,0,,155,49,0.8748310360763661,-0.0009046686896101441,0.2452082558139535,0.9261282647058824,nan,11,,,,,,,,,,,composition,,,,,,,,,,,,,,,,,,
B5,HLgap,0,,,,,,,,,,,,,,,,,,,,52,,114,,155,49,0.36570012039925287,0.6119278627302374,0.27637673998001533,0.28780054344823675,0.33599114064230345,11,0.3360053300857544,0.07320833951234818,,,,,,,,,C3_eigfeat,,,,,,,,,,,,,,,,,30,eig
B5,HLgap,0,,,,,,,,,,,,,,,,,,,,52,,115,,155,49,0.3804528394120359,0.724154683484102,0.2742963075080003,0.43439327453801596,0.09320022910989444,11,0.38106802105903625,0.0336218886077404,,,,,,,,,C3_msgpass,,,,,,,,,,,,,,,,,13,atom
B5,HLgap,0,molecule,zz,0.1,bytype,3,bytype,eig,0,"[0.000,3.142]",none,1,1,Z,1,ridge,1,adam,adjoint,100,53,13,113,21,157,47,0.35610076742518315,0.7369468906959383,0.296182615288654,0.3552044600838032,0.4109756097560975,10,0.49183778204365547,0.0600896120029648,0.8778263602416146,9.525056168884841,2.724096085266982,0.023021983370023674,-0.11246046914725308,0.6029352322842801,0.0,108.63,zz_bytype_r3,0.3709550190949497,0.306362157444723,20,0,1.0,1,0.35610076742518315,0.7369468906959383,10,0.296182615288654,0.3552044600838032,0.4109756097560975,0.7242286505332092,10,0.37079965552305594,0.4109756097560975,,
B5,HLgap,0,molecule,xy,0.1,bytype,3,bytype,eig,0,"[0.000,3.142]",none,1,1,Z,1,ridge,1,adam,adjoint,100,53,13,113,21,157,47,0.3421010001267058,0.7876891389829452,0.280039100543742,0.34568358744067884,0.29999999999999993,10,0.5509236475524412,0.04793556269434682,0.9129905515813169,8.757466804139078,2.5045711663035584,0.01065858293282923,0.21347678541728904,0.6595165320663666,0.0,113.21,xy_bytype_r3,0.3345098276666049,0.2820988965744094,20,0,1.0,1,0.3421010001267058,0.7876891389829452,10,0.280039100543742,0.34568358744067884,0.29999999999999993,0.7860140475296162,10,0.3449233669013111,0.3121951219512195,,
B5,HLgap,0,molecule,none,0.0,fixed,3,fixed,eig,0,"[0.000,3.142]",none,1,1,Z,1,ridge,1,adam,adjoint,100,53,13,92,21,157,47,0.7289267430397246,0.1562413830391074,0.3412489355984997,0.725912882732668,0.40853658536585363,10,0.6390550099005918,0.28644592249942114,0.5517664081156657,3.7843054182948364,1.2455191696188297,0.01373317155056182,0.0,0.0,0.0,81.6,none_r3,0.7125719732577616,0.3423890204620949,20,0,1.0,1,0.7289267430397246,0.1562413830391074,10,0.3412489355984997,0.725912882732668,0.40853658536585363,0.17314580535116386,10,0.7125089178177769,0.39634146341463405,,
B5,HLgap,0,molecule,xy,0.1,bytype_shuffled,3,bytype_shuffled,eig,0,"[0.000,3.142]",none,1,1,Z,1,ridge,1,adam,adjoint,100,53,13,113,21,157,47,0.5550412548467398,0.5000137351826597,0.3946887303113192,0.5325478931916946,0.11951219512195119,10,0.5509236475524412,0.1295853628912012,0.7647852593242219,10.49638987374141,3.0018903886256614,0.0299384748425452,0.599508896623856,1.2080298417675814,0.0,116.44,xy_shuffled_r3,0.5616953224390496,0.4043178260167354,20,0,1.0,1,0.5550412548467398,0.5000137351826597,10,0.3946887303113192,0.5325478931916946,0.11951219512195119,0.4765386567613479,10,0.5363999343711396,0.11341463414634143,,
B5,HLgap,0,,,,,,,,,,,,,,,,,,,,53,,157,,157,47,0.5586498340727667,0.41121947239461565,0.41253582469256195,0.5791881851472527,0.5439024390243904,10,,,,,,,,,,,krr_res,,,,,,,,,,,,,,,,,,
B5,HLgap,0,,,,,,,,,,,,,,,,,,,,53,,0,,157,47,0.8492631016397884,-0.0077053794653478835,0.35255321916376314,0.8563805140593441,nan,10,,,,,,,,,,,composition,,,,,,,,,,,,,,,,,,
B5,HLgap,0,,,,,,,,,,,,,,,,,,,,53,,112,,157,47,0.6275121726837354,0.30360828211104673,0.4009093328438911,0.651238518809693,0.6853658536585366,10,0.3343994915485382,0.08262206614017487,,,,,,,,,C3_eigfeat,,,,,,,,,,,,,,,,,30,eig
B5,HLgap,0,,,,,,,,,,,,,,,,,,,,53,,113,,157,47,0.3656254026654389,0.7663775969229616,0.289681163388885,0.38842161100392897,0.5540454117569946,10,0.3714911937713623,0.039086781442165375,,,,,,,,,C3_msgpass,,,,,,,,,,,,,,,,,13,atom
B5,HLgap,0,molecule,zz,0.1,bytype,3,bytype,eig,0,"[0.000,3.142]",none,1,1,Z,1,ridge,1,adam,adjoint,100,54,13,115,23,151,53,0.38021365461321455,0.8116887258124253,0.3166272629890994,0.3792121735979758,0.5262510822510822,11,0.41732011546924314,0.04021391669977617,0.9036377226758915,12.49472790624614,4.238099084468174,0.01842340329942718,-0.18121519203172978,1.5485515368065137,0.0,105.49,zz_bytype_r3,0.3761670447109314,0.32166089475047827,22,0,1.0,1,0.38021365461321455,0.8116887258124253,11,0.3166272629890994,0.3792121735979758,0.5262510822510822,0.8112856318942341,11,0.37566951486037076,0.5033939393939394,,
B5,HLgap,0,molecule,xy,0.1,bytype,3,bytype,eig,0,"[0.000,3.142]",none,1,1,Z,1,ridge,1,adam,adjoint,100,54,13,115,23,151,53,0.546165069936046,0.6490197294068901,0.5079894202036004,0.5655547373978017,0.01625974025974026,11,0.5202496875393382,0.03719051849307896,0.9285140973962299,10.367647513167558,3.5166125875921566,0.01671315125663677,0.12243681281644773,0.6952277078391945,0.0,110.66,xy_bytype_r3,0.5346727477975319,0.49743817796837314,22,0,1.0,1,0.546165069936046,0.6490197294068901,11,0.5079894202036004,0.5655547373978017,0.01625974025974026,0.6656514211832196,11,0.5508259850080991,0.008640692640692648,,
B5,HLgap,0,molecule,none,0.0,fixed,3,fixed,eig,0,"[0.000,3.142]",none,1,1,Z,1,ridge,1,adam,adjoint,100,54,13,92,23,151,53,0.6183679091703843,0.5626881334162774,0.41052649140337466,0.6223330461467351,0.24968398268398267,11,0.6709308480633043,0.334019405721153,0.5021552419517945,2.927980463137682,1.1860854344671243,0.0019465474562577866,0.0,0.0,0.0,80.18,none_r3,0.5206041463742318,0.38246064872218105,22,0,1.0,1,0.6183679091703843,0.5626881334162774,11,0.41052649140337466,0.6223330461467351,0.24968398268398267,0.6401504041905373,11,0.5186112206582277,0.17817748917748916,,
B5,HLgap,0,molecule,xy,0.1,bytype_shuffled,3,bytype_shuffled,eig,0,"[0.000,3.142]",none,1,1,Z,1,ridge,1,adam,adjoint,100,54,13,115,23,151,53,0.7239514264346216,0.18238545007621476,0.5140773825372831,0.7316225458015099,0.04366666666666672,11,0.5202496875393382,0.11469801910810926,0.7795327477261839,11.749280861040472,3.985250165827351,0.07937326191151486,0.2624375523115767,1.705653823311984,0.0,113.71,xy_shuffled_r3,0.7303969303298127,0.5068699722268722,22,0,1.0,1,0.7239514264346216,0.18238545007621476,11,0.5140773825372831,0.7316225458015099,0.04366666666666672,0.16468731376718793,11,0.7360418190069886,0.05762770562770567,,
B5,HLgap,0,,,,,,,,,,,,,,,,,,,,54,,151,,151,53,0.6153422774736002,0.5574931055094152,0.37192258405056355,0.6249813360902668,0.2513290043290043,11,,,,,,,,,,,krr_res,,,,,,,,,,,,,,,,,,
B5,HLgap,0,,,,,,,,,,,,,,,,,,,,54,,0,,151,53,0.9600857652130455,-0.04262803677769833,0.39712983466666674,0.9546083344370864,nan,11,,,,,,,,,,,composition,,,,,,,,,,,,,,,,,,
B5,HLgap,0,,,,,,,,,,,,,,,,,,,,54,,114,,151,53,0.43762409557698406,0.7186171983415792,0.3487709838430185,0.4184574942737253,0.23246753246753243,11,0.36976248025894165,0.06724964827299118,,,,,,,,,C3_eigfeat,,,,,,,,,,,,,,,,,30,eig
B5,HLgap,0,,,,,,,,,,,,,,,,,,,,54,,115,,151,53,0.33154294461936196,0.848741062542286,0.2990328313683105,0.3330968431429187,0.5240912223656415,11,0.38155558705329895,0.026296397671103477,,,,,,,,,C3_msgpass,,,,,,,,,,,,,,,,,13,atom
B5,HLgap,0,molecule,zz,0.1,bytype,3,bytype,eig,0,"[0.000,3.142]",none,1,1,Z,1,ridge,1,adam,adjoint,100,55,13,115,23,161,43,0.3356792965017416,0.8280243808060482,0.24359869554732216,0.34399531177458526,0.48176691729323307,10,0.37071484901515667,0.04734536427140229,0.872286301999555,11.457165020341348,3.1902273139487596,0.010190931353880748,0.4930176256506474,0.9431446391989229,0.0,111.53,zz_bytype_r3,0.32368516050594437,0.25433207878556074,22,0,1.0,1,0.3356792965017416,0.8280243808060482,10,0.24359869554732216,0.34399531177458526,0.48176691729323307,0.8324238750772703,10,0.332453690507647,0.45789473684210524,,
B5,HLgap,0,molecule,xy,0.1,bytype,3,bytype,eig,0,"[0.000,3.142]",none,1,1,Z,1,ridge,1,adam,adjoint,100,55,13,115,23,161,43,0.4362904030361566,0.7601035575732984,0.27496072389508835,0.45763626256580936,0.37988721804511283,10,0.6567977668394559,0.06886173805003266,0.8951553407658511,7.575598702847699,2.1094120455131127,0.010751816178837905,0.07758037359639144,0.5798328090137983,0.0,117.1,xy_bytype_r3,0.429343661159524,0.28251722993722844,22,0,1.0,1,0.4362904030361566,0.7601035575732984,10,0.27496072389508835,0.45763626256580936,0.37988721804511283,0.7643072944599989,10,0.44696435634792925,0.26146616541353385,,
B5,HLgap,0,molecule,none,0.0,fixed,3,fixed,eig,0,"[0.000,3.142]",none,1,1,Z,1,ridge,1,adam,adjoint,100,55,13,92,23,161,43,0.6671269158360769,0.3280508354400684,0.5039690755422247,0.7033472599443541,0.09003759398496239,10,0.7574608278671087,0.26325918359439443,0.6524451510770647,3.832867960312007,1.2317408344694067,0.0032930635631319037,0.0,0.0,0.0,84.46,none_r3,0.6595554661261859,0.49674444024267245,22,0,1.0,1,0.6671269158360769,0.3280508354400684,10,0.5039690755422247,0.7033472599443541,0.09003759398496239,0.34952273129804223,10,0.693814077098445,0.04981203007518794,,
B5,HLgap,0,molecule,xy,0.1,bytype_shuffled,3,bytype_shuffled,eig,0,"[0.000,3.142]",none,1,1,Z,1,ridge,1,adam,adjoint,100,55,13,115,23,161,43,0.7307366711890032,0.192411081138682,0.6105670861125426,0.7548820741093101,-0.009774436090225583,10,0.6567977668394559,0.14319531012799586,0.7819796026148826,9.449923607004521,2.6313144964108073,0.018009848309328492,0.40042448591814644,1.3641218495476748,0.0,120.66,xy_shuffled_r3,0.7142384624362481,0.5816305325766812,22,0,1.0,1,0.7307366711890032,0.192411081138682,10,0.6105670861125426,0.7548820741093101,-0.009774436090225583,0.2216853380507675,10,0.7331940631773947,0.08796992481203007,,
B5,HLgap,0,,,,,,,,,,,,,,,,,,,,55,,161,,161,43,0.6431315799191757,0.29261179498161294,0.42087998530337184,0.6897821656269572,0.5528195488721804,10,,,,,,,,,,,krr_res,,,,,,,,,,,,,,,,,,
B5,HLgap,0,,,,,,,,,,,,,,,,,,,,55,,0,,161,43,1.0461209667774092,-0.2667129029925881,0.521574307518797,1.0403025209218704,nan,10,,,,,,,,,,,composition,,,,,,,,,,,,,,,,,,
B5,HLgap,0,,,,,,,,,,,,,,,,,,,,55,,114,,161,43,0.42835249739056364,0.6930421300734227,0.32118386510958685,0.4506214501115869,0.5426691729323307,10,0.3102854788303375,0.0749037116765976,,,,,,,,,C3_eigfeat,,,,,,,,,,,,,,,,,30,eig
B5,HLgap,0,,,,,,,,,,,,,,,,,,,,55,,115,,161,43,0.42221617020789026,0.7174131760780057,0.29646736442439353,0.444270584120016,0.476795219464963,10,0.3392243981361389,0.0353500060737133,,,,,,,,,C3_msgpass,,,,,,,,,,,,,,,,,13,atom
B5,HLgap,0,molecule,zz,0.1,bytype,3,bytype,eig,0,"[0.000,3.142]",none,1,1,Z,1,ridge,1,adam,adjoint,100,56,13,114,22,153,51,0.5526152366193824,0.6512083163649973,0.38264614728845486,0.5312961806565263,0.4484451718494272,11,0.32128517145222374,0.034383226639144907,0.8929822173748913,8.087008499826965,2.451747116301694,0.08496762929445516,0.17517497056942044,0.7422302984535226,0.0,105.51,zz_bytype_r3,0.5428119173250426,0.3793146155677994,21,0,1.0,1,0.5526152366193824,0.6512083163649973,11,0.38264614728845486,0.5312961806565263,0.4484451718494272,0.6627185154369194,11,0.5207691712272444,0.5144026186579378,,
B5,HLgap,0,molecule,xy,0.1,bytype,3,bytype,eig,0,"[0.000,3.142]",none,1,1,Z,1,ridge,1,adam,adjoint,100,56,13,114,22,153,51,0.4814199007874428,0.7222510743913508,0.35418149790362385,0.4314854416384571,0.6181669394435352,11,0.3792508542821727,0.05575330752075863,0.8529909507355343,10.407944229069843,3.155387712378049,0.022359383368243165,0.30794858728494723,1.2441625516328307,0.0,111.35,xy_bytype_r3,0.46793858876162386,0.34748584399373617,21,0,1.0,1,0.4814199007874428,0.7222510743913508,11,0.35418149790362385,0.4314854416384571,0.6181669394435352,0.718187164670062,11,0.41378057649226824,0.6499181669394436,,
B5,HLgap,0,molecule,none,0.0,fixed,3,fixed,eig,0,"[0.000,3.142]",none,1,1,Z,1,ridge,1,adam,adjoint,100,56,13,92,22,153,51,1.2234065298501002,-11.808716519190106,0.4257867531300604,0.6345316378941487,0.14746317512274965,11,0.5080620952082023,0.29898077725098227,0.41152709467833687,4.228837266003642,1.494591901472456,0.0026502347367132733,0.0,0.0,0.0,80.6,none_r3,0.6263845374431048,0.4276692743973404,21,0,1.0,1,1.2234065298501002,-11.808716519190106,11,0.4257867531300604,0.6345316378941487,0.14746317512274965,0.6085368860429705,11,0.6420285910458968,-0.06693944353518823,,
B5,HLgap,0,molecule,xy,0.1,bytype_shuffled,3,bytype_shuffled,eig,0,"[0.000,3.142]",none,1,1,Z,1,ridge,1,adam,adjoint,100,56,13,114,22,153,51,1.2421300268263078,-3.0618423375776906,0.5150976772332053,0.8296394238000122,0.18477905073649753,11,0.3792508542821727,0.11389581125106646,0.6996821234150077,9.609141394607864,2.91321379282205,0.24491853536246933,0.18491549456648845,1.2193619780624834,0.0,114.93,xy_shuffled_r3,0.9514053308178458,0.503913240966751,21,0,1.0,1,1.2421300268263078,-3.0618423375776906,11,0.5150976772332053,0.8296394238000122,0.18477905073649753,-0.2336498593192633,11,0.8059476075624468,0.17905073649754502,,
B5,HLgap,0,,,,,,,,,,,,,,,,,,,,56,,153,,153,51,0.5823418084781284,0.6342853419318346,0.27020782835648827,0.6156896592968277,0.5094926350245499,11,,,,,,,,,,,krr_res,,,,,,,,,,,,,,,,,,
B5,HLgap,0,,,,,,,,,,,,,,,,,,,,56,,0,,153,51,1.031513040240933,-0.012849682168105891,0.42000709564336375,1.048624490474204,nan,11,,,,,,,,,,,composition,,,,,,,,,,,,,,,,,,
B5,HLgap,0,,,,,,,,,,,,,,,,,,,,56,,113,,153,51,0.5097572443867258,0.7125117630971634,0.345971857834623,0.49352961904633563,0.6661211129296235,11,0.3266972601413727,0.1040777787566185,,,,,,,,,C3_eigfeat,,,,,,,,,,,,,,,,,30,eig
B5,HLgap,0,,,,,,,,,,,,,,,,,,,,56,,114,,153,51,0.5269024487603745,0.6937657657116342,0.2111154672706668,0.48316293948898714,0.7011619782889591,11,0.3408459722995758,0.024853698909282684,,,,,,,,,C3_msgpass,,,,,,,,,,,,,,,,,13,atom
B5,HLgap,0,molecule,zz,0.1,bytype,3,bytype,eig,0,"[0.000,3.142]",none,1,1,Z,1,ridge,1,adam,adjoint,100,57,13,115,23,145,59,0.27530807639537475,0.8697599634283129,0.20542382571050266,0.26993349232487795,0.47931235431235425,10,0.3553176742157597,0.06393175856962356,0.8200715494642064,8.531484590120991,2.9851117181241205,0.021673848432121324,0.11918638065780593,0.690553753330918,0.0,102.01,zz_bytype_r3,0.26477848294257234,0.20113022090956434,22,0,1.0,1,0.27530807639537475,0.8697599634283129,10,0.20542382571050266,0.26993349232487795,0.47931235431235425,0.8709249470979716,10,0.26161680177350805,0.4889277389277389,,
B5,HLgap,0,molecule,xy,0.1,bytype,3,bytype,eig,0,"[0.000,3.142]",none,1,1,Z,1,ridge,1,adam,adjoint,100,57,13,115,23,145,59,0.45713732766190873,0.7063668947658033,0.23545187899282963,0.46530695695643315,0.4635198135198135,10,0.46650524394974074,0.03753337717090122,0.9195435042634914,9.169451402754714,3.2083322125234677,0.011562160453255213,0.16722415840551347,0.8328391189772915,0.0,106.98,xy_bytype_r3,0.4545653916632964,0.23306235842870288,22,0,1.0,1,0.45713732766190873,0.7063668947658033,10,0.23545187899282963,0.46530695695643315,0.4635198135198135,0.7160500883747462,10,0.4736695941439866,0.4891608391608392,,
B5,HLgap,0,molecule,none,0.0,fixed,3,fixed,eig,0,"[0.000,3.142]",none,1,1,Z,1,ridge,1,adam,adjoint,100,57,13,92,23,145,59,0.8711501751973746,-9.225769823886273,0.30177379433456863,0.47317565180553,-0.08846153846153845,10,0.5424550345563895,0.3307441145836841,0.39028289256424553,3.4505634595692674,1.4507744120492438,0.012426128366068103,0.0,0.0,0.0,78.23,none_r3,0.46568457840824923,0.2963145238334507,22,0,1.0,1,0.8711501751973746,-9.225769823886273,10,0.30177379433456863,0.47317565180553,-0.08846153846153845,0.6656552105675729,10,0.4888667669986583,-0.04667832167832168,,
B5,HLgap,0,molecule,xy,0.1,bytype_shuffled,3,bytype_shuffled,eig,0,"[0.000,3.142]",none,1,1,Z,1,ridge,1,adam,adjoint,100,57,13,115,23,145,59,0.7867668900341865,0.12162407378454432,0.5331655435672122,0.7288887510167302,-0.21928904428904428,10,0.46650524394974074,0.09180993418590339,0.8031963512165908,10.76197242967414,3.765545101862909,0.011006229895281933,-0.14733276960717911,2.0957646888564136,0.0,110.5,xy_shuffled_r3,0.7834896029879596,0.5410301345844194,22,0,1.0,1,0.7867668900341865,0.12162407378454432,10,0.5331655435672122,0.7288887510167302,-0.21928904428904428,0.17716388716499665,10,0.7386473604741333,-0.21567599067599066,,
B5,HLgap,0,,,,,,,,,,,,,,,,,,,,57,,145,,145,59,0.5174803776444377,0.6128382476500778,0.39617193638275483,0.5184929765946453,-0.010081585081585067,10,,,,,,,,,,,krr_res,,,,,,,,,,,,,,,,,,
B5,HLgap,0,,,,,,,,,,,,,,,,,,,,57,,0,,145,59,0.9882227617767388,-0.10983112990564292,0.2885491984817815,1.0335044492042438,nan,10,,,,,,,,,,,composition,,,,,,,,,,,,,,,,,,
B5,HLgap,0,,,,,,,,,,,,,,,,,,,,57,,114,,145,59,0.3404189279090874,0.7742121470165508,0.23519782055115965,0.3063089749087237,0.5444638694638695,10,0.37776273488998413,0.08128784596920013,,,,,,,,,C3_eigfeat,,,,,,,,,,,,,,,,,30,eig
B5,HLgap,0,,,,,,,,,,,,,,,,,,,,57,,115,,145,59,0.3684824194367776,0.8176888294912847,0.24607080281426347,0.3619745253976116,0.4592045534887573,10,0.37298914790153503,0.0410660095512867,,,,,,,,,C3_msgpass,,,,,,,,,,,,,,,,,13,atom
B5,HLgap,0,molecule,zz,0.1,bytype,3,bytype,eig,0,"[0.000,3.142]",none,1,1,Z,1,ridge,1,adam,adjoint,100,58,13,115,23,153,51,0.45007555077531763,0.7255932135302922,0.40256678580551813,0.4351803514161517,0.5548780487804879,7,0.40722051627870676,0.031150944352535355,0.9235034996831661,13.282536910823037,4.324347747455484,0.01061172060249322,-0.09749420917189874,0.9303147383575813,0.0,105.55,zz_bytype_r3,0.430921816542679,0.39472318876352985,22,0,1.0,1,0.45007555077531763,0.7255932135302922,7,0.40256678580551813,0.4351803514161517,0.5548780487804879,0.7457427144020385,7,0.426323184322794,0.5574912891986062,,
B5,HLgap,0,molecule,xy,0.1,bytype,3,bytype,eig,0,"[0.000,3.142]",none,1,1,Z,1,ridge,1,adam,adjoint,100,58,13,115,23,153,51,0.5023412691952148,0.7115859983016246,0.43902712609358147,0.516108239928363,0.27717770034843203,7,0.4637105399266513,0.041714810694821726,0.9100412712175572,10.856954616563442,3.5346596478950327,0.01160597889266686,0.23839902693542805,0.7930467950172257,0.0,113.48,xy_bytype_r3,0.49872571083327183,0.4400594921307806,22,0,1.0,1,0.5023412691952148,0.7115859983016246,7,0.43902712609358147,0.516108239928363,0.27717770034843203,0.7201738796428245,7,0.5151570718451227,0.22317073170731708,,
B5,HLgap,0,molecule,none,0.0,fixed,3,fixed,eig,0,"[0.000,3.142]",none,1,1,Z,1,ridge,1,adam,adjoint,100,58,13,92,23,153,51,0.5820092850022975,0.5568401800093319,0.5180149213061244,0.6125407124561053,0.031184668989547047,7,0.6108452529977714,0.3678664815766679,0.3977746740744336,3.147539610472768,1.2143347043501782,0.002792698136668703,0.0,0.0,0.0,81.16,none_r3,0.5991744442062935,0.5059994123773333,22,0,1.0,1,0.5820092850022975,0.5568401800093319,7,0.5180149213061244,0.6125407124561053,0.031184668989547047,0.5232377227344878,7,0.6419810638505262,0.12874564459930313,,
B5,HLgap,0,molecule,xy,0.1,bytype_shuffled,3,bytype_shuffled,eig,0,"[0.000,3.142]",none,1,1,Z,1,ridge,1,adam,adjoint,100,58,13,115,23,153,51,0.6253926828189861,0.25511600289110103,0.5881105597334021,0.620566726911181,0.2275261324041812,7,0.4637105399266513,0.09861728049620355,0.787330086325399,10.62437496640797,3.458939528086122,0.044253398438934693,0.39995494078080684,1.002428861575515,0.0,115.85,xy_shuffled_r3,0.6271450334619443,0.6088673121907491,22,0,1.0,1,0.6253926828189861,0.25511600289110103,7,0.5881105597334021,0.620566726911181,0.2275261324041812,0.15908673403665008,7,0.629600191608893,0.25435540069686413,,
B5,HLgap,0,,,,,,,,,,,,,,,,,,,,58,,153,,153,51,0.5568672528208907,0.6205444186129163,0.5030410661114204,0.6253972602541399,0.2024390243902439,7,,,,,,,,,,,krr_res,,,,,,,,,,,,,,,,,,
B5,HLgap,0,,,,,,,,,,,,,,,,,,,,58,,0,,153,51,1.0279472683583237,-0.03250739690485771,0.4978654314124895,1.0904118005738883,nan,7,,,,,,,,,,,composition,,,,,,,,,,,,,,,,,,
B5,HLgap,0,,,,,,,,,,,,,,,,,,,,58,,114,,153,51,0.379974409490532,0.8280540415222184,0.27587345125278717,0.38491609296149154,0.49163763066202093,7,0.3413800895214081,0.0673154890537262,,,,,,,,,C3_eigfeat,,,,,,,,,,,,,,,,,30,eig
B5,HLgap,0,,,,,,,,,,,,,,,,,,,,58,,115,,153,51,0.5129279260721213,0.6623695090693118,0.45234107958196,0.5055330405413527,0.36096084415080854,7,0.3639872670173645,0.03812243044376373,,,,,,,,,C3_msgpass,,,,,,,,,,,,,,,,,13,atom
B5,HLgap,0,molecule,zz,0.1,bytype,3,bytype,eig,0,"[0.000,3.142]",none,1,1,Z,1,ridge,1,adam,adjoint,100,59,13,115,23,148,56,0.5905765368070062,0.5807036701921667,0.5075083086005344,0.5934668176873155,0.4420779220779221,11,0.3809199488382882,0.05067251570639734,0.8669733211375881,12.116557099597186,3.9450252534544687,0.007542966856424086,0.3158842909896403,1.0079573270413777,0.0,101.92,zz_bytype_r3,0.6010077690866152,0.518452377852349,22,0,1.0,1,0.5905765368070062,0.5807036701921667,11,0.5075083086005344,0.5934668176873155,0.4420779220779221,0.5589546108102732,11,0.6039922070619295,0.4420779220779221,,
B5,HLgap,0,molecule,xy,0.1,bytype,3,bytype,eig,0,"[0.000,3.142]",none,1,1,Z,1,ridge,1,adam,adjoint,100,59,13,115,23,148,56,0.4957326780261737,0.7443580128419052,0.40544441258361497,0.49400422231992236,0.3838961038961039,11,0.46635083864181026,0.04327895302128272,0.9071965794093405,8.828333101846205,2.8744136429521845,0.008644471186832677,0.3489668704802639,0.6872920164706136,0.0,107.39,xy_bytype_r3,0.4920103604418046,0.4158056492583583,22,0,1.0,1,0.4957326780261737,0.7443580128419052,11,0.40544441258361497,0.49400422231992236,0.3838961038961039,0.7450013096986883,11,0.4908411653698854,0.3838961038961039,,
B5,HLgap,0,molecule,none,0.0,fixed,3,fixed,eig,0,"[0.000,3.142]",none,1,1,Z,1,ridge,1,adam,adjoint,100,59,13,92,23,148,56,0.5512931109462194,0.6635009074279059,0.4435811049324808,0.5501722953242537,0.23430569430569428,11,0.48648734487307277,0.31726800579782855,0.3478391387948529,3.650181114607128,1.4083750495488092,0.0016384669158138968,0.0,0.0,0.0,76.84,none_r3,0.5607678889297825,0.45386132395992956,22,0,1.0,1,0.5512931109462194,0.6635009074279059,11,0.4435811049324808,0.5501722953242537,0.23430569430569428,0.6570936730684798,11,0.5578168266561437,0.03138861138861137,,
B5,HLgap,0,molecule,xy,0.1,bytype_shuffled,3,bytype_shuffled,eig,0,"[0.000,3.142]",none,1,1,Z,1,ridge,1,adam,adjoint,100,59,13,115,23,148,56,0.7438065237819129,0.24606023301436342,0.6597782755711618,0.7496608651280477,-0.026433566433566442,11,0.46635083864181026,0.08318431970208348,0.8216271681973433,8.3668057880524,2.7241451390274105,0.020444613536138696,0.48912359887236373,0.8152615920418443,0.0,110.14,xy_shuffled_r3,0.777320376711236,0.6861091171416666,22,0,1.0,1,0.7438065237819129,0.24606023301436342,11,0.6597782755711618,0.7496608651280477,-0.026433566433566442,0.14137942891148048,11,0.7833138809720258,-0.02423576423576424,,
B5,HLgap,0,,,,,,,,,,,,,,,,,,,,59,,148,,148,56,0.6748385411474639,0.4699922924626846,0.4236166427088504,0.6751917402290033,0.3037362637362638,11,,,,,,,,,,,krr_res,,,,,,,,,,,,,,,,,,
B5,HLgap,0,,,,,,,,,,,,,,,,,,,,59,,0,,148,56,1.0053969025096523,-0.07248942779647205,0.4710316264462809,1.0200233065110562,nan,11,,,,,,,,,,,composition,,,,,,,,,,,,,,,,,,
B5,HLgap,0,,,,,,,,,,,,,,,,,,,,59,,114,,148,56,0.5241143024485168,0.6651470583217867,0.4219379951026276,0.5309113686354565,0.6566233766233767,11,0.3591555655002594,0.06818029284477234,,,,,,,,,C3_eigfeat,,,,,,,,,,,,,,,,,30,eig
B5,HLgap,0,,,,,,,,,,,,,,,,,,,,59,,115,,148,56,0.4595583852201694,0.757623047829649,0.293404460857023,0.46253148170047054,0.7134515799499235,11,0.3627451956272125,0.04422854259610176,,,,,,,,,C3_msgpass,,,,,,,,,,,,,,,,,13,atom
B5,HLgap,0,molecule,zz,0.1,bytype,3,bytype,eig,0,"[0.000,3.142]",none,1,1,Z,1,ridge,1,adam,adjoint,100,60,13,114,22,157,47,0.4544182806188848,0.576564491858911,0.32469316671005793,0.4053943795482834,0.18493909191583607,12,0.4152052246899079,0.033852337274857716,0.9184684217301456,9.104967878523,2.949018882366717,0.014430129909141465,-0.13184776879464663,0.6147403696043544,0.0,109.09,zz_bytype_r3,0.44701875675885067,0.32640540592822226,21,0,1.0,1,0.4544182806188848,0.576564491858911,12,0.32469316671005793,0.4053943795482834,0.18493909191583607,0.5958203132585002,12,0.40077862702499034,0.18493909191583607,,
B5,HLgap,0,molecule,xy,0.1,bytype,3,bytype,eig,0,"[0.000,3.142]",none,1,1,Z,1,ridge,1,adam,adjoint,100,60,13,114,22,157,47,0.41041962038206936,0.603446839199494,0.28622969625096406,0.3510751770383723,0.3194352159468439,12,0.4618568200480085,0.035468598181222014,0.9232043424680074,8.60208822832709,2.786140593967277,0.007598295330400128,0.45199333357511867,0.7589328444316287,0.0,113.77,xy_bytype_r3,0.41131201720535826,0.28951820832409303,21,0,1.0,1,0.41041962038206936,0.603446839199494,12,0.28622969625096406,0.3510751770383723,0.3194352159468439,0.613174145860818,12,0.35333587420134566,0.41245847176079736,,
B5,HLgap,0,molecule,none,0.0,fixed,3,fixed,eig,0,"[0.000,3.142]",none,1,1,Z,1,ridge,1,adam,adjoint,100,60,13,92,22,157,47,0.6941882127351076,-0.09599150703929848,0.3852726204046687,0.5620922028380193,0.226578073089701,12,0.5172272524784036,0.3317870468497902,0.3585275229409075,2.617468612563856,0.9996385469710916,0.004889102066027518,0.0,0.0,0.0,81.56,none_r3,0.6347577364324128,0.40876949594355305,21,0,1.0,1,0.6941882127351076,-0.09599150703929848,12,0.3852726204046687,0.5620922028380193,0.226578073089701,0.20619862894789343,12,0.5746331789123076,0.30077519379844964,,
B5,HLgap,0,molecule,xy,0.1,bytype_shuffled,3,bytype_shuffled,eig,0,"[0.000,3.142]",none,1,1,Z,1,ridge,1,adam,adjoint,100,60,13,114,22,157,47,0.6916758650320568,-0.13102602282624076,0.5486161720839509,0.6321179152972634,0.15077519379844959,12,0.4618568200480085,0.10534885206927659,0.7719014909029038,7.807588255556619,2.5288090522199775,0.35107919211713384,0.31809476060889647,0.4387582884826602,0.0,117.8,xy_shuffled_r3,0.6964894215417671,0.5536307178305926,21,0,1.0,1,0.6916758650320568,-0.13102602282624076,12,0.5486161720839509,0.6321179152972634,0.15077519379844959,-0.1592256679999795,12,0.6401034586714149,0.15077519379844959,,
B5,HLgap,0,,,,,,,,,,,,,,,,,,,,60,,157,,157,47,0.6441869908842576,-0.07446429425072831,0.5538052559011546,0.6348663265457567,-0.058859357696567,12,,,,,,,,,,,krr_res,,,,,,,,,,,,,,,,,,
B5,HLgap,0,,,,,,,,,,,,,,,,,,,,60,,0,,157,47,0.8860749512129014,-0.1733203473506859,0.5188126017718715,0.8903656175159235,nan,12,,,,,,,,,,,composition,,,,,,,,,,,,,,,,,,
B5,HLgap,0,,,,,,,,,,,,,,,,,,,,60,,113,,157,47,0.45957530243394956,0.5749813639855907,0.3455326424824874,0.4572321329765794,0.34080841638981174,12,0.2515029311180115,0.05789228901267052,,,,,,,,,C3_eigfeat,,,,,,,,,,,,,,,,,30,eig
B5,HLgap,0,,,,,,,,,,,,,,,,,,,,60,,114,,157,47,0.4567925740711039,0.5925244925282493,0.31177101004365276,0.4805788330798726,0.5742003667023479,12,0.3039018213748932,0.028108345344662666,,,,,,,,,C3_msgpass,,,,,,,,,,,,,,,,,13,atom
B5,HLgap,0,molecule,zz,0.1,bytype,3,bytype,eig,0,"[0.000,3.142]",none,1,1,Z,1,ridge,1,adam,adjoint,100,61,13,115,23,151,53,0.38200196796090724,0.7327004389794755,0.30080418780670226,0.31450527787099847,0.2030395136778116,10,0.3934219626785361,0.035624858436683296,0.9094487298214404,9.53182184228194,3.099017291684046,0.01192737446721447,-0.11132923539511685,0.5523728167699075,0.0,104.32,zz_bytype_r3,0.39120754486503795,0.30596061578247064,22,0,1.0,1,0.38200196796090724,0.7327004389794755,10,0.30080418780670226,0.31450527787099847,0.2030395136778116,0.7339822694854115,10,0.3336236166880166,0.19027355623100303,,
B5,HLgap,0,molecule,xy,0.1,bytype,3,bytype,eig,0,"[0.000,3.142]",none,1,1,Z,1,ridge,1,adam,adjoint,100,61,13,115,23,151,53,0.5207828416881134,0.18870430210473077,0.2579336964931747,0.3595138824354176,0.4522796352583586,10,0.5163559620221865,0.057595590899653853,0.8884575852013129,9.089924384649358,2.955346135737772,0.01930772722374596,0.326883101785324,0.6891471693503969,0.0,110.51,xy_bytype_r3,0.4723998981791456,0.24006749038430336,22,0,1.0,1,0.5207828416881134,0.18870430210473077,10,0.2579336964931747,0.3595138824354176,0.4522796352583586,0.3968342668035605,10,0.3420694661702445,0.47142857142857136,,
B5,HLgap,0,molecule,none,0.0,fixed,3,fixed,eig,0,"[0.000,3.142]",none,1,1,Z,1,ridge,1,adam,adjoint,100,61,13,92,23,151,53,1.2363580475931764,-25.52798597132242,0.2991253246217354,0.43423173539193255,0.07659574468085105,10,0.6604576947504167,0.29025564189136277,0.5605234912115775,3.1765284064882797,1.2235426035843817,0.007098762200866894,0.0,0.0,0.0,79.39,none_r3,0.5989445996529299,0.3117210563041099,22,0,1.0,1,1.2363580475931764,-25.52798597132242,10,0.2991253246217354,0.43423173539193255,0.07659574468085105,0.27088309122140786,10,0.4494813757318402,0.04012158054711246,,
B5,HLgap,0,molecule,xy,0.1,bytype_shuffled,3,bytype_shuffled,eig,0,"[0.000,3.142]",none,1,1,Z,1,ridge,1,adam,adjoint,100,61,13,115,23,151,53,1.3429600936004973,-16.76386295471753,0.60502854286989,0.7988938100114931,0.1310030395136778,10,0.5163559620221865,0.15193875390728293,0.7057480399524184,6.198302167703115,2.0152124026896487,0.01263336660148156,0.03475266035353291,0.3658119109424321,0.0,112.0,xy_shuffled_r3,0.846231836145769,0.6067280147015394,22,0,1.0,1,1.3429600936004973,-16.76386295471753,10,0.60502854286989,0.7988938100114931,0.1310030395136778,-0.2615370467363296,10,0.8181209334771868,0.11823708206686931,,
B5,HLgap,0,,,,,,,,,,,,,,,,,,,,61,,151,,151,53,0.5822307503922733,0.37112047388377556,0.303592020263206,0.5610317097434953,0.1884498480243161,10,,,,,,,,,,,krr_res,,,,,,,,,,,,,,,,,,
B5,HLgap,0,,,,,,,,,,,,,,,,,,,,61,,0,,151,53,0.8699543000124953,-0.02536229571806836,0.3141953566731141,0.8828880723631077,nan,10,,,,,,,,,,,composition,,,,,,,,,,,,,,,,,,
B5,HLgap,0,,,,,,,,,,,,,,,,,,,,61,,114,,151,53,0.4047089817802194,0.4180491548784927,0.27491706601199717,0.28975217496267835,0.464741641337386,10,0.342167466878891,0.07538522779941559,,,,,,,,,C3_eigfeat,,,,,,,,,,,,,,,,,30,eig
B5,HLgap,0,,,,,,,,,,,,,,,,,,,,61,,115,,151,53,0.4726834902537461,0.4984700744469809,0.31000322250301476,0.4202623722194371,0.42369616593353376,10,0.3320881128311157,0.04287554323673248,,,,,,,,,C3_msgpass,,,,,,,,,,,,,,,,,13,atom
B2,HLgap,0,molecule,zz,0.1,bytype,3,bytype,eig,0,"[0.000,3.142]",none,1,1,Z,1,ridge,1,adam,adjoint,100,42,13,103,11,186,48,0.6210852287705587,0.2691173712334741,0.599447927454664,0.6126438710388045,0.6036891352285595,5,0.5645310541982008,0.05685914618930165,0.8992807467960141,7.306519017384366,3.0609125488619817,0.018950515041966563,-0.19906541079448503,0.5221650123255601,0.0,127.26,zz_bytype_r3,0.6199911780472416,0.6004260130295064,10,0,1.0,1,0.6210852287705587,0.2691173712334741,5,0.599447927454664,0.6126438710388045,0.6036891352285595,0.2855067351394549,5,0.6086710049874611,0.5821640603868389,,
B2,HLgap,0,molecule,xy,0.1,bytype,3,bytype,eig,0,"[0.000,3.142]",none,1,1,Z,1,ridge,1,adam,adjoint,100,42,13,103,11,186,48,0.6106512399184557,0.2834505535242273,0.5746739303375211,0.6218420485507791,0.6987420172651712,5,0.5173901058480754,0.05456216603545392,0.8945434684221129,7.221143978252704,3.0251464709231004,0.012401824517398673,0.25521663568652336,0.30892267051802463,0.0,134.58,xy_bytype_r3,0.6176801172381557,0.5652409634944233,10,0,1.0,1,0.6106512399184557,0.2834505535242273,5,0.5746739303375211,0.6218420485507791,0.6987420172651712,0.297832440506021,5,0.6308088519988575,0.696893552838484,,
B2,HLgap,0,molecule,none,0.0,fixed,3,fixed,eig,0,"[0.000,3.142]",none,1,1,Z,1,ridge,1,adam,adjoint,100,42,13,92,11,186,48,0.8169157215308017,-0.5213073978309162,0.73648674620326,0.8241824034309113,0.22061551298096976,5,0.5772933372133093,0.3981437920468391,0.31032671541170875,2.8846822365701175,1.4034808566120918,0.0063027287075256185,0.0,0.0,0.0,98.15,none_r3,0.7056369574709094,0.6668475651974597,10,0,1.0,1,0.8169157215308017,-0.5213073978309162,5,0.73648674620326,0.8241824034309113,0.22061551298096976,0.10909336688755022,5,0.7185256929883054,0.3730886135141454,,
B2,HLgap,0,molecule,xy,0.1,bytype_shuffled,3,bytype_shuffled,eig,0,"[0.000,3.142]",none,1,1,Z,1,ridge,1,adam,adjoint,100,42,13,103,11,186,48,0.7621945887809112,-0.1634407827414408,0.6896288007046858,0.7569467064727396,0.4128461859375501,5,0.5173901058480754,0.07191262637577185,0.8610088875629021,9.345001809245161,3.914892062690663,0.056326275399419125,0.2683959243440198,0.5934042950890127,0.0,140.31,xy_shuffled_r3,0.7775061401956821,0.7007336500857326,10,0,1.0,1,0.7621945887809112,-0.1634407827414408,5,0.6896288007046858,0.7569467064727396,0.4128461859375501,-0.1966628640492396,5,0.7734071898705992,0.37194891049709566,,
B2,HLgap,0,,,,,,,,,,,,,,,,,,,,42,,186,,186,48,0.761425427963272,-0.015197156232870102,0.591927574832692,0.7709646249086266,0.659732632823997,5,,,,,,,,,,,krr_res,,,,,,,,,,,,,,,,,,
B2,HLgap,0,,,,,,,,,,,,,,,,,,,,42,,0,,186,48,0.7629863763440863,-0.02587435493469359,0.731885449468085,0.7743064129489822,nan,5,,,,,,,,,,,composition,,,,,,,,,,,,,,,,,,
B2,HLgap,0,,,,,,,,,,,,,,,,,,,,42,,102,,186,48,0.7376852751748112,0.019751258812521377,0.6461924098851092,0.740999902282395,0.5216823226835743,5,0.5216333866119385,0.08232405036687851,,,,,,,,,C3_eigfeat,,,,,,,,,,,,,,,,,30,eig
B2,HLgap,0,,,,,,,,,,,,,,,,,,,,42,,100,,186,48,0.5342811815621958,0.4052585478980293,0.518040472467663,0.5413151957611813,0.5858554302919263,5,0.7439326047897339,0.02986762300133705,,,,,,,,,C3_msgpass,,,,,,,,,,,,,,,,,22,atom
B2,HLgap,0,molecule,zz,0.1,bytype,3,bytype,eig,0,"[0.000,3.142]",none,1,1,Z,1,ridge,1,adam,adjoint,100,43,13,103,11,169,65,0.6442054277232911,-0.0339963833469612,0.46707919376510504,0.6277317013883353,0.6173050937328954,5,0.5972249879174394,0.10554686906647612,0.8232711771914892,7.2256256970272705,2.5753274309400576,0.022437837449650267,0.019864722795505038,0.4387835409693665,0.0,116.66,zz_bytype_r3,0.6567259077357563,0.47657564107684647,10,0,1.0,1,0.6442054277232911,-0.0339963833469612,5,0.46707919376510504,0.6277317013883353,0.6173050937328954,-0.0929658187462079,5,0.6387267382062147,0.6303624880268199,,
B2,HLgap,0,molecule,xy,0.1,bytype,3,bytype,eig,0,"[0.000,3.142]",none,1,1,Z,1,ridge,1,adam,adjoint,100,43,13,103,11,169,65,0.596291101403122,0.04229236789679525,0.4477487940103353,0.593596113514972,0.3636819239189929,5,0.6410126614913024,0.10878857128171963,0.8302863924269057,6.329033281571066,2.255767694701972,0.026743064364447514,0.02994741922033174,0.3977319662181705,0.0,123.58,xy_bytype_r3,0.5434764039158779,0.41855523051743604,10,0,1.0,1,0.596291101403122,0.04229236789679525,5,0.4477487940103353,0.593596113514972,0.3636819239189929,0.1582129366545708,5,0.539852432288986,0.3737030480295566,,
B2,HLgap,0,molecule,none,0.0,fixed,3,fixed,eig,0,"[0.000,3.142]",none,1,1,Z,1,ridge,1,adam,adjoint,100,43,13,92,11,169,65,0.6773480340727955,-0.3958105477106657,0.600458978855859,0.6873405798049973,-0.028883158866995048,5,0.6455517162261545,0.37841918181131134,0.4138050100408366,3.683622604243451,1.4889044745473865,0.2291020368304107,0.0,0.0,0.0,89.02,none_r3,0.6682824598250516,0.54436378267728,10,0,1.0,1,0.6773480340727955,-0.3958105477106657,5,0.600458978855859,0.6873405798049973,-0.028883158866995048,-0.1791551096819506,5,0.6749459736322432,0.18500829570333882,,
B2,HLgap,0,molecule,xy,0.1,bytype_shuffled,3,bytype_shuffled,eig,0,"[0.000,3.142]",none,1,1,Z,1,ridge,1,adam,adjoint,100,43,13,103,11,169,65,0.7266211938131958,-0.49801415980841446,0.6559041058488738,0.7214646993867462,0.19821471332785995,5,0.6410126614913024,0.1128640271671226,0.8239285525116667,8.135523345731189,2.899629363023133,0.031644875829133806,0.500713955721867,0.24764642847357732,0.0,127.59,xy_shuffled_r3,0.714130386949068,0.6513040667216408,10,0,1.0,1,0.7266211938131958,-0.49801415980841446,5,0.6559041058488738,0.7214646993867462,0.19821471332785995,-0.4333251649908252,5,0.7092249374171696,0.1889498238232074,,
B2,HLgap,0,,,,,,,,,,,,,,,,,,,,43,,169,,169,65,0.6516488917939549,-0.15621571742023654,0.4681085400232775,0.6595652116901569,0.2820770046524357,5,,,,,,,,,,,krr_res,,,,,,,,,,,,,,,,,,
B2,HLgap,0,,,,,,,,,,,,,,,,,,,,43,,0,,169,65,0.7824530951297224,-0.4944144157958723,0.5059567250000006,0.7929097536057694,nan,5,,,,,,,,,,,composition,,,,,,,,,,,,,,,,,,
B2,HLgap,0,,,,,,,,,,,,,,,,,,,,43,,102,,169,65,0.41411788147194517,0.43073769562386,0.28310222150810654,0.41647306658080985,0.5681710112205802,5,0.41971421241760254,0.09590309113264084,,,,,,,,,C3_eigfeat,,,,,,,,,,,,,,,,,30,eig
B2,HLgap,0,,,,,,,,,,,,,,,,,,,,43,,100,,169,65,0.3333884132474477,0.6598958229446478,0.29779867810109517,0.3308260660419443,0.5500788331489064,5,0.8258537650108337,0.04234819486737251,,,,,,,,,C3_msgpass,,,,,,,,,,,,,,,,,22,atom
B2,HLgap,0,molecule,zz,0.1,bytype,3,bytype,eig,0,"[0.000,3.142]",none,1,1,Z,1,ridge,1,adam,adjoint,100,44,13,103,11,171,63,0.40422417276894973,0.8688093464567181,0.3648568875074554,0.4110423297194629,0.7286707227900324,4,0.7173969752119019,0.07538318342467294,0.8949212416146491,10.501634667217688,3.8168696613338966,0.03700759421005329,0.35089848867650775,0.724366950829581,0.0,117.63,zz_bytype_r3,0.39766340302774666,0.35679347755969865,10,0,1.0,1,0.40422417276894973,0.8688093464567181,4,0.3648568875074554,0.4110423297194629,0.7286707227900324,0.8662019760279754,4,0.40347945580873273,0.7268563666794637,,
B2,HLgap,0,molecule,xy,0.1,bytype,3,bytype,eig,0,"[0.000,3.142]",none,1,1,Z,1,ridge,1,adam,adjoint,100,44,13,103,11,171,63,0.7997832142594515,0.517460729457617,0.5917774309694018,0.7783396451626263,0.7536926979367042,4,0.7033374684807276,0.06976259984941277,0.9008120525697197,8.756956585820838,3.1827580159854336,0.15900428546452777,0.019028879654484996,0.4121003015538562,0.0,123.87,xy_bytype_r3,0.7950190770399167,0.5884962153170628,10,0,1.0,1,0.7997832142594515,0.517460729457617,4,0.5917774309694018,0.7783396451626263,0.7536926979367042,0.5248030521224003,4,0.7740135615628128,0.7439907840416603,,
B2,HLgap,0,molecule,none,0.0,fixed,3,fixed,eig,0,"[0.000,3.142]",none,1,1,Z,1,ridge,1,adam,adjoint,100,44,13,92,11,171,63,1.0530265230451092,0.1447234238642161,0.8307491875086411,1.0649959661257236,0.48071094343830684,4,0.7197208754940123,0.588449665839996,0.1823918328948184,3.2982512156928516,1.3630764016120676,0.005674933454938095,0.0,0.0,0.0,89.08,none_r3,0.7951477996306843,0.6555722940153055,10,0,1.0,1,1.0530265230451092,0.1447234238642161,4,0.8307491875086411,1.0649959661257236,0.48071094343830684,0.5986613366502862,4,0.7846435307023355,0.30861605446947776,,
B2,HLgap,0,molecule,xy,0.1,bytype_shuffled,3,bytype_shuffled,eig,0,"[0.000,3.142]",none,1,1,Z,1,ridge,1,adam,adjoint,100,44,13,103,11,171,63,1.0178814896790431,0.11449898417969695,0.8937951229564401,1.023725861717223,0.08802299925400386,4,0.7033374684807276,0.16153957785815634,0.7703242254289447,8.675994678410836,3.1533320210894566,0.13435525786693017,0.6289221436605339,0.33678400587401286,0.0,126.97,xy_shuffled_r3,1.0536452601181547,0.9232223717061857,10,0,1.0,1,1.0178814896790431,0.11449898417969695,4,0.8937951229564401,1.023725861717223,0.08802299925400386,0.05175217718666292,4,1.0579283315604044,0.10810794742893305,,
B2,HLgap,0,,,,,,,,,,,,,,,,,,,,44,,171,,171,63,0.7356563057771611,0.6277439114303831,0.4990807465038957,0.7322153323922109,0.7599936115049339,4,,,,,,,,,,,krr_res,,,,,,,,,,,,,,,,,,
B2,HLgap,0,,,,,,,,,,,,,,,,,,,,44,,0,,171,63,1.1761119478325441,-0.050857551371530585,0.9443051021077284,1.1995835784680278,nan,4,,,,,,,,,,,composition,,,,,,,,,,,,,,,,,,
B2,HLgap,0,,,,,,,,,,,,,,,,,,,,44,,102,,171,63,0.4741618310041988,0.8268740020265115,0.33459490651262247,0.4721387734344455,0.7917992648864195,4,0.6387338638305664,0.09769138693809509,,,,,,,,,C3_eigfeat,,,,,,,,,,,,,,,,,30,eig
B2,HLgap,0,,,,,,,,,,,,,,,,,,,,44,,100,,171,63,0.37653551865547,0.8792185206149885,0.30209337584542717,0.3864375446655355,0.8645714106836079,4,0.6506182551383972,0.0576128251850605,,,,,,,,,C3_msgpass,,,,,,,,,,,,,,,,,22,atom
B2,HLgap,0,molecule,zz,0.1,bytype,3,bytype,eig,0,"[0.000,3.142]",none,1,1,Z,1,ridge,1,adam,adjoint,100,45,13,103,11,162,72,0.7367883041410038,0.5828609310385244,0.5791722959658988,0.7344931670088768,0.5846059884170975,4,0.6389730431609807,0.10936502976818951,0.8288424982262727,6.156546394085626,2.2949972080107863,0.015465032784019015,0.1975067469298483,0.37157379459582596,0.0,113.36,zz_bytype_r3,0.7110334492239719,0.5676293937222164,10,0,1.0,1,0.7367883041410038,0.5828609310385244,4,0.5791722959658988,0.7344931670088768,0.5846059884170975,0.6070820047998671,4,0.7091562679548089,0.562951652409905,,
B2,HLgap,0,molecule,xy,0.1,bytype,3,bytype,eig,0,"[0.000,3.142]",none,1,1,Z,1,ridge,1,adam,adjoint,100,45,13,103,11,162,72,0.6337560136242953,0.6777909314739496,0.5393593228024407,0.6046145165680642,0.7638478331738434,4,0.6639278267589279,0.054336552267606225,0.9181589472866968,8.168533801596901,3.045012750365362,0.13571456227915188,-0.009118139125152776,0.42484577982614424,0.0,118.05,xy_bytype_r3,0.6270760446464254,0.5416855554065093,10,0,1.0,1,0.6337560136242953,0.6777909314739496,4,0.5393593228024407,0.6046145165680642,0.7638478331738434,0.6751744103990382,4,0.5979783888315134,0.7393416630260213,,
B2,HLgap,0,molecule,none,0.0,fixed,3,fixed,eig,0,"[0.000,3.142]",none,1,1,Z,1,ridge,1,adam,adjoint,100,45,13,92,11,162,72,1.0771831265584393,-0.19098409101467895,0.8061576818978019,0.9693277822965785,0.3761877213823098,4,0.6419662138265596,0.4558689093061341,0.2898864465330001,3.2745592705345907,1.3928771827227646,0.0049875654789752494,0.0,0.0,0.0,85.72,none_r3,1.1259997382745526,0.9463897885313672,10,0,1.0,1,1.0771831265584393,-0.19098409101467895,4,0.8061576818978019,0.9693277822965785,0.3761877213823098,-0.0010193297743921192,4,1.0826503334691497,0.35969198274394815,,
B2,HLgap,0,molecule,xy,0.1,bytype_shuffled,3,bytype_shuffled,eig,0,"[0.000,3.142]",none,1,1,Z,1,ridge,1,adam,adjoint,100,45,13,103,11,162,72,1.1389123452210062,-0.46839693414737593,0.8942863283073436,1.0344415313325965,0.2699842123646254,4,0.6639278267589279,0.09528594049679351,0.8564814778709496,8.312713735986677,3.0987592058771063,0.2105982851460837,0.6697296962892508,0.47175611447928506,0.0,122.65,xy_shuffled_r3,1.1297795896485772,0.8921393537224963,10,0,1.0,1,1.1389123452210062,-0.46839693414737593,4,0.8942863283073436,1.0344415313325965,0.2699842123646254,-0.45920022484006884,4,1.024242453437776,0.28150186690279805,,
B2,HLgap,0,,,,,,,,,,,,,,,,,,,,45,,162,,162,72,0.4451463344453418,0.79835852124718,0.3895957577355449,0.44605609389169365,0.6209122046148167,4,,,,,,,,,,,krr_res,,,,,,,,,,,,,,,,,,
B2,HLgap,0,,,,,,,,,,,,,,,,,,,,45,,0,,162,72,1.1820884765089161,-0.10679057584051299,1.0372468268947015,1.1664662673448098,nan,4,,,,,,,,,,,composition,,,,,,,,,,,,,,,,,,
B2,HLgap,0,,,,,,,,,,,,,,,,,,,,45,,102,,162,72,0.5372173108259637,0.7850380812755368,0.5075473180935927,0.5427062928467556,0.884651992235252,4,0.704940676689148,0.129502072930336,,,,,,,,,C3_eigfeat,,,,,,,,,,,,,,,,,30,eig
B2,HLgap,0,,,,,,,,,,,,,,,,,,,,45,,100,,162,72,0.4357598925214041,0.8501112954208867,0.28522780870363845,0.4283114359408246,0.9005007540109173,4,0.7566814422607422,0.0608549639582634,,,,,,,,,C3_msgpass,,,,,,,,,,,,,,,,,22,atom
B2,HLgap,0,molecule,zz,0.1,bytype,3,bytype,eig,0,"[0.000,3.142]",none,1,1,Z,1,ridge,1,adam,adjoint,100,46,13,103,11,166,68,0.4925460044401452,0.7614735844095676,0.4288648712633376,0.4849840875847728,0.6169159123704577,5,0.6407042765160333,0.05198221217548843,0.9188670747475686,8.342846123687535,2.807018292559421,0.026203423187029094,0.46796553120079215,0.3658875379711702,0.0,113.7,zz_bytype_r3,0.48845565914573397,0.42199121347490137,10,0,1.0,1,0.4925460044401452,0.7614735844095676,5,0.4288648712633376,0.4849840875847728,0.6169159123704577,0.7648434676618502,5,0.47667864822036166,0.6438278892824348,,
B2,HLgap,0,molecule,xy,0.1,bytype,3,bytype,eig,0,"[0.000,3.142]",none,1,1,Z,1,ridge,1,adam,adjoint,100,46,13,103,11,166,68,0.5554476226667773,0.6084748085532097,0.4908906635903468,0.5417033603126478,0.5178604224058768,5,0.5858845530224134,0.057141087078818625,0.9024703983335218,7.612661238729803,2.5613416615105424,0.015433843534158704,0.023701164544922163,0.2706870239936857,0.0,119.47,xy_bytype_r3,0.5413964480839292,0.48031354778960833,10,0,1.0,1,0.5554476226667773,0.6084748085532097,5,0.4908906635903468,0.5417033603126478,0.5178604224058768,0.6304746487445376,5,0.5253226988318515,0.5500032795487341,,
B2,HLgap,0,molecule,none,0.0,fixed,3,fixed,eig,0,"[0.000,3.142]",none,1,1,Z,1,ridge,1,adam,adjoint,100,46,13,92,11,166,68,0.9396601705243054,-0.702998376894056,0.7122059350470118,0.7983498885213955,0.4408828545192181,5,0.640414290311752,0.4122099111885555,0.35633867416060816,3.869715194340527,1.465537158048686,0.004667757362527717,0.0,0.0,0.0,85.99,none_r3,0.8216711797842651,0.6501828552142276,10,0,1.0,1,0.9396601705243054,-0.702998376894056,5,0.7122059350470118,0.7983498885213955,0.4408828545192181,-0.03143176003238213,5,0.7278017637410865,0.5673619309982946,,
B2,HLgap,0,molecule,xy,0.1,bytype_shuffled,3,bytype_shuffled,eig,0,"[0.000,3.142]",none,1,1,Z,1,ridge,1,adam,adjoint,100,46,13,103,11,166,68,0.7129929750842209,0.3456111232255198,0.5355442989582898,0.6525268079526836,0.42752033320215127,5,0.5858845530224134,0.0914206706933915,0.8439612885818921,7.902168884920173,2.6587488588439383,0.11156254837684294,0.41426303878365633,0.7066763208771527,0.0,123.84,xy_shuffled_r3,0.6882439417146861,0.5272584198206898,10,0,1.0,1,0.7129929750842209,0.3456111232255198,5,0.5355442989582898,0.6525268079526836,0.42752033320215127,0.3846663345571104,5,0.6363105569023441,0.45969598583234944,,
B2,HLgap,0,,,,,,,,,,,,,,,,,,,,46,,166,,166,68,0.5708126077817084,0.6888144295247632,0.5340690041067795,0.580439658433034,0.7276761117670209,5,,,,,,,,,,,krr_res,,,,,,,,,,,,,,,,,,
B2,HLgap,0,,,,,,,,,,,,,,,,,,,,46,,0,,166,68,0.9624722377746281,-0.0862305758295745,0.8935097508052124,0.950954929353779,nan,5,,,,,,,,,,,composition,,,,,,,,,,,,,,,,,,
B2,HLgap,0,,,,,,,,,,,,,,,,,,,,46,,102,,166,68,0.3990790600905485,0.8494724573932275,0.3210403190656093,0.40724514785174437,0.7387445887445887,5,0.5983307957649231,0.08984680473804474,,,,,,,,,C3_eigfeat,,,,,,,,,,,,,,,,,30,eig
B2,HLgap,0,,,,,,,,,,,,,,,,,,,,46,,100,,166,68,0.42548417305138947,0.84737772572836,0.3695216461607254,0.4218835992643484,0.8112816957217996,5,0.7460012435913086,0.056165989488363266,,,,,,,,,C3_msgpass,,,,,,,,,,,,,,,,,22,atom
B2,HLgap,0,molecule,zz,0.1,bytype,3,bytype,eig,0,"[0.000,3.142]",none,1,1,Z,1,ridge,1,adam,adjoint,100,47,13,103,11,168,66,0.546519906913515,-0.12330039177376428,0.43555501790212836,0.4159476869290175,0.6734365634365634,6,0.5596930450052506,0.03520466157987098,0.9371000552998818,6.567319107484357,2.3413308624959175,0.056290786756534435,0.26372688197239746,0.3019707892432964,0.0,116.88,zz_bytype_r3,0.5103401348324692,0.42574278251547465,10,0,1.0,1,0.546519906913515,-0.12330039177376428,6,0.43555501790212836,0.4159476869290175,0.6734365634365634,0.3183370592814605,6,0.4240014244803553,0.6464735264735264,,
B2,HLgap,0,molecule,xy,0.1,bytype,3,bytype,eig,0,"[0.000,3.142]",none,1,1,Z,1,ridge,1,adam,adjoint,100,47,13,103,11,168,66,0.6061570890451768,-0.5662632653362645,0.4255123904698351,0.4349694111684113,0.6363836163836163,6,0.5431222962513209,0.03535460678056401,0.9349048878593557,6.809363737186106,2.4276227804531647,0.11893464324950331,0.33025694704156827,0.28362444988590463,0.0,123.36,xy_bytype_r3,0.609772755454832,0.4295234876654783,10,0,1.0,1,0.6061570890451768,-0.5662632653362645,6,0.4255123904698351,0.4349694111684113,0.6363836163836163,-0.5537533180331182,6,0.4374404610334795,0.5777722277722277,,
B2,HLgap,0,molecule,none,0.0,fixed,3,fixed,eig,0,"[0.000,3.142]",none,1,1,Z,1,ridge,1,adam,adjoint,100,47,13,92,11,168,66,1.161670776655028,-10.478319781064075,0.8830026952843457,0.6993639676845594,0.24075924075924074,6,0.5819879153040682,0.5190301172950472,0.10817715686781533,1.9322100133244908,0.7812310380388194,0.0015400761866603816,0.0,0.0,0.0,89.26,none_r3,0.8077761223108071,0.7146118939145848,10,0,1.0,1,1.161670776655028,-10.478319781064075,6,0.8830026952843457,0.6993639676845594,0.24075924075924074,-0.26792396672538366,6,0.7506391405856275,0.29508491508491513,,
B2,HLgap,0,molecule,xy,0.1,bytype_shuffled,3,bytype_shuffled,eig,0,"[0.000,3.142]",none,1,1,Z,1,ridge,1,adam,adjoint,100,47,13,103,11,168,66,0.7376623174726694,-0.046549863610791276,0.6106695720734506,0.6586010901920611,0.3944355644355644,6,0.5431222962513209,0.08120357611695114,0.850487493005856,6.671261418980169,2.3783875880549,0.01710551915577039,0.45240745113557157,0.23596486964110808,0.0,127.29,xy_shuffled_r3,0.7407522953034287,0.6189365326910261,10,0,1.0,1,0.7376623174726694,-0.046549863610791276,6,0.6106695720734506,0.6586010901920611,0.3944355644355644,-0.0407641996131658,6,0.6668513810860787,0.3817482517482517,,
B2,HLgap,0,,,,,,,,,,,,,,,,,,,,47,,168,,168,66,0.6776212903422046,0.008869563994127194,0.5566201927287705,0.6134765277463993,0.6029370629370628,6,,,,,,,,,,,krr_res,,,,,,,,,,,,,,,,,,
B2,HLgap,0,,,,,,,,,,,,,,,,,,,,47,,0,,168,66,0.7837805173160173,-0.021069653874546956,0.7125705980918305,0.7697850502645501,nan,6,,,,,,,,,,,composition,,,,,,,,,,,,,,,,,,
B2,HLgap,0,,,,,,,,,,,,,,,,,,,,47,,102,,168,66,0.5893111114486622,0.38974752198124996,0.43816625511160356,0.5650661055204647,0.6488111888111887,6,0.47956883907318115,0.13155023753643036,,,,,,,,,C3_eigfeat,,,,,,,,,,,,,,,,,30,eig
B2,HLgap,0,,,,,,,,,,,,,,,,,,,,47,,100,,168,66,0.3004557327329822,0.8249197905616905,0.30146941661761445,0.2940120913609605,0.8626860763952358,6,0.5332669019699097,0.04237452894449234,,,,,,,,,C3_msgpass,,,,,,,,,,,,,,,,,22,atom
B2,HLgap,0,molecule,zz,0.1,bytype,3,bytype,eig,0,"[0.000,3.142]",none,1,1,Z,1,ridge,1,adam,adjoint,100,48,13,102,10,177,57,0.548929868513603,0.6793177792257912,0.499643721485861,0.5465151898980193,0.504057462071417,5,0.5278906970193923,0.08998040967855167,0.8295472714586477,7.39152950158471,2.5880101395509767,0.023217581437061794,0.18810988441729487,0.38236703628026686,0.0,131.09,zz_bytype_r3,0.5284600265984176,0.4899257730050404,9,0,1.0,1,0.548929868513603,0.6793177792257912,5,0.499643721485861,0.5465151898980193,0.504057462071417,0.7020995558518457,5,0.5236620035385677,0.510610197433941,,
B2,HLgap,0,molecule,xy,0.1,bytype,3,bytype,eig,0,"[0.000,3.142]",none,1,1,Z,1,ridge,1,adam,adjoint,100,48,13,102,10,177,57,0.5386032738504212,0.5550763175777622,0.5058360463695554,0.5211614604561035,0.46531940907711955,5,0.5398162976825499,0.05985441918599651,0.8891207630392902,6.882990324899987,2.409954360251604,0.013844459984281039,0.0525350432863646,0.20682364158504096,0.0,135.29,xy_bytype_r3,0.5398823042275914,0.509561905068014,9,0,1.0,1,0.5386032738504212,0.5550763175777622,5,0.5058360463695554,0.5211614604561035,0.46531940907711955,0.561387673068712,5,0.5246442925729695,0.4523494424475311,,
B2,HLgap,0,molecule,none,0.0,fixed,3,fixed,eig,0,"[0.000,3.142]",none,1,1,Z,1,ridge,1,adam,adjoint,100,48,13,92,10,177,57,1.02627843359237,0.05400795232388944,0.8825354058880339,1.03721882656748,0.05393001712953173,5,0.5180588638384129,0.33670645229059637,0.3500614007530657,2.8692971075429177,1.129716181161075,0.012525581314973278,0.0,0.0,0.0,97.94,none_r3,1.0182167602752914,0.8888683957679735,9,0,1.0,1,1.02627843359237,0.05400795232388944,5,0.8825354058880339,1.03721882656748,0.05393001712953173,0.054178091704551234,5,1.042611200701016,0.05829850737121439,,
B2,HLgap,0,molecule,xy,0.1,bytype_shuffled,3,bytype_shuffled,eig,0,"[0.000,3.142]",none,1,1,Z,1,ridge,1,adam,adjoint,100,48,13,102,10,177,57,1.0464031364003645,-0.09276828339358834,0.9002944663299174,1.0481165351790587,0.05104612716302471,5,0.5398162976825499,0.1851123809968004,0.6570826375722737,5.811353347856415,2.034740088034749,0.16625443740393417,0.11481809806488585,0.22437926461644395,0.0,136.51,xy_shuffled_r3,1.0555736799143116,0.8861295877046005,9,0,1.0,1,1.0464031364003645,-0.09276828339358834,5,0.9002944663299174,1.0481165351790587,0.05104612716302471,-0.100896900178429,5,1.0590728095875022,0.04958187395238667,,
B2,HLgap,0,,,,,,,,,,,,,,,,,,,,48,,177,,177,57,0.5903664276208481,0.5055905240961869,0.40004202648179543,0.5463939023583825,0.5768286771037301,5,,,,,,,,,,,krr_res,,,,,,,,,,,,,,,,,,
B2,HLgap,0,,,,,,,,,,,,,,,,,,,,48,,0,,177,57,0.8898911460005946,-0.0192215901975219,0.895801863250689,0.8937726582434514,nan,5,,,,,,,,,,,composition,,,,,,,,,,,,,,,,,,
B2,HLgap,0,,,,,,,,,,,,,,,,,,,,48,,101,,177,57,0.41261495296833006,0.8199441944807939,0.38866420710168176,0.41651338059514575,0.753648406401971,5,0.5269160866737366,0.07537877559661865,,,,,,,,,C3_eigfeat,,,,,,,,,,,,,,,,,30,eig
B2,HLgap,0,,,,,,,,,,,,,,,,,,,,48,,99,,177,57,0.36539269303540894,0.8539790937270851,0.27201505224684314,0.3494401527367369,0.8301603868135016,5,0.7018898129463196,0.049327552318573,,,,,,,,,C3_msgpass,,,,,,,,,,,,,,,,,22,atom
B2,HLgap,0,molecule,zz,0.1,bytype,3,bytype,eig,0,"[0.000,3.142]",none,1,1,Z,1,ridge,1,adam,adjoint,100,49,13,103,11,171,63,0.8861838535263544,-3.8792018060758204,0.630839879086427,0.5918611667886716,0.38787720216291643,6,0.6508725627540778,0.06237264232575496,0.9041707303472223,6.514703379735284,2.2765220014040595,0.01953574479152442,0.11312290971826924,0.31198380056182023,0.0,127.49,zz_bytype_r3,0.7336187223006991,0.5839828934967978,10,0,1.0,1,0.8861838535263544,-3.8792018060758204,6,0.630839879086427,0.5918611667886716,0.38787720216291643,-1.078438108329812,6,0.57946636430638,0.3898540612826327,,
B2,HLgap,0,molecule,xy,0.1,bytype,3,bytype,eig,0,"[0.000,3.142]",none,1,1,Z,1,ridge,1,adam,adjoint,100,49,13,103,11,171,63,0.6647524076701846,-0.09998930265242856,0.5159498279824419,0.6254288271422632,0.5438979010407582,6,0.6934082754978552,0.06013021472983353,0.9132831019551058,5.984266139894164,2.0911640539311818,0.02029502210191991,0.19160909479964572,0.29577808914117915,0.0,132.84,xy_bytype_r3,0.6605977911100359,0.5109070135003017,10,0,1.0,1,0.6647524076701846,-0.09998930265242856,6,0.5159498279824419,0.6254288271422632,0.5438979010407582,-0.07180897261310948,6,0.6238985602757217,0.5541543112971685,,
B2,HLgap,0,molecule,none,0.0,fixed,3,fixed,eig,0,"[0.000,3.142]",none,1,1,Z,1,ridge,1,adam,adjoint,100,49,13,92,11,171,63,2.181679491143125,-58.83333784562049,1.1348483741297872,1.0355683494002208,0.0596430025001454,6,0.7221762206242502,0.3082332915721829,0.5731882568692922,4.1495484031257135,1.640118975460285,0.015685365483383874,0.0,0.0,0.0,95.45,none_r3,1.0341093309639477,0.895145399097489,10,0,1.0,1,2.181679491143125,-58.83333784562049,6,1.1348483741297872,1.0355683494002208,0.0596430025001454,-1.0161950887715765,6,1.0110865792123858,-0.05346241060526774,,
B2,HLgap,0,molecule,xy,0.1,bytype_shuffled,3,bytype_shuffled,eig,0,"[0.000,3.142]",none,1,1,Z,1,ridge,1,adam,adjoint,100,49,13,103,11,171,63,0.995275982198054,-2.6688697655207334,0.7596166873510074,0.8247146977945318,0.33985696842839697,6,0.6934082754978552,0.07380240884784903,0.8935657224528216,7.855861153667612,2.745181125502983,0.021033936351524753,0.7503905726950819,0.3410345942914166,0.0,134.03,xy_shuffled_r3,0.9873968866276467,0.7633632562593572,10,0,1.0,1,0.995275982198054,-2.6688697655207334,6,0.7596166873510074,0.8247146977945318,0.33985696842839697,-2.4612283289882946,6,0.8290108028535708,0.33985696842839697,,
B2,HLgap,0,,,,,,,,,,,,,,,,,,,,49,,171,,171,63,0.5711770969966982,0.21103465471640304,0.46247723738149693,0.5046341865037488,0.4734577591720449,6,,,,,,,,,,,krr_res,,,,,,,,,,,,,,,,,,
B2,HLgap,0,,,,,,,,,,,,,,,,,,,,49,,0,,171,63,0.7493303074352549,-0.0015297376647542826,0.504484470499008,0.725508130284728,nan,6,,,,,,,,,,,composition,,,,,,,,,,,,,,,,,,
B2,HLgap,0,,,,,,,,,,,,,,,,,,,,49,,102,,171,63,0.3331400836691036,0.751196601046001,0.21662401927226982,0.33127877444751896,0.7450084307227163,6,0.5031657814979553,0.08430111408233643,,,,,,,,,C3_eigfeat,,,,,,,,,,,,,,,,,30,eig
B2,HLgap,0,,,,,,,,,,,,,,,,,,,,49,,100,,171,63,0.35115961601866696,0.7592344596594724,0.2872509710251038,0.3533284695596259,0.5286160477190794,6,0.6999754309654236,0.0421425886452198,,,,,,,,,C3_msgpass,,,,,,,,,,,,,,,,,22,atom
B2,HLgap,0,molecule,zz,0.1,bytype,3,bytype,eig,0,"[0.000,3.142]",none,1,1,Z,1,ridge,1,adam,adjoint,100,50,13,102,10,173,61,0.671656643956212,0.0540584369392918,0.6297659334381146,0.6648427263659488,0.36536630036630036,5,0.7168017426068248,0.059863897370498194,0.9164847212106537,6.3457126414771245,2.120486800678162,0.3642635600494943,-0.048880472283839606,0.23703910911974013,0.0,128.5,zz_bytype_r3,0.6777113565911873,0.6158901145625972,9,0,1.0,1,0.671656643956212,0.0540584369392918,5,0.6297659334381146,0.6648427263659488,0.36536630036630036,0.08541657076663867,5,0.6704529105841985,0.3475457875457874,,
B2,HLgap,0,molecule,xy,0.1,bytype,3,bytype,eig,0,"[0.000,3.142]",none,1,1,Z,1,ridge,1,adam,adjoint,100,50,13,102,10,173,61,0.8293133516221881,0.10673543130451713,0.6428083670299368,0.8233835114590026,0.3656959706959706,5,0.5697671421612769,0.10619871843860518,0.8136103144948558,7.392469116289634,2.470271515771667,0.07976978551576934,-0.024475625965110152,0.20327485821422175,0.0,133.27,xy_bytype_r3,0.8355317122083179,0.6464883883737149,9,0,1.0,1,0.8293133516221881,0.10673543130451713,5,0.6428083670299368,0.8233835114590026,0.3656959706959706,0.10639514903945535,5,0.8297321663468469,0.3087545787545787,,
B2,HLgap,0,molecule,none,0.0,fixed,3,fixed,eig,0,"[0.000,3.142]",none,1,1,Z,1,ridge,1,adam,adjoint,100,50,13,92,10,173,61,0.8526286704065983,0.028906684153586548,0.6053814555890005,0.8511836801115267,0.5763919413919414,5,0.7706113493825711,0.5088343662746527,0.33970039932277046,3.2375537785790254,1.2096919010472362,0.010648320199345336,0.0,0.0,0.0,96.1,none_r3,0.7591556893254239,0.5497716572026565,9,0,1.0,1,0.8526286704065983,0.028906684153586548,5,0.6053814555890005,0.8511836801115267,0.5763919413919414,0.26865851086446224,5,0.7579228204209071,0.6097985347985346,,
B2,HLgap,0,molecule,xy,0.1,bytype_shuffled,3,bytype_shuffled,eig,0,"[0.000,3.142]",none,1,1,Z,1,ridge,1,adam,adjoint,100,50,13,102,10,173,61,0.7129879642899738,0.3563189508193957,0.5081810830458766,0.721127641598016,0.46569597069597063,5,0.5697671421612769,0.09610580135414276,0.831324423185254,6.163649086446478,2.0596483437326607,0.09953627508593003,0.4632988561625518,0.2081818277123103,0.0,136.2,xy_shuffled_r3,0.7040877974678664,0.51509329733335,9,0,1.0,1,0.7129879642899738,0.3563189508193957,5,0.5081810830458766,0.721127641598016,0.46569597069597063,0.3555431715123749,5,0.7127191672874912,0.4754212454212453,,
B2,HLgap,0,,,,,,,,,,,,,,,,,,,,50,,173,,173,61,0.5026831259857806,0.6397378422305255,0.3769255639357867,0.5092527747082902,0.5749084249084249,5,,,,,,,,,,,krr_res,,,,,,,,,,,,,,,,,,
B2,HLgap,0,,,,,,,,,,,,,,,,,,,,50,,0,,173,61,0.8502944101203448,-0.21077577980981577,0.7528997321988357,0.8590869932562619,nan,5,,,,,,,,,,,composition,,,,,,,,,,,,,,,,,,
B2,HLgap,0,,,,,,,,,,,,,,,,,,,,50,,101,,173,61,0.4090247790538839,0.809653945735828,0.2771504427813571,0.4080996649655036,0.7809706959706958,5,0.4099285900592804,0.09201527386903763,,,,,,,,,C3_eigfeat,,,,,,,,,,,,,,,,,30,eig
B2,HLgap,0,,,,,,,,,,,,,,,,,,,,50,,99,,173,61,0.36731450308464547,0.8422836896958721,0.31041024502391334,0.3620455775337843,0.7483573338728658,5,0.49698391556739807,0.04795370623469353,,,,,,,,,C3_msgpass,,,,,,,,,,,,,,,,,22,atom
B2,HLgap,0,molecule,zz,0.1,bytype,3,bytype,eig,0,"[0.000,3.142]",none,1,1,Z,1,ridge,1,adam,adjoint,100,51,13,103,11,182,52,0.6122546028509377,0.15143408071532727,0.5381235610132604,0.5999570122160729,0.5552380952380953,5,0.6393501017806485,0.05975668185673263,0.9065352743507746,5.497882620923381,1.6645876697725392,0.014311133284617129,-0.07329762238470484,0.3956224530702608,0.0,134.68,zz_bytype_r3,0.6017637862962409,0.5221677164925247,10,0,1.0,1,0.6122546028509377,0.15143408071532727,5,0.5381235610132604,0.5999570122160729,0.5552380952380953,0.20629323655553466,5,0.59515746753934,0.5236017316017316,,
B2,HLgap,0,molecule,xy,0.1,bytype,3,bytype,eig,0,"[0.000,3.142]",none,1,1,Z,1,ridge,1,adam,adjoint,100,51,13,103,11,182,52,0.5458693157007036,0.10330667530261028,0.49974688712441934,0.5450641863007404,0.642082251082251,5,0.608018250104935,0.033566474746926596,0.9447936394324783,6.996715626285731,2.1183876345588475,0.012496188386246618,0.1776799626649381,0.4004799299130501,0.0,140.37,xy_bytype_r3,0.5257276151751941,0.46972256072964924,10,0,1.0,1,0.5458693157007036,0.10330667530261028,5,0.49974688712441934,0.5450641863007404,0.642082251082251,0.2521086891404818,5,0.5236434582494196,0.6256580086580087,,
B2,HLgap,0,molecule,none,0.0,fixed,3,fixed,eig,0,"[0.000,3.142]",none,1,1,Z,1,ridge,1,adam,adjoint,100,51,13,92,11,182,52,0.7634981965645437,-1.0307841494119643,0.5908532971722276,0.6806072875770199,0.3861515151515152,5,0.664714618549408,0.33304567977886773,0.49896441196725005,2.5146498858943884,0.846345192517938,0.052343342726318395,0.0,0.0,0.0,100.54,none_r3,0.7069457590918392,0.5431960857095901,10,0,1.0,1,0.7634981965645437,-1.0307841494119643,5,0.5908532971722276,0.6806072875770199,0.3861515151515152,-0.33601209789623354,5,0.669760242171136,0.368969696969697,,
B2,HLgap,0,molecule,xy,0.1,bytype_shuffled,3,bytype_shuffled,eig,0,"[0.000,3.142]",none,1,1,Z,1,ridge,1,adam,adjoint,100,51,13,103,11,182,52,0.7391643151106402,-0.36024874834078857,0.5844177479546393,0.7423596092622593,0.5029913419913419,5,0.608018250104935,0.08115911022472554,0.8665186280005268,5.337803133282229,1.6161205853177218,0.033495055926622046,0.38605783267693633,0.2130684756978224,0.0,141.79,xy_shuffled_r3,0.6923999293512357,0.5798652176900938,10,0,1.0,1,0.7391643151106402,-0.36024874834078857,5,0.5844177479546393,0.7423596092622593,0.5029913419913419,-0.24571706968639928,5,0.7066465929877497,0.47880952380952363,,
B2,HLgap,0,,,,,,,,,,,,,,,,,,,,51,,182,,182,52,0.5937126045543154,-0.1614579880885083,0.42285078713769664,0.5323066302683818,0.6545800865800865,5,,,,,,,,,,,krr_res,,,,,,,,,,,,,,,,,,
B2,HLgap,0,,,,,,,,,,,,,,,,,,,,51,,0,,182,52,0.6873733985629755,-0.00080988934267201,0.5765981923809522,0.6930501156043957,nan,5,,,,,,,,,,,composition,,,,,,,,,,,,,,,,,,
B2,HLgap,0,,,,,,,,,,,,,,,,,,,,51,,102,,182,52,0.46767568114611496,0.39013117216405024,0.37661877988566766,0.47069056063930914,0.5646580086580086,5,0.46041712164878845,0.07234232872724533,,,,,,,,,C3_eigfeat,,,,,,,,,,,,,,,,,30,eig
B2,HLgap,0,,,,,,,,,,,,,,,,,,,,51,,100,,182,52,0.3172108842051451,0.6807134424924615,0.3058399796398072,0.3189343748128548,0.47613768632819414,5,0.6283008456230164,0.040606312453746796,,,,,,,,,C3_msgpass,,,,,,,,,,,,,,,,,22,atom
B2,HLgap,0,molecule,zz,0.1,bytype,3,bytype,eig,0,"[0.000,3.142]",none,1,1,Z,1,ridge,1,adam,adjoint,100,52,13,102,10,185,49,0.3242185504412163,0.7103218894474517,0.28626600093856164,0.3141585738169937,0.6529808959156785,4,0.5796253240116189,0.04171105270295556,0.9280379048757375,8.279429200239113,3.0549620626562133,0.05492039121879571,0.42419699982355075,0.36223695473051093,0.0,137.25,zz_bytype_r3,0.3056417358585934,0.2766368031683664,9,0,1.0,1,0.3242185504412163,0.7103218894474517,4,0.28626600093856164,0.3141585738169937,0.6529808959156785,0.7312067861913212,4,0.30306997865415375,0.6854781088476741,,
B2,HLgap,0,molecule,xy,0.1,bytype,3,bytype,eig,0,"[0.000,3.142]",none,1,1,Z,1,ridge,1,adam,adjoint,100,52,13,102,10,185,49,0.5901643008962693,-0.355437421203292,0.49070213691127645,0.5175966862023728,0.5585854363028276,4,0.5839223828686334,0.07617718952438564,0.8695422683573967,7.215090676624201,2.6622400847482224,0.02040887800880497,0.37407101913077934,0.5133471663141139,0.0,141.56,xy_bytype_r3,0.5870678334184494,0.49979508605096273,9,0,1.0,1,0.5901643008962693,-0.355437421203292,4,0.49070213691127645,0.5175966862023728,0.5585854363028276,-0.35829658348630855,4,0.5140854182145417,0.5630726157900071,,
B2,HLgap,0,molecule,none,0.0,fixed,3,fixed,eig,0,"[0.000,3.142]",none,1,1,Z,1,ridge,1,adam,adjoint,100,52,13,92,10,185,49,0.9110972517055517,-5.827542118330188,0.5180655167527067,0.6816010700248324,0.23210068916590654,4,0.5751733463943364,0.46229883336553534,0.1962443387482958,2.5649223503023557,1.071427458546066,0.007935643413552589,0.0,0.0,0.0,101.26,none_r3,0.8464560975048996,0.6622593050185427,9,0,1.0,1,0.9110972517055517,-5.827542118330188,4,0.5180655167527067,0.6816010700248324,0.23210068916590654,-1.3878100777836502,4,0.7271782308934801,0.10932274247491636,,
B2,HLgap,0,molecule,xy,0.1,bytype_shuffled,3,bytype_shuffled,eig,0,"[0.000,3.142]",none,1,1,Z,1,ridge,1,adam,adjoint,100,52,13,102,10,185,49,0.7562666214439492,-0.6069418101647339,0.6566826523372566,0.7268832653843325,0.05978134184655922,4,0.5839223828686334,0.09820661322775448,0.8318156383297123,7.9001837169360885,2.915027227065011,0.032796327857557046,0.5874440052273452,0.2821297306496317,0.0,143.92,xy_shuffled_r3,0.7528236066552507,0.6613657467964759,9,0,1.0,1,0.7562666214439492,-0.6069418101647339,4,0.6566826523372566,0.7268832653843325,0.05978134184655922,-0.610310647602254,4,0.7276745823270262,0.12309085841694535,,
B2,HLgap,0,,,,,,,,,,,,,,,,,,,,52,,185,,185,49,0.5425532217478527,0.0818122337650028,0.43273004362138695,0.5290657339581325,0.5158571500962805,4,,,,,,,,,,,krr_res,,,,,,,,,,,,,,,,,,
B2,HLgap,0,,,,,,,,,,,,,,,,,,,,52,,0,,185,49,0.7728200189740762,-0.7083533802965043,0.47161937625137024,0.7520821425381905,nan,4,,,,,,,,,,,composition,,,,,,,,,,,,,,,,,,
B2,HLgap,0,,,,,,,,,,,,,,,,,,,,52,,101,,185,49,0.5201936093089826,-0.24287614482738262,0.459504244753873,0.5198591671407646,0.839520624303233,4,0.5773827433586121,0.0696057677268982,,,,,,,,,C3_eigfeat,,,,,,,,,,,,,,,,,30,eig
B2,HLgap,0,,,,,,,,,,,,,,,,,,,,52,,99,,185,49,0.464024743261515,0.2576616460942377,0.420665528116629,0.43952529852574396,0.7061470006820731,4,0.771552324295044,0.050401970744132996,,,,,,,,,C3_msgpass,,,,,,,,,,,,,,,,,22,atom
B2,HLgap,0,molecule,zz,0.1,bytype,3,bytype,eig,0,"[0.000,3.142]",none,1,1,Z,1,ridge,1,adam,adjoint,100,53,13,103,11,170,64,0.553264774956004,0.674743834016251,0.5135748227638026,0.553264774956004,0.6343977541767176,5,0.6724532837604894,0.05134933754559277,0.923638803191744,6.249331744417929,1.8544020865215507,0.40004604400027455,0.11340306585378389,0.38996822578693785,0.0,125.72,zz_bytype_r3,0.5325059819263313,0.5022328475793031,10,0,1.0,1,0.553264774956004,0.674743834016251,5,0.5135748227638026,0.553264774956004,0.6343977541767176,0.7004961434317174,5,0.5325059819263311,0.6200137641829716,,
B2,HLgap,0,molecule,xy,0.1,bytype,3,bytype,eig,0,"[0.000,3.142]",none,1,1,Z,1,ridge,1,adam,adjoint,100,53,13,103,11,170,64,0.7525056207989809,0.4779867588649023,0.6934965969209048,0.7525056207989809,0.5061998151746628,5,0.7421345043239087,0.06364173324921077,0.9142450150499485,7.700262302511089,2.2849455053005516,0.021040507112837604,-0.12515255427739286,0.22533646489218165,0.0,130.92,xy_bytype_r3,0.731589602487364,0.6877840399565207,10,0,1.0,1,0.7525056207989809,0.4779867588649023,5,0.6934965969209048,0.7525056207989809,0.5061998151746628,0.5024819577578251,5,0.731589602487364,0.49759594445188965,,
B2,HLgap,0,molecule,none,0.0,fixed,3,fixed,eig,0,"[0.000,3.142]",none,1,1,Z,1,ridge,1,adam,adjoint,100,53,13,92,11,170,64,0.9464292056072412,0.1973721114678395,0.8874087529315693,0.9464292056072412,0.12287304286160992,5,0.8426026155893229,0.3783813705837273,0.5509373415378205,2.540791423144726,0.8362444553843111,0.019909137372152223,0.0,0.0,0.0,93.82,none_r3,0.9063988883657932,0.8451971978966871,10,0,1.0,1,0.9464292056072412,0.1973721114678395,5,0.8874087529315693,0.9464292056072412,0.12287304286160992,0.2631632023582511,5,0.9063988883657932,0.1306016455597248,,
B2,HLgap,0,molecule,xy,0.1,bytype_shuffled,3,bytype_shuffled,eig,0,"[0.000,3.142]",none,1,1,Z,1,ridge,1,adam,adjoint,100,53,13,103,11,170,64,0.7081403830909121,0.5292623671276631,0.6010799873066361,0.7081403830909121,0.5652344098990442,5,0.7421345043239087,0.131254075437281,0.8231397749699637,6.786070191674544,2.013671739216506,0.02761632454700169,0.1840108394141601,0.314128147046577,0.0,132.44,xy_shuffled_r3,0.7029744400521859,0.6097682612446373,10,0,1.0,1,0.7081403830909121,0.5292623671276631,5,0.6010799873066361,0.7081403830909121,0.5652344098990442,0.541214638066247,5,0.7029744400521859,0.5418257365094256,,
B2,HLgap,0,,,,,,,,,,,,,,,,,,,,53,,170,,170,64,0.6202350676731558,0.5866865335597896,0.5458405027757653,0.6202350676731558,0.43005198561601,5,,,,,,,,,,,krr_res,,,,,,,,,,,,,,,,,,
B2,HLgap,0,,,,,,,,,,,,,,,,,,,,53,,0,,170,64,0.9548155264705882,-0.0751490076408956,0.9510678173611111,0.9548155264705882,nan,5,,,,,,,,,,,composition,,,,,,,,,,,,,,,,,,
B2,HLgap,0,,,,,,,,,,,,,,,,,,,,53,,102,,170,64,0.5532715845472117,0.7088117767007525,0.4768710373960586,0.5532715845472117,0.7086775775037971,5,0.5956771969795227,0.06344039738178253,,,,,,,,,C3_eigfeat,,,,,,,,,,,,,,,,,30,eig
B2,HLgap,0,,,,,,,,,,,,,,,,,,,,53,,100,,170,64,0.4001356476765533,0.8364485163833538,0.337460765765049,0.40013564767655335,0.9404760762052435,5,0.7560218572616577,0.04291820526123047,,,,,,,,,C3_msgpass,,,,,,,,,,,,,,,,,22,atom
B2,HLgap,0,molecule,zz,0.1,bytype,3,bytype,eig,0,"[0.000,3.142]",none,1,1,Z,1,ridge,1,adam,adjoint,100,54,13,103,11,167,67,0.5577745446034862,0.7353349895506467,0.4698493330949176,0.5451850048481692,0.7643133010780069,5,0.5931871356531868,0.09072055307754603,0.8470625075548052,8.256424582647949,2.9484378290595212,0.012070397516422181,0.14110803387771015,0.6160418940652512,0.0,121.98,zz_bytype_r3,0.5658013523680748,0.4755537015666623,10,0,1.0,1,0.5577745446034862,0.7353349895506467,5,0.4698493330949176,0.5451850048481692,0.7643133010780069,0.7363850793591291,5,0.565804187942246,0.775517782870724,,
B2,HLgap,0,molecule,xy,0.1,bytype,3,bytype,eig,0,"[0.000,3.142]",none,1,1,Z,1,ridge,1,adam,adjoint,100,54,13,103,11,167,67,0.652144449356843,0.3026265844327418,0.44789133833112704,0.505047039549117,0.8261437908496732,5,0.48146811971934195,0.06905797774679687,0.8565679119376539,8.07911024609271,2.8851174059997873,0.020253268304038362,0.25918024539294326,0.35818520920729796,0.0,128.02,xy_bytype_r3,0.6373886172443073,0.4389107272981402,10,0,1.0,1,0.652144449356843,0.3026265844327418,5,0.44789133833112704,0.505047039549117,0.8261437908496732,0.3888430478096454,5,0.5060269769443089,0.8273321449792038,,
B2,HLgap,0,molecule,none,0.0,fixed,3,fixed,eig,0,"[0.000,3.142]",none,1,1,Z,1,ridge,1,adam,adjoint,100,54,13,92,11,167,67,1.8731006825601126,-16.462924023653095,1.0622176430929569,0.9734307154066493,0.39142475171886937,5,0.6148997917154734,0.39232844545006795,0.3619636065324831,3.4186794341455786,1.3848609760213797,0.03614927946319213,0.0,0.0,0.0,91.44,none_r3,0.9687242595221585,0.8750401701682764,10,0,1.0,1,1.8731006825601126,-16.462924023653095,5,1.0622176430929569,0.9734307154066493,0.39142475171886937,0.2524546458655824,5,0.9547878474764069,0.40031830914183864,,
B2,HLgap,0,molecule,xy,0.1,bytype_shuffled,3,bytype_shuffled,eig,0,"[0.000,3.142]",none,1,1,Z,1,ridge,1,adam,adjoint,100,54,13,103,11,167,67,0.9468208677841573,0.10542058335416815,0.7435010381120455,0.827618851163985,0.48847720906544434,5,0.48146811971934195,0.12208685997843516,0.7464279461543535,8.818807468500983,3.1492694309795084,0.20469768922697315,0.5305181140144327,0.7808905110760452,0.0,130.17,xy_shuffled_r3,0.9120379244684298,0.7573514519388382,10,0,1.0,1,0.9468208677841573,0.10542058335416815,5,0.7435010381120455,0.827618851163985,0.48847720906544434,0.25885602777970373,5,0.8270281757102556,0.5060903149138444,,
B2,HLgap,0,,,,,,,,,,,,,,,,,,,,54,,167,,167,67,0.7386851060218732,0.5229429027363225,0.5534414577006326,0.688250697521398,0.7185446906035141,5,,,,,,,,,,,krr_res,,,,,,,,,,,,,,,,,,
B2,HLgap,0,,,,,,,,,,,,,,,,,,,,54,,0,,167,67,1.1911270844579493,-0.235352036439469,1.117787314896215,1.1850474324476048,nan,5,,,,,,,,,,,composition,,,,,,,,,,,,,,,,,,
B2,HLgap,0,,,,,,,,,,,,,,,,,,,,54,,102,,167,67,0.40865403387837385,0.8399337787673624,0.35095877565743633,0.4099257808030521,0.88813767931415,5,0.696903645992279,0.09861453622579575,,,,,,,,,C3_eigfeat,,,,,,,,,,,,,,,,,30,eig
B2,HLgap,0,,,,,,,,,,,,,,,,,,,,54,,100,,167,67,0.38937522429262583,0.8437511670042107,0.35233122029043684,0.3786162547273123,0.8705532254995275,5,0.908856213092804,0.07889550179243088,,,,,,,,,C3_msgpass,,,,,,,,,,,,,,,,,22,atom
B2,HLgap,0,molecule,zz,0.1,bytype,3,bytype,eig,0,"[0.000,3.142]",none,1,1,Z,1,ridge,1,adam,adjoint,100,55,13,103,11,180,54,0.522795218207304,0.2553751387960843,0.41423321662900486,0.5033264652967634,0.38502331002331,5,0.5635330531375381,0.038335238853911865,0.9319733977617181,7.531614760506205,2.1872539564827607,0.0174596821590713,-0.08459752023999924,0.46285389469290084,0.0,132.71,zz_bytype_r3,0.5155704339282339,0.4134622984687868,10,0,1.0,1,0.522795218207304,0.2553751387960843,5,0.41423321662900486,0.5033264652967634,0.38502331002331,0.22725275980580295,5,0.4915500983589679,0.4115384615384615,,
B2,HLgap,0,molecule,xy,0.1,bytype,3,bytype,eig,0,"[0.000,3.142]",none,1,1,Z,1,ridge,1,adam,adjoint,100,55,13,103,11,180,54,0.6298142163818276,-0.10906496384456221,0.485264209591786,0.606837530069331,0.3006327006327006,5,0.6963077253143587,0.044933777867700905,0.9354685059002973,7.583184200855529,2.202230222001429,0.03123493594168516,0.013879516821784892,0.5381764524052002,0.0,138.46,xy_bytype_r3,0.6359098964009158,0.4912757172800107,10,0,1.0,1,0.6298142163818276,-0.10906496384456221,5,0.485264209591786,0.606837530069331,0.3006327006327006,-0.147863218666481,5,0.617009758010782,0.31299533799533796,,
B2,HLgap,0,molecule,none,0.0,fixed,3,fixed,eig,0,"[0.000,3.142]",none,1,1,Z,1,ridge,1,adam,adjoint,100,55,13,92,11,180,54,0.7056309066075207,-0.5522049774369524,0.5328887929458122,0.6518545996841603,0.49166666666666664,5,0.5791998446701314,0.3601749776638888,0.37815076958624305,3.598623161773285,1.1564632912276833,0.1055891115466039,0.0,0.0,0.0,99.73,none_r3,0.7255295428469078,0.5518069463403455,10,0,1.0,1,0.7056309066075207,-0.5522049774369524,5,0.5328887929458122,0.6518545996841603,0.49166666666666664,-0.7635644542475861,5,0.6683411813381857,0.48847818847818847,,
B2,HLgap,0,molecule,xy,0.1,bytype_shuffled,3,bytype_shuffled,eig,0,"[0.000,3.142]",none,1,1,Z,1,ridge,1,adam,adjoint,100,55,13,103,11,180,54,0.6915940377275511,-0.5426155923107085,0.5632385252962276,0.709611733257879,0.33473193473193474,5,0.6963077253143587,0.08288605410176172,0.8809634719127357,6.560081831614092,1.9051113734983733,0.06426015539347373,0.3904684589745422,0.19432674650227413,0.0,139.25,xy_shuffled_r3,0.6879947624873685,0.5537212112849983,10,0,1.0,1,0.6915940377275511,-0.5426155923107085,5,0.5632385252962276,0.709611733257879,0.33473193473193474,-0.5315415473715241,5,0.7002548511431729,0.3334582084582084,,
B2,HLgap,0,,,,,,,,,,,,,,,,,,,,55,,180,,180,54,0.4490510678610126,0.2152040850881487,0.3430622400599944,0.3884992693126186,0.29437229437229434,5,,,,,,,,,,,krr_res,,,,,,,,,,,,,,,,,,
B2,HLgap,0,,,,,,,,,,,,,,,,,,,,55,,0,,180,54,0.6805866625514406,-0.08179158221629801,0.41833065209918247,0.6805601495726497,nan,5,,,,,,,,,,,composition,,,,,,,,,,,,,,,,,,
B2,HLgap,0,,,,,,,,,,,,,,,,,,,,55,,102,,180,54,0.5675777512554111,0.251180745088904,0.3859956399189717,0.5593643549358893,0.5262487512487513,5,0.43322986364364624,0.06643546372652054,,,,,,,,,C3_eigfeat,,,,,,,,,,,,,,,,,30,eig
B2,HLgap,0,,,,,,,,,,,,,,,,,,,,55,,100,,180,54,0.30632224736182323,0.7354836508390088,0.29226531158956937,0.3083599143555546,0.7241781751972298,5,0.7884554266929626,0.05007408559322357,,,,,,,,,C3_msgpass,,,,,,,,,,,,,,,,,22,atom
B2,HLgap,0,molecule,zz,0.1,bytype,3,bytype,eig,0,"[0.000,3.142]",none,1,1,Z,1,ridge,1,adam,adjoint,100,56,13,103,11,172,62,0.4448727533156022,0.6145732365648573,0.44704648587744983,0.44941847923495976,0.5803278688524591,4,0.5838684587011993,0.05762311535119672,0.901308052366148,7.438179000534945,2.3530435554049465,0.03767348989521751,0.11813771450537676,0.541045975599231,0.0,127.19,zz_bytype_r3,0.4631386440116597,0.4610923524547058,10,0,1.0,1,0.4448727533156022,0.6145732365648573,4,0.44704648587744983,0.44941847923495976,0.5803278688524591,0.5808048759851876,4,0.4672705235557334,0.5586712683347713,,
B2,HLgap,0,molecule,xy,0.1,bytype,3,bytype,eig,0,"[0.000,3.142]",none,1,1,Z,1,ridge,1,adam,adjoint,100,56,13,103,11,172,62,0.5421287069898744,0.36510360304509926,0.5244129021951772,0.5482277077920036,0.39952545297670405,4,0.585378838639564,0.06910149813506104,0.8819542259237543,7.925704713618029,2.50727071734631,0.021349435217544465,0.19368661662992243,0.6374223290547407,0.0,134.01,xy_bytype_r3,0.550664201633654,0.5203650186356827,10,0,1.0,1,0.5421287069898744,0.36510360304509926,4,0.5244129021951772,0.5482277077920036,0.39952545297670405,0.34189816604598644,4,0.5582996486224634,0.32389991371872306,,
B2,HLgap,0,molecule,none,0.0,fixed,3,fixed,eig,0,"[0.000,3.142]",none,1,1,Z,1,ridge,1,adam,adjoint,100,56,13,92,11,172,62,0.49650014496356154,0.5321526968518316,0.41663793973305097,0.5028807448754831,0.6238999137187231,4,0.6971647653037164,0.3984445978390862,0.4284785782805507,3.586595239326673,1.2676052213338338,0.04877331861747119,0.0,0.0,0.0,95.72,none_r3,0.5464933077634802,0.4846869693151404,10,0,1.0,1,0.49650014496356154,0.5321526968518316,4,0.41663793973305097,0.5028807448754831,0.6238999137187231,0.3548215333983775,4,0.550546717621277,0.5946074201898188,,
B2,HLgap,0,molecule,xy,0.1,bytype_shuffled,3,bytype_shuffled,eig,0,"[0.000,3.142]",none,1,1,Z,1,ridge,1,adam,adjoint,100,56,13,103,11,172,62,0.8904511691451081,-0.8665253393175678,0.8185316642010855,0.9025601061676445,0.05431406384814494,4,0.585378838639564,0.1084027292037372,0.814816112151119,6.938189922979964,2.194873648949482,0.08413559239931771,0.4535639489731819,0.23060649776037312,0.0,134.97,xy_shuffled_r3,0.8748764605609347,0.8228616318438648,10,0,1.0,1,0.8904511691451081,-0.8665253393175678,4,0.8185316642010855,0.9025601061676445,0.05431406384814494,-0.7465015084910098,4,0.8862929117008381,0.03805004314063848,,
B2,HLgap,0,,,,,,,,,,,,,,,,,,,,56,,172,,172,62,0.6550090234311559,0.10912731098803963,0.4872616479759019,0.6651797016846931,0.5673856773080242,4,,,,,,,,,,,krr_res,,,,,,,,,,,,,,,,,,
B2,HLgap,0,,,,,,,,,,,,,,,,,,,,56,,0,,172,62,0.7546638683420855,-0.07075759235857415,0.6135281218744827,0.7518366368661838,nan,4,,,,,,,,,,,composition,,,,,,,,,,,,,,,,,,
B2,HLgap,0,,,,,,,,,,,,,,,,,,,,56,,102,,172,62,0.34518467203129904,0.7128714672574843,0.27848416824286004,0.336504501806595,0.8970232959447801,4,0.5933129787445068,0.07925804704427719,,,,,,,,,C3_eigfeat,,,,,,,,,,,,,,,,,30,eig
B2,HLgap,0,,,,,,,,,,,,,,,,,,,,56,,100,,172,62,0.34476048346227794,0.6866977336379252,0.3430277139645485,0.3421560575681537,0.781131207286508,4,0.8166589736938477,0.03945588693022728,,,,,,,,,C3_msgpass,,,,,,,,,,,,,,,,,22,atom
B2,HLgap,0,molecule,zz,0.1,bytype,3,bytype,eig,0,"[0.000,3.142]",none,1,1,Z,1,ridge,1,adam,adjoint,100,57,13,103,11,176,58,0.6595476076324198,0.515636406285898,0.5310642246050049,0.6595476076324198,0.4445733194009056,6,0.5958047831723357,0.06944553660280715,0.8834424654447258,7.622267154627972,2.8125501052255437,0.07198202882939128,0.37244656542190846,0.5461731244984325,0.0,129.46,zz_bytype_r3,0.664365651023351,0.5284132011067653,10,0,1.0,1,0.6595476076324198,0.515636406285898,6,0.5310642246050049,0.6595476076324198,0.4445733194009056,0.5077371065807774,6,0.6643656510233508,0.4624312086381051,,
B2,HLgap,0,molecule,xy,0.1,bytype,3,bytype,eig,0,"[0.000,3.142]",none,1,1,Z,1,ridge,1,adam,adjoint,100,57,13,103,11,176,58,0.6196706478097485,0.4223145300398272,0.581659680437944,0.6196706478097483,0.22958899338209685,6,0.5681561872678634,0.04925929945600747,0.9132997218724582,7.150038567860161,2.6383018750781786,0.012945507214300196,0.02981822624084712,0.2130139818576305,0.0,134.27,xy_bytype_r3,0.6238995958599683,0.5810897561517967,10,0,1.0,1,0.6196706478097485,0.4223145300398272,6,0.581659680437944,0.6196706478097483,0.22958899338209685,0.4286853429841807,6,0.6238995958599682,0.2291640543364681,,
B2,HLgap,0,molecule,none,0.0,fixed,3,fixed,eig,0,"[0.000,3.142]",none,1,1,Z,1,ridge,1,adam,adjoint,100,57,13,92,11,176,58,0.6585248492817223,0.47561757657427606,0.6596764111957839,0.6585248492817223,0.28882619296412393,6,0.6139081308752772,0.42853263148519605,0.3019596745294491,2.96379277056469,1.2461137911338485,0.16322844820976043,0.0,0.0,0.0,97.0,none_r3,0.615726143495313,0.6159159008722549,10,0,1.0,1,0.6585248492817223,0.47561757657427606,6,0.6596764111957839,0.6585248492817223,0.28882619296412393,0.5247401032788586,6,0.6157261434953128,0.3381853012887495,,
B2,HLgap,0,molecule,xy,0.1,bytype_shuffled,3,bytype_shuffled,eig,0,"[0.000,3.142]",none,1,1,Z,1,ridge,1,adam,adjoint,100,57,13,103,11,176,58,0.7577154190939803,0.30076368100808015,0.6684410717463499,0.7577154190939804,0.3000696621386276,6,0.5681561872678634,0.10176781342841522,0.8208805682152402,6.763655936066688,2.4957300536420544,0.04773353845870507,0.4340024702882042,0.1928003274201063,0.0,137.21,xy_shuffled_r3,0.7532549177987187,0.6645195381508471,10,0,1.0,1,0.7577154190939803,0.30076368100808015,6,0.6684410717463499,0.7577154190939804,0.3000696621386276,0.304416614248466,6,0.7532549177987187,0.2918948101706722,,
B2,HLgap,0,,,,,,,,,,,,,,,,,,,,57,,176,,176,58,0.6406914691402179,0.537908682505184,0.47108120508986634,0.6406914691402178,0.6611180773249739,6,,,,,,,,,,,krr_res,,,,,,,,,,,,,,,,,,
B2,HLgap,0,,,,,,,,,,,,,,,,,,,,57,,0,,176,58,0.9208306520376177,-0.0011723601491888669,0.7378781528213166,0.9208306520376177,nan,6,,,,,,,,,,,composition,,,,,,,,,,,,,,,,,,
B2,HLgap,0,,,,,,,,,,,,,,,,,,,,57,,102,,176,58,0.3791639728005133,0.8034433613214541,0.2868089205326451,0.3791639728005133,0.6011180773249738,6,0.6237499117851257,0.08297649025917053,,,,,,,,,C3_eigfeat,,,,,,,,,,,,,,,,,30,eig
B2,HLgap,0,,,,,,,,,,,,,,,,,,,,57,,100,,176,58,0.38731699687545257,0.7957371366617766,0.31116143540764535,0.38731699687545257,0.6646149728200372,6,0.8064024448394775,0.0642947405576706,,,,,,,,,C3_msgpass,,,,,,,,,,,,,,,,,22,atom
B2,HLgap,0,molecule,zz,0.1,bytype,3,bytype,eig,0,"[0.000,3.142]",none,1,1,Z,1,ridge,1,adam,adjoint,100,58,13,103,11,182,52,0.4831196531233021,-1.0218238953382066,0.42255380483080385,0.4831196531233021,0.6586522024983563,6,0.6118737682651344,0.04849346937886671,0.9207459579181474,7.3498671799893724,2.5139359411618125,0.02602821117538399,0.3462163129511328,0.3961330493136585,0.0,134.68,zz_bytype_r3,0.4615527267985302,0.4014403389985856,10,0,1.0,1,0.4831196531233021,-1.0218238953382066,6,0.42255380483080385,0.4831196531233021,0.6586522024983563,-0.442533054601725,6,0.4615527267985302,0.6705223835993068,,
B2,HLgap,0,molecule,xy,0.1,bytype,3,bytype,eig,0,"[0.000,3.142]",none,1,1,Z,1,ridge,1,adam,adjoint,100,58,13,103,11,182,52,0.588029107151251,-0.9753040519684513,0.47663179922440047,0.588029107151251,0.4760786862709939,6,0.5133714925604257,0.04595057022715762,0.9104925557942836,7.788999707164076,2.664136076206879,0.01769474984841341,0.13021707122467,0.6187868897978883,0.0,140.32,xy_bytype_r3,0.5961275596399581,0.47915989578779106,10,0,1.0,1,0.588029107151251,-0.9753040519684513,6,0.47663179922440047,0.588029107151251,0.4760786862709939,-0.9616212928412717,6,0.5961275596399582,0.43404981770366385,,
B2,HLgap,0,molecule,none,0.0,fixed,3,fixed,eig,0,"[0.000,3.142]",none,1,1,Z,1,ridge,1,adam,adjoint,100,58,13,92,11,182,52,0.5671910060287055,-0.5158802855054574,0.45576567645818006,0.5671910060287055,0.31763687167533317,6,0.6196459611990823,0.4516776027568337,0.2710714972098125,2.5890842173387254,0.9988801434424189,0.004598932399035825,0.0,0.0,0.0,101.51,none_r3,0.5450653713364171,0.4572618614120172,10,0,1.0,1,0.5671910060287055,-0.5158802855054574,6,0.45576567645818006,0.5671910060287055,0.31763687167533317,-0.5913676586568735,6,0.5450653713364171,0.31769425019425024,,
B2,HLgap,0,molecule,xy,0.1,bytype_shuffled,3,bytype_shuffled,eig,0,"[0.000,3.142]",none,1,1,Z,1,ridge,1,adam,adjoint,100,58,13,103,11,182,52,0.7526036481084575,-3.0340638795509145,0.6184937138019715,0.7526036481084576,0.618788476480784,6,0.5133714925604257,0.10247489924790508,0.8003884112520264,6.870162125880861,2.3498584487190035,0.013949388224237165,0.42250833765096535,0.21899747998522653,0.0,142.02,xy_shuffled_r3,0.7017051902851985,0.5679110913353878,10,0,1.0,1,0.7526036481084575,-3.0340638795509145,6,0.6184937138019715,0.7526036481084576,0.618788476480784,-1.9290616838516725,6,0.7017051902851985,0.6088739465662543,,
B2,HLgap,0,,,,,,,,,,,,,,,,,,,,58,,182,,182,52,0.39516330751021517,0.10635904155849873,0.24495141721140787,0.39516330751021517,0.7348245771322695,6,,,,,,,,,,,krr_res,,,,,,,,,,,,,,,,,,
B2,HLgap,0,,,,,,,,,,,,,,,,,,,,58,,0,,182,52,0.5220481570160609,-0.28901694407843737,0.43126481410256423,0.5220481570160609,nan,6,,,,,,,,,,,composition,,,,,,,,,,,,,,,,,,
B2,HLgap,0,,,,,,,,,,,,,,,,,,,,58,,102,,182,52,0.4463247473569671,-0.05942125806118126,0.3791963135941957,0.4463247473569669,0.6390886677425139,6,0.4643544554710388,0.06773275136947632,,,,,,,,,C3_eigfeat,,,,,,,,,,,,,,,,,30,eig
B2,HLgap,0,,,,,,,,,,,,,,,,,,,,58,,100,,182,52,0.3497561736164832,0.3265889097529311,0.2863222281385529,0.3497561736164832,0.6999926699065325,6,0.7669234871864319,0.057796455919742584,,,,,,,,,C3_msgpass,,,,,,,,,,,,,,,,,22,atom
B2,HLgap,0,molecule,zz,0.1,bytype,3,bytype,eig,0,"[0.000,3.142]",none,1,1,Z,1,ridge,1,adam,adjoint,100,59,13,103,11,170,64,0.4874000827864969,0.7154909567378401,0.41707031291724944,0.46140378334479876,0.6201778207989388,6,0.6921940149111937,0.06752704886484515,0.9024449108050888,6.945133990945147,2.3756797014882913,0.057222489257676784,0.17445744300929103,0.5319628563532147,0.0,125.23,zz_bytype_r3,0.4624186215099237,0.3913100601832858,10,0,1.0,1,0.4874000827864969,0.7154909567378401,6,0.41707031291724944,0.46140378334479876,0.6201778207989388,0.7339908505443833,6,0.4367918600217453,0.6108538114749296,,
B2,HLgap,0,molecule,xy,0.1,bytype,3,bytype,eig,0,"[0.000,3.142]",none,1,1,Z,1,ridge,1,adam,adjoint,100,59,13,103,11,170,64,0.6013026158890769,0.6074835324940414,0.5437895678630748,0.5770525537585195,0.4823384115309582,6,0.6385675339512042,0.04977625642883712,0.922050129732025,7.619468717906846,2.606345276110783,0.02498287656855685,-0.30939395233541683,0.5902767961648323,0.0,131.27,xy_bytype_r3,0.6186622650077055,0.559558881803369,10,0,1.0,1,0.6013026158890769,0.6074835324940414,6,0.5437895678630748,0.5770525537585195,0.4823384115309582,0.595232801040168,6,0.5961453074792096,0.48198817515587705,,
B2,HLgap,0,molecule,none,0.0,fixed,3,fixed,eig,0,"[0.000,3.142]",none,1,1,Z,1,ridge,1,adam,adjoint,100,59,13,92,11,170,64,0.8316704625327285,0.32606481301266954,0.8077559220264505,0.8204055756388005,0.3706377818179061,6,0.7212346701069647,0.48131062634968447,0.33265739113969334,3.117630970891205,1.2028974824106466,0.004373196703710923,0.0,0.0,0.0,93.9,none_r3,0.8900211799308421,0.8798526827467297,10,0,1.0,1,0.8316704625327285,0.32606481301266954,6,0.8077559220264505,0.8204055756388005,0.3706377818179061,0.2366902567121778,6,0.8931659285672471,0.2637554761778365,,
B2,HLgap,0,molecule,xy,0.1,bytype_shuffled,3,bytype_shuffled,eig,0,"[0.000,3.142]",none,1,1,Z,1,ridge,1,adam,adjoint,100,59,13,103,11,170,64,0.8893046679353724,0.09003262850994853,0.7777089811638627,0.8839766606687413,0.3310840068604044,6,0.6385675339512042,0.11435649106745337,0.8209171544317945,6.608114713977202,2.2603975692289473,0.04437662038351531,0.3880414020197244,0.20056886485131667,0.0,132.8,xy_shuffled_r3,0.9156596685154913,0.7682118174821313,10,0,1.0,1,0.8893046679353724,0.09003262850994853,6,0.7777089811638627,0.8839766606687413,0.3310840068604044,0.034232272718107803,6,0.9083282117115977,0.3347877105641081,,
B2,HLgap,0,,,,,,,,,,,,,,,,,,,,59,,170,,170,64,0.5041442399806629,0.7122321839972643,0.4627642987823885,0.48281313158876316,0.44082531225388377,6,,,,,,,,,,,krr_res,,,,,,,,,,,,,,,,,,
B2,HLgap,0,,,,,,,,,,,,,,,,,,,,59,,0,,170,64,0.9629413345588235,-0.04533113615095208,0.9635834036961086,0.9640500265172735,nan,6,,,,,,,,,,,composition,,,,,,,,,,,,,,,,,,
B2,HLgap,0,,,,,,,,,,,,,,,,,,,,59,,102,,170,64,0.5641981595103385,0.6562036346499498,0.5347266600474804,0.565992141668334,0.3625727389702545,6,0.5490000247955322,0.08846243470907211,,,,,,,,,C3_eigfeat,,,,,,,,,,,,,,,,,30,eig
B2,HLgap,0,,,,,,,,,,,,,,,,,,,,59,,100,,170,64,0.35175431865771295,0.8378868739837578,0.3295973269196945,0.35342309691867013,0.8583406485602779,6,0.7670446038246155,0.043326448649168015,,,,,,,,,C3_msgpass,,,,,,,,,,,,,,,,,22,atom
B2,HLgap,0,molecule,zz,0.1,bytype,3,bytype,eig,0,"[0.000,3.142]",none,1,1,Z,1,ridge,1,adam,adjoint,100,60,13,103,11,160,74,0.520924332426526,0.5062291186559833,0.3136651781890077,0.49988275452474784,0.6807123662206573,6,0.5930601599355195,0.034377310991103346,0.942034024010581,8.14756474339938,2.761813773557407,0.011447023645158927,0.5010081245986332,0.4301708053083211,0.0,118.04,zz_bytype_r3,0.5400370964601562,0.314670740884781,10,0,1.0,1,0.520924332426526,0.5062291186559833,6,0.3136651781890077,0.49988275452474784,0.6807123662206573,0.4783324968229513,6,0.5197513499588821,0.666052428705637,,
B2,HLgap,0,molecule,xy,0.1,bytype,3,bytype,eig,0,"[0.000,3.142]",none,1,1,Z,1,ridge,1,adam,adjoint,100,60,13,103,11,160,74,0.9698808939516003,-1.2602760303098308,0.7401481410029284,0.9438703124791253,0.39682347212988883,6,0.5070330870870927,0.034574613255324835,0.9318099466566252,7.284218817738502,2.4691618285984465,0.030083984628904915,0.40028407601660887,0.4000235155077856,0.0,124.22,xy_bytype_r3,0.9376330643106856,0.7230422848731233,10,0,1.0,1,0.9698808939516003,-1.2602760303098308,6,0.7401481410029284,0.9438703124791253,0.39682347212988883,-1.1698736666542668,6,0.9135536311060686,0.42074691710596546,,
B2,HLgap,0,molecule,none,0.0,fixed,3,fixed,eig,0,"[0.000,3.142]",none,1,1,Z,1,ridge,1,adam,adjoint,100,60,13,92,11,160,74,2.3925710561376903,-109.88716822894281,1.0568074180936904,0.8718727880152355,0.3385537317765147,6,0.5956471531301195,0.34051662320611875,0.4283249379826505,3.2388366546024314,1.236945479209447,0.09613359724495683,0.0,0.0,0.0,89.01,none_r3,0.9109367652367474,0.6560213686309863,10,0,1.0,1,2.3925710561376903,-109.88716822894281,6,1.0568074180936904,0.8718727880152355,0.3385537317765147,-0.5785999800245039,6,0.8595437780801967,0.30633276840919227,,
B2,HLgap,0,molecule,xy,0.1,bytype_shuffled,3,bytype_shuffled,eig,0,"[0.000,3.142]",none,1,1,Z,1,ridge,1,adam,adjoint,100,60,13,103,11,160,74,1.3916818133590043,-12.284562411933653,0.6708996747580555,0.918107750478959,0.29360558931575514,6,0.5070330870870927,0.07943738308955953,0.8433289954588021,7.293044833328823,2.4721536196661673,0.053397614398537324,0.506392694466245,0.28418388551473317,0.0,125.62,xy_shuffled_r3,0.8201526747911448,0.6362850027837259,10,0,1.0,1,1.3916818133590043,-12.284562411933653,6,0.6708996747580555,0.918107750478959,0.29360558931575514,-0.19928790089088322,6,0.8016993130069314,0.20986260795200953,,
B2,HLgap,0,,,,,,,,,,,,,,,,,,,,60,,160,,160,74,0.6222224013232277,0.1549507708509854,0.42509245813299756,0.5708741146939786,0.4729118874396452,6,,,,,,,,,,,krr_res,,,,,,,,,,,,,,,,,,
B2,HLgap,0,,,,,,,,,,,,,,,,,,,,60,,0,,160,74,0.8775429922297293,-0.21303397244739708,0.449143311805965,0.8513623656690135,nan,6,,,,,,,,,,,composition,,,,,,,,,,,,,,,,,,
B2,HLgap,0,,,,,,,,,,,,,,,,,,,,60,,102,,160,74,0.3462319756341988,0.7881925747191378,0.21925146011167396,0.34829508687408955,0.7472853990518014,6,0.4604929983615875,0.06449238210916519,,,,,,,,,C3_eigfeat,,,,,,,,,,,,,,,,,30,eig
B2,HLgap,0,,,,,,,,,,,,,,,,,,,,60,,100,,160,74,0.4254244744421997,0.6978882260853012,0.3057558321631234,0.4359165613194745,0.6657633792842672,6,0.5965489149093628,0.047696176916360855,,,,,,,,,C3_msgpass,,,,,,,,,,,,,,,,,22,atom
B2,HLgap,0,molecule,zz,0.1,bytype,3,bytype,eig,0,"[0.000,3.142]",none,1,1,Z,1,ridge,1,adam,adjoint,100,61,13,103,11,163,71,0.6817625594211474,0.45990222391230295,0.37951819855082247,0.6131478693419242,0.7231725417439703,6,0.617034971195676,0.0959962254014816,0.8444233635324392,7.9207160734900235,2.705314500199436,0.018886531369469738,0.28447916201329093,0.42004894007449245,0.0,121.24,zz_bytype_r3,0.6546236347032787,0.38427829332257607,10,0,1.0,1,0.6817625594211474,0.45990222391230295,6,0.37951819855082247,0.6131478693419242,0.7231725417439703,0.5165238076008496,6,0.5936020293790727,0.7263945578231291,,
B2,HLgap,0,molecule,xy,0.1,bytype,3,bytype,eig,0,"[0.000,3.142]",none,1,1,Z,1,ridge,1,adam,adjoint,100,61,13,103,11,163,71,0.810417634099642,0.3523650401519475,0.5227007956681889,0.7934653017461394,0.5384848484848485,6,0.6741570209992064,0.045980412051260314,0.9317956935565097,6.581483337517809,2.247900586337099,0.011867300870161522,0.3408418794794862,0.28888666062558327,0.0,125.13,xy_bytype_r3,0.7594541540104529,0.5270884790106437,10,0,1.0,1,0.810417634099642,0.3523650401519475,6,0.5227007956681889,0.7934653017461394,0.5384848484848485,0.39164411197882676,6,0.742273789470798,0.5325293753865182,,
B2,HLgap,0,molecule,none,0.0,fixed,3,fixed,eig,0,"[0.000,3.142]",none,1,1,Z,1,ridge,1,adam,adjoint,100,61,13,92,11,163,71,1.0064076690293273,0.16587218212256738,0.7489427766547082,0.9954506902155158,0.44663574520717364,6,0.6855654223938148,0.49086487136251455,0.28399995780338066,2.98809131445985,1.1509599659723906,0.43083684329441235,0.0,0.0,0.0,89.88,none_r3,0.9934558003279111,0.737295246299926,10,0,1.0,1,1.0064076690293273,0.16587218212256738,6,0.7489427766547082,0.9954506902155158,0.44663574520717364,0.13248259263531503,6,0.9965821302916459,0.3931849103277674,,
B2,HLgap,0,molecule,xy,0.1,bytype_shuffled,3,bytype_shuffled,eig,0,"[0.000,3.142]",none,1,1,Z,1,ridge,1,adam,adjoint,100,61,13,103,11,163,71,1.014221513637669,0.009434447273069302,0.5672279677298669,0.9872252576367694,0.5168336425479282,6,0.6741570209992064,0.13533550685928153,0.7992522474086332,7.922528199711563,2.7059334305206137,0.04501923490991858,0.7743292575113412,0.41383371338925695,0.0,126.66,xy_shuffled_r3,0.9904236917420691,0.5845771345544202,10,0,1.0,1,1.014221513637669,0.009434447273069302,6,0.5672279677298669,0.9872252576367694,0.5168336425479282,0.07256370293699177,6,0.9670007922865379,0.5034755720470006,,
B2,HLgap,0,,,,,,,,,,,,,,,,,,,,61,,163,,163,71,0.777328554238899,0.45773908607105196,0.6110518189340731,0.7575669362223667,0.2666110080395795,6,,,,,,,,,,,krr_res,,,,,,,,,,,,,,,,,,
B2,HLgap,0,,,,,,,,,,,,,,,,,,,,61,,0,,163,71,1.1557328725481721,-0.13214031585253982,0.8097016961215255,1.1394514188431197,nan,6,,,,,,,,,,,composition,,,,,,,,,,,,,,,,,,
B2,HLgap,0,,,,,,,,,,,,,,,,,,,,61,,102,,163,71,0.6019721174120171,0.6240830780435678,0.3820206540177743,0.6053184816439258,0.8099196042053185,6,0.6639047265052795,0.11602364480495453,,,,,,,,,C3_eigfeat,,,,,,,,,,,,,,,,,30,eig
B2,HLgap,0,,,,,,,,,,,,,,,,,,,,61,,100,,163,71,0.43320855699159644,0.8481969530351159,0.33306690518302867,0.4268265739503769,0.6172721690338749,6,0.6351258754730225,0.05207224562764168,,,,,,,,,C3_msgpass,,,,,,,,,,,,,,,,,22,atom
B3,HLgap,0,molecule,zz,0.1,bytype,3,bytype,eig,0,"[0.000,3.142]",none,1,1,Z,1,ridge,1,adam,adjoint,100,42,13,107,15,352,134,0.5347687105019685,0.49991298214676627,0.4676270399907919,0.5381519916843197,0.6416231421579015,8,0.6597695969473514,0.27518780799319137,0.5829031691268567,9.547451437089174,3.9086043905095416,0.027400735191051847,0.1711788451033215,0.7146079974258926,0.0,251.64,zz_bytype_r3,0.5236060044712152,0.4580412756008113,14,0,1.0,1,0.5347687105019685,0.49991298214676627,8,0.4676270399907919,0.5381519916843197,0.6416231421579015,0.5187330073371526,8,0.5287462264913929,0.6552095631641085,,
B3,HLgap,0,molecule,xy,0.1,bytype,3,bytype,eig,0,"[0.000,3.142]",none,1,1,Z,1,ridge,1,adam,adjoint,100,42,13,107,15,352,134,0.5074815034096325,0.5162148958072852,0.4819476305985592,0.5047923765571248,0.6015055577221353,8,0.6542406050745171,0.24657999907126174,0.6231050210599867,8.166169364378582,3.343125193311891,0.020027939485669038,0.24078241685953022,0.48794086690928923,0.0,260.5,xy_bytype_r3,0.5083023751172916,0.47252927953358,14,0,1.0,1,0.5074815034096325,0.5162148958072852,8,0.4819476305985592,0.5047923765571248,0.6015055577221353,0.5233215655274845,8,0.5060737625785793,0.6116235443107101,,
B3,HLgap,0,molecule,none,0.0,fixed,3,fixed,eig,0,"[0.000,3.142]",none,1,1,Z,1,ridge,1,adam,adjoint,100,42,13,92,15,352,134,0.6840684318985144,0.14338573429625778,0.6015675946651743,0.6902504391390307,0.4611528622892259,8,0.6821620306695763,0.5905007367012259,0.13436880073547947,3.029088755085101,1.473738780253191,0.013278486135319382,0.0,0.0,0.0,188.18,none_r3,0.6837276329628635,0.6009736961474949,14,0,1.0,1,0.6840684318985144,0.14338573429625778,8,0.6015675946651743,0.6902504391390307,0.4611528622892259,0.08423701083363111,8,0.683257446611167,0.5009435157830879,,
B3,HLgap,0,molecule,xy,0.1,bytype_shuffled,3,bytype_shuffled,eig,0,"[0.000,3.142]",none,1,1,Z,1,ridge,1,adam,adjoint,100,42,13,107,15,352,134,0.587856590598456,0.4091612043455931,0.5405070679862198,0.5851672911138585,0.6213623275120601,8,0.6542406050745171,0.329379813664039,0.4965463606060906,5.484477146337947,2.2452747306522403,0.13815379497335234,0.16360724114406572,0.24986217029897764,0.0,267.65,xy_shuffled_r3,0.5646638256682837,0.5212388141405478,14,0,1.0,1,0.587856590598456,0.4091612043455931,8,0.5405070679862198,0.5851672911138585,0.6213623275120601,0.45110556873241137,8,0.5635547177500687,0.6310136684468236,,
B3,HLgap,0,,,,,,,,,,,,,,,,,,,,42,,352,,352,134,0.7951511939598579,-0.3650001028238563,0.6740387669690673,0.8008912418009182,0.37916139119347675,8,,,,,,,,,,,krr_res,,,,,,,,,,,,,,,,,,
B3,HLgap,0,,,,,,,,,,,,,,,,,,,,42,,0,,352,134,0.8616216672320217,-0.30397032814168323,0.7372183612367353,0.8656705637052343,nan,8,,,,,,,,,,,composition,,,,,,,,,,,,,,,,,,
B3,HLgap,0,,,,,,,,,,,,,,,,,,,,42,,106,,352,134,0.49244543559046544,0.5244932153077932,0.4219070301528486,0.48479713907182703,0.714003398562222,8,0.653994083404541,0.318625807762146,,,,,,,,,C3_eigfeat,,,,,,,,,,,,,,,,,30,eig
B3,HLgap,0,,,,,,,,,,,,,,,,,,,,42,,106,,352,134,0.45061089972084944,0.6127603399674579,0.4035961852710391,0.44578890019819045,0.7867108948385032,8,0.8234817385673523,0.18110883235931396,,,,,,,,,C3_msgpass,,,,,,,,,,,,,,,,,18,atom
B3,HLgap,0,molecule,zz,0.1,bytype,3,bytype,eig,0,"[0.000,3.142]",none,1,1,Z,1,ridge,1,adam,adjoint,100,43,13,108,16,333,153,0.5180105510291739,0.4493079664824805,0.44851409299247297,0.5211369750939292,0.6685698058223366,8,0.7120685426031581,0.25293198819464163,0.6447926385429403,7.856776289874471,2.7336960262202052,0.01838785225292074,0.3267126185779885,0.814545522086701,0.0,237.83,zz_bytype_r3,0.5124241005820931,0.45657626401701024,15,0,1.0,1,0.5180105510291739,0.4493079664824805,8,0.44851409299247297,0.5211369750939292,0.6685698058223366,0.45901575779964754,8,0.5150962079211974,0.6507665873140098,,
B3,HLgap,0,molecule,xy,0.1,bytype,3,bytype,eig,0,"[0.000,3.142]",none,1,1,Z,1,ridge,1,adam,adjoint,100,43,13,108,16,333,153,0.4669729418789136,0.5556714789291255,0.43356405846499824,0.4710162208574441,0.5712885052855613,8,0.8344254666633866,0.2789003849122771,0.665757582846177,7.487243977212437,2.6051205166965268,0.022716551628566197,0.15184128406429864,0.5273528613544691,0.0,249.85,xy_bytype_r3,0.45268928921104024,0.41783276434083927,15,0,1.0,1,0.4669729418789136,0.5556714789291255,8,0.43356405846499824,0.4710162208574441,0.5712885052855613,0.5792747849798903,8,0.4571801727485779,0.5760852665884214,,
B3,HLgap,0,molecule,none,0.0,fixed,3,fixed,eig,0,"[0.000,3.142]",none,1,1,Z,1,ridge,1,adam,adjoint,100,43,13,92,16,333,153,0.6783887388049823,0.13059298949601117,0.5718421222647769,0.682884614213638,0.404777695876317,8,0.7522958431523786,0.6466852460584901,0.1403843953880481,2.902189724684399,1.1730526525953713,0.0038889434043328777,0.0,0.0,0.0,178.39,none_r3,0.6048400996003809,0.4401057949901518,15,0,1.0,1,0.6783887388049823,0.13059298949601117,8,0.5718421222647769,0.682884614213638,0.404777695876317,0.2667845358880334,8,0.6070162418536295,0.6219871589574715,,
B3,HLgap,0,molecule,xy,0.1,bytype_shuffled,3,bytype_shuffled,eig,0,"[0.000,3.142]",none,1,1,Z,1,ridge,1,adam,adjoint,100,43,13,108,16,333,153,0.6354399987868354,0.2334157253228223,0.5578824045341552,0.6363331463111398,0.579710274812898,8,0.8344254666633866,0.33935242475677113,0.5933100818294315,5.666212881223167,1.971508805345531,0.08495136448510296,0.3114665924063258,0.17952894590469728,0.0,253.86,xy_shuffled_r3,0.591968051068104,0.5257537648711907,15,0,1.0,1,0.6354399987868354,0.2334157253228223,8,0.5578824045341552,0.6363331463111398,0.579710274812898,0.3149644819653199,8,0.5932881791814999,0.6174935209697545,,
B3,HLgap,0,,,,,,,,,,,,,,,,,,,,43,,333,,333,153,0.7420669090441395,-0.08053449917548372,0.5934532488463014,0.736218847956209,0.41910424321561934,8,,,,,,,,,,,krr_res,,,,,,,,,,,,,,,,,,
B3,HLgap,0,,,,,,,,,,,,,,,,,,,,43,,0,,333,153,0.7609164323539225,-0.0001897745512917659,0.68382203255358,0.7672549674840403,nan,8,,,,,,,,,,,composition,,,,,,,,,,,,,,,,,,
B3,HLgap,0,,,,,,,,,,,,,,,,,,,,43,,107,,333,153,0.4731499542745097,0.6145622327721406,0.37834926011874104,0.46991289877893655,0.6243038538558526,8,0.7090962529182434,0.3346855342388153,,,,,,,,,C3_eigfeat,,,,,,,,,,,,,,,,,30,eig
B3,HLgap,0,,,,,,,,,,,,,,,,,,,,43,,107,,333,153,0.30428452114758,0.8322197017440982,0.23757020559201733,0.30664690150009144,0.8656860388308568,8,0.8664641380310059,0.18560560047626495,,,,,,,,,C3_msgpass,,,,,,,,,,,,,,,,,18,atom
B3,HLgap,0,molecule,zz,0.1,bytype,3,bytype,eig,0,"[0.000,3.142]",none,1,1,Z,1,ridge,1,adam,adjoint,100,44,13,107,15,367,119,0.5100085454550455,0.3495284184936843,0.48312579129193123,0.5140908467754272,0.4310389253287123,8,0.7948126013100916,0.25550284462051137,0.6785369982819026,8.53389541340988,3.0402089313170086,0.039225575887311265,0.4334510419928679,0.6164319258657298,0.0,263.63,zz_bytype_r3,0.4896318274647754,0.4606398046008239,14,0,1.0,1,0.5100085454550455,0.3495284184936843,8,0.48312579129193123,0.5140908467754272,0.4310389253287123,0.3959104005353711,8,0.49372548944211186,0.5166175755431225,,
B3,HLgap,0,molecule,xy,0.1,bytype,3,bytype,eig,0,"[0.000,3.142]",none,1,1,Z,1,ridge,1,adam,adjoint,100,44,13,107,15,367,119,0.534511058553428,0.3344510271037081,0.4666371011526591,0.5283697932870917,0.5796601657094088,8,0.786084215711263,0.1958937560552989,0.7507980033945209,9.33715018042847,3.326369260042798,0.025305432677231583,0.3451248719003789,0.464949839745782,0.0,272.37,xy_bytype_r3,0.5292716683120093,0.4542212945500628,14,0,1.0,1,0.534511058553428,0.3344510271037081,8,0.4666371011526591,0.5283697932870917,0.5796601657094088,0.38639518921303206,8,0.5300821660780844,0.6075464873916144,,
B3,HLgap,0,molecule,none,0.0,fixed,3,fixed,eig,0,"[0.000,3.142]",none,1,1,Z,1,ridge,1,adam,adjoint,100,44,13,92,15,367,119,0.48273471554870123,0.3581291001877486,0.4430310469191794,0.4856979195189937,0.5502737421122603,8,0.828865858519035,0.6258007794994903,0.24499148677974086,3.1782469130711792,1.3134819279657801,0.020280727455771724,0.0,0.0,0.0,196.66,none_r3,0.46365757833362964,0.44700580432005216,14,0,1.0,1,0.48273471554870123,0.3581291001877486,8,0.4430310469191794,0.4856979195189937,0.5502737421122603,0.4279434431056939,8,0.46669225339117376,0.49478873734414586,,
B3,HLgap,0,molecule,xy,0.1,bytype_shuffled,3,bytype_shuffled,eig,0,"[0.000,3.142]",none,1,1,Z,1,ridge,1,adam,adjoint,100,44,13,107,15,367,119,0.5327908404875914,0.2590386682579807,0.5194886121697689,0.5310425203813954,0.4341785890577166,8,0.786084215711263,0.262678524572924,0.6658392073993651,5.554326939534833,1.9787346283262237,0.2994559100708534,0.2590795166781425,0.12624287792869807,0.0,277.51,xy_shuffled_r3,0.4955825502169564,0.48453864321676626,14,0,1.0,1,0.5327908404875914,0.2590386682579807,8,0.5194886121697689,0.5310425203813954,0.4341785890577166,0.35188248138197253,8,0.49858418775763,0.46843448836866675,,
B3,HLgap,0,,,,,,,,,,,,,,,,,,,,44,,367,,367,119,0.6478108950491378,-0.23683200298961538,0.6311455070541898,0.6475315825765723,0.35800254270126614,8,,,,,,,,,,,krr_res,,,,,,,,,,,,,,,,,,
B3,HLgap,0,,,,,,,,,,,,,,,,,,,,44,,0,,367,119,0.6273680568772468,-0.008182334827162352,0.5543235500777858,0.631577352514663,nan,8,,,,,,,,,,,composition,,,,,,,,,,,,,,,,,,
B3,HLgap,0,,,,,,,,,,,,,,,,,,,,44,,106,,367,119,0.4196516310467973,0.5148606441735821,0.39155367575306393,0.4196103510729759,0.5958923175383097,8,0.6877097487449646,0.24577832221984863,,,,,,,,,C3_eigfeat,,,,,,,,,,,,,,,,,30,eig
B3,HLgap,0,,,,,,,,,,,,,,,,,,,,44,,106,,367,119,0.44459652375980596,0.5410219222843644,0.42793422615748894,0.44036908240818873,0.6947642299735047,8,0.8973912596702576,0.12484339624643326,,,,,,,,,C3_msgpass,,,,,,,,,,,,,,,,,18,atom
B3,HLgap,0,molecule,zz,0.1,bytype,3,bytype,eig,0,"[0.000,3.142]",none,1,1,Z,1,ridge,1,adam,adjoint,100,45,13,107,15,361,125,0.5375905952188427,0.3209800581904647,0.48295575866038276,0.5409933031155794,0.5055771868864847,9,0.7554737670964454,0.22580086183474427,0.7011135638732007,11.525574379495016,4.209132829655532,0.09422962852281061,-0.34847913932734553,0.8778678059889918,0.0,260.43,zz_bytype_r3,0.5376567881602254,0.4863701583252842,14,0,1.0,1,0.5375905952188427,0.3209800581904647,9,0.48295575866038276,0.5409933031155794,0.5055771868864847,0.3227450141280781,9,0.5412745473398464,0.5162219579914077,,
B3,HLgap,0,molecule,xy,0.1,bytype,3,bytype,eig,0,"[0.000,3.142]",none,1,1,Z,1,ridge,1,adam,adjoint,100,45,13,107,15,361,125,0.4766409766968046,0.5370994007364538,0.47918760831959506,0.4764725721542768,0.5886181892111683,9,0.7946150489077767,0.23498644298579613,0.7042763746938945,8.027130797949374,2.9315033383236977,0.15146803000371228,-0.008164719002432524,1.0076537406348138,0.0,270.52,xy_bytype_r3,0.4692431917424738,0.4668798849199434,14,0,1.0,1,0.4766409766968046,0.5370994007364538,9,0.47918760831959506,0.4764725721542768,0.5886181892111683,0.5594861271182414,9,0.4679983431577746,0.5865783410138249,,
B3,HLgap,0,molecule,none,0.0,fixed,3,fixed,eig,0,"[0.000,3.142]",none,1,1,Z,1,ridge,1,adam,adjoint,100,45,13,92,15,361,125,0.6956158330632856,-0.1347874835631766,0.5967315241514725,0.6994373356777334,0.4343798516474037,9,0.768422711705398,0.6340561221965502,0.1748602526474543,3.8540094813478785,1.6393540092161083,0.09978756677693766,0.0,0.0,0.0,194.73,none_r3,0.6024222687209349,0.5442185645843091,14,0,1.0,1,0.6956158330632856,-0.1347874835631766,9,0.5967315241514725,0.6994373356777334,0.4343798516474037,0.2668388977813061,9,0.6044225411314298,0.48308032890575575,,
B3,HLgap,0,molecule,xy,0.1,bytype_shuffled,3,bytype_shuffled,eig,0,"[0.000,3.142]",none,1,1,Z,1,ridge,1,adam,adjoint,100,45,13,107,15,361,125,0.5849774142231039,-0.20244411681624563,0.47520187059114816,0.5896754417971038,0.5992009413736169,9,0.7946150489077767,0.31796179212424663,0.5998543035885173,6.637138541753557,2.423879002574357,0.40511636606381846,0.2454111570270888,0.10835173115359846,0.0,274.52,xy_shuffled_r3,0.5736459342503936,0.47531502052639046,14,0,1.0,1,0.5849774142231039,-0.20244411681624563,9,0.47520187059114816,0.5896754417971038,0.5992009413736169,-0.15074810428777763,9,0.5781454891717364,0.6028418845544082,,
B3,HLgap,0,,,,,,,,,,,,,,,,,,,,45,,361,,361,125,0.9077617238219143,-1.7490512294849965,0.779734990634568,0.9134933873300486,0.32123645645941656,9,,,,,,,,,,,krr_res,,,,,,,,,,,,,,,,,,
B3,HLgap,0,,,,,,,,,,,,,,,,,,,,45,,0,,361,125,0.7571318880443215,-0.04403349717306515,0.6974639032915235,0.7605890345590207,nan,9,,,,,,,,,,,composition,,,,,,,,,,,,,,,,,,
B3,HLgap,0,,,,,,,,,,,,,,,,,,,,45,,106,,361,125,0.4153310873788739,0.672608258841195,0.35775145490733423,0.4186032005180279,0.6721285434995112,9,0.6821684837341309,0.2936517298221588,,,,,,,,,C3_eigfeat,,,,,,,,,,,,,,,,,30,eig
B3,HLgap,0,,,,,,,,,,,,,,,,,,,,45,,106,,361,125,0.35223838409511365,0.7604217812870155,0.3021641743204499,0.3488719208091055,0.8051618530997122,9,0.8816669583320618,0.1553362011909485,,,,,,,,,C3_msgpass,,,,,,,,,,,,,,,,,18,atom
B3,HLgap,0,molecule,zz,0.1,bytype,3,bytype,eig,0,"[0.000,3.142]",none,1,1,Z,1,ridge,1,adam,adjoint,100,46,13,108,16,358,128,0.5817562112704578,-0.18135923283944821,0.5113248425393789,0.5817562112704578,0.5301359946127461,11,0.7085771701701802,0.19447482880467232,0.7255417800746178,9.863962967423827,3.244217047314177,0.22242304862243242,0.38124856991996064,1.018928098680139,0.0,256.5,zz_bytype_r3,0.5526061208978186,0.48344836505224614,15,0,1.0,1,0.5817562112704578,-0.18135923283944821,11,0.5113248425393789,0.5817562112704578,0.5301359946127461,-0.04913233431861763,11,0.5526061208978186,0.5287730073815633,,
B3,HLgap,0,molecule,xy,0.1,bytype,3,bytype,eig,0,"[0.000,3.142]",none,1,1,Z,1,ridge,1,adam,adjoint,100,46,13,108,16,358,128,0.5642343999330479,0.041795926891877944,0.48533878884477705,0.5642343999330479,0.5492929502033586,11,0.7313783092243985,0.2328582376179768,0.6816172496762791,6.233821256883932,2.0502782966929782,0.019606601508855626,0.3285812523613042,0.5175947016153463,0.0,267.57,xy_bytype_r3,0.5288964366509432,0.4745137951649908,15,0,1.0,1,0.5642343999330479,0.041795926891877944,11,0.48533878884477705,0.5642343999330479,0.5492929502033586,0.23280881154038147,11,0.5288964366509432,0.5601842472463693,,
B3,HLgap,0,molecule,none,0.0,fixed,3,fixed,eig,0,"[0.000,3.142]",none,1,1,Z,1,ridge,1,adam,adjoint,100,46,13,92,16,358,128,0.508629634194625,0.2813330882230781,0.4493972123394401,0.508629634194625,0.4268141683795036,11,0.7456603306203714,0.6140962338882924,0.1764397156847822,3.4204621013517245,1.2953961869233948,0.003897883355185625,0.0,0.0,0.0,191.53,none_r3,0.5239929786381315,0.5046509569558026,15,0,1.0,1,0.508629634194625,0.2813330882230781,11,0.4493972123394401,0.508629634194625,0.4268141683795036,0.22831209661353624,11,0.5239929786381314,0.3920740859233174,,
B3,HLgap,0,molecule,xy,0.1,bytype_shuffled,3,bytype_shuffled,eig,0,"[0.000,3.142]",none,1,1,Z,1,ridge,1,adam,adjoint,100,46,13,108,16,358,128,0.6256072749460893,-0.26280320728752726,0.5286588364921324,0.6256072749460894,0.4704266573060676,11,0.7313783092243985,0.28212184271694046,0.61426003593664,7.3423039015607605,2.4148537015671594,0.014224962985407964,0.4213184581507259,0.3696822210286217,0.0,273.08,xy_shuffled_r3,0.5258298028415553,0.49054945222781543,15,0,1.0,1,0.6256072749460893,-0.26280320728752726,11,0.5286588364921324,0.6256072749460894,0.4704266573060676,0.24562198044501982,11,0.5258298028415553,0.4925190212173579,,
B3,HLgap,0,,,,,,,,,,,,,,,,,,,,46,,358,,358,128,0.5710861909270525,0.00959883886821078,0.42742835930223266,0.5710861909270525,0.466521880127601,11,,,,,,,,,,,krr_res,,,,,,,,,,,,,,,,,,
B3,HLgap,0,,,,,,,,,,,,,,,,,,,,46,,0,,358,128,0.585329617056564,-8.554053101317294e-05,0.5173851255192417,0.585329617056564,nan,11,,,,,,,,,,,composition,,,,,,,,,,,,,,,,,,
B3,HLgap,0,,,,,,,,,,,,,,,,,,,,46,,107,,358,128,0.46197131543549624,0.3149199138138046,0.3834750714447259,0.46197131543549624,0.5815833690628928,11,0.6329397559165955,0.2920096814632416,,,,,,,,,C3_eigfeat,,,,,,,,,,,,,,,,,30,eig
B3,HLgap,0,,,,,,,,,,,,,,,,,,,,46,,107,,358,128,0.3302722179715186,0.6928632007003808,0.3007900273807142,0.3302722179715186,0.7370978666319429,11,0.8247724771499634,0.1485316902399063,,,,,,,,,C3_msgpass,,,,,,,,,,,,,,,,,18,atom
B3,HLgap,0,molecule,zz,0.1,bytype,3,bytype,eig,0,"[0.000,3.142]",none,1,1,Z,1,ridge,1,adam,adjoint,100,47,13,108,16,355,131,0.4949769813440382,0.48455157107998004,0.4525533976489616,0.4830598373549976,0.6688274328626801,8,0.7527030792961205,0.19018905513913045,0.747325259626966,9.2331567000207,3.2134453553488704,0.05696538637090137,0.277014203856985,0.612099305593525,0.0,256.91,zz_bytype_r3,0.49377238897871106,0.43984256504785657,15,0,1.0,1,0.4949769813440382,0.48455157107998004,8,0.4525533976489616,0.4830598373549976,0.6688274328626801,0.4460394593293514,8,0.4689671858926028,0.6762233527131782,,
B3,HLgap,0,molecule,xy,0.1,bytype,3,bytype,eig,0,"[0.000,3.142]",none,1,1,Z,1,ridge,1,adam,adjoint,100,47,13,108,16,355,131,0.5649150436499817,0.4120123212807568,0.5075996286736271,0.5544134494146893,0.664405973145072,8,0.7636264400941605,0.22335972743724902,0.7075013177782224,6.954625294934473,2.4204407093133,0.6898860248589677,0.006067820709635033,0.26525332389528117,0.0,267.52,xy_bytype_r3,0.5720632011017852,0.5042943207466011,15,0,1.0,1,0.5649150436499817,0.4120123212807568,8,0.5075996286736271,0.5544134494146893,0.664405973145072,0.40038007423241484,8,0.5537155529064384,0.6196605931616832,,
B3,HLgap,0,molecule,none,0.0,fixed,3,fixed,eig,0,"[0.000,3.142]",none,1,1,Z,1,ridge,1,adam,adjoint,100,47,13,92,16,355,131,0.6460311622694649,-0.16352909226506696,0.5498876206380565,0.5991054451438362,0.4670239825581395,8,0.7764925217291935,0.5388982159004598,0.3059840232583671,3.1285462231890038,1.2649336234880146,0.00796939598189709,0.0,0.0,0.0,192.72,none_r3,0.5662843521899527,0.5410842524480802,15,0,1.0,1,0.6460311622694649,-0.16352909226506696,8,0.5498876206380565,0.5991054451438362,0.4670239825581395,0.3259515083422142,8,0.5647065422146802,0.5945970030454042,,
B3,HLgap,0,molecule,xy,0.1,bytype_shuffled,3,bytype_shuffled,eig,0,"[0.000,3.142]",none,1,1,Z,1,ridge,1,adam,adjoint,100,47,13,108,16,355,131,0.6238242377683004,-0.10331784510163566,0.5246258481059616,0.5782501918200322,0.6071528066168329,8,0.7636264400941605,0.3007338496836485,0.6061767457311118,5.618427581393805,1.9553995022908504,0.36812196454638346,0.14079163039019962,0.10218789473450364,0.0,273.86,xy_shuffled_r3,0.6025625073257463,0.5106621354905023,15,0,1.0,1,0.6238242377683004,-0.10331784510163566,8,0.5246258481059616,0.5782501918200322,0.6071528066168329,0.04248261543098697,8,0.5627280012690488,0.624908724390919,,
B3,HLgap,0,,,,,,,,,,,,,,,,,,,,47,,355,,355,131,0.7686807633075011,-0.13551425504215442,0.7170896424823214,0.7547073305447853,0.3365911371816168,8,,,,,,,,,,,krr_res,,,,,,,,,,,,,,,,,,
B3,HLgap,0,,,,,,,,,,,,,,,,,,,,47,,0,,355,131,0.7130603204816686,-0.011563928405186497,0.6608732787158613,0.717150473415493,nan,8,,,,,,,,,,,composition,,,,,,,,,,,,,,,,,,
B3,HLgap,0,,,,,,,,,,,,,,,,,,,,47,,107,,355,131,0.4212576024148054,0.6045049131180087,0.3949006896609887,0.4076270162585108,0.7196008963178293,8,0.6565824151039124,0.2867515981197357,,,,,,,,,C3_eigfeat,,,,,,,,,,,,,,,,,30,eig
B3,HLgap,0,,,,,,,,,,,,,,,,,,,,47,,107,,355,131,0.3853898325190374,0.7229364745775535,0.3662809734415676,0.3813402854200886,0.8395038047666843,8,0.8129646182060242,0.16202904284000397,,,,,,,,,C3_msgpass,,,,,,,,,,,,,,,,,18,atom
B3,HLgap,0,molecule,zz,0.1,bytype,3,bytype,eig,0,"[0.000,3.142]",none,1,1,Z,1,ridge,1,adam,adjoint,100,48,13,108,16,352,134,0.5505783759189388,0.3300489769178695,0.5582784028657447,0.5500927369716271,0.5627502628599078,7,0.7535143830193355,0.2879207580160625,0.617896135091194,8.202095147629969,2.7899811571631976,0.058421526741025555,0.2818120534726363,0.8277126566733868,0.0,252.68,zz_bytype_r3,0.5474418992241706,0.5560111381018239,15,0,1.0,1,0.5505783759189388,0.3300489769178695,7,0.5582784028657447,0.5500927369716271,0.5627502628599078,0.3395819312072734,7,0.5487381461451756,0.5615998310588671,,
B3,HLgap,0,molecule,xy,0.1,bytype,3,bytype,eig,0,"[0.000,3.142]",none,1,1,Z,1,ridge,1,adam,adjoint,100,48,13,108,16,352,134,0.5074357673027854,0.5262221441240496,0.47541678940949167,0.5071678584562112,0.616906902132846,7,0.7815304179188487,0.23636257128813265,0.6975644634311908,8.056807847961306,2.740561000342922,0.08307317142789106,0.25084772473059835,0.6548832276762286,0.0,263.51,xy_bytype_r3,0.4776221526788221,0.4550660626723661,15,0,1.0,1,0.5074357673027854,0.5262221441240496,7,0.47541678940949167,0.5071678584562112,0.616906902132846,0.57461145903053,7,0.4790316922111185,0.6369429670496963,,
B3,HLgap,0,molecule,none,0.0,fixed,3,fixed,eig,0,"[0.000,3.142]",none,1,1,Z,1,ridge,1,adam,adjoint,100,48,13,92,16,352,134,0.6942512447115886,-0.15421864684517006,0.6607414660607758,0.6646214654014818,0.46476773984430575,7,0.7743373208560933,0.6228820804646106,0.19559336262397448,2.3183978459958277,0.9128129513340376,0.006416686648896354,0.0,0.0,0.0,190.64,none_r3,0.6417960309706795,0.6107520591277655,15,0,1.0,1,0.6942512447115886,-0.15421864684517006,7,0.6607414660607758,0.6646214654014818,0.46476773984430575,0.06629445654818877,7,0.6193153385962666,0.49157100652751057,,
B3,HLgap,0,molecule,xy,0.1,bytype_shuffled,3,bytype_shuffled,eig,0,"[0.000,3.142]",none,1,1,Z,1,ridge,1,adam,adjoint,100,48,13,108,16,352,134,0.5046086890448163,0.29093234083239583,0.4392578046432447,0.4660836063238129,0.6981224328333723,7,0.7815304179188487,0.298634856595952,0.6178845381460748,6.589270952917801,2.24137143829593,0.026761450002466367,0.3195967656521802,0.37209103597710763,0.0,269.43,xy_shuffled_r3,0.49454087271767067,0.41820274529849755,15,0,1.0,1,0.5046086890448163,0.29093234083239583,7,0.4392578046432447,0.4660836063238129,0.6981224328333723,0.3013613642216336,7,0.45581561764118544,0.7285164267700414,,
B3,HLgap,0,,,,,,,,,,,,,,,,,,,,48,,352,,352,134,0.6903794592062055,0.056721275563267004,0.6570164427001383,0.6917796625994416,0.40561946217332023,7,,,,,,,,,,,krr_res,,,,,,,,,,,,,,,,,,
B3,HLgap,0,,,,,,,,,,,,,,,,,,,,48,,0,,352,134,0.7192369579375849,-0.0077537717636477765,0.7311280152880324,0.7308030513532271,nan,7,,,,,,,,,,,composition,,,,,,,,,,,,,,,,,,
B3,HLgap,0,,,,,,,,,,,,,,,,,,,,48,,107,,352,134,0.4879438792740628,0.5561778951178973,0.44423672338226144,0.48967994557157785,0.6656957133231671,7,0.7332109212875366,0.26213371753692627,,,,,,,,,C3_eigfeat,,,,,,,,,,,,,,,,,30,eig
B3,HLgap,0,,,,,,,,,,,,,,,,,,,,48,,107,,352,134,0.42137336357849053,0.689723116872706,0.4017542631796673,0.423651438036028,0.8203262197805269,7,0.870582640171051,0.1399959921836853,,,,,,,,,C3_msgpass,,,,,,,,,,,,,,,,,18,atom
B3,HLgap,0,molecule,zz,0.1,bytype,3,bytype,eig,0,"[0.000,3.142]",none,1,1,Z,1,ridge,1,adam,adjoint,100,49,13,108,16,362,124,0.5599211954703164,0.41308704611117397,0.49785415562214713,0.5479658534631501,0.5896116315378611,7,0.7910287056859654,0.2293333844544581,0.7100820958759209,10.198507919537866,3.4806850978530925,0.38893299557884525,0.08834415936706158,0.7163077600345912,0.0,259.65,zz_bytype_r3,0.5719897083093398,0.4935841253774328,15,0,1.0,1,0.5599211954703164,0.41308704611117397,7,0.49785415562214713,0.5479658534631501,0.5896116315378611,0.42245636033775646,7,0.5581668624054648,0.5972388108248764,,
B3,HLgap,0,molecule,xy,0.1,bytype,3,bytype,eig,0,"[0.000,3.142]",none,1,1,Z,1,ridge,1,adam,adjoint,100,49,13,108,16,362,124,0.4761161063202542,0.4195402153193172,0.43013459286739014,0.44677987811808795,0.6644969750195159,7,0.7800444350602922,0.21428866581070502,0.7252865911489491,9.389989399346085,3.2047429319232665,0.017887276299344994,0.07857607507003661,0.6972761409239072,0.0,270.69,xy_bytype_r3,0.45441029055101706,0.42480050558705806,15,0,1.0,1,0.4761161063202542,0.4195402153193172,7,0.43013459286739014,0.44677987811808795,0.6644969750195159,0.5049642708232532,7,0.43443571322340946,0.6686449388498569,,
B3,HLgap,0,molecule,none,0.0,fixed,3,fixed,eig,0,"[0.000,3.142]",none,1,1,Z,1,ridge,1,adam,adjoint,100,49,13,92,16,362,124,0.6882178847287719,-0.23457379875213347,0.6030509787066044,0.636918427322686,0.3907806401249025,7,0.8063856078974243,0.6024305990386676,0.25292491192960465,3.4576443718442476,1.366642244824395,0.012765290922199142,0.0,0.0,0.0,193.41,none_r3,0.6216455234377991,0.5532028786938707,15,0,1.0,1,0.6882178847287719,-0.23457379875213347,7,0.6030509787066044,0.636918427322686,0.3907806401249025,0.1904836844097818,7,0.5900858868948701,0.42845953682019255,,
B3,HLgap,0,molecule,xy,0.1,bytype_shuffled,3,bytype_shuffled,eig,0,"[0.000,3.142]",none,1,1,Z,1,ridge,1,adam,adjoint,100,49,13,108,16,362,124,0.6314651372144895,0.13296981925394813,0.5216658022750189,0.5871162305041957,0.5640313557116836,7,0.7800444350602922,0.27041788740395317,0.6533301498612042,4.883088688096121,1.6665667333149805,0.21496872042108214,0.24784576753356377,0.19733713091334995,0.0,275.74,xy_shuffled_r3,0.6018763074503253,0.5158979947896047,15,0,1.0,1,0.6314651372144895,0.13296981925394813,7,0.5216658022750189,0.5871162305041957,0.5640313557116836,0.2036566515358038,7,0.5652410035387813,0.5689367030965393,,
B3,HLgap,0,,,,,,,,,,,,,,,,,,,,49,,362,,362,124,0.6014376324493539,0.2398315997093612,0.5626361594355144,0.5939715437353922,0.5269665625813167,7,,,,,,,,,,,krr_res,,,,,,,,,,,,,,,,,,
B3,HLgap,0,,,,,,,,,,,,,,,,,,,,49,,0,,362,124,0.6745304030475849,-2.06166612179981e-05,0.6178281547408713,0.6829592998158379,nan,7,,,,,,,,,,,composition,,,,,,,,,,,,,,,,,,
B3,HLgap,0,,,,,,,,,,,,,,,,,,,,49,,107,,362,124,0.40542086971905805,0.6616173036713378,0.3634604351263927,0.4007421538902012,0.7026305945875618,7,0.7002604603767395,0.2646053731441498,,,,,,,,,C3_eigfeat,,,,,,,,,,,,,,,,,30,eig
B3,HLgap,0,,,,,,,,,,,,,,,,,,,,49,,107,,362,124,0.43340486463946454,0.6144019389336725,0.4215863686627388,0.43990072935021857,0.6629709955876254,7,0.8064613342285156,0.1527571976184845,,,,,,,,,C3_msgpass,,,,,,,,,,,,,,,,,18,atom
B3,HLgap,0,molecule,zz,0.1,bytype,3,bytype,eig,0,"[0.000,3.142]",none,1,1,Z,1,ridge,1,adam,adjoint,100,50,13,108,16,345,141,0.4387160977183693,0.46592580077543433,0.3800224854362132,0.41125401022470076,0.6859387800388802,9,0.7101583039647142,0.23909793434736942,0.6633174138603757,9.844758623809685,3.2001469999744545,0.03173190892699199,-0.14191115177439137,0.48093762467104684,0.0,248.15,zz_bytype_r3,0.4464094364683607,0.39459520557987765,15,0,1.0,1,0.4387160977183693,0.46592580077543433,9,0.3800224854362132,0.41125401022470076,0.6859387800388802,0.5006444608592857,9,0.4243808020417222,0.6893619215853249,,
B3,HLgap,0,molecule,xy,0.1,bytype,3,bytype,eig,0,"[0.000,3.142]",none,1,1,Z,1,ridge,1,adam,adjoint,100,50,13,108,16,345,141,0.4922177758513589,0.5015505012014729,0.4723125645463275,0.48892285680477127,0.48179492269889945,9,0.721783825646218,0.20557537003110762,0.7151842937917672,7.994868061826235,2.59881973960923,0.017705709499312123,0.5579426310236857,0.895261278238315,0.0,259.08,xy_bytype_r3,0.4919689750491594,0.47144439973040564,15,0,1.0,1,0.4922177758513589,0.5015505012014729,9,0.4723125645463275,0.48892285680477127,0.48179492269889945,0.5113155102119303,9,0.48833770664863596,0.48208916241594824,,
B3,HLgap,0,molecule,none,0.0,fixed,3,fixed,eig,0,"[0.000,3.142]",none,1,1,Z,1,ridge,1,adam,adjoint,100,50,13,92,16,345,141,0.6603769832804227,0.1682273900373048,0.5913799448587264,0.6567440847136259,0.5626750340239806,9,0.7546113412800107,0.5715556544866331,0.2425827399875399,2.41913195215941,0.9038936586796215,0.009282092434848016,0.0,0.0,0.0,186.47,none_r3,0.5720266566695589,0.5332080702962527,15,0,1.0,1,0.6603769832804227,0.1682273900373048,9,0.5913799448587264,0.6567440847136259,0.5626750340239806,0.2913670770133462,9,0.5688228767534719,0.5487382539600163,,
B3,HLgap,0,molecule,xy,0.1,bytype_shuffled,3,bytype_shuffled,eig,0,"[0.000,3.142]",none,1,1,Z,1,ridge,1,adam,adjoint,100,50,13,108,16,345,141,0.5349168495081164,0.33951826593810164,0.5284789630663081,0.5378651905483115,0.5922081424522512,9,0.721783825646218,0.25878623091089104,0.6414629675592994,5.783463539246386,1.8799783927479206,0.15006480962427796,0.21618447756821857,0.20377343966447936,0.0,263.51,xy_shuffled_r3,0.5302880062242832,0.521317964071665,15,0,1.0,1,0.5349168495081164,0.33951826593810164,9,0.5284789630663081,0.5378651905483115,0.5922081424522512,0.3305304434899087,9,0.5304305869171874,0.5969488328488358,,
B3,HLgap,0,,,,,,,,,,,,,,,,,,,,50,,345,,345,141,0.73407695088557,-0.2133033451362969,0.654393555430394,0.7252516164846325,0.3499532818918057,9,,,,,,,,,,,krr_res,,,,,,,,,,,,,,,,,,
B3,HLgap,0,,,,,,,,,,,,,,,,,,,,50,,0,,345,141,0.7078625075958475,-0.0042288167640593954,0.6639574247582312,0.7072529165676156,nan,9,,,,,,,,,,,composition,,,,,,,,,,,,,,,,,,
B3,HLgap,0,,,,,,,,,,,,,,,,,,,,50,,107,,345,141,0.47232723189492315,0.5066586659833598,0.427177631245443,0.46263549089343153,0.7081143701386674,9,0.6361448168754578,0.26774609088897705,,,,,,,,,C3_eigfeat,,,,,,,,,,,,,,,,,30,eig
B3,HLgap,0,,,,,,,,,,,,,,,,,,,,50,,107,,345,141,0.39100529032901093,0.7198726877796827,0.3444231107460195,0.3873572546384732,0.7583475205550246,9,0.7953243255615234,0.13512036204338074,,,,,,,,,C3_msgpass,,,,,,,,,,,,,,,,,18,atom
B3,HLgap,0,molecule,zz,0.1,bytype,3,bytype,eig,0,"[0.000,3.142]",none,1,1,Z,1,ridge,1,adam,adjoint,100,51,13,107,15,373,113,0.5164721854362799,0.3453004517636662,0.45514146712315157,0.5010367082045128,0.639599535825951,9,0.6813736862503065,0.2101090473534207,0.6916390350944137,8.246042388235512,2.4552860634216267,0.030450628077387513,-0.025245361780473888,0.3114329497049567,0.0,268.97,zz_bytype_r3,0.5015435368119888,0.44825302509369847,14,0,1.0,1,0.5164721854362799,0.3453004517636662,9,0.45514146712315157,0.5010367082045128,0.639599535825951,0.4121503257251914,9,0.4874306115396791,0.6573539724483121,,
B3,HLgap,0,molecule,xy,0.1,bytype,3,bytype,eig,0,"[0.000,3.142]",none,1,1,Z,1,ridge,1,adam,adjoint,100,51,13,107,15,373,113,0.5507112017006431,0.28808006742182835,0.4827219767810223,0.5461984929068332,0.5908901795694247,9,0.7989225583292616,0.18547503559003228,0.7678435367028501,7.456794018622057,2.2202847826551313,0.21108904898185538,0.09667725945430333,0.5026614311645458,0.0,278.69,xy_bytype_r3,0.5549692348073295,0.4868564295612673,14,0,1.0,1,0.5507112017006431,0.28808006742182835,9,0.4827219767810223,0.5461984929068332,0.5908901795694247,0.2754659195375746,9,0.5466027455879449,0.5902544053487448,,
B3,HLgap,0,molecule,none,0.0,fixed,3,fixed,eig,0,"[0.000,3.142]",none,1,1,Z,1,ridge,1,adam,adjoint,100,51,13,92,15,373,113,0.7048899111251443,-0.1564281565634984,0.5710641179370084,0.6855817832682901,0.3856724894460743,9,0.7790384966654136,0.5800065958393856,0.25548403792362195,2.4736167686332844,0.8325348478959039,0.005382371478737964,0.0,0.0,0.0,201.91,none_r3,0.6553292058979232,0.5685931445526671,14,0,1.0,1,0.7048899111251443,-0.1564281565634984,9,0.5710641179370084,0.6855817832682901,0.3856724894460743,0.013224632705348127,9,0.6420959038173103,0.43881107277333686,,
B3,HLgap,0,molecule,xy,0.1,bytype_shuffled,3,bytype_shuffled,eig,0,"[0.000,3.142]",none,1,1,Z,1,ridge,1,adam,adjoint,100,51,13,107,15,373,113,0.6827990464051715,-0.02422384185871751,0.5176520386774367,0.6736521027334343,0.5415527019300603,9,0.7989225583292616,0.2466647452983408,0.6912532476061561,6.04908410354043,1.8011345560238143,0.3131955908221395,0.303686248204507,0.14094562851330847,0.0,286.82,xy_shuffled_r3,0.6623287238216712,0.5038117745071634,14,0,1.0,1,0.6827990464051715,-0.02422384185871751,9,0.5176520386774367,0.6736521027334343,0.5415527019300603,0.032656348805823354,9,0.6542944114285919,0.5386429310957612,,
B3,HLgap,0,,,,,,,,,,,,,,,,,,,,51,,373,,373,113,0.6907158999576135,-0.11009678799648093,0.6495908771231218,0.6880244464774076,0.3155074456961249,9,,,,,,,,,,,krr_res,,,,,,,,,,,,,,,,,,
B3,HLgap,0,,,,,,,,,,,,,,,,,,,,51,,0,,373,113,0.7132087976938956,-0.1520597942028037,0.6421188509124509,0.7180706679226145,nan,9,,,,,,,,,,,composition,,,,,,,,,,,,,,,,,,
B3,HLgap,0,,,,,,,,,,,,,,,,,,,,51,,106,,373,113,0.4478027214758977,0.5342281508525604,0.4149187476547824,0.44983985731931636,0.6805556843292692,9,0.5678948163986206,0.2819576859474182,,,,,,,,,C3_eigfeat,,,,,,,,,,,,,,,,,30,eig
B3,HLgap,0,,,,,,,,,,,,,,,,,,,,51,,106,,373,113,0.36220905391464503,0.6511365433576841,0.34501709684780896,0.36043552697227355,0.7644352521862768,9,0.7996950745582581,0.1555730253458023,,,,,,,,,C3_msgpass,,,,,,,,,,,,,,,,,18,atom
B3,HLgap,0,molecule,zz,0.1,bytype,3,bytype,eig,0,"[0.000,3.142]",none,1,1,Z,1,ridge,1,adam,adjoint,100,52,13,108,16,345,141,0.48012666468815257,0.3596865633176525,0.47028155630052026,0.4798109991947989,0.5905404302494223,8,0.6744635527443898,0.24639927974851641,0.6346736917867265,9.21706342721859,3.298960025011312,0.0290647385095842,0.06040622881699542,0.6716997715224592,0.0,247.18,zz_bytype_r3,0.4774125460576225,0.4634794794293632,15,0,1.0,1,0.48012666468815257,0.3596865633176525,8,0.47028155630052026,0.4798109991947989,0.5905404302494223,0.377682350866012,8,0.48186920839036623,0.6022675359843347,,
B3,HLgap,0,molecule,xy,0.1,bytype,3,bytype,eig,0,"[0.000,3.142]",none,1,1,Z,1,ridge,1,adam,adjoint,100,52,13,108,16,345,141,0.4861721494381446,0.34968857335643866,0.4425367359954265,0.46741399941613915,0.7357481127471259,8,0.7855783438655681,0.20140029286196165,0.7436279978506813,7.939220055902579,2.8415958945065354,0.01710981087439322,0.35946083365218406,0.6521131270387849,0.0,258.3,xy_bytype_r3,0.48602490786070995,0.4393529579827577,15,0,1.0,1,0.4861721494381446,0.34968857335643866,8,0.4425367359954265,0.46741399941613915,0.7357481127471259,0.35371825385253775,8,0.4683419778344656,0.7433226570026255,,
B3,HLgap,0,molecule,none,0.0,fixed,3,fixed,eig,0,"[0.000,3.142]",none,1,1,Z,1,ridge,1,adam,adjoint,100,52,13,92,16,345,141,0.673985909434933,0.04128971499278955,0.5586075964566183,0.6756892568051596,0.4388680030585734,8,0.7239582026490824,0.5623044365958051,0.2232915732728209,2.5538083005779035,1.0667848626214678,0.011714636207187629,0.0,0.0,0.0,185.19,none_r3,0.6266427295611612,0.5201189594991018,15,0,1.0,1,0.673985909434933,0.04128971499278955,8,0.5586075964566183,0.6756892568051596,0.4388680030585734,0.1765565614858574,8,0.6286016050972096,0.5391124777748241,,
B3,HLgap,0,molecule,xy,0.1,bytype_shuffled,3,bytype_shuffled,eig,0,"[0.000,3.142]",none,1,1,Z,1,ridge,1,adam,adjoint,100,52,13,108,16,345,141,0.5552404466994576,0.27344836498610503,0.5164112883877185,0.5595623754776544,0.5364196047857447,8,0.7855783438655681,0.27786683147666164,0.6462901076048354,5.97364000708901,2.13807789680599,0.42175745934548764,0.23097617980530324,0.11425139544669392,0.0,263.66,xy_shuffled_r3,0.5506021317832653,0.5053834455171609,15,0,1.0,1,0.5552404466994576,0.27344836498610503,8,0.5164112883877185,0.5595623754776544,0.5364196047857447,0.27880521187937657,8,0.5551661754585625,0.5526542256837383,,
B3,HLgap,0,,,,,,,,,,,,,,,,,,,,52,,345,,345,141,0.6984659284372714,-0.19077492035775823,0.6006376924222262,0.6989785685745991,0.5128079328291235,8,,,,,,,,,,,krr_res,,,,,,,,,,,,,,,,,,
B3,HLgap,0,,,,,,,,,,,,,,,,,,,,52,,0,,345,141,0.6867928146777674,-0.10159511388213938,0.6551915261518,0.6938748839537064,nan,8,,,,,,,,,,,composition,,,,,,,,,,,,,,,,,,
B3,HLgap,0,,,,,,,,,,,,,,,,,,,,52,,107,,345,141,0.40998089205101734,0.6338598022006405,0.3878082385292455,0.40398868107892183,0.7498517766206003,8,0.6737555861473083,0.2646191418170929,,,,,,,,,C3_eigfeat,,,,,,,,,,,,,,,,,30,eig
B3,HLgap,0,,,,,,,,,,,,,,,,,,,,52,,107,,345,141,0.37112605477562943,0.700466259801343,0.30763590491498627,0.3728056647981358,0.796671913520038,8,0.8439322113990784,0.13689200580120087,,,,,,,,,C3_msgpass,,,,,,,,,,,,,,,,,18,atom
B3,HLgap,0,molecule,zz,0.1,bytype,3,bytype,eig,0,"[0.000,3.142]",none,1,1,Z,1,ridge,1,adam,adjoint,100,53,13,107,15,381,105,0.49899344355142494,0.3969796822470606,0.42133109372968763,0.49716552220625126,0.649727371429256,8,0.8619309715417343,0.2734557182090199,0.682740582207076,8.013436710240406,2.3392564752029745,0.08797840225885409,-0.40881336605989593,0.4917013291633418,0.0,275.3,zz_bytype_r3,0.5100411922532567,0.4338655434174808,14,0,1.0,1,0.49899344355142494,0.3969796822470606,8,0.42133109372968763,0.49716552220625126,0.649727371429256,0.37906622279407887,8,0.5054514672346961,0.6272075154999197,,
B3,HLgap,0,molecule,xy,0.1,bytype,3,bytype,eig,0,"[0.000,3.142]",none,1,1,Z,1,ridge,1,adam,adjoint,100,53,13,107,15,381,105,0.6517091208808266,0.02799300826818274,0.561900374769544,0.6441406193420484,0.41128915345077527,8,0.8193502078797223,0.21713316238099864,0.7349934615347372,7.6618774962339735,2.236630448752815,0.03096110352702907,0.129939506146238,0.32035684757542854,0.0,286.46,xy_bytype_r3,0.6280501970726349,0.5394314167191955,14,0,1.0,1,0.6517091208808266,0.02799300826818274,8,0.561900374769544,0.6441406193420484,0.41128915345077527,0.12689630176819033,8,0.6194039629094574,0.4438419376169232,,
B3,HLgap,0,molecule,none,0.0,fixed,3,fixed,eig,0,"[0.000,3.142]",none,1,1,Z,1,ridge,1,adam,adjoint,100,53,13,92,15,381,105,0.8325417453215108,-0.7218393309479159,0.7102712979992301,0.8266649130760196,0.17194351907373034,8,0.8308432656117155,0.5285996992659812,0.36377928167138107,3.79545237236857,1.249187939299674,0.050617213163644176,0.0,0.0,0.0,205.8,none_r3,0.5994377070217429,0.5250442770503781,14,0,1.0,1,0.8325417453215108,-0.7218393309479159,8,0.7102712979992301,0.8266649130760196,0.17194351907373034,0.2874043442910521,8,0.6012582460201535,0.4828726384979954,,
B3,HLgap,0,molecule,xy,0.1,bytype_shuffled,3,bytype_shuffled,eig,0,"[0.000,3.142]",none,1,1,Z,1,ridge,1,adam,adjoint,100,53,13,107,15,381,105,0.6327035759947051,0.07864487834681422,0.5724686839998531,0.622748155004027,0.27845986109835336,8,0.8193502078797223,0.3093964508825698,0.6223880241841739,7.269095973892988,2.1219709396433117,0.020128728544636456,0.6443990878611889,0.34373503839856717,0.0,292.78,xy_shuffled_r3,0.6224172637882504,0.5537353353949338,14,0,1.0,1,0.6327035759947051,0.07864487834681422,8,0.5724686839998531,0.622748155004027,0.27845986109835336,0.1127629323712731,8,0.6159400459338331,0.3345050723120397,,
B3,HLgap,0,,,,,,,,,,,,,,,,,,,,53,,381,,381,105,0.7548099539200667,-0.4277200053019621,0.6067229970760691,0.7325184431298443,0.43186696227815585,8,,,,,,,,,,,krr_res,,,,,,,,,,,,,,,,,,
B3,HLgap,0,,,,,,,,,,,,,,,,,,,,53,,0,,381,105,0.6961230259717536,-0.009651183921931095,0.6350056969301316,0.7002503613383279,nan,8,,,,,,,,,,,composition,,,,,,,,,,,,,,,,,,
B3,HLgap,0,,,,,,,,,,,,,,,,,,,,53,,106,,381,105,0.5412812844423849,0.4405996647067226,0.46197169792795534,0.5495497778142614,0.554618126020182,8,0.6150618195533752,0.2640036344528198,,,,,,,,,C3_eigfeat,,,,,,,,,,,,,,,,,30,eig
B3,HLgap,0,,,,,,,,,,,,,,,,,,,,53,,106,,381,105,0.3634960836598424,0.7225263153308454,0.322369526282458,0.36182874736172127,0.6831154612220289,8,0.8188360333442688,0.15524670481681824,,,,,,,,,C3_msgpass,,,,,,,,,,,,,,,,,18,atom
B3,HLgap,0,molecule,zz,0.1,bytype,3,bytype,eig,0,"[0.000,3.142]",none,1,1,Z,1,ridge,1,adam,adjoint,100,54,13,108,16,363,123,0.49624102253001157,0.14786569952332063,0.4456515321710102,0.45906709677710034,0.5290217715428057,8,0.7421759732451293,0.21982508423840838,0.7038100232789353,8.299795472054477,2.8933177078494796,0.02600652472588645,-0.17622513085108266,0.42765427656808336,0.0,264.84,zz_bytype_r3,0.45314890619272646,0.4294050364026229,15,0,1.0,1,0.49624102253001157,0.14786569952332063,8,0.4456515321710102,0.45906709677710034,0.5290217715428057,0.4649590750620035,8,0.45212416799695676,0.5419337760993931,,
B3,HLgap,0,molecule,xy,0.1,bytype,3,bytype,eig,0,"[0.000,3.142]",none,1,1,Z,1,ridge,1,adam,adjoint,100,54,13,108,16,363,123,0.7513967393791574,-4.54874891459863,0.4816412363473799,0.753798247537758,0.5242851114331216,8,0.761960904771471,0.23098184103335856,0.6968586713741761,7.048182755622557,2.4570041567487237,0.28916136256576863,0.26453193073029435,0.6204470696408917,0.0,273.45,xy_bytype_r3,0.6053340277027567,0.4725563324414391,15,0,1.0,1,0.7513967393791574,-4.54874891459863,8,0.4816412363473799,0.753798247537758,0.5242851114331216,-0.6271332738582616,8,0.6060789632732827,0.4937093315212783,,
B3,HLgap,0,molecule,none,0.0,fixed,3,fixed,eig,0,"[0.000,3.142]",none,1,1,Z,1,ridge,1,adam,adjoint,100,54,13,92,16,363,123,0.6969470587599875,-0.1470093551973808,0.6097934492504882,0.7006499311849326,0.2560969480032318,8,0.7458306197517778,0.5756103734634678,0.22822909355070664,2.4449045530744393,0.9903978921896197,0.01021248912866696,0.0,0.0,0.0,196.51,none_r3,0.6194848496598327,0.5428759532178747,15,0,1.0,1,0.6969470587599875,-0.1470093551973808,8,0.6097934492504882,0.7006499311849326,0.2560969480032318,0.10886131503152541,8,0.626630217914033,0.3026203598959617,,
B3,HLgap,0,molecule,xy,0.1,bytype_shuffled,3,bytype_shuffled,eig,0,"[0.000,3.142]",none,1,1,Z,1,ridge,1,adam,adjoint,100,54,13,108,16,363,123,0.5473941112847082,-0.03664509248776526,0.43899412525552484,0.5488083149591055,0.5047157225847119,8,0.761960904771471,0.31062600365945936,0.5923334101339189,4.715032836629054,1.643665563235106,0.04825221796426885,0.1790819437222533,0.08295087745548294,0.0,277.87,xy_shuffled_r3,0.5127802481978507,0.44740973023178615,15,0,1.0,1,0.5473941112847082,-0.03664509248776526,8,0.43899412525552484,0.5488083149591055,0.5047157225847119,0.4360991222454804,8,0.5173164853700427,0.529353241277083,,
B3,HLgap,0,,,,,,,,,,,,,,,,,,,,54,,363,,363,123,0.6996173513066171,-0.40041378253808824,0.6140588998070218,0.7089849431843834,0.2534535649834077,8,,,,,,,,,,,krr_res,,,,,,,,,,,,,,,,,,
B3,HLgap,0,,,,,,,,,,,,,,,,,,,,54,,0,,363,123,0.6761592950793971,-0.0003659286325727873,0.6368929521090478,0.6843200107005442,nan,8,,,,,,,,,,,composition,,,,,,,,,,,,,,,,,,
B3,HLgap,0,,,,,,,,,,,,,,,,,,,,54,,107,,363,123,0.40615736998944013,0.601421087841757,0.3503834810076588,0.409882230317286,0.6192623235969011,8,0.6660431027412415,0.28663092851638794,,,,,,,,,C3_eigfeat,,,,,,,,,,,,,,,,,30,eig
B3,HLgap,0,,,,,,,,,,,,,,,,,,,,54,,107,,363,123,0.3470999849505643,0.7283564557018141,0.3107993020486329,0.34724895364787056,0.7673400350761638,8,0.8201164603233337,0.1548193246126175,,,,,,,,,C3_msgpass,,,,,,,,,,,,,,,,,18,atom
B3,HLgap,0,molecule,zz,0.1,bytype,3,bytype,eig,0,"[0.000,3.142]",none,1,1,Z,1,ridge,1,adam,adjoint,100,55,13,107,15,370,116,0.5324524256585084,0.43108682000410403,0.5056450395114085,0.5244712818075282,0.44421229626745345,9,0.7690132569672258,0.20941242005072302,0.7276868530503787,11.261937314401369,3.2185727002048763,0.29957293546394814,0.25482549725641157,0.6995358351682709,0.0,271.06,zz_bytype_r3,0.5133626469414181,0.48274259544981224,14,0,1.0,1,0.5324524256585084,0.43108682000410403,9,0.5056450395114085,0.5244712818075282,0.44421229626745345,0.46432811393992623,9,0.5036290497670022,0.47729945877452806,,
B3,HLgap,0,molecule,xy,0.1,bytype,3,bytype,eig,0,"[0.000,3.142]",none,1,1,Z,1,ridge,1,adam,adjoint,100,55,13,107,15,370,116,0.5649018651141712,0.31231456798567003,0.5162322411143415,0.5436554317503074,0.49286888179262295,9,0.8147047850787769,0.2053566948099083,0.7479372914324401,7.779795099969167,2.223403968864963,0.08691924742501558,-0.03256645180250421,0.4900196389383982,0.0,278.58,xy_bytype_r3,0.538777401081752,0.49429342435373663,14,0,1.0,1,0.5649018651141712,0.31231456798567003,9,0.5162322411143415,0.5436554317503074,0.49286888179262295,0.36390503082657466,9,0.51637888816321,0.5132138148636438,,
B3,HLgap,0,molecule,none,0.0,fixed,3,fixed,eig,0,"[0.000,3.142]",none,1,1,Z,1,ridge,1,adam,adjoint,100,55,13,92,15,370,116,0.6709880623368503,0.09202533584007255,0.6245133647221736,0.66608942410137,0.281896307167205,9,0.7386270693031102,0.6541831605648697,0.11432549962989139,3.404990319554723,1.0942369163239258,0.0030888696874738857,0.0,0.0,0.0,201.27,none_r3,0.5395241062000065,0.490552613792217,14,0,1.0,1,0.6709880623368503,0.09202533584007255,9,0.6245133647221736,0.66608942410137,0.281896307167205,0.39689910405506945,9,0.5385013997436813,0.4653940091104014,,
B3,HLgap,0,molecule,xy,0.1,bytype_shuffled,3,bytype_shuffled,eig,0,"[0.000,3.142]",none,1,1,Z,1,ridge,1,adam,adjoint,100,55,13,107,15,370,116,0.5474120270135919,0.36901233019719004,0.518450275585021,0.5289188807798072,0.5892975031866183,9,0.8147047850787769,0.27376619425429244,0.6639688396726171,6.990048834464855,1.9977007262274382,0.09022158081456647,0.3908887198313354,0.19452930902253382,0.0,285.14,xy_shuffled_r3,0.5298652369681365,0.49753908242984574,14,0,1.0,1,0.5474120270135919,0.36901233019719004,9,0.518450275585021,0.5289188807798072,0.5892975031866183,0.4030776391097839,9,0.5103922549002882,0.6092042277332321,,
B3,HLgap,0,,,,,,,,,,,,,,,,,,,,55,,370,,370,116,0.6706958598658176,0.07000082081478487,0.6204075539396995,0.6645604173983697,0.4011352761536076,9,,,,,,,,,,,krr_res,,,,,,,,,,,,,,,,,,
B3,HLgap,0,,,,,,,,,,,,,,,,,,,,55,,0,,370,116,0.7174233361602982,-0.005743758901669338,0.6381141952949329,0.7207081373636796,nan,9,,,,,,,,,,,composition,,,,,,,,,,,,,,,,,,
B3,HLgap,0,,,,,,,,,,,,,,,,,,,,55,,106,,370,116,0.4665266289410456,0.5542313494822846,0.45445161750299573,0.4686042617577466,0.628613646415504,9,0.623799204826355,0.27798590064048767,,,,,,,,,C3_eigfeat,,,,,,,,,,,,,,,,,30,eig
B3,HLgap,0,,,,,,,,,,,,,,,,,,,,55,,106,,370,116,0.4020777667122081,0.6836336585954343,0.38512426081204393,0.3918655425762707,0.685019374498603,9,0.771953821182251,0.17907822132110596,,,,,,,,,C3_msgpass,,,,,,,,,,,,,,,,,18,atom
B3,HLgap,0,molecule,zz,0.1,bytype,3,bytype,eig,0,"[0.000,3.142]",none,1,1,Z,1,ridge,1,adam,adjoint,100,56,13,107,15,367,119,0.5913951410647681,0.16236270180966073,0.48269968397647267,0.5760481355037949,0.5919143835092112,8,0.8004026634711895,0.2826393671978216,0.6468785274001086,9.591539888899057,2.9817723654126764,0.03748387845174425,0.0961418689892565,0.7316342187321704,0.0,267.02,zz_bytype_r3,0.5833749637017266,0.4819088839850939,14,0,1.0,1,0.5913951410647681,0.16236270180966073,8,0.48269968397647267,0.5760481355037949,0.5919143835092112,0.17255741161793514,8,0.5693735026152306,0.5972141697216661,,
B3,HLgap,0,molecule,xy,0.1,bytype,3,bytype,eig,0,"[0.000,3.142]",none,1,1,Z,1,ridge,1,adam,adjoint,100,56,13,107,15,367,119,0.48057309979662793,0.42344161328927443,0.41118283854177107,0.468765520433638,0.5904603756646485,8,0.7811998334112462,0.27740439238752973,0.6448995755974566,7.357695239484739,2.2873253505013795,0.02435678142929161,0.30434796942610337,0.3286363843132209,0.0,275.5,xy_bytype_r3,0.4804754942154446,0.41524368409334506,14,0,1.0,1,0.48057309979662793,0.42344161328927443,8,0.41118283854177107,0.468765520433638,0.5904603756646485,0.422542443877184,8,0.46893760436959653,0.5782802300980712,,
B3,HLgap,0,molecule,none,0.0,fixed,3,fixed,eig,0,"[0.000,3.142]",none,1,1,Z,1,ridge,1,adam,adjoint,100,56,13,92,15,367,119,0.5961587591949045,0.08133349035467174,0.45374794868986473,0.5894608899222088,0.47394238902859587,8,0.7228445044482532,0.6383915344425426,0.11683421466996352,3.0196068279339303,1.0672153187218667,0.012468829263860073,0.0,0.0,0.0,199.26,none_r3,0.4584119771012223,0.38787602716826564,14,0,1.0,1,0.5961587591949045,0.08133349035467174,8,0.45374794868986473,0.5894608899222088,0.47394238902859587,0.5146715421873064,8,0.4553550920815946,0.5295007237473505,,
B3,HLgap,0,molecule,xy,0.1,bytype_shuffled,3,bytype_shuffled,eig,0,"[0.000,3.142]",none,1,1,Z,1,ridge,1,adam,adjoint,100,56,13,107,15,367,119,0.5666317231958032,0.20734473532186237,0.4797315111440892,0.5629858049614246,0.5757891336133466,8,0.7811998334112462,0.3210661137110177,0.5890089833877381,5.963689507857876,1.8539634695168064,0.4741230227089007,0.28299782665631124,0.1875782241277748,0.0,279.75,xy_shuffled_r3,0.5478211583789656,0.4610964255248805,14,0,1.0,1,0.5666317231958032,0.20734473532186237,8,0.4797315111440892,0.5629858049614246,0.5757891336133466,0.28782366689334404,8,0.5406438902313875,0.6256459692647848,,
B3,HLgap,0,,,,,,,,,,,,,,,,,,,,56,,367,,367,119,0.634654201450777,-0.024485216998990422,0.5280235064933285,0.6233536352952318,0.3816179770171525,8,,,,,,,,,,,krr_res,,,,,,,,,,,,,,,,,,
B3,HLgap,0,,,,,,,,,,,,,,,,,,,,56,,0,,367,119,0.6433171108007238,-0.07706284698679466,0.5246810880745533,0.6469369882786812,nan,8,,,,,,,,,,,composition,,,,,,,,,,,,,,,,,,
B3,HLgap,0,,,,,,,,,,,,,,,,,,,,56,,106,,367,119,0.432289095716689,0.6045339208570673,0.3889047011038726,0.4267338866348055,0.5412970941269292,8,0.6269332766532898,0.277598112821579,,,,,,,,,C3_eigfeat,,,,,,,,,,,,,,,,,30,eig
B3,HLgap,0,,,,,,,,,,,,,,,,,,,,56,,106,,367,119,0.37380628119171067,0.6744171667469478,0.33642787804380336,0.37063666400462186,0.8069075063784102,8,0.8516494035720825,0.15280795097351074,,,,,,,,,C3_msgpass,,,,,,,,,,,,,,,,,18,atom
B3,HLgap,0,molecule,zz,0.1,bytype,3,bytype,eig,0,"[0.000,3.142]",none,1,1,Z,1,ridge,1,adam,adjoint,100,57,13,108,16,361,125,0.4703474974119562,0.46925552113919156,0.4395734727811793,0.45473094823610505,0.43577344998707496,9,0.8447643069518715,0.2538386084041335,0.699515466840628,7.835791982047169,2.820224272227742,0.024934163360010714,0.22025659047230467,0.35782348085266497,0.0,265.56,zz_bytype_r3,0.4569621899861954,0.4213710583298531,15,0,1.0,1,0.4703474974119562,0.46925552113919156,9,0.4395734727811793,0.45473094823610505,0.43577344998707496,0.5004636212345394,9,0.4377603014255816,0.4623090814428073,,
B3,HLgap,0,molecule,xy,0.1,bytype,3,bytype,eig,0,"[0.000,3.142]",none,1,1,Z,1,ridge,1,adam,adjoint,100,57,13,108,16,361,125,0.4822204439623814,0.4981239264757522,0.4428354538416172,0.47532476642212035,0.6217496968968794,9,0.854882966862044,0.2788348572119402,0.6738327139264,7.027558136363677,2.5293282511931148,0.043220208698261466,-0.16390284302156788,0.4631711646198178,0.0,273.95,xy_bytype_r3,0.4680789848061879,0.42344548235780566,15,0,1.0,1,0.4822204439623814,0.4981239264757522,9,0.4428354538416172,0.47532476642212035,0.6217496968968794,0.540187557274795,9,0.45825860481851594,0.5981597180503825,,
B3,HLgap,0,molecule,none,0.0,fixed,3,fixed,eig,0,"[0.000,3.142]",none,1,1,Z,1,ridge,1,adam,adjoint,100,57,13,92,16,361,125,0.6428180978066692,-0.07501815942721013,0.5172129007248687,0.6092994368203684,0.3995452542971467,9,0.8069786566531205,0.6270423253019378,0.22297532886117985,2.359115478741294,0.9918798514299476,0.01183611087487559,0.0,0.0,0.0,196.74,none_r3,0.5682245639136638,0.5000882494844785,15,0,1.0,1,0.6428180978066692,-0.07501815942721013,9,0.5172129007248687,0.6092994368203684,0.3995452542971467,0.2913890429378472,9,0.566231513865523,0.5639323670442258,,
B3,HLgap,0,molecule,xy,0.1,bytype_shuffled,3,bytype_shuffled,eig,0,"[0.000,3.142]",none,1,1,Z,1,ridge,1,adam,adjoint,100,57,13,108,16,361,125,0.5564009538376339,0.28883801757824734,0.4735330942716991,0.550210522285584,0.46827338627170423,9,0.854882966862044,0.3667522301963584,0.5709913000810288,5.251787421552603,1.8902005557035524,0.022546130642505987,0.24391227068906318,0.10777167866692385,0.0,277.3,xy_shuffled_r3,0.5165544049730517,0.4362604845454914,15,0,1.0,1,0.5564009538376339,0.28883801757824734,9,0.4735330942716991,0.550210522285584,0.46827338627170423,0.40387702439453377,9,0.5086984439525609,0.549822871269465,,
B3,HLgap,0,,,,,,,,,,,,,,,,,,,,57,,361,,361,125,0.7693882329831123,-0.2906620071442547,0.6399323468751298,0.7700431982427784,0.2638657389708694,9,,,,,,,,,,,krr_res,,,,,,,,,,,,,,,,,,
B3,HLgap,0,,,,,,,,,,,,,,,,,,,,57,,0,,361,125,0.7194539331191135,-0.11460089512316607,0.6168347033069161,0.7237752706348669,nan,9,,,,,,,,,,,composition,,,,,,,,,,,,,,,,,,
B3,HLgap,0,,,,,,,,,,,,,,,,,,,,57,,107,,361,125,0.4620753136107684,0.5336395369031393,0.43759628039694165,0.46890643000967497,0.55802176517063,9,0.6779081225395203,0.2799345552921295,,,,,,,,,C3_eigfeat,,,,,,,,,,,,,,,,,30,eig
B3,HLgap,0,,,,,,,,,,,,,,,,,,,,57,,107,,361,125,0.36713349184086247,0.6846015976570385,0.3430018342650513,0.3634884765204787,0.7085789554819123,9,0.8214938044548035,0.15899382531642914,,,,,,,,,C3_msgpass,,,,,,,,,,,,,,,,,18,atom
B3,HLgap,0,molecule,zz,0.1,bytype,3,bytype,eig,0,"[0.000,3.142]",none,1,1,Z,1,ridge,1,adam,adjoint,100,58,13,108,16,378,108,0.4357553992043555,0.4141385881738978,0.37075249593044424,0.43575539920435546,0.544652076318743,9,0.7653723052100013,0.18713570648140623,0.7554971545121948,9.06214425926671,3.028804821173274,0.02196692539979468,0.40624492140688995,0.670618350178028,0.0,276.68,zz_bytype_r3,0.42776298633563414,0.36249825100413885,15,0,1.0,1,0.4357553992043555,0.4141385881738978,9,0.37075249593044424,0.43575539920435546,0.544652076318743,0.4182303390402885,9,0.4277629863356339,0.5630218855218854,,
B3,HLgap,0,molecule,xy,0.1,bytype,3,bytype,eig,0,"[0.000,3.142]",none,1,1,Z,1,ridge,1,adam,adjoint,100,58,13,108,16,378,108,0.5162042540362437,0.07277022912858166,0.3920614105093747,0.5162042540362437,0.7634401555234888,9,0.8278890774483632,0.1798515741101139,0.7827588513857021,9.21947079921059,3.0813874516244795,0.009407125287774112,0.13590170408163527,1.010902096848116,0.0,285.09,xy_bytype_r3,0.49704858754036935,0.39546881307420234,15,0,1.0,1,0.5162042540362437,0.07277022912858166,9,0.3920614105093747,0.5162042540362437,0.7634401555234888,0.08147780594291121,9,0.49704858754036935,0.7569362273528939,,
B3,HLgap,0,molecule,none,0.0,fixed,3,fixed,eig,0,"[0.000,3.142]",none,1,1,Z,1,ridge,1,adam,adjoint,100,58,13,92,16,378,108,0.6056183824763655,0.028540572022074606,0.4196335154010253,0.6056183824763655,0.4332204986371653,9,0.7993259145181265,0.6678348579298986,0.16450243161138753,3.7335692781849263,1.4404275423604955,0.009534076294020583,0.0,0.0,0.0,204.57,none_r3,0.5268728169113832,0.3934496910874255,15,0,1.0,1,0.6056183824763655,0.028540572022074606,9,0.4196335154010253,0.6056183824763655,0.4332204986371653,0.18177077679817655,9,0.5268728169113832,0.4873817540484206,,
B3,HLgap,0,molecule,xy,0.1,bytype_shuffled,3,bytype_shuffled,eig,0,"[0.000,3.142]",none,1,1,Z,1,ridge,1,adam,adjoint,100,58,13,108,16,378,108,0.5460016082173044,0.11465234238995259,0.3850065334101632,0.5460016082173043,0.5344604777938111,9,0.8278890774483632,0.35895106473374744,0.5664261378588658,4.243116946964491,1.418160282830015,0.35637769667734004,0.13796547874745355,0.10214534817569593,0.0,290.82,xy_shuffled_r3,0.5447480393093852,0.3988875814481921,15,0,1.0,1,0.5460016082173044,0.11465234238995259,9,0.3850065334101632,0.5460016082173043,0.5344604777938111,0.15954454890837444,9,0.5447480393093852,0.5039820827320827,,
B3,HLgap,0,,,,,,,,,,,,,,,,,,,,58,,378,,378,108,0.6990232878947447,-1.020138227440441,0.5146032799085135,0.6990232878947445,0.4400923921757255,9,,,,,,,,,,,krr_res,,,,,,,,,,,,,,,,,,
B3,HLgap,0,,,,,,,,,,,,,,,,,,,,58,,0,,378,108,0.6243664199490495,-0.019146315104001,0.5027555206414933,0.6243664199490496,nan,9,,,,,,,,,,,composition,,,,,,,,,,,,,,,,,,
B3,HLgap,0,,,,,,,,,,,,,,,,,,,,58,,107,,378,108,0.44300376398344743,0.3696115558034754,0.37850908953596796,0.44300376398344743,0.6028845999679333,9,0.6140980124473572,0.23627516627311707,,,,,,,,,C3_eigfeat,,,,,,,,,,,,,,,,,30,eig
B3,HLgap,0,,,,,,,,,,,,,,,,,,,,58,,107,,378,108,0.3475196939060203,0.6422833495372522,0.30756958273151336,0.3475196939060203,0.7387091946851525,9,0.7982872724533081,0.1459563672542572,,,,,,,,,C3_msgpass,,,,,,,,,,,,,,,,,18,atom
B3,HLgap,0,molecule,zz,0.1,bytype,3,bytype,eig,0,"[0.000,3.142]",none,1,1,Z,1,ridge,1,adam,adjoint,100,59,13,107,15,341,145,0.4950449156943328,0.48920782789751804,0.4621151025162863,0.4962959913455995,0.5467667394035215,8,0.7099958067481187,0.27271439657789714,0.6158929475556092,10.05672861657803,3.3757990377142186,0.01915403223387124,0.4225066276487733,1.2458521884365152,0.0,251.57,zz_bytype_r3,0.4795077307198075,0.4399926413155325,14,0,1.0,1,0.4950449156943328,0.48920782789751804,8,0.4621151025162863,0.4962959913455995,0.5467667394035215,0.5243684279358687,8,0.4818145806490168,0.5494530658675436,,
B3,HLgap,0,molecule,xy,0.1,bytype,3,bytype,eig,0,"[0.000,3.142]",none,1,1,Z,1,ridge,1,adam,adjoint,100,59,13,107,15,341,145,0.4864497608398982,0.41545575596077566,0.43221762383159257,0.49117649945110986,0.5514690175559845,8,0.7277216695569988,0.2261513133290687,0.6892337788062042,7.866198008299788,2.6404912252592543,0.1935190737135799,-0.013996256329108349,0.7626708933940876,0.0,259.08,xy_bytype_r3,0.48320734511938096,0.43373408029368854,14,0,1.0,1,0.4864497608398982,0.41545575596077566,8,0.43221762383159257,0.49117649945110986,0.5514690175559845,0.4167579425881477,8,0.4893413523173392,0.5397660905611523,,
B3,HLgap,0,molecule,none,0.0,fixed,3,fixed,eig,0,"[0.000,3.142]",none,1,1,Z,1,ridge,1,adam,adjoint,100,59,13,92,15,341,145,0.7157145689426144,-0.08330991350131223,0.5455203381029099,0.7025689309531661,0.29667131103573,8,0.7390864796313137,0.5821473792067986,0.2123419988724495,2.814471599176233,1.0859273700368628,0.006753487507520649,0.0,0.0,0.0,185.05,none_r3,0.7196044062115099,0.5512234700794324,14,0,1.0,1,0.7157145689426144,-0.08330991350131223,8,0.5455203381029099,0.7025689309531661,0.29667131103573,-0.17157024606481053,8,0.7006667371527251,0.31972269177361484,,
B3,HLgap,0,molecule,xy,0.1,bytype_shuffled,3,bytype_shuffled,eig,0,"[0.000,3.142]",none,1,1,Z,1,ridge,1,adam,adjoint,100,59,13,107,15,341,145,0.5822596010466073,0.27751507239126394,0.46334679170634596,0.5674324289476488,0.5165094560022764,8,0.7277216695569988,0.2656973428929548,0.6348915333870733,5.430460312851545,1.8228733614477626,0.27409438693740185,0.2013571452585829,0.11649008326665335,0.0,260.72,xy_shuffled_r3,0.5651826245621516,0.45572503937565456,14,0,1.0,1,0.5822596010466073,0.27751507239126394,8,0.46334679170634596,0.5674324289476488,0.5165094560022764,0.31657141272902334,8,0.556338173718298,0.5082958355819697,,
B3,HLgap,0,,,,,,,,,,,,,,,,,,,,59,,341,,341,145,0.7988042747079345,-0.3610424431514332,0.740669158750335,0.8089578596755077,0.25635155756371014,8,,,,,,,,,,,krr_res,,,,,,,,,,,,,,,,,,
B3,HLgap,0,,,,,,,,,,,,,,,,,,,,59,,0,,341,145,0.7308867980584486,-0.04729577922808992,0.6662202720646178,0.7432831908862125,nan,8,,,,,,,,,,,composition,,,,,,,,,,,,,,,,,,
B3,HLgap,0,,,,,,,,,,,,,,,,,,,,59,,106,,341,145,0.36846596768812556,0.638580772722122,0.31916318997763654,0.35127414250695277,0.6855981878178734,8,0.7504683136940002,0.2780141532421112,,,,,,,,,C3_eigfeat,,,,,,,,,,,,,,,,,30,eig
B3,HLgap,0,,,,,,,,,,,,,,,,,,,,59,,106,,341,145,0.3639242367940677,0.7419665247455856,0.30729729334194106,0.35923273383631305,0.7572500561823152,8,0.8913314938545227,0.16337116062641144,,,,,,,,,C3_msgpass,,,,,,,,,,,,,,,,,18,atom
B3,HLgap,0,molecule,zz,0.1,bytype,3,bytype,eig,0,"[0.000,3.142]",none,1,1,Z,1,ridge,1,adam,adjoint,100,60,13,108,16,368,118,0.489492091301874,0.24724717727295886,0.47233668189064587,0.48949209130187393,0.3861631094151892,7,0.7145113164391936,0.2789433118772585,0.6096026676422875,7.991754449034399,2.64766585297837,0.3534824156635581,0.19272409047701844,0.7745541518906015,0.0,271.29,zz_bytype_r3,0.48537697945223945,0.4646711280207081,15,0,1.0,1,0.489492091301874,0.24724717727295886,7,0.47233668189064587,0.48949209130187393,0.3861631094151892,0.26521174048295004,7,0.4853769794522394,0.39440039083973194,,
B3,HLgap,0,molecule,xy,0.1,bytype,3,bytype,eig,0,"[0.000,3.142]",none,1,1,Z,1,ridge,1,adam,adjoint,100,60,13,108,16,368,118,0.4670737310820506,0.34375554098697336,0.4265365261794128,0.4670737310820506,0.41325758876696483,7,0.831646281667286,0.22855032152514956,0.7251832581191232,8.825714107190313,2.9239564376981892,0.010522504839310325,0.07770868708937585,0.6167643758034356,0.0,278.8,xy_bytype_r3,0.45495853358607974,0.4222144921112318,15,0,1.0,1,0.4670737310820506,0.34375554098697336,7,0.4265365261794128,0.4670737310820506,0.41325758876696483,0.3711473583741155,7,0.4549585335860798,0.41315596569942675,,
B3,HLgap,0,molecule,none,0.0,fixed,3,fixed,eig,0,"[0.000,3.142]",none,1,1,Z,1,ridge,1,adam,adjoint,100,60,13,92,16,368,118,0.5901648177334451,0.011846537272598212,0.5267157109075776,0.5901648177334452,0.3437363768144262,7,0.7981955283829266,0.6015037908514802,0.24642049540157968,2.707767387833351,1.0341245904981806,0.006399324374846126,0.0,0.0,0.0,199.87,none_r3,0.4521252256790249,0.43114873277706095,15,0,1.0,1,0.5901648177334451,0.011846537272598212,7,0.5267157109075776,0.5901648177334452,0.3437363768144262,0.4114240542277908,7,0.452125225679025,0.4898926375039946,,
B3,HLgap,0,molecule,xy,0.1,bytype_shuffled,3,bytype_shuffled,eig,0,"[0.000,3.142]",none,1,1,Z,1,ridge,1,adam,adjoint,100,60,13,108,16,368,118,0.572634062238272,0.04430987703832279,0.5088919864400829,0.5726340622382721,0.36680059159883077,7,0.831646281667286,0.26373461723631686,0.6828764547499916,8.426200591185978,2.7915977296230414,0.023959437893345564,0.5294149208770784,1.0360669035385819,0.0,283.08,xy_shuffled_r3,0.5668850849690923,0.4959462834502237,15,0,1.0,1,0.572634062238272,0.04430987703832279,7,0.5088919864400829,0.5726340622382721,0.36680059159883077,0.10049135116554475,7,0.5668850849690923,0.4111121004975849,,
B3,HLgap,0,,,,,,,,,,,,,,,,,,,,60,,368,,368,118,0.5787185542227338,0.03255145540516802,0.46963231879645595,0.5787185542227337,0.34327302566325407,7,,,,,,,,,,,krr_res,,,,,,,,,,,,,,,,,,
B3,HLgap,0,,,,,,,,,,,,,,,,,,,,60,,0,,368,118,0.5650609491525421,-0.00030394377433262676,0.5483680800481391,0.5650609491525423,nan,7,,,,,,,,,,,composition,,,,,,,,,,,,,,,,,,
B3,HLgap,0,,,,,,,,,,,,,,,,,,,,60,,107,,368,118,0.42367036286827203,0.5141044186263761,0.38760885247126775,0.423670362868272,0.6328186722542083,7,0.5689640045166016,0.26698723435401917,,,,,,,,,C3_eigfeat,,,,,,,,,,,,,,,,,30,eig
B3,HLgap,0,,,,,,,,,,,,,,,,,,,,60,,107,,368,118,0.4195680226790263,0.5679054608956217,0.35708601863468914,0.4195680226790263,0.6165691543173482,7,0.800203800201416,0.14619553089141846,,,,,,,,,C3_msgpass,,,,,,,,,,,,,,,,,18,atom
B3,HLgap,0,molecule,zz,0.1,bytype,3,bytype,eig,0,"[0.000,3.142]",none,1,1,Z,1,ridge,1,adam,adjoint,100,61,13,108,16,385,101,0.4488853309638512,0.5093598132869853,0.41398698258403577,0.45045828847136965,0.491121911935309,8,0.7647408907172112,0.2589721315086983,0.6613596387322488,7.481972255420658,2.4971762246305524,0.15707262326305552,0.22429011525658282,0.7364938556744841,0.0,281.7,zz_bytype_r3,0.4485049081028539,0.409317433676668,15,0,1.0,1,0.4488853309638512,0.5093598132869853,8,0.41398698258403577,0.45045828847136965,0.491121911935309,0.5095844563889398,8,0.4458185654408207,0.5028093384552713,,
B3,HLgap,0,molecule,xy,0.1,bytype,3,bytype,eig,0,"[0.000,3.142]",none,1,1,Z,1,ridge,1,adam,adjoint,100,61,13,108,16,385,101,0.49558132659212467,0.3359780852566371,0.4514076169028946,0.47656393131156505,0.47111582374740263,8,0.7403937497804295,0.2262466337376535,0.6944239010597415,7.096528362458651,2.3685308230472435,0.03059562035831834,0.06813845998280076,0.698657696321557,0.0,291.8,xy_bytype_r3,0.47780559997661776,0.43582466613589893,15,0,1.0,1,0.49558132659212467,0.3359780852566371,8,0.4514076169028946,0.47656393131156505,0.47111582374740263,0.37456503194813495,8,0.4622502449413503,0.44792077495426774,,
B3,HLgap,0,molecule,none,0.0,fixed,3,fixed,eig,0,"[0.000,3.142]",none,1,1,Z,1,ridge,1,adam,adjoint,100,61,13,92,16,385,101,0.5375884631299732,0.2937600957795583,0.4815634996853396,0.5422019939015084,0.5061343140290508,8,0.7469370975777081,0.6403017146492802,0.14276353828755173,3.4659680573548743,1.3350296418487047,0.002293244792232981,0.0,0.0,0.0,209.48,none_r3,0.4192208279881336,0.3966285399590626,15,0,1.0,1,0.5375884631299732,0.2937600957795583,8,0.4815634996853396,0.5422019939015084,0.5061343140290508,0.5268863290656214,8,0.4240208079168218,0.4338007995902733,,
B3,HLgap,0,molecule,xy,0.1,bytype_shuffled,3,bytype_shuffled,eig,0,"[0.000,3.142]",none,1,1,Z,1,ridge,1,adam,adjoint,100,61,13,108,16,385,101,0.47706235512189066,0.2616847006195795,0.4293499297121431,0.4744962767063171,0.5708823960020132,8,0.7403937497804295,0.2499557399574802,0.6624016072102082,6.9739907223706945,2.3276327722387435,0.07520535795640435,0.5318711443346329,0.2643792097718011,0.0,297.92,xy_shuffled_r3,0.4345327157167112,0.3963240372813419,15,0,1.0,1,0.47706235512189066,0.2616847006195795,8,0.4293499297121431,0.4744962767063171,0.5708823960020132,0.38847174290805975,8,0.43312357550547476,0.5593874935980199,,
B3,HLgap,0,,,,,,,,,,,,,,,,,,,,61,,385,,385,101,0.5996119378665103,-0.050234756660748614,0.5451937597854544,0.603024338343529,0.2996008244812073,8,,,,,,,,,,,krr_res,,,,,,,,,,,,,,,,,,
B3,HLgap,0,,,,,,,,,,,,,,,,,,,,61,,0,,385,101,0.6434558918348977,-0.08869119311642137,0.5559188581999108,0.6521846517381608,nan,8,,,,,,,,,,,composition,,,,,,,,,,,,,,,,,,
B3,HLgap,0,,,,,,,,,,,,,,,,,,,,61,,107,,385,101,0.48622291827498015,0.4125882538479413,0.4534364099969116,0.47676180212304814,0.6177948402828785,8,0.6933597922325134,0.2552509903907776,,,,,,,,,C3_eigfeat,,,,,,,,,,,,,,,,,30,eig
B3,HLgap,0,,,,,,,,,,,,,,,,,,,,61,,107,,385,101,0.3960968937755828,0.6247148331226122,0.3560132385046584,0.3984805656806594,0.7662523276310692,8,0.9297875165939331,0.18039095401763916,,,,,,,,,C3_msgpass,,,,,,,,,,,,,,,,,18,atom
A1,HLgap,0,molecule,zz,0.1,bytype,3,bytype,eig,0,"[0.000,3.142]",none,1,1,Z,1,ridge,1,adam,adjoint,100,42,11,103,25,530,160,0.49827128550910854,0.7327851209306632,0.3591720404467459,0.480749550145348,0.560222417114184,28,0.6808055245825001,0.20321492052532247,0.7015081206194048,9.246638255647355,3.814922980302728,0.020363159288269008,0.1819442081713799,0.6078334432593783,0.0,245.68,zz_bytype_r3,0.48965550512898115,0.3508542110722224,24,0,1.0,1,0.49827128550910854,0.7327851209306632,28,0.3591720404467459,0.480749550145348,0.560222417114184,0.7297237225829665,28,0.471038122910471,0.5446715069286763,,
A1,HLgap,0,molecule,xy,0.1,bytype,3,bytype,eig,0,"[0.000,3.142]",none,1,1,Z,1,ridge,1,adam,adjoint,100,42,11,103,25,530,160,0.5634311934308045,0.5896025128386013,0.3844838231659462,0.4868649101094094,0.5866266737682094,28,0.7523508181439578,0.21550872556870893,0.7135528793597024,9.021504671200823,3.722038705910524,0.011821523059994059,0.5116308412287806,0.6058481927917864,0.0,244.54,xy_bytype_r3,0.5426815469355126,0.3770583950760193,24,0,1.0,1,0.5634311934308045,0.5896025128386013,28,0.3844838231659462,0.4868649101094094,0.5866266737682094,0.6342537845423963,28,0.4703121059979313,0.5558659143302992,,
A1,HLgap,0,molecule,none,0.0,fixed,3,fixed,eig,0,"[0.000,3.142]",none,1,1,Z,1,ridge,1,adam,adjoint,100,42,11,78,25,530,160,0.917630211625885,-0.1609461981026954,0.5805161959423085,0.8465109635324842,0.1740073524994894,28,0.7540392720055722,0.6987794596454825,0.07328505876505771,2.130966915156662,1.1076820895111066,0.00106700066262,0.0,0.0,0.0,190.51,none_r3,0.8880127141220564,0.5803487539079784,24,0,1.0,1,0.917630211625885,-0.1609461981026954,28,0.5805161959423085,0.8465109635324842,0.1740073524994894,0.12870178751746453,28,0.8414102647432502,0.1647530545310379,,
A1,HLgap,0,molecule,xy,0.1,bytype_shuffled,3,bytype_shuffled,eig,0,"[0.000,3.142]",none,1,1,Z,1,ridge,1,adam,adjoint,100,42,11,103,25,530,160,0.8034896049098755,0.23188299333250717,0.5553693375502587,0.7404523348835345,0.3757657852477464,28,0.7523508181439578,0.4340409140124772,0.4230870711575061,7.112730665699447,2.9345280867571972,0.014340643051920158,0.38556765120349334,0.8705495111418186,0.0,251.89,xy_shuffled_r3,0.7977486529594604,0.5471797422745281,24,0,1.0,1,0.8034896049098755,0.23188299333250717,28,0.5553693375502587,0.7404523348835345,0.3757657852477464,0.23634929637543345,28,0.7246704276801096,0.35444447114197347,,
A1,HLgap,0,,,,,,,,,,,,,,,,,,,,42,,530,,530,160,0.7459555405336491,0.374122339851388,0.5439043372027899,0.7027554495553509,0.3042382994741922,28,,,,,,,,,,,krr_res,,,,,,,,,,,,,,,,,,
A1,HLgap,0,,,,,,,,,,,,,,,,,,,,42,,0,,530,160,0.9658164089858492,-0.038058098188945344,0.5850590523671364,0.9271865799239852,nan,28,,,,,,,,,,,composition,,,,,,,,,,,,,,,,,,
A1,HLgap,0,,,,,,,,,,,,,,,,,,,,42,,101,,530,160,0.466236870134607,0.7359010393477742,0.32718322562559643,0.42351850149441084,0.5220525594253624,28,0.609421968460083,0.18722538650035858,,,,,,,,,C3_eigfeat,,,,,,,,,,,,,,,,,25,eig
A1,HLgap,0,,,,,,,,,,,,,,,,,,,,42,,103,,530,160,0.4428015744352914,0.7609700492291676,0.31868415731546196,0.38128759709092314,0.5674923287333102,28,0.6987839937210083,0.1504727303981781,,,,,,,,,C3_msgpass,,,,,,,,,,,,,,,,,11,atom
A1,HLgap,0,molecule,zz,0.1,bytype,3,bytype,eig,0,"[0.000,3.142]",none,1,1,Z,1,ridge,1,adam,adjoint,100,43,11,103,25,520,170,0.61543397753154,0.28187611416243197,0.33769407959615805,0.5848003236983376,0.5706451224214382,27,0.7236730872598883,0.24058372343401102,0.6675519268721795,10.674953414293622,3.8864937085325644,0.03659028673898618,0.16464158274870364,1.0732732739918784,0.0,242.58,zz_bytype_r3,0.6028982620100688,0.33093524344300734,24,0,1.0,1,0.61543397753154,0.28187611416243197,27,0.33769407959615805,0.5848003236983376,0.5706451224214382,0.3630265287467399,27,0.569148023809659,0.5827653267784846,,
A1,HLgap,0,molecule,xy,0.1,bytype,3,bytype,eig,0,"[0.000,3.142]",none,1,1,Z,1,ridge,1,adam,adjoint,100,43,11,103,25,520,170,0.556254576863484,0.582697711773793,0.360300236813319,0.5017635718974895,0.5465500289184501,27,0.7279906693444032,0.2491253469982538,0.6577904669813895,8.610717573194144,3.13495510241384,0.1272184336568409,0.33673333532439537,0.7689982487546895,0.0,238.87,xy_bytype_r3,0.5454579702748368,0.37316498119361796,24,0,1.0,1,0.556254576863484,0.582697711773793,27,0.360300236813319,0.5017635718974895,0.5465500289184501,0.622700349577173,27,0.5080327489553494,0.5538334618597777,,
A1,HLgap,0,molecule,none,0.0,fixed,3,fixed,eig,0,"[0.000,3.142]",none,1,1,Z,1,ridge,1,adam,adjoint,100,43,11,78,25,520,170,0.8184002471585623,0.1797698962854819,0.5228415881858051,0.7989298982395713,0.09249759012916907,27,0.7325685674775736,0.6860759523116183,0.0634652061663546,2.2060461389417814,0.9819139455486858,0.0014666699329679682,0.0,0.0,0.0,184.3,none_r3,0.8330986250848361,0.5198489840961084,24,0,1.0,1,0.8184002471585623,0.1797698962854819,27,0.5228415881858051,0.7989298982395713,0.09249759012916907,0.15849171006428586,27,0.8092091015761188,0.13936499903605165,,
A1,HLgap,0,molecule,xy,0.1,bytype_shuffled,3,bytype_shuffled,eig,0,"[0.000,3.142]",none,1,1,Z,1,ridge,1,adam,adjoint,100,43,11,103,25,520,170,0.7899455087011049,0.2190733886284526,0.47793242811536646,0.7139365200057192,0.28401870059764805,27,0.7279906693444032,0.4172517359613544,0.42684466500496054,12.885980864849495,4.691475607982551,0.08648835303820997,0.7426726002154399,1.6513266649444516,0.0,243.12,xy_shuffled_r3,0.7723965559368846,0.4752330388997044,24,0,1.0,1,0.7899455087011049,0.2190733886284526,27,0.47793242811536646,0.7139365200057192,0.28401870059764805,0.24040754369736383,27,0.7033290333327638,0.28152416297153143,,
A1,HLgap,0,,,,,,,,,,,,,,,,,,,,43,,520,,520,170,0.6601868933578643,0.4644580344264089,0.4123232964669408,0.6019636583336891,0.37242416939785356,27,,,,,,,,,,,krr_res,,,,,,,,,,,,,,,,,,
A1,HLgap,0,,,,,,,,,,,,,,,,,,,,43,,0,,520,170,0.8956013474208144,-0.0075796337991278495,0.5257921791220841,0.843071094974359,nan,27,,,,,,,,,,,composition,,,,,,,,,,,,,,,,,,
A1,HLgap,0,,,,,,,,,,,,,,,,,,,,43,,101,,520,170,0.42771358527070985,0.7815006540913304,0.3099851849617102,0.40930651640655746,0.6187173864147549,27,0.6384079456329346,0.19035716354846954,,,,,,,,,C3_eigfeat,,,,,,,,,,,,,,,,,25,eig
A1,HLgap,0,,,,,,,,,,,,,,,,,,,,43,,103,,520,170,0.4014563065094234,0.7728184842201338,0.2770665995045068,0.3751282584975372,0.5951640537141091,27,0.6658660769462585,0.14007720351219177,,,,,,,,,C3_msgpass,,,,,,,,,,,,,,,,,11,atom
A1,HLgap,0,molecule,zz,0.1,bytype,3,bytype,eig,0,"[0.000,3.142]",none,1,1,Z,1,ridge,1,adam,adjoint,100,44,11,103,25,523,167,0.5570375085092516,0.5727014262350886,0.42592843880207726,0.5449544932004401,0.44306024199961314,27,0.7025983014640095,0.187039353766244,0.733789060724302,9.66679623779699,3.529231507640643,0.03989823806491716,0.206550994745296,0.6332357395852983,0.0,241.4,zz_bytype_r3,0.5370086642826035,0.4286812641691958,24,0,1.0,1,0.5570375085092516,0.5727014262350886,27,0.42592843880207726,0.5449544932004401,0.44306024199961314,0.6007273619219152,27,0.529652822121463,0.4236362746292038,,
A1,HLgap,0,molecule,xy,0.1,bytype,3,bytype,eig,0,"[0.000,3.142]",none,1,1,Z,1,ridge,1,adam,adjoint,100,44,11,103,25,523,167,0.5468925317201487,0.6140152127728823,0.38871565123855994,0.53161714674562,0.5453375553119798,27,0.75363689823413,0.1863698126429766,0.7527060935051542,8.973103084738181,3.2759724472254352,0.016532933096716468,0.5026797312851777,0.732300484122551,0.0,240.35,xy_bytype_r3,0.5118583031654967,0.37390718575231957,24,0,1.0,1,0.5468925317201487,0.6140152127728823,27,0.38871565123855994,0.53161714674562,0.5453375553119798,0.6567228252543362,27,0.49620801030216083,0.5429437077473787,,
A1,HLgap,0,molecule,none,0.0,fixed,3,fixed,eig,0,"[0.000,3.142]",none,1,1,Z,1,ridge,1,adam,adjoint,100,44,11,78,25,523,167,0.7690818278914239,0.23785017897271898,0.5840922322014163,0.79720916327454,0.05574205811907031,27,0.7552651301787874,0.7002932007217427,0.07278494300939277,2.271455170585038,1.0144657126570429,0.002386318313375849,0.0,0.0,0.0,186.0,none_r3,0.7640092956414689,0.5814855521111283,24,0,1.0,1,0.7690818278914239,0.23785017897271898,27,0.5840922322014163,0.79720916327454,0.05574205811907031,0.2417420142747544,27,0.7913840837862794,0.057844092453690765,,
A1,HLgap,0,molecule,xy,0.1,bytype_shuffled,3,bytype_shuffled,eig,0,"[0.000,3.142]",none,1,1,Z,1,ridge,1,adam,adjoint,100,44,11,103,25,523,167,0.7367061341839518,0.2923856490346989,0.5838760336506189,0.7286959199367978,0.3529205202967803,27,0.75363689823413,0.4545729204603116,0.39682767454003975,9.148594210826705,3.3400421551480366,0.006811975830719609,0.6607181255625502,1.0957565691629123,0.0,246.37,xy_shuffled_r3,0.7176407318876656,0.5641883172446868,24,0,1.0,1,0.7367061341839518,0.2923856490346989,27,0.5838760336506189,0.7286959199367978,0.3529205202967803,0.32599157922616206,27,0.7127651432100136,0.31992747653195974,,
A1,HLgap,0,,,,,,,,,,,,,,,,,,,,44,,523,,523,167,0.6429483760343561,0.4326299341113239,0.5021692129984515,0.6374743342309813,0.34218289191209306,27,,,,,,,,,,,krr_res,,,,,,,,,,,,,,,,,,
A1,HLgap,0,,,,,,,,,,,,,,,,,,,,44,,0,,523,167,0.8814186814439953,-0.0004985966430488542,0.5774112866687416,0.9038276593684,nan,27,,,,,,,,,,,composition,,,,,,,,,,,,,,,,,,
A1,HLgap,0,,,,,,,,,,,,,,,,,,,,44,,101,,523,167,0.46411578682850674,0.6892901668563152,0.38540373380281223,0.46211693333781484,0.507293420351943,27,0.6400773525238037,0.18347463011741638,,,,,,,,,C3_eigfeat,,,,,,,,,,,,,,,,,25,eig
A1,HLgap,0,,,,,,,,,,,,,,,,,,,,44,,103,,523,167,0.4317510915840742,0.6971510853661815,0.3486510876114569,0.42854992975762435,0.6204054794028283,27,0.6168025135993958,0.13808132708072662,,,,,,,,,C3_msgpass,,,,,,,,,,,,,,,,,11,atom
A1,HLgap,0,molecule,zz,0.1,bytype,3,bytype,eig,0,"[0.000,3.142]",none,1,1,Z,1,ridge,1,adam,adjoint,100,45,11,103,25,516,174,0.5753967622100625,0.6017865191197572,0.4030686942876435,0.5425331358222802,0.49194462716284354,30,0.6340210388262671,0.2141683694559738,0.6622062102979208,8.544714263812969,3.188886891855415,0.021828815497868928,0.25328279340080523,0.6834001290426613,0.0,238.19,zz_bytype_r3,0.567494502808034,0.40332969530723095,24,0,1.0,1,0.5753967622100625,0.6017865191197572,30,0.4030686942876435,0.5425331358222802,0.49194462716284354,0.6097747528942334,30,0.5414095599030546,0.50840360145863,,
A1,HLgap,0,molecule,xy,0.1,bytype,3,bytype,eig,0,"[0.000,3.142]",none,1,1,Z,1,ridge,1,adam,adjoint,100,45,11,103,25,516,174,0.7117522945809344,0.3335760810687255,0.5219196319208925,0.7117860605040436,0.4034987277112514,30,0.7126812007653941,0.2438113360720894,0.6578956540312207,10.543306230044452,3.9347613033935627,0.17615447899068667,-0.12159353354993753,1.2317777139026205,0.0,237.47,xy_bytype_r3,0.6915941813260036,0.5122359290383554,24,0,1.0,1,0.7117522945809344,0.3335760810687255,30,0.5219196319208925,0.7117860605040436,0.4034987277112514,0.3683776434873197,30,0.6964673312802354,0.43411407062260954,,
A1,HLgap,0,molecule,none,0.0,fixed,3,fixed,eig,0,"[0.000,3.142]",none,1,1,Z,1,ridge,1,adam,adjoint,100,45,11,78,25,516,174,0.9192578701224561,-0.3542379574150225,0.6180113004179467,0.8957001768399974,0.02688254819184609,30,0.7260797110995179,0.590004787962483,0.18741044689290892,3.3820714240461345,1.5517443153015191,0.0033343891954202834,0.0,0.0,0.0,185.78,none_r3,0.8949247413395512,0.6126983372334782,24,0,1.0,1,0.9192578701224561,-0.3542379574150225,30,0.6180113004179467,0.8957001768399974,0.02688254819184609,-0.09504313192891645,30,0.8913947942836608,0.13119664017197225,,
A1,HLgap,0,molecule,xy,0.1,bytype_shuffled,3,bytype_shuffled,eig,0,"[0.000,3.142]",none,1,1,Z,1,ridge,1,adam,adjoint,100,45,11,103,25,516,174,0.8963595425288456,0.00786763107279298,0.6008040546124304,0.8692054155970634,0.24078018755438108,30,0.7126812007653941,0.370107869594339,0.4806824296798395,9.418012678220638,3.5148018119337405,0.07588987667168562,0.4979285172765603,0.8592474883097929,0.0,244.33,xy_shuffled_r3,0.8830869702671443,0.5923536223339348,24,0,1.0,1,0.8963595425288456,0.00786763107279298,30,0.6008040546124304,0.8692054155970634,0.24078018755438108,0.0692659952185587,30,0.86683566611655,0.2689795340649231,,
A1,HLgap,0,,,,,,,,,,,,,,,,,,,,45,,516,,516,174,0.742720141454697,0.3152456982376054,0.5231527030822921,0.7559290608483965,0.13170901836935991,30,,,,,,,,,,,krr_res,,,,,,,,,,,,,,,,,,
A1,HLgap,0,,,,,,,,,,,,,,,,,,,,45,,0,,516,174,0.9089923293237102,-0.02218184355248254,0.6154822286567412,0.9088353069925644,nan,30,,,,,,,,,,,composition,,,,,,,,,,,,,,,,,,
A1,HLgap,0,,,,,,,,,,,,,,,,,,,,45,,101,,516,174,0.42160351162419535,0.7730501229695177,0.33753452812812257,0.44055264667057537,0.5509102914795515,30,0.6136700510978699,0.18028590083122253,,,,,,,,,C3_eigfeat,,,,,,,,,,,,,,,,,25,eig
A1,HLgap,0,,,,,,,,,,,,,,,,,,,,45,,103,,516,174,0.37423251249596384,0.811892934731068,0.3070869955832578,0.39640779309450547,0.6130777928342762,30,0.59849613904953,0.1326916664838791,,,,,,,,,C3_msgpass,,,,,,,,,,,,,,,,,11,atom
A1,HLgap,0,molecule,zz,0.1,bytype,3,bytype,eig,0,"[0.000,3.142]",none,1,1,Z,1,ridge,1,adam,adjoint,100,46,11,103,25,503,187,0.4653989514074138,0.7217364527841098,0.37438925972415804,0.4625829556217169,0.5043875714928346,26,0.7182014046820954,0.20938909665736885,0.7084535127718766,10.976385200626199,3.74860106134603,0.08738192391973279,0.20064876201807466,1.0774952149836365,0.0,234.23,zz_bytype_r3,0.45621497941477496,0.3632109775375665,24,0,1.0,1,0.4653989514074138,0.7217364527841098,26,0.37438925972415804,0.4625829556217169,0.5043875714928346,0.7317629101050664,26,0.456615188209649,0.509234673708358,,
A1,HLgap,0,molecule,xy,0.1,bytype,3,bytype,eig,0,"[0.000,3.142]",none,1,1,Z,1,ridge,1,adam,adjoint,100,46,11,103,25,503,187,0.4706798104542832,0.7001008273201275,0.41234468837953586,0.4606799941856407,0.4666946601157128,26,0.7306193424319819,0.21699033075125104,0.7030049464212589,10.174646956099338,3.474795361252374,0.010637971290169197,0.4586100917542308,1.1350060744233896,0.0,231.98,xy_bytype_r3,0.4444861828325861,0.393657481075505,24,0,1.0,1,0.4706798104542832,0.7001008273201275,26,0.41234468837953586,0.4606799941856407,0.4666946601157128,0.7298934453358832,26,0.432206033322032,0.47407952671110554,,
A1,HLgap,0,molecule,none,0.0,fixed,3,fixed,eig,0,"[0.000,3.142]",none,1,1,Z,1,ridge,1,adam,adjoint,100,46,11,78,25,503,187,0.795378513212264,0.19588563562605643,0.5968436422024004,0.7570440808080404,-0.2871183397499187,26,0.7489109977884607,0.6685623936157904,0.10728725363887069,2.179994944121781,0.8978087611336095,0.00382108541258843,0.0,0.0,0.0,180.72,none_r3,0.8014951322864163,0.5972633688169539,24,0,1.0,1,0.795378513212264,0.19588563562605643,26,0.5968436422024004,0.7570440808080404,-0.2871183397499187,0.1896913907662019,26,0.7622403040483965,-0.23245560482402583,,
A1,HLgap,0,molecule,xy,0.1,bytype_shuffled,3,bytype_shuffled,eig,0,"[0.000,3.142]",none,1,1,Z,1,ridge,1,adam,adjoint,100,46,11,103,25,503,187,0.6645477660099692,0.38888365911122,0.5151064566605793,0.622677140106172,0.3520413309886994,26,0.7306193424319819,0.433215700960352,0.40705689570395837,8.958510835197657,3.0594665375797865,0.3851205315798205,0.827863880252312,1.0798001023846624,0.0,236.71,xy_shuffled_r3,0.6625667772921267,0.5092207131474706,24,0,1.0,1,0.6645477660099692,0.38888365911122,26,0.5151064566605793,0.622677140106172,0.3520413309886994,0.39140206529399757,26,0.618691368787247,0.3410312397154503,,
A1,HLgap,0,,,,,,,,,,,,,,,,,,,,46,,503,,503,187,0.6618885079702785,0.3394039687888919,0.5550038107557932,0.6202968519894039,0.23374237847922058,26,,,,,,,,,,,krr_res,,,,,,,,,,,,,,,,,,
A1,HLgap,0,,,,,,,,,,,,,,,,,,,,46,,0,,503,187,0.9248087447082213,-0.0022554433111499073,0.563718157228057,0.8820608258378724,nan,26,,,,,,,,,,,composition,,,,,,,,,,,,,,,,,,
A1,HLgap,0,,,,,,,,,,,,,,,,,,,,46,,101,,503,187,0.45388200845600474,0.7453418480455145,0.39044065666659744,0.459873286769204,0.47932953985585564,26,0.6415132880210876,0.21977928280830383,,,,,,,,,C3_eigfeat,,,,,,,,,,,,,,,,,25,eig
A1,HLgap,0,,,,,,,,,,,,,,,,,,,,46,,103,,503,187,0.4013505669382202,0.8142815647068321,0.32776403788328085,0.39852039294199765,0.6975171361890966,26,0.6530132293701172,0.1512199342250824,,,,,,,,,C3_msgpass,,,,,,,,,,,,,,,,,11,atom
A1,HLgap,0,molecule,zz,0.1,bytype,3,bytype,eig,0,"[0.000,3.142]",none,1,1,Z,1,ridge,1,adam,adjoint,100,47,11,103,25,505,185,0.4951424581937497,0.5948320589126294,0.40243408714689044,0.4775006655328851,0.4287396731357748,26,0.7147705282803393,0.18563887128722953,0.7402818611815786,9.645714634491355,3.325766103633319,0.009329572241916263,0.16993324632263612,1.0171380550159939,0.0,233.02,zz_bytype_r3,0.47918094733048394,0.3867077072857137,24,0,1.0,1,0.4951424581937497,0.5948320589126294,26,0.40243408714689044,0.4775006655328851,0.4287396731357748,0.617676553448949,26,0.4615624413375351,0.48111688172600114,,
A1,HLgap,0,molecule,xy,0.1,bytype,3,bytype,eig,0,"[0.000,3.142]",none,1,1,Z,1,ridge,1,adam,adjoint,100,47,11,103,25,505,185,0.5751118552277156,0.43917349292384733,0.48339284194123244,0.5638050622783682,0.4167081439270788,26,0.7810502742899664,0.19669607268752845,0.7481646455263844,10.405442699692736,3.5877143306926937,0.020749405209340627,0.049558180663411784,1.0973247542182765,0.0,230.67,xy_bytype_r3,0.5758323929241769,0.4856207405421224,24,0,1.0,1,0.5751118552277156,0.43917349292384733,26,0.48339284194123244,0.5638050622783682,0.4167081439270788,0.45490731523174543,26,0.564832534598523,0.41744157339353993,,
A1,HLgap,0,molecule,none,0.0,fixed,3,fixed,eig,0,"[0.000,3.142]",none,1,1,Z,1,ridge,1,adam,adjoint,100,47,11,78,25,505,185,0.7199604248637117,0.2553344097245983,0.5573749605041466,0.7539565469646611,0.14638021219991287,26,0.7850709127929391,0.7173209807527581,0.08629785021477403,2.700916040479576,1.1252417044199763,0.0019605607366747846,0.0,0.0,0.0,179.32,none_r3,0.7384338540212052,0.5689057115793714,24,0,1.0,1,0.7199604248637117,0.2553344097245983,26,0.5573749605041466,0.7539565469646611,0.14638021219991287,0.21373050927453674,26,0.7528722844865777,0.13977322712094728,,
A1,HLgap,0,molecule,xy,0.1,bytype_shuffled,3,bytype_shuffled,eig,0,"[0.000,3.142]",none,1,1,Z,1,ridge,1,adam,adjoint,100,47,11,103,25,505,185,0.7623090100330765,-0.26061877445640724,0.6624589091764679,0.7786769290968302,0.26547276253158614,26,0.7810502742899664,0.4457114547338161,0.4293434502164391,7.738649246787237,2.668225043776623,0.014214236386048143,0.38914586622623726,0.7133886365144183,0.0,237.24,xy_shuffled_r3,0.7294708555094838,0.6157552352040374,24,0,1.0,1,0.7623090100330765,-0.26061877445640724,26,0.6624589091764679,0.7786769290968302,0.26547276253158614,0.1668454929103036,26,0.740056830683716,0.22285359958523904,,
A1,HLgap,0,,,,,,,,,,,,,,,,,,,,47,,505,,505,185,0.63104831587947,0.29034763807050423,0.4982624852529996,0.5886869370170653,0.44385520501079156,26,,,,,,,,,,,krr_res,,,,,,,,,,,,,,,,,,
A1,HLgap,0,,,,,,,,,,,,,,,,,,,,47,,0,,505,185,0.8569270211185438,-0.02158343541856178,0.558837174752279,0.8263576472383083,nan,26,,,,,,,,,,,composition,,,,,,,,,,,,,,,,,,
A1,HLgap,0,,,,,,,,,,,,,,,,,,,,47,,101,,505,185,0.4450600353053652,0.709261692435897,0.3645228408411253,0.43383299991522273,0.6024704672285599,26,0.6444834470748901,0.17499205470085144,,,,,,,,,C3_eigfeat,,,,,,,,,,,,,,,,,25,eig
A1,HLgap,0,,,,,,,,,,,,,,,,,,,,47,,103,,505,185,0.44153998932233246,0.7059312116354113,0.3569526795153823,0.42844316471298843,0.6231889612401355,26,0.6788509488105774,0.11983228474855423,,,,,,,,,C3_msgpass,,,,,,,,,,,,,,,,,11,atom
A1,HLgap,0,molecule,zz,0.1,bytype,3,bytype,eig,0,"[0.000,3.142]",none,1,1,Z,1,ridge,1,adam,adjoint,100,48,11,103,25,528,162,0.4378746071376223,0.714494340195805,0.36096759063246586,0.4344108444210274,0.5334406588720078,27,0.7131445733984656,0.20149927977483784,0.7174496065859408,9.029661872881736,3.175293342466524,0.08456906130753693,0.2716411742803726,1.012567971149259,0.0,246.09,zz_bytype_r3,0.4474394003464754,0.3640541250181145,24,0,1.0,1,0.4378746071376223,0.714494340195805,27,0.36096759063246586,0.4344108444210274,0.5334406588720078,0.7098613723241272,27,0.4383330489703133,0.5155359162286666,,
A1,HLgap,0,molecule,xy,0.1,bytype,3,bytype,eig,0,"[0.000,3.142]",none,1,1,Z,1,ridge,1,adam,adjoint,100,48,11,103,25,528,162,0.5082281976850256,0.640278628767059,0.43152725889187654,0.5017605022210158,0.4054946075349422,27,0.7798418768224666,0.2342187115638677,0.6996587147663677,9.047207219892893,3.181463188507283,0.013543286812437555,0.03039022538282301,0.9734856423237924,0.0,244.71,xy_bytype_r3,0.5051023932693434,0.4184145598542211,24,0,1.0,1,0.5082281976850256,0.640278628767059,27,0.43152725889187654,0.5017605022210158,0.4054946075349422,0.6567778595506829,27,0.4940877876871112,0.3975709242153117,,
A1,HLgap,0,molecule,none,0.0,fixed,3,fixed,eig,0,"[0.000,3.142]",none,1,1,Z,1,ridge,1,adam,adjoint,100,48,11,78,25,528,162,0.7122780850357946,0.30898809004289907,0.5406517968115513,0.7021897382025926,0.07294507630010845,27,0.7817380932213833,0.7050122095400374,0.09814781235128787,1.6998324606547341,0.7252695068977928,0.0015362467941500144,0.0,0.0,0.0,188.75,none_r3,0.7120309489144446,0.5425299144971629,24,0,1.0,1,0.7122780850357946,0.30898809004289907,27,0.5406517968115513,0.7021897382025926,0.07294507630010845,0.31058588827154376,27,0.7097530977500957,-0.02817163897185177,,
A1,HLgap,0,molecule,xy,0.1,bytype_shuffled,3,bytype_shuffled,eig,0,"[0.000,3.142]",none,1,1,Z,1,ridge,1,adam,adjoint,100,48,11,103,25,528,162,0.6581131301532072,0.38166948542361046,0.46711675218565174,0.6221869885210868,0.4310531745180872,27,0.7798418768224666,0.4825997188318731,0.38115695864106774,8.049728291471736,2.8306983154417167,0.0552319748406971,0.3937026554131602,0.7775641478166683,0.0,250.31,xy_shuffled_r3,0.6485023189962071,0.4652855640276864,24,0,1.0,1,0.6581131301532072,0.38166948542361046,27,0.46711675218565174,0.6221869885210868,0.4310531745180872,0.43566408933938594,27,0.6176828594562803,0.4017564145966719,,
A1,HLgap,0,,,,,,,,,,,,,,,,,,,,48,,528,,528,162,0.5673226096330792,0.5054666791538616,0.4414663076161254,0.5313513654487708,0.33469274904618523,27,,,,,,,,,,,krr_res,,,,,,,,,,,,,,,,,,
A1,HLgap,0,,,,,,,,,,,,,,,,,,,,48,,0,,528,162,0.8492150030864198,-0.0005944123256405032,0.5321825104228244,0.7841788024475524,nan,27,,,,,,,,,,,composition,,,,,,,,,,,,,,,,,,
A1,HLgap,0,,,,,,,,,,,,,,,,,,,,48,,101,,528,162,0.45365897116147347,0.7335424168143847,0.3522706683902032,0.4455815844128246,0.5560832937918588,27,0.6424621343612671,0.16798314452171326,,,,,,,,,C3_eigfeat,,,,,,,,,,,,,,,,,25,eig
A1,HLgap,0,,,,,,,,,,,,,,,,,,,,48,,103,,528,162,0.39078687266757717,0.7929808391973129,0.3095060987600638,0.38184154688521443,0.5710464297738765,27,0.68180251121521,0.1256648302078247,,,,,,,,,C3_msgpass,,,,,,,,,,,,,,,,,11,atom
A1,HLgap,0,molecule,zz,0.1,bytype,3,bytype,eig,0,"[0.000,3.142]",none,1,1,Z,1,ridge,1,adam,adjoint,100,49,11,103,25,527,163,0.5894827650009816,0.5880796053886665,0.38364243640210555,0.5677033322799212,0.5315717944725571,28,0.7021480962357161,0.2086429222716179,0.702850547640629,9.32680560343038,3.282690988804657,0.013555992571851583,0.13352690149142357,1.080053391550325,0.0,246.02,zz_bytype_r3,0.5793121362668223,0.3783998700823771,24,0,1.0,1,0.5894827650009816,0.5880796053886665,28,0.38364243640210555,0.5677033322799212,0.5315717944725571,0.6062780676090247,28,0.5579830220089453,0.5431851803940236,,
A1,HLgap,0,molecule,xy,0.1,bytype,3,bytype,eig,0,"[0.000,3.142]",none,1,1,Z,1,ridge,1,adam,adjoint,100,49,11,103,25,527,163,0.48323147892141366,0.7386772440172741,0.35047889795821474,0.47685320976068746,0.40670178772958915,28,0.7586851657514025,0.1887417510948303,0.7512251990482768,10.131712119190635,3.565988344669405,0.01632631438538676,0.03236841459375875,0.8878091603979126,0.0,244.84,xy_bytype_r3,0.475351485321694,0.345389713206861,24,0,1.0,1,0.48323147892141366,0.7386772440172741,28,0.35047889795821474,0.47685320976068746,0.40670178772958915,0.7423132060413082,28,0.4718312648845656,0.41884356094518793,,
A1,HLgap,0,molecule,none,0.0,fixed,3,fixed,eig,0,"[0.000,3.142]",none,1,1,Z,1,ridge,1,adam,adjoint,100,49,11,78,25,527,163,0.7797758360905088,0.262313673928268,0.4666778710626314,0.7773189459341697,0.038823566567868076,28,0.7630777945080949,0.6884034511659649,0.09785941076986458,3.108815299791582,1.327868445832646,0.002369595311147506,0.0,0.0,0.0,189.11,none_r3,0.7870944272526865,0.4584078930399993,24,0,1.0,1,0.7797758360905088,0.262313673928268,28,0.4666778710626314,0.7773189459341697,0.038823566567868076,0.25286379911564605,28,0.783303009931879,0.07098905208905831,,
A1,HLgap,0,molecule,xy,0.1,bytype_shuffled,3,bytype_shuffled,eig,0,"[0.000,3.142]",none,1,1,Z,1,ridge,1,adam,adjoint,100,49,11,103,25,527,163,0.844622617237473,0.1348289246183093,0.5197156693548194,0.8083698123426143,0.13952676104690567,28,0.7586851657514025,0.36509218899984913,0.5187830137178687,11.795839724291222,4.15169977961939,0.13979733974086644,0.620254356283174,1.6256165581965494,0.0,247.98,xy_shuffled_r3,0.824675388470343,0.5023504979408651,24,0,1.0,1,0.844622617237473,0.1348289246183093,28,0.5197156693548194,0.8083698123426143,0.13952676104690567,0.17340183048531077,28,0.7912176916563226,0.17115206394093507,,
A1,HLgap,0,,,,,,,,,,,,,,,,,,,,49,,527,,527,163,0.7001387937039033,0.41153637571191803,0.49695946595497426,0.6656694835858714,0.18823442593104112,28,,,,,,,,,,,krr_res,,,,,,,,,,,,,,,,,,
A1,HLgap,0,,,,,,,,,,,,,,,,,,,,49,,0,,527,163,0.9602475620307095,-0.0004436576820716631,0.4571471235425713,0.9304283109789486,nan,28,,,,,,,,,,,composition,,,,,,,,,,,,,,,,,,
A1,HLgap,0,,,,,,,,,,,,,,,,,,,,49,,101,,527,163,0.4724186657437289,0.7563063015439273,0.356074771913228,0.4623073036319814,0.444244597943665,28,0.6722002029418945,0.17792972922325134,,,,,,,,,C3_eigfeat,,,,,,,,,,,,,,,,,25,eig
A1,HLgap,0,,,,,,,,,,,,,,,,,,,,49,,103,,527,163,0.41294877959655824,0.8169969609851736,0.3012784341473264,0.4116324472786593,0.5054667927761859,28,0.681496262550354,0.14392529428005219,,,,,,,,,C3_msgpass,,,,,,,,,,,,,,,,,11,atom
A1,HLgap,0,molecule,zz,0.1,bytype,3,bytype,eig,0,"[0.000,3.142]",none,1,1,Z,1,ridge,1,adam,adjoint,100,50,11,103,25,519,171,0.4560931363451647,0.6164184480896691,0.3675188774673031,0.4296686161040516,0.45907772199789015,26,0.6766883199671663,0.19928072575406067,0.705505888200154,7.907387423581607,2.5903054950014512,0.01601334066474181,0.09512617122139914,0.6998484784372416,0.0,244.18,zz_bytype_r3,0.4490099542108749,0.36315252515034857,24,0,1.0,1,0.4560931363451647,0.6164184480896691,26,0.3675188774673031,0.4296686161040516,0.45907772199789015,0.6242369940268888,26,0.4247251355401077,0.4497744552366401,,
A1,HLgap,0,molecule,xy,0.1,bytype,3,bytype,eig,0,"[0.000,3.142]",none,1,1,Z,1,ridge,1,adam,adjoint,100,50,11,103,25,519,171,0.6397357888799516,0.17858833774519922,0.4486969381990749,0.5867059492338249,0.45569636945687364,26,0.7130081608092667,0.280818909340229,0.6061490950938084,7.6694848981960595,2.5123732797487697,0.19208599292371437,0.3194313525639338,0.4204968538609939,0.0,242.42,xy_bytype_r3,0.6011797208829618,0.44317585003343885,24,0,1.0,1,0.6397357888799516,0.17858833774519922,26,0.4486969381990749,0.5867059492338249,0.45569636945687364,0.4267479471226071,26,0.5683165112515739,0.5203449561642839,,
A1,HLgap,0,molecule,none,0.0,fixed,3,fixed,eig,0,"[0.000,3.142]",none,1,1,Z,1,ridge,1,adam,adjoint,100,50,11,78,25,519,171,0.7905857553040926,-0.3217376104071408,0.5182147023757424,0.7292155707399274,0.11174697151587908,26,0.7406176773177656,0.6837933872323332,0.07672553846031371,2.771152861301242,1.0855834427782487,0.020565322963103337,0.0,0.0,0.0,186.96,none_r3,0.7459944541273725,0.5437151789968682,24,0,1.0,1,0.7905857553040926,-0.3217376104071408,26,0.5182147023757424,0.7292155707399274,0.11174697151587908,0.08527934499064627,26,0.744079275075626,0.145703281312525,,
A1,HLgap,0,molecule,xy,0.1,bytype_shuffled,3,bytype_shuffled,eig,0,"[0.000,3.142]",none,1,1,Z,1,ridge,1,adam,adjoint,100,50,11,103,25,519,171,0.6032943097827339,0.45320283237758996,0.4604797055563586,0.6010390476748911,0.5260099494343192,26,0.7130081608092667,0.4292927352971628,0.3979132934328352,10.346749194210352,3.3893927105731008,0.04678191353269561,0.6488380958629404,1.05043103551582,0.0,246.13,xy_shuffled_r3,0.5574462807399743,0.4426542713587746,24,0,1.0,1,0.6032943097827339,0.45320283237758996,26,0.4604797055563586,0.6010390476748911,0.5260099494343192,0.5298342676430472,26,0.5435901183021934,0.588959220051657,,
A1,HLgap,0,,,,,,,,,,,,,,,,,,,,50,,519,,519,171,0.5964565778973979,0.453721174930536,0.4405748336251763,0.583376845521052,0.3481556258867183,26,,,,,,,,,,,krr_res,,,,,,,,,,,,,,,,,,
A1,HLgap,0,,,,,,,,,,,,,,,,,,,,50,,0,,519,171,0.8497713050062538,-0.009532241284407661,0.5167834466187533,0.8421072750919602,nan,26,,,,,,,,,,,composition,,,,,,,,,,,,,,,,,,
A1,HLgap,0,,,,,,,,,,,,,,,,,,,,50,,101,,519,171,0.4372204823789593,0.7206661272115915,0.36008457239033986,0.42481377402935555,0.6363886463676379,26,0.6519900560379028,0.1827084869146347,,,,,,,,,C3_eigfeat,,,,,,,,,,,,,,,,,25,eig
A1,HLgap,0,,,,,,,,,,,,,,,,,,,,50,,103,,519,171,0.3820545458849598,0.7549384260983277,0.30542114079040816,0.3789209974201469,0.682136855652061,26,0.6674109697341919,0.1362607777118683,,,,,,,,,C3_msgpass,,,,,,,,,,,,,,,,,11,atom
A1,HLgap,0,molecule,zz,0.1,bytype,3,bytype,eig,0,"[0.000,3.142]",none,1,1,Z,1,ridge,1,adam,adjoint,100,51,11,102,24,514,176,0.4616888850039622,0.6920571588221968,0.3671250959376143,0.44982958695521474,0.5687635192911087,20,0.6997035022840558,0.21826440732418367,0.6880615766368199,7.066139865589131,2.338240629466984,0.03158620014859958,0.3121809589827145,0.4791577454991069,0.0,239.69,zz_bytype_r3,0.43557952879672474,0.3578594681335048,23,0,1.0,1,0.4616888850039622,0.6920571588221968,20,0.3671250959376143,0.44982958695521474,0.5687635192911087,0.7176066002687067,20,0.42221463201665727,0.5675466054595654,,
A1,HLgap,0,molecule,xy,0.1,bytype,3,bytype,eig,0,"[0.000,3.142]",none,1,1,Z,1,ridge,1,adam,adjoint,100,51,11,102,24,514,176,0.4787671472102372,0.6424274176838116,0.4069592934859433,0.46378298665672135,0.45981135565383324,20,0.7652235785241707,0.20327086483936224,0.734364085812155,9.695485540067203,3.208311559553975,0.009848584576000794,0.27604539047058413,0.6892354855458689,0.0,236.34,xy_bytype_r3,0.46319825918784036,0.3850840030789237,23,0,1.0,1,0.4787671472102372,0.6424274176838116,20,0.4069592934859433,0.46378298665672135,0.45981135565383324,0.6638678551753089,20,0.4469511212691921,0.46488081181422874,,
A1,HLgap,0,molecule,none,0.0,fixed,3,fixed,eig,0,"[0.000,3.142]",none,1,1,Z,1,ridge,1,adam,adjoint,100,51,11,78,24,514,176,0.7459851735215534,0.22389864822530525,0.5507882891323987,0.761591294625808,0.04251153654198685,20,0.7677943677870903,0.6792843253674048,0.11527831686859859,2.942109313646095,1.161928247947437,0.003024110586796715,0.0,0.0,0.0,182.66,none_r3,0.7492785703645246,0.5521247116701082,23,0,1.0,1,0.7459851735215534,0.22389864822530525,20,0.5507882891323987,0.761591294625808,0.04251153654198685,0.21670895306284155,20,0.7621345160989004,0.03080802034244838,,
A1,HLgap,0,molecule,xy,0.1,bytype_shuffled,3,bytype_shuffled,eig,0,"[0.000,3.142]",none,1,1,Z,1,ridge,1,adam,adjoint,100,51,11,102,24,514,176,0.7523634927208444,0.00032995303611260685,0.5492873871134141,0.686175254458164,0.3696941348502073,20,0.7652235785241707,0.4475815022806614,0.4150970842483993,10.45476146492362,3.4595618673947715,0.33931037296662986,0.48441753160129836,0.9542295919241305,0.0,239.9,xy_shuffled_r3,0.7097248345543931,0.5469096456048638,23,0,1.0,1,0.7523634927208444,0.00032995303611260685,20,0.5492873871134141,0.686175254458164,0.3696941348502073,0.17443976460705723,20,0.6744099271480949,0.3836595020389158,,
A1,HLgap,0,,,,,,,,,,,,,,,,,,,,51,,514,,514,176,0.5949107021594583,0.4553577171068025,0.5352273960465176,0.6009150236489307,0.287625735525665,20,,,,,,,,,,,krr_res,,,,,,,,,,,,,,,,,,
A1,HLgap,0,,,,,,,,,,,,,,,,,,,,51,,0,,514,176,0.8548417257914752,-0.01220471087424757,0.5321209720325337,0.847908394417839,nan,20,,,,,,,,,,,composition,,,,,,,,,,,,,,,,,,
A1,HLgap,0,,,,,,,,,,,,,,,,,,,,51,,100,,514,176,0.4060835894121272,0.7594272710117046,0.3142613249285874,0.4145449393627706,0.6042676174215932,20,0.6511724591255188,0.17833401262760162,,,,,,,,,C3_eigfeat,,,,,,,,,,,,,,,,,25,eig
A1,HLgap,0,,,,,,,,,,,,,,,,,,,,51,,102,,514,176,0.3688483633058128,0.8179653987262634,0.33829515018827655,0.372765794827106,0.635720233307671,20,0.6809892058372498,0.12989108264446259,,,,,,,,,C3_msgpass,,,,,,,,,,,,,,,,,11,atom
A1,HLgap,0,molecule,zz,0.1,bytype,3,bytype,eig,0,"[0.000,3.142]",none,1,1,Z,1,ridge,1,adam,adjoint,100,52,11,103,25,526,164,0.5661624917273393,0.4739979031565179,0.46340939787021995,0.5170492947516349,0.48109130515514315,23,0.6938169254690777,0.18301000640788814,0.7362272384978815,8.18242730942792,2.891443361829238,0.09988756392597048,0.34191785237678524,0.8079228237534487,0.0,247.12,zz_bytype_r3,0.5556613320444391,0.45565031124278893,24,0,1.0,1,0.5661624917273393,0.4739979031565179,23,0.46340939787021995,0.5170492947516349,0.48109130515514315,0.4976011670092476,23,0.5089089661499382,0.5046000580856662,,
A1,HLgap,0,molecule,xy,0.1,bytype,3,bytype,eig,0,"[0.000,3.142]",none,1,1,Z,1,ridge,1,adam,adjoint,100,52,11,103,25,526,164,0.5022102015069061,0.6359745053702648,0.42062225983959245,0.4847192959205127,0.5841310508991113,23,0.7728037664432619,0.202812529998747,0.7375627050419699,9.953095217784908,3.5171483972682664,0.012826819272882298,0.321222259975448,1.32805854536354,0.0,247.42,xy_bytype_r3,0.4957728684750262,0.4121271849859811,24,0,1.0,1,0.5022102015069061,0.6359745053702648,23,0.42062225983959245,0.4847192959205127,0.5841310508991113,0.6461550655104489,23,0.4769078152138041,0.611580112902168,,
A1,HLgap,0,molecule,none,0.0,fixed,3,fixed,eig,0,"[0.000,3.142]",none,1,1,Z,1,ridge,1,adam,adjoint,100,52,11,78,25,526,164,0.771308429911088,0.15076769893113262,0.6227820897769687,0.756981278943783,-0.007825007959670519,23,0.7790514527250446,0.6642521581247232,0.14735778259415977,3.499286226209294,1.501919259628723,0.004306736408802885,0.0,0.0,0.0,189.74,none_r3,0.7761938769412927,0.6242806644261153,24,0,1.0,1,0.771308429911088,0.15076769893113262,23,0.6227820897769687,0.756981278943783,-0.007825007959670519,0.1496865439209003,23,0.7644994722255529,0.0703735730241589,,
A1,HLgap,0,molecule,xy,0.1,bytype_shuffled,3,bytype_shuffled,eig,0,"[0.000,3.142]",none,1,1,Z,1,ridge,1,adam,adjoint,100,52,11,103,25,526,164,0.7591945734862251,0.12235972963248354,0.5929506989228805,0.7164789321526962,0.31731368422821626,23,0.7728037664432619,0.399670830475887,0.4828301208787778,13.590664408222825,4.80256467915414,0.01478296346988279,1.0035624747867486,1.9538107250741275,0.0,248.9,xy_shuffled_r3,0.7471455981630548,0.584496596657349,24,0,1.0,1,0.7591945734862251,0.12235972963248354,23,0.5929506989228805,0.7164789321526962,0.31731368422821626,0.17300045054215918,23,0.7147619714435174,0.33607156141231287,,
A1,HLgap,0,,,,,,,,,,,,,,,,,,,,52,,526,,526,164,0.6874568108893995,0.2500251211502801,0.5233758365806225,0.6287343106564885,0.39375420807624784,23,,,,,,,,,,,krr_res,,,,,,,,,,,,,,,,,,
A1,HLgap,0,,,,,,,,,,,,,,,,,,,,52,,0,,526,164,0.8920201232959288,-0.04628652504073272,0.6051421546858013,0.8856767618720168,nan,23,,,,,,,,,,,composition,,,,,,,,,,,,,,,,,,
A1,HLgap,0,,,,,,,,,,,,,,,,,,,,52,,101,,526,164,0.45672545399561393,0.7196349390905572,0.38578127819274216,0.46356715195247994,0.5632687369543008,23,0.6319022178649902,0.1739470511674881,,,,,,,,,C3_eigfeat,,,,,,,,,,,,,,,,,25,eig
A1,HLgap,0,,,,,,,,,,,,,,,,,,,,52,,103,,526,164,0.3745290096201949,0.7993785302431833,0.2979053156522029,0.36284785358330296,0.7423044355001751,23,0.7024527192115784,0.13733476400375366,,,,,,,,,C3_msgpass,,,,,,,,,,,,,,,,,11,atom
A1,HLgap,0,molecule,zz,0.1,bytype,3,bytype,eig,0,"[0.000,3.142]",none,1,1,Z,1,ridge,1,adam,adjoint,100,53,11,102,24,518,172,0.5202018278191483,0.5058103633867184,0.3552398622394676,0.5188934399897243,0.3462158368592192,32,0.7568446026841205,0.16870130169117756,0.7770991547103793,10.069819645624683,2.98046179373035,0.011185500265776029,-0.04955199938679734,0.5952367273969311,0.0,240.79,zz_bytype_r3,0.5193821352089243,0.356226990585719,23,0,1.0,1,0.5202018278191483,0.5058103633867184,32,0.3552398622394676,0.5188934399897243,0.3462158368592192,0.5125296471321825,32,0.5169260280307845,0.3723153500910854,,
A1,HLgap,0,molecule,xy,0.1,bytype,3,bytype,eig,0,"[0.000,3.142]",none,1,1,Z,1,ridge,1,adam,adjoint,100,53,11,102,24,518,172,0.5655557116997347,0.41570692123872977,0.3898977599585719,0.5514578937018245,0.3573586034063975,32,0.7377637118286162,0.1991528815044984,0.7300587189211578,8.003002843252387,2.3687260595370274,0.0093888751230828,0.24256217958044266,0.4505816723884443,0.0,239.19,xy_bytype_r3,0.5655326909819312,0.38894951021966284,23,0,1.0,1,0.5655557116997347,0.41570692123872977,32,0.3898977599585719,0.5514578937018245,0.3573586034063975,0.41365534372244783,32,0.5492245901857978,0.36330387137372433,,
A1,HLgap,0,molecule,none,0.0,fixed,3,fixed,eig,0,"[0.000,3.142]",none,1,1,Z,1,ridge,1,adam,adjoint,100,53,11,78,24,518,172,0.7444686605604786,-0.044214370256455915,0.4423454681223413,0.7774523594675121,0.054862086442968805,32,0.7583705538699272,0.6644967417436316,0.12378356681606668,2.379952825290894,0.8238801008180098,0.00195925550868814,0.0,0.0,0.0,185.09,none_r3,0.6888020157695843,0.44405083884295243,23,0,1.0,1,0.7444686605604786,-0.044214370256455915,32,0.4423454681223413,0.7774523594675121,0.054862086442968805,0.13702272853480824,32,0.6858401985062349,0.22262772154316277,,
A1,HLgap,0,molecule,xy,0.1,bytype_shuffled,3,bytype_shuffled,eig,0,"[0.000,3.142]",none,1,1,Z,1,ridge,1,adam,adjoint,100,53,11,102,24,518,172,0.7695835211643034,-0.12591576933026727,0.5164400473438354,0.7414467944292015,0.16552968477600832,32,0.7377637118286162,0.46480776552882075,0.3699774628698512,8.45054289642118,2.5011888122550663,0.008448215811795268,0.26180897659989266,1.1701984873110982,0.0,244.75,xy_shuffled_r3,0.747272086430046,0.501546381664717,23,0,1.0,1,0.7695835211643034,-0.12591576933026727,32,0.5164400473438354,0.7414467944292015,0.16552968477600832,-0.052974393737101,32,0.7288461337471304,0.12695813377798673,,
A1,HLgap,0,,,,,,,,,,,,,,,,,,,,53,,518,,518,172,0.6003790028562902,0.21510591872330875,0.37113494320733154,0.5865274001762113,0.36715321443262616,32,,,,,,,,,,,krr_res,,,,,,,,,,,,,,,,,,
A1,HLgap,0,,,,,,,,,,,,,,,,,,,,53,,0,,518,172,0.7614141697045883,-0.021732303280034726,0.4266219136007397,0.7752153066528067,nan,32,,,,,,,,,,,composition,,,,,,,,,,,,,,,,,,
A1,HLgap,0,,,,,,,,,,,,,,,,,,,,53,,100,,518,172,0.43868527050495026,0.603945822265012,0.3388818580283891,0.44133842936202633,0.43687575904487674,32,0.6166040301322937,0.16327905654907227,,,,,,,,,C3_eigfeat,,,,,,,,,,,,,,,,,25,eig
A1,HLgap,0,,,,,,,,,,,,,,,,,,,,53,,102,,518,172,0.31796578386838154,0.801488762923837,0.23737689871874404,0.318288498694618,0.5140280666265515,32,0.6581592559814453,0.13598941266536713,,,,,,,,,C3_msgpass,,,,,,,,,,,,,,,,,11,atom
A1,HLgap,0,molecule,zz,0.1,bytype,3,bytype,eig,0,"[0.000,3.142]",none,1,1,Z,1,ridge,1,adam,adjoint,100,54,11,103,25,526,164,0.46592327631939223,0.687436392926347,0.37646034059003175,0.4297275465936138,0.701579826069622,24,0.7238511397343331,0.19912300246031836,0.7249116682562659,9.036101134705376,3.1270823273159505,0.01735787299122823,0.14211790858714038,0.5688066796511028,0.0,243.93,zz_bytype_r3,0.4637279827014676,0.374932234263807,24,0,1.0,1,0.46592327631939223,0.687436392926347,24,0.37646034059003175,0.4297275465936138,0.701579826069622,0.6914798954309476,24,0.42735847550391176,0.7152513019859958,,
A1,HLgap,0,molecule,xy,0.1,bytype,3,bytype,eig,0,"[0.000,3.142]",none,1,1,Z,1,ridge,1,adam,adjoint,100,54,11,103,25,526,164,0.47379297209432764,0.6094626052201515,0.34136816774928985,0.42808932778071146,0.5739827066357678,24,0.7759290544636925,0.23939730390182276,0.6914701124740203,10.316646716434096,3.5702348992329056,0.05565716539169318,-0.3215171957155637,1.072837161515015,0.0,243.38,xy_bytype_r3,0.43372296847969716,0.32696246083535085,24,0,1.0,1,0.47379297209432764,0.6094626052201515,24,0.34136816774928985,0.42808932778071146,0.5739827066357678,0.7276960138046302,24,0.40509429503817806,0.5711407639979069,,
A1,HLgap,0,molecule,none,0.0,fixed,3,fixed,eig,0,"[0.000,3.142]",none,1,1,Z,1,ridge,1,adam,adjoint,100,54,11,78,25,526,164,0.8101474848846547,-0.8031109329429369,0.5342133753534589,0.7287016684352621,0.16791756995838625,24,0.7882805127155113,0.7312558735909559,0.07234054147566556,2.435087052397445,1.0190239645491415,0.003208419154223356,0.0,0.0,0.0,189.25,none_r3,0.7173033422665216,0.5428232069640301,24,0,1.0,1,0.8101474848846547,-0.8031109329429369,24,0.5342133753534589,0.7287016684352621,0.16791756995838625,0.3834537885144541,24,0.727663194920711,0.18195410032144724,,
A1,HLgap,0,molecule,xy,0.1,bytype_shuffled,3,bytype_shuffled,eig,0,"[0.000,3.142]",none,1,1,Z,1,ridge,1,adam,adjoint,100,54,11,103,25,526,164,0.9242519630976616,-4.091246436313982,0.818019391732568,0.9097730231760488,0.37730059056589665,24,0.7759290544636925,0.46776659763828465,0.39715287764086105,10.454372918211106,3.6178971780371016,0.016982224997080218,0.379631574720592,2.1973602174406,0.0,248.06,xy_shuffled_r3,0.7226827693006002,0.5160581592871221,24,0,1.0,1,0.9242519630976616,-4.091246436313982,24,0.818019391732568,0.9097730231760488,0.37730059056589665,0.2901432493222551,24,0.6894471108209453,0.41148737883431763,,
A1,HLgap,0,,,,,,,,,,,,,,,,,,,,54,,526,,526,164,0.6094199657285659,0.5000199803236307,0.5240203814315711,0.6022962578325397,0.2518539283845406,24,,,,,,,,,,,krr_res,,,,,,,,,,,,,,,,,,
A1,HLgap,0,,,,,,,,,,,,,,,,,,,,54,,0,,526,164,0.8593983302652324,-0.004594190410571297,0.5143392669688159,0.8456055608893114,nan,24,,,,,,,,,,,composition,,,,,,,,,,,,,,,,,,
A1,HLgap,0,,,,,,,,,,,,,,,,,,,,54,,101,,526,164,0.399512259096924,0.7871225026681606,0.3251988615056313,0.37096456244982673,0.5928434377413969,24,0.6142876148223877,0.1884075552225113,,,,,,,,,C3_eigfeat,,,,,,,,,,,,,,,,,25,eig
A1,HLgap,0,,,,,,,,,,,,,,,,,,,,54,,103,,526,164,0.34036595787633517,0.8263854188528859,0.29021017549590183,0.32572869679956185,0.6107080834694353,24,0.685452938079834,0.14560890197753906,,,,,,,,,C3_msgpass,,,,,,,,,,,,,,,,,11,atom
A1,HLgap,0,molecule,zz,0.1,bytype,3,bytype,eig,0,"[0.000,3.142]",none,1,1,Z,1,ridge,1,adam,adjoint,100,55,11,103,25,537,153,0.5327289938128448,0.6225449760924824,0.4240219765587659,0.5168101387890088,0.3292506021719555,31,0.7247138328154129,0.2024014495330246,0.7207153494687372,9.390262293875072,2.723090308282656,0.022403556827325977,0.21110452782675868,0.6752987040446304,0.0,254.18,zz_bytype_r3,0.5240938910106672,0.4123045134390218,24,0,1.0,1,0.5327289938128448,0.6225449760924824,31,0.4240219765587659,0.5168101387890088,0.3292506021719555,0.6415789620235659,31,0.5107353282614342,0.30923049265143393,,
A1,HLgap,0,molecule,xy,0.1,bytype,3,bytype,eig,0,"[0.000,3.142]",none,1,1,Z,1,ridge,1,adam,adjoint,100,55,11,103,25,537,153,0.4906953480855958,0.6652836299907637,0.3624920949885687,0.4543716461095734,0.31136872014993044,31,0.7151955640720022,0.19808891963504202,0.7230283161891934,11.143206853721368,3.231428221802685,0.015006437148727415,0.6458728365297685,0.868386180106869,0.0,251.98,xy_bytype_r3,0.4683273521785911,0.3549664606875837,24,0,1.0,1,0.4906953480855958,0.6652836299907637,31,0.3624920949885687,0.4543716461095734,0.31136872014993044,0.7052965853133188,31,0.44587483510849396,0.29460866512451245,,
A1,HLgap,0,molecule,none,0.0,fixed,3,fixed,eig,0,"[0.000,3.142]",none,1,1,Z,1,ridge,1,adam,adjoint,100,55,11,78,25,537,153,0.7754981112039858,0.09775802948667212,0.4513669103416161,0.7221303138806067,0.19485329913866342,31,0.7511967201606308,0.6820239670616093,0.09208340670634194,2.8519620954450424,0.9672965439598783,0.0017982413425686665,0.0,0.0,0.0,193.72,none_r3,0.7497760197109837,0.45503072563150093,24,0,1.0,1,0.7754981112039858,0.09775802948667212,31,0.4513669103416161,0.7221303138806067,0.19485329913866342,0.21206257604079337,31,0.7147003968284671,0.07750146631920468,,
A1,HLgap,0,molecule,xy,0.1,bytype_shuffled,3,bytype_shuffled,eig,0,"[0.000,3.142]",none,1,1,Z,1,ridge,1,adam,adjoint,100,55,11,103,25,537,153,0.7238244533836371,0.27249292066635267,0.46396827167351185,0.7025600153205265,0.3471119610282583,31,0.7151955640720022,0.4497001185492191,0.37122076654275,8.372276204718062,2.4278836392252714,0.013446550678255146,0.368872967782089,1.9723217959219095,0.0,255.57,xy_shuffled_r3,0.7200552074053885,0.45847515113204057,24,0,1.0,1,0.7238244533836371,0.27249292066635267,31,0.46396827167351185,0.7025600153205265,0.3471119610282583,0.2814451815252045,31,0.7043822267678281,0.35332241946380977,,
A1,HLgap,0,,,,,,,,,,,,,,,,,,,,55,,537,,537,153,0.638272315701956,0.3461827077153603,0.431223976300128,0.5971012680981844,0.27956412402143743,31,,,,,,,,,,,krr_res,,,,,,,,,,,,,,,,,,
A1,HLgap,0,,,,,,,,,,,,,,,,,,,,55,,0,,537,153,0.8786363739730527,-0.011646933478901111,0.45570886165836566,0.8230148236542374,nan,31,,,,,,,,,,,composition,,,,,,,,,,,,,,,,,,
A1,HLgap,0,,,,,,,,,,,,,,,,,,,,55,,101,,537,153,0.41325238111277857,0.7779410598481687,0.3245760196563495,0.40518381593003344,0.3998262159843112,31,0.6283925175666809,0.18674616515636444,,,,,,,,,C3_eigfeat,,,,,,,,,,,,,,,,,25,eig
A1,HLgap,0,,,,,,,,,,,,,,,,,,,,55,,103,,537,153,0.3578171766824768,0.8135325994682995,0.2825375888814142,0.35926469773370673,0.5687914646465878,31,0.6594774127006531,0.13246721029281616,,,,,,,,,C3_msgpass,,,,,,,,,,,,,,,,,11,atom
A1,HLgap,0,molecule,zz,0.1,bytype,3,bytype,eig,0,"[0.000,3.142]",none,1,1,Z,1,ridge,1,adam,adjoint,100,56,11,103,25,518,172,0.44865637356273996,0.6833254105797174,0.31245789489061837,0.450327635991927,0.5735651477732926,29,0.7164308203363903,0.18818005506601695,0.7373367396761915,9.436019306429063,3.1019672621415197,0.01942473293125666,0.1430827942908598,0.4918791156110671,0.0,240.36,zz_bytype_r3,0.4374703370235104,0.298969767063888,24,0,1.0,1,0.44865637356273996,0.6833254105797174,29,0.31245789489061837,0.450327635991927,0.5735651477732926,0.6983044164724812,29,0.4418569108426031,0.5891320846071978,,
A1,HLgap,0,molecule,xy,0.1,bytype,3,bytype,eig,0,"[0.000,3.142]",none,1,1,Z,1,ridge,1,adam,adjoint,100,56,11,103,25,518,172,0.5081845994266303,0.5404020470964017,0.3862217369263566,0.4943683685539249,0.40033467035729475,29,0.7566748979725906,0.23160263238140583,0.6939205555755131,9.103944596287754,2.9928020680069922,0.02695266437255344,0.2654719369157084,0.9656480457576734,0.0,239.36,xy_bytype_r3,0.5018144053621305,0.3721142575286996,24,0,1.0,1,0.5081845994266303,0.5404020470964017,29,0.3862217369263566,0.4943683685539249,0.40033467035729475,0.5664292973073299,29,0.48782796554514307,0.48388037302064446,,
A1,HLgap,0,molecule,none,0.0,fixed,3,fixed,eig,0,"[0.000,3.142]",none,1,1,Z,1,ridge,1,adam,adjoint,100,56,11,78,25,518,172,0.6898227295048817,0.23932992421862798,0.4648423825455866,0.6856742579443206,0.18054959118307531,29,0.7888279956618192,0.718653291560073,0.08896071702281597,2.3563673753823324,0.9269932004058038,0.001731555627727064,0.0,0.0,0.0,184.07,none_r3,0.714077020394821,0.4683736581710124,24,0,1.0,1,0.6898227295048817,0.23932992421862798,29,0.4648423825455866,0.6856742579443206,0.18054959118307531,0.17639073117310022,29,0.6985781127763261,-0.12228236820997002,,
A1,HLgap,0,molecule,xy,0.1,bytype_shuffled,3,bytype_shuffled,eig,0,"[0.000,3.142]",none,1,1,Z,1,ridge,1,adam,adjoint,100,56,11,103,25,518,172,0.6469641994766447,0.3011563269542876,0.4887305116632494,0.6389503246665712,0.19103210766106693,29,0.7566748979725906,0.4448650327957897,0.41207903950858393,11.368986522526738,3.737404815670321,0.03906046707627782,0.6282204099158831,2.0112945121643864,0.0,243.77,xy_shuffled_r3,0.6285607570805247,0.4765168335879694,24,0,1.0,1,0.6469641994766447,0.3011563269542876,29,0.4887305116632494,0.6389503246665712,0.19103210766106693,0.33372226777518,29,0.6197054857613168,0.19983193026179455,,
A1,HLgap,0,,,,,,,,,,,,,,,,,,,,56,,518,,518,172,0.5869892042136192,0.42551783097269524,0.4302573203536646,0.5628906576856567,0.38526174680020836,29,,,,,,,,,,,krr_res,,,,,,,,,,,,,,,,,,
A1,HLgap,0,,,,,,,,,,,,,,,,,,,,56,,0,,518,172,0.7876114992816737,-0.0006896878670776818,0.4586556176554805,0.7510250224138796,nan,29,,,,,,,,,,,composition,,,,,,,,,,,,,,,,,,
A1,HLgap,0,,,,,,,,,,,,,,,,,,,,56,,101,,518,172,0.43253268521404953,0.7026524444032646,0.30489460985596756,0.4265043341829479,0.6336948622016495,29,0.6357701420783997,0.17135854065418243,,,,,,,,,C3_eigfeat,,,,,,,,,,,,,,,,,25,eig
A1,HLgap,0,,,,,,,,,,,,,,,,,,,,56,,103,,518,172,0.39525799387089494,0.7393715067142039,0.3025491044672975,0.3879942875623411,0.5905982303184693,29,0.6278278827667236,0.1230805292725563,,,,,,,,,C3_msgpass,,,,,,,,,,,,,,,,,11,atom
A1,HLgap,0,molecule,zz,0.1,bytype,3,bytype,eig,0,"[0.000,3.142]",none,1,1,Z,1,ridge,1,adam,adjoint,100,57,11,102,24,524,166,0.5633734000124576,0.6027298558944405,0.3921478007617076,0.5504980470850993,0.5665094800280559,30,0.7461874076937886,0.2229958408733612,0.701153036657955,7.963753168214474,2.9503072847259264,0.03771471891621662,0.30199539789191693,0.6096613234463154,0.0,241.97,zz_bytype_r3,0.5486972960163118,0.3902586234615528,23,0,1.0,1,0.5633734000124576,0.6027298558944405,30,0.3921478007617076,0.5504980470850993,0.5665094800280559,0.6235648870835973,30,0.5367873794186765,0.6072716796447445,,
A1,HLgap,0,molecule,xy,0.1,bytype,3,bytype,eig,0,"[0.000,3.142]",none,1,1,Z,1,ridge,1,adam,adjoint,100,57,11,102,24,524,166,0.5309248013709308,0.6289946038780567,0.3996615060125333,0.5111301718090399,0.5537364914067701,30,0.7845795018491599,0.23156808904078435,0.7048507021977938,7.851950015297563,2.9088879125356097,0.009292736826512606,0.08250852419779087,0.8091576575331129,0.0,241.84,xy_bytype_r3,0.5379633510830759,0.39509810596519057,23,0,1.0,1,0.5309248013709308,0.6289946038780567,30,0.3996615060125333,0.5111301718090399,0.5537364914067701,0.6278695571727906,30,0.515147651863016,0.5260298071381662,,
A1,HLgap,0,molecule,none,0.0,fixed,3,fixed,eig,0,"[0.000,3.142]",none,1,1,Z,1,ridge,1,adam,adjoint,100,57,11,78,24,524,166,0.7402338887712435,0.3010258359464151,0.5160886743557116,0.736815265517392,-0.011603373406778984,30,0.7879386775200132,0.6984338364843738,0.11359366355431386,2.5348308874173506,1.1472947055363607,0.004495652856628657,0.0,0.0,0.0,186.02,none_r3,0.745046756493527,0.5111766586951866,23,0,1.0,1,0.7402338887712435,0.3010258359464151,30,0.5160886743557116,0.736815265517392,-0.011603373406778984,0.2965074908587009,30,0.7375363445726439,0.0024773631940814443,,
A1,HLgap,0,molecule,xy,0.1,bytype_shuffled,3,bytype_shuffled,eig,0,"[0.000,3.142]",none,1,1,Z,1,ridge,1,adam,adjoint,100,57,11,102,24,524,166,0.68201824506551,0.32182408690272424,0.5207434084457548,0.673548816873883,0.4501429353240498,30,0.7845795018491599,0.4357747025699299,0.4445754680783004,9.55016265922622,3.5380195579504465,0.016863141644938864,0.5284273293852345,1.2559903626223168,0.0,248.74,xy_shuffled_r3,0.6635628204409044,0.5082748898270014,23,0,1.0,1,0.68201824506551,0.32182408690272424,30,0.5207434084457548,0.673548816873883,0.4501429353240498,0.35513922279811305,30,0.6516292781513139,0.4635568131558843,,
A1,HLgap,0,,,,,,,,,,,,,,,,,,,,57,,524,,524,166,0.6373762483619647,0.44810382773447466,0.44029231992518636,0.6414069476117809,0.2207352896501503,30,,,,,,,,,,,krr_res,,,,,,,,,,,,,,,,,,
A1,HLgap,0,,,,,,,,,,,,,,,,,,,,57,,0,,524,166,0.9087717371240688,-0.003494437039677223,0.5159210756339868,0.8878608486692801,nan,30,,,,,,,,,,,composition,,,,,,,,,,,,,,,,,,
A1,HLgap,0,,,,,,,,,,,,,,,,,,,,57,,100,,524,166,0.45609747677070767,0.7496429450522941,0.3604570565828329,0.4532660208055701,0.5187546473134709,30,0.6583347320556641,0.18434002995491028,,,,,,,,,C3_eigfeat,,,,,,,,,,,,,,,,,25,eig
A1,HLgap,0,,,,,,,,,,,,,,,,,,,,57,,102,,524,166,0.4106006630118106,0.7701423477677881,0.316904480999478,0.40888668473193357,0.59605566402157,30,0.6552135944366455,0.1293277144432068,,,,,,,,,C3_msgpass,,,,,,,,,,,,,,,,,11,atom
A1,HLgap,0,molecule,zz,0.1,bytype,3,bytype,eig,0,"[0.000,3.142]",none,1,1,Z,1,ridge,1,adam,adjoint,100,58,11,103,25,523,167,0.6509405644473446,0.5023124276733248,0.4694620062008083,0.6367418988985531,0.5589848492980376,26,0.6635916883447084,0.1857467194475851,0.720088839703644,8.830612292888285,2.9376365869937833,0.01334517129225825,0.2849346699103714,0.9049749442120416,0.0,243.46,zz_bytype_r3,0.6351175082862371,0.4644374287388317,24,0,1.0,1,0.6509405644473446,0.5023124276733248,26,0.4694620062008083,0.6367418988985531,0.5589848492980376,0.5286834850703902,26,0.6223759059184264,0.5481599467428093,,
A1,HLgap,0,molecule,xy,0.1,bytype,3,bytype,eig,0,"[0.000,3.142]",none,1,1,Z,1,ridge,1,adam,adjoint,100,58,11,103,25,523,167,0.5965210613744346,0.639057333147035,0.47826616610715383,0.5783909251755043,0.5845985671161179,26,0.7336277943697536,0.21056862988335398,0.7129762101444783,11.104975147203191,3.6942377502354096,0.01135957903541637,-0.25474281360703266,0.7449038367325512,0.0,243.84,xy_bytype_r3,0.594688292654052,0.4787177866297702,24,0,1.0,1,0.5965210613744346,0.639057333147035,26,0.47826616610715383,0.5783909251755043,0.5845985671161179,0.6387889839895173,26,0.5794862455915779,0.5731763372871226,,
A1,HLgap,0,molecule,none,0.0,fixed,3,fixed,eig,0,"[0.000,3.142]",none,1,1,Z,1,ridge,1,adam,adjoint,100,58,11,78,25,523,167,0.9357146302185863,-0.10942306509580879,0.667695542260632,0.8839915669917592,0.1857643925147185,26,0.7418274005970957,0.6725990102967178,0.0933214252326837,2.8415445121485807,1.1338846377865452,0.0013592766580373642,0.0,0.0,0.0,185.32,none_r3,0.8814502282897665,0.6619177372814206,24,0,1.0,1,0.9357146302185863,-0.10942306509580879,26,0.667695542260632,0.8839915669917592,0.1857643925147185,0.20839929512566224,26,0.8766826188269532,0.2032626885646061,,
A1,HLgap,0,molecule,xy,0.1,bytype_shuffled,3,bytype_shuffled,eig,0,"[0.000,3.142]",none,1,1,Z,1,ridge,1,adam,adjoint,100,58,11,103,25,523,167,0.91022075091193,-0.2225740955828912,0.7423113287203134,0.9304497378204031,0.26916390030888115,26,0.7336277943697536,0.42117964437118555,0.42589464629947205,12.557414522214376,4.177413650943841,0.025521045692387112,0.9219869332314093,1.8823677752494312,0.0,245.63,xy_shuffled_r3,0.8551258191058184,0.6680621002943197,24,0,1.0,1,0.91022075091193,-0.2225740955828912,26,0.7423113287203134,0.9304497378204031,0.26916390030888115,0.2091147909965333,26,0.8677891088348567,0.2914973686634988,,
A1,HLgap,0,,,,,,,,,,,,,,,,,,,,58,,523,,523,167,0.7372566960300824,0.4216873721191562,0.5982220207425106,0.752863686390442,0.3658385794396004,26,,,,,,,,,,,krr_res,,,,,,,,,,,,,,,,,,
A1,HLgap,0,,,,,,,,,,,,,,,,,,,,58,,0,,523,167,1.0056941967231883,-0.00043689911977806695,0.6855415200419239,1.0188233153067023,nan,26,,,,,,,,,,,composition,,,,,,,,,,,,,,,,,,
A1,HLgap,0,,,,,,,,,,,,,,,,,,,,58,,101,,523,167,0.4512597404617486,0.7904598609044009,0.3534541812694522,0.4376445973565408,0.6676632474774633,26,0.6178656220436096,0.1925472468137741,,,,,,,,,C3_eigfeat,,,,,,,,,,,,,,,,,25,eig
A1,HLgap,0,,,,,,,,,,,,,,,,,,,,58,,103,,523,167,0.42076294435487926,0.7960624841356981,0.35297905018480163,0.3991121968200618,0.7485253073952591,26,0.632154643535614,0.13779544830322266,,,,,,,,,C3_msgpass,,,,,,,,,,,,,,,,,11,atom
A1,HLgap,0,molecule,zz,0.1,bytype,3,bytype,eig,0,"[0.000,3.142]",none,1,1,Z,1,ridge,1,adam,adjoint,100,59,11,103,25,511,179,0.4835932972152875,0.7328233951609959,0.37346628602682735,0.4651766607518604,0.45939265182450256,33,0.6948012746150769,0.2000074753510196,0.712137149630555,9.180064592822168,2.99528381757592,0.13075606232898662,0.10956978912687687,0.7037795028952646,0.0,240.38,zz_bytype_r3,0.47065496456577677,0.36129622031750575,24,0,1.0,1,0.4835932972152875,0.7328233951609959,33,0.37346628602682735,0.4651766607518604,0.45939265182450256,0.7492486104422122,33,0.4567210439604605,0.4738336836525502,,
A1,HLgap,0,molecule,xy,0.1,bytype,3,bytype,eig,0,"[0.000,3.142]",none,1,1,Z,1,ridge,1,adam,adjoint,100,59,11,103,25,511,179,0.5278078203310995,0.6922314733876702,0.3812163163919208,0.5229121626846511,0.6023101300899005,33,0.7159753384044204,0.21035236147456188,0.7062016661867985,8.275885527338819,2.7002670564574007,0.17445720477461713,0.5186740658873061,0.4970485682637808,0.0,237.69,xy_bytype_r3,0.5262996684057915,0.3848734439071969,24,0,1.0,1,0.5278078203310995,0.6922314733876702,33,0.3812163163919208,0.5229121626846511,0.6023101300899005,0.6874582196282171,33,0.5217378240265057,0.583592376060095,,
A1,HLgap,0,molecule,none,0.0,fixed,3,fixed,eig,0,"[0.000,3.142]",none,1,1,Z,1,ridge,1,adam,adjoint,100,59,11,78,25,511,179,0.8116859022720012,0.21702319277844162,0.5764044824783136,0.8375274945531643,0.2676973015028969,33,0.7875116482656123,0.7282238353029391,0.07528499812446779,2.8500548115547435,1.1112019485722298,0.00798024800113533,0.0,0.0,0.0,182.84,none_r3,0.8375942043220111,0.521585210921205,24,0,1.0,1,0.8116859022720012,0.21702319277844162,33,0.5764044824783136,0.8375274945531643,0.2676973015028969,0.13502596388347377,33,0.7933233788117682,0.4172688890497355,,
A1,HLgap,0,molecule,xy,0.1,bytype_shuffled,3,bytype_shuffled,eig,0,"[0.000,3.142]",none,1,1,Z,1,ridge,1,adam,adjoint,100,59,11,103,25,511,179,0.818028396548987,0.2271306561377895,0.5595611602652333,0.8065467744607455,0.27138381704378833,33,0.7159753384044204,0.42124755665750463,0.41164515862198325,8.790110900625844,2.8680492026089515,0.011478732255953264,0.41698577605141124,1.6566770553230183,0.0,241.62,xy_shuffled_r3,0.8000659025234906,0.5608067047268916,24,0,1.0,1,0.818028396548987,0.2271306561377895,33,0.5595611602652333,0.8065467744607455,0.27138381704378833,0.24726330808934416,33,0.7973024834489266,0.28347125734141515,,
A1,HLgap,0,,,,,,,,,,,,,,,,,,,,59,,511,,511,179,0.6785667591769144,0.4824289272196861,0.4548572327722487,0.6679071228429431,0.30146956104631856,33,,,,,,,,,,,krr_res,,,,,,,,,,,,,,,,,,
A1,HLgap,0,,,,,,,,,,,,,,,,,,,,59,,0,,511,179,0.9725244576413868,-0.06395111404976328,0.6016318710149399,0.9238246421582333,nan,33,,,,,,,,,,,composition,,,,,,,,,,,,,,,,,,
A1,HLgap,0,,,,,,,,,,,,,,,,,,,,59,,101,,511,179,0.47110139393749106,0.7714600844098674,0.33702009733784627,0.47937269011186995,0.6273503875369012,33,0.6429703235626221,0.19126585125923157,,,,,,,,,C3_eigfeat,,,,,,,,,,,,,,,,,25,eig
A1,HLgap,0,,,,,,,,,,,,,,,,,,,,59,,103,,511,179,0.4352829820231183,0.7973887042345811,0.3051741854990915,0.427328121507161,0.633787895720834,33,0.6529828906059265,0.14354003965854645,,,,,,,,,C3_msgpass,,,,,,,,,,,,,,,,,11,atom
A1,HLgap,0,molecule,zz,0.1,bytype,3,bytype,eig,0,"[0.000,3.142]",none,1,1,Z,1,ridge,1,adam,adjoint,100,60,11,103,25,514,176,0.5332756284049464,0.5621678661055527,0.47216608686162487,0.5483522163333878,0.20051409283587837,23,0.7157471909869036,0.19123447095643625,0.732818412192783,9.726410117739265,3.307387162766851,0.014225655710114743,0.20105501859681188,0.659941337642861,0.0,242.23,zz_bytype_r3,0.5280777525645827,0.4645746606156541,24,0,1.0,1,0.5332756284049464,0.5621678661055527,23,0.47216608686162487,0.5483522163333878,0.20051409283587837,0.5716425353539608,23,0.5418145836915156,0.20769520286508966,,
A1,HLgap,0,molecule,xy,0.1,bytype,3,bytype,eig,0,"[0.000,3.142]",none,1,1,Z,1,ridge,1,adam,adjoint,100,60,11,103,25,514,176,0.5070126417090303,0.5412274176752351,0.40147864762744656,0.48044872550483564,0.420898746490019,23,0.7065178488477297,0.18995361327792817,0.7311410977263685,9.035437450169619,3.0724274908140305,0.014246653362842122,0.2399151110385354,0.8843801457800168,0.0,239.17,xy_bytype_r3,0.49486480736104355,0.39857713263301886,24,0,1.0,1,0.5070126417090303,0.5412274176752351,23,0.40147864762744656,0.48044872550483564,0.420898746490019,0.5651923450914205,23,0.4700850274802155,0.4367044514446246,,
A1,HLgap,0,molecule,none,0.0,fixed,3,fixed,eig,0,"[0.000,3.142]",none,1,1,Z,1,ridge,1,adam,adjoint,100,60,11,78,25,514,176,0.8011427303079461,0.028203142762018407,0.5232121370588282,0.7999387957639479,-0.08342213249774877,23,0.7424222639363219,0.6780739162485953,0.08667351561704496,1.6540039962317394,0.6776444533467257,0.0022873907365891103,0.0,0.0,0.0,185.18,none_r3,0.8058759278929788,0.5127239670784398,24,0,1.0,1,0.8011427303079461,0.028203142762018407,23,0.5232121370588282,0.7999387957639479,-0.08342213249774877,0.010239427349834851,23,0.8032604849122359,-0.14031551393310224,,
A1,HLgap,0,molecule,xy,0.1,bytype_shuffled,3,bytype_shuffled,eig,0,"[0.000,3.142]",none,1,1,Z,1,ridge,1,adam,adjoint,100,60,11,103,25,514,176,0.748353878500387,0.11356173543481118,0.5527253449601274,0.7278114822914775,0.08024333261675032,23,0.7065178488477297,0.47478749562005623,0.3279893828664144,10.599910909085311,3.604414048225399,0.00835386359454612,0.27239938817333,0.9749654311332612,0.0,242.67,xy_shuffled_r3,0.7399081358985139,0.5220759229476757,24,0,1.0,1,0.748353878500387,0.11356173543481118,23,0.5527253449601274,0.7278114822914775,0.08024333261675032,0.13444484471176021,23,0.7122469094530613,0.12074671664112036,,
A1,HLgap,0,,,,,,,,,,,,,,,,,,,,60,,514,,514,176,0.6480657495757912,0.2510123093824854,0.5122530280940709,0.6009520350178515,0.1128209898030018,23,,,,,,,,,,,krr_res,,,,,,,,,,,,,,,,,,
A1,HLgap,0,,,,,,,,,,,,,,,,,,,,60,,0,,514,176,0.8664806346391937,-0.11853464830919402,0.4684502894839337,0.8379151710316274,nan,23,,,,,,,,,,,composition,,,,,,,,,,,,,,,,,,
A1,HLgap,0,,,,,,,,,,,,,,,,,,,,60,,101,,514,176,0.46255949466889773,0.6800572145089779,0.36403894659942476,0.4595678320676833,0.4756046668188574,23,0.639648973941803,0.17046035826206207,,,,,,,,,C3_eigfeat,,,,,,,,,,,,,,,,,25,eig
A1,HLgap,0,,,,,,,,,,,,,,,,,,,,60,,103,,514,176,0.37613066722966654,0.7589937489180762,0.2851099264884601,0.3505113918043023,0.657984818024213,23,0.6276535987854004,0.1246241107583046,,,,,,,,,C3_msgpass,,,,,,,,,,,,,,,,,11,atom
A1,HLgap,0,molecule,zz,0.1,bytype,3,bytype,eig,0,"[0.000,3.142]",none,1,1,Z,1,ridge,1,adam,adjoint,100,61,11,103,25,521,169,0.4350484270593869,0.6970833684670031,0.33780877739422394,0.3959935519162,0.5060028715872871,29,0.6854930920268458,0.23192087831268648,0.6616729168970183,9.23563815957771,3.226375983803412,0.009947504171629658,0.29174069724085805,1.3155257600517742,0.0,243.99,zz_bytype_r3,0.4379166019059494,0.32865214061802406,24,0,1.0,1,0.4350484270593869,0.6970833684670031,29,0.33780877739422394,0.3959935519162,0.5060028715872871,0.6908717510630569,29,0.39821935192746355,0.5116389022233178,,
A1,HLgap,0,molecule,xy,0.1,bytype,3,bytype,eig,0,"[0.000,3.142]",none,1,1,Z,1,ridge,1,adam,adjoint,100,61,11,103,25,521,169,0.480130807165503,0.6610358691380026,0.3715134975525449,0.44894513731383406,0.5762353447418382,29,0.7382401057314477,0.2449663548596037,0.6681752278726564,9.318500974169698,3.255323262846896,0.04765692334682268,0.3090814196998656,0.5700737911985133,0.0,243.04,xy_bytype_r3,0.4493098827634477,0.35247069328716624,24,0,1.0,1,0.480130807165503,0.6610358691380026,29,0.3715134975525449,0.44894513731383406,0.5762353447418382,0.7099931213562545,29,0.4194298333260045,0.5701638188651176,,
A1,HLgap,0,molecule,none,0.0,fixed,3,fixed,eig,0,"[0.000,3.142]",none,1,1,Z,1,ridge,1,adam,adjoint,100,61,11,78,25,521,169,0.7537909243449338,0.24692112994505033,0.4979034119684734,0.7604269579095362,0.19352065683234512,29,0.7568830688880689,0.6889398280455686,0.08976715642789466,2.357823409697282,0.9980025655472586,0.0015061223120394075,0.0,0.0,0.0,186.08,none_r3,0.7384060004965366,0.4866980038155826,24,0,1.0,1,0.7537909243449338,0.24692112994505033,29,0.4979034119684734,0.7604269579095362,0.19352065683234512,0.19184083543122765,29,0.7307373617856213,0.22603738253088904,,
A1,HLgap,0,molecule,xy,0.1,bytype_shuffled,3,bytype_shuffled,eig,0,"[0.000,3.142]",none,1,1,Z,1,ridge,1,adam,adjoint,100,61,11,103,25,521,169,0.7893138616111062,0.19000589122226308,0.5321436321537085,0.7648051526376641,0.37555658627087196,29,0.7382401057314477,0.4305554816017785,0.4167812365393175,9.794473377646735,3.4215993668905518,0.1787564488202473,0.5563211198421895,0.6412765347553523,0.0,244.81,xy_shuffled_r3,0.7743317274340665,0.5199181825598599,24,0,1.0,1,0.7893138616111062,0.19000589122226308,29,0.5321436321537085,0.7648051526376641,0.37555658627087196,0.23413976888447585,29,0.7497210214114679,0.39303477907374007,,
A1,HLgap,0,,,,,,,,,,,,,,,,,,,,61,,521,,521,169,0.6072001499480774,0.479828666018141,0.45155483064635193,0.5945096155464961,0.23072857878052677,29,,,,,,,,,,,krr_res,,,,,,,,,,,,,,,,,,
A1,HLgap,0,,,,,,,,,,,,,,,,,,,,61,,0,,521,169,0.9202053538370681,-0.0013820292615556173,0.508735242566011,0.919129391230482,nan,29,,,,,,,,,,,composition,,,,,,,,,,,,,,,,,,
A1,HLgap,0,,,,,,,,,,,,,,,,,,,,61,,101,,521,169,0.4327908332781966,0.7509341043195261,0.3481278421852492,0.42955373332440483,0.43976359138696797,29,0.6456564664840698,0.17431257665157318,,,,,,,,,C3_eigfeat,,,,,,,,,,,,,,,,,25,eig
A1,HLgap,0,,,,,,,,,,,,,,,,,,,,61,,103,,521,169,0.33823519210205394,0.8380044120843938,0.2843883614507086,0.3362521699166523,0.7219645940946112,29,0.6510211825370789,0.14141716063022614,,,,,,,,,C3_msgpass,,,,,,,,,,,,,,,,,11,atom
B1,HLgap,0,molecule,zz,0.1,bytype,3,bytype,eig,0,"[0.000,3.142]",none,1,1,Z,1,ridge,1,adam,adjoint,100,42,13,107,15,536,196,0.4959846215608917,0.6355116900843394,0.36783335707988446,0.49847030287192506,0.5815335608530263,23,0.7955128428138828,0.167122028134619,0.7899191324888282,8.343443589072326,3.4156989914116056,0.01243779517013559,0.2529002839013317,0.44140362291201707,0.0,384.69,zz_bytype_r3,0.48958037709489827,0.36114782796272993,14,0,1.0,1,0.4959846215608917,0.6355116900843394,23,0.36783335707988446,0.49847030287192506,0.5815335608530263,0.6437012967755241,23,0.49317180711894953,0.5933750179985392,,
B1,HLgap,0,molecule,xy,0.1,bytype,3,bytype,eig,0,"[0.000,3.142]",none,1,1,Z,1,ridge,1,adam,adjoint,100,42,13,107,15,536,196,0.4943107621596184,0.6433277199150802,0.37769212400178637,0.4969001685529489,0.5546474077474856,23,0.8141222276163428,0.18619586773733157,0.7712924897254165,6.661285568950553,2.7270450332006018,0.029755028314349584,-0.012812487058601687,0.3117229536512675,0.0,392.35,xy_bytype_r3,0.487294881853891,0.3701038746694508,14,0,1.0,1,0.4943107621596184,0.6433277199150802,23,0.37769212400178637,0.4969001685529489,0.5546474077474856,0.649691990129672,23,0.4871338745343461,0.5773524105201646,,
B1,HLgap,0,molecule,none,0.0,fixed,3,fixed,eig,0,"[0.000,3.142]",none,1,1,Z,1,ridge,1,adam,adjoint,100,42,13,92,15,536,196,0.752321317622106,0.11023112396268642,0.5256494926839168,0.7487960172092912,0.20255040146247116,23,0.8131200729348924,0.7361387945682872,0.09467393676403456,2.2289317768977894,1.0844394019945576,0.006120981259747125,0.0,0.0,0.0,281.42,none_r3,0.7778914366085503,0.5424420641393598,14,0,1.0,1,0.752321317622106,0.11023112396268642,23,0.5256494926839168,0.7487960172092912,0.20255040146247116,0.056084777000087516,23,0.7744875639240631,0.1626515318509817,,
B1,HLgap,0,molecule,xy,0.1,bytype_shuffled,3,bytype_shuffled,eig,0,"[0.000,3.142]",none,1,1,Z,1,ridge,1,adam,adjoint,100,42,13,107,15,536,196,0.7386674051864512,-0.2857594939521013,0.5067347641633446,0.6780921201597249,0.30826841966965635,23,0.8141222276163428,0.3878348914529759,0.5236158916966163,9.439082957256911,3.864239722214945,0.37270227209263734,0.8272546931718542,0.6395910003529717,0.0,396.73,xy_shuffled_r3,0.7173414202807148,0.5036917405683414,14,0,1.0,1,0.7386674051864512,-0.2857594939521013,23,0.5067347641633446,0.6780921201597249,0.30826841966965635,0.024608016124549104,23,0.6751906538716309,0.29119304182841843,,
B1,HLgap,0,,,,,,,,,,,,,,,,,,,,42,,536,,536,196,0.6938789214351029,0.22527601606571213,0.4536189257515745,0.6816367971495266,0.5019415455602709,23,,,,,,,,,,,krr_res,,,,,,,,,,,,,,,,,,
B1,HLgap,0,,,,,,,,,,,,,,,,,,,,42,,0,,536,196,0.8776043456442276,-0.056197739922380974,0.5514211836832932,0.8745290844567485,nan,23,,,,,,,,,,,composition,,,,,,,,,,,,,,,,,,
B1,HLgap,0,,,,,,,,,,,,,,,,,,,,42,,106,,536,196,0.4782132600173365,0.6688042028770931,0.33629375487710256,0.471872392262179,0.6395264140325974,23,0.6592168807983398,0.2038479894399643,,,,,,,,,C3_eigfeat,,,,,,,,,,,,,,,,,30,eig
B1,HLgap,0,,,,,,,,,,,,,,,,,,,,42,,106,,536,196,0.3627302642546899,0.7739917286051774,0.2925898082878886,0.3410436642050359,0.6577445406661526,23,0.6618257164955139,0.1079368144273758,,,,,,,,,C3_msgpass,,,,,,,,,,,,,,,,,18,atom
B1,HLgap,0,molecule,zz,0.1,bytype,3,bytype,eig,0,"[0.000,3.142]",none,1,1,Z,1,ridge,1,adam,adjoint,100,43,13,107,15,551,181,0.49387928937590514,0.6917067335132674,0.3819383074488935,0.47572579930292935,0.5441446161609897,21,0.8112777790905108,0.18865908916170365,0.7674543861250565,8.347931815643808,2.917482878766512,0.013655247400667302,0.13102754649134893,0.47331454075453555,0.0,393.63,zz_bytype_r3,0.4886879010492047,0.37477456914098317,14,0,1.0,1,0.49387928937590514,0.6917067335132674,21,0.3819383074488935,0.47572579930292935,0.5441446161609897,0.697767301841988,21,0.4687523828419375,0.5109921599867456,,
B1,HLgap,0,molecule,xy,0.1,bytype,3,bytype,eig,0,"[0.000,3.142]",none,1,1,Z,1,ridge,1,adam,adjoint,100,43,13,107,15,551,181,0.4600020870431839,0.701160121797439,0.3573592703216205,0.4389706135236692,0.5777261591871494,21,0.8557665194527292,0.20515500343887355,0.7602675510487696,8.3748607634869,2.9268941612267008,0.01616963613873078,0.4771267736777217,0.843824202081849,0.0,405.25,xy_bytype_r3,0.447918823914069,0.34906446270746627,14,0,1.0,1,0.4600020870431839,0.701160121797439,21,0.3573592703216205,0.4389706135236692,0.5777261591871494,0.7158203685785236,21,0.42812941956821454,0.6039277711861619,,
B1,HLgap,0,molecule,none,0.0,fixed,3,fixed,eig,0,"[0.000,3.142]",none,1,1,Z,1,ridge,1,adam,adjoint,100,43,13,92,15,551,181,0.7541389437070741,0.13109474950001232,0.46413452090936125,0.7090864979829895,0.2311499635213716,21,0.8588676712690559,0.7797892881732509,0.09207283699357258,3.1720956172736887,1.282147457996978,0.01794423628246008,0.0,0.0,0.0,289.54,none_r3,0.7501242023007872,0.46483488638232057,14,0,1.0,1,0.7541389437070741,0.13109474950001232,21,0.46413452090936125,0.7090864979829895,0.2311499635213716,0.14326180794093568,21,0.7057919988171358,0.19961866118051902,,
B1,HLgap,0,molecule,xy,0.1,bytype_shuffled,3,bytype_shuffled,eig,0,"[0.000,3.142]",none,1,1,Z,1,ridge,1,adam,adjoint,100,43,13,107,15,551,181,0.6125722929005879,0.3321850287939151,0.45158050296414964,0.5429386362337476,0.44502197629501206,21,0.8557665194527292,0.4311064414300809,0.4962335734917772,9.073045840838919,3.170899868792209,0.10124867742957205,0.6464479630776603,0.4635196785624316,0.0,406.05,xy_shuffled_r3,0.6023621526507815,0.43796546103961836,14,0,1.0,1,0.6125722929005879,0.3321850287939151,21,0.45158050296414964,0.5429386362337476,0.44502197629501206,0.36516760743496657,21,0.5347470423413639,0.4447455028744373,,
B1,HLgap,0,,,,,,,,,,,,,,,,,,,,43,,551,,551,181,0.6817622858126517,0.33319878769234945,0.48910928385371966,0.6388937541783757,0.264409135337737,21,,,,,,,,,,,krr_res,,,,,,,,,,,,,,,,,,
B1,HLgap,0,,,,,,,,,,,,,,,,,,,,43,,0,,551,181,0.8834670227411738,-0.001148600311524861,0.48130494185228523,0.8351777975351369,nan,21,,,,,,,,,,,composition,,,,,,,,,,,,,,,,,,
B1,HLgap,0,,,,,,,,,,,,,,,,,,,,43,,106,,551,181,0.426629236731813,0.7832927040043098,0.3426713158463975,0.4210412296593197,0.532954494813166,21,0.6649805307388306,0.2398550659418106,,,,,,,,,C3_eigfeat,,,,,,,,,,,,,,,,,30,eig
B1,HLgap,0,,,,,,,,,,,,,,,,,,,,43,,106,,551,181,0.31455014068723985,0.863642468459835,0.26486665252113645,0.3071370736154179,0.6423127048082496,21,0.6776124238967896,0.12684036791324615,,,,,,,,,C3_msgpass,,,,,,,,,,,,,,,,,18,atom
B1,HLgap,0,molecule,zz,0.1,bytype,3,bytype,eig,0,"[0.000,3.142]",none,1,1,Z,1,ridge,1,adam,adjoint,100,44,13,107,15,545,187,0.4921878071827175,0.6752734172532611,0.3811653120780108,0.45143186691870385,0.4879349893803675,22,0.7732159250147154,0.18055296434518994,0.7664908875981133,6.803804014810628,2.423862108768534,0.045426964050446036,0.27636493001229984,0.4373954381483475,0.0,386.89,zz_bytype_r3,0.47840874276331197,0.3670472858427919,14,0,1.0,1,0.4921878071827175,0.6752734172532611,22,0.3811653120780108,0.45143186691870385,0.4879349893803675,0.6988433275987681,22,0.44213128513689737,0.5110357373718719,,
B1,HLgap,0,molecule,xy,0.1,bytype,3,bytype,eig,0,"[0.000,3.142]",none,1,1,Z,1,ridge,1,adam,adjoint,100,44,13,107,15,545,187,0.47188760150568687,0.6537683603484481,0.3974621206552723,0.4531193145278123,0.5543010434943207,22,0.7911332385253977,0.19363970308904005,0.7552375584042363,6.9563707215248165,2.4782141533981465,0.11742130110137965,0.29235493205548285,0.6072633241453729,0.0,398.98,xy_bytype_r3,0.47700272634134105,0.4060706601926919,14,0,1.0,1,0.47188760150568687,0.6537683603484481,22,0.3974621206552723,0.4531193145278123,0.5543010434943207,0.6604371028378277,22,0.46660099603638666,0.5596902761104441,,
B1,HLgap,0,molecule,none,0.0,fixed,3,fixed,eig,0,"[0.000,3.142]",none,1,1,Z,1,ridge,1,adam,adjoint,100,44,13,92,15,545,187,1.4501547933174554,-53.47657907780896,0.6540266448760206,0.8232657053507079,0.14626576784559978,22,0.7935401346212726,0.6499444113750196,0.18095584203158918,2.351831076830575,0.9719470203339982,0.07778697556256176,0.0,0.0,0.0,287.33,none_r3,0.8547012990071273,0.6389748260119829,14,0,1.0,1,1.4501547933174554,-53.47657907780896,22,0.6540266448760206,0.8232657053507079,0.14626576784559978,-0.022323616222797327,22,0.8060760392346888,0.18613925570228088,,
B1,HLgap,0,molecule,xy,0.1,bytype_shuffled,3,bytype_shuffled,eig,0,"[0.000,3.142]",none,1,1,Z,1,ridge,1,adam,adjoint,100,44,13,107,15,545,187,0.9331162203273489,-0.5365442898181458,0.678054201415317,0.8656256895538176,0.3548126327454058,22,0.7911332385253977,0.4456200394293654,0.4367319969263816,12.095959735777313,4.309197973504021,0.4210902623964536,0.16237917988195052,1.9728724341017347,0.0,403.64,xy_shuffled_r3,0.8796461600958407,0.6257495535576675,14,0,1.0,1,0.9331162203273489,-0.5365442898181458,22,0.678054201415317,0.8656256895538176,0.3548126327454058,-0.2269252790161369,22,0.8214673640038876,0.33824471326992334,,
B1,HLgap,0,,,,,,,,,,,,,,,,,,,,44,,545,,545,187,0.6863591756477493,0.2897614823200295,0.5312343181058514,0.6417590806568654,0.4278101394403914,22,,,,,,,,,,,krr_res,,,,,,,,,,,,,,,,,,
B1,HLgap,0,,,,,,,,,,,,,,,,,,,,44,,0,,545,187,0.9066691087965463,-0.01990395670099976,0.6556933175391113,0.8987370889800324,nan,22,,,,,,,,,,,composition,,,,,,,,,,,,,,,,,,
B1,HLgap,0,,,,,,,,,,,,,,,,,,,,44,,106,,545,187,0.46014210492242935,0.7221484802418225,0.3698836570909696,0.4380336139275621,0.5869088558500322,22,0.6463297009468079,0.21275261044502258,,,,,,,,,C3_eigfeat,,,,,,,,,,,,,,,,,30,eig
B1,HLgap,0,,,,,,,,,,,,,,,,,,,,44,,106,,545,187,0.3796001660680335,0.8108256654888872,0.2989024977935295,0.3631883472426872,0.7731444154984958,22,0.6328861117362976,0.12481571733951569,,,,,,,,,C3_msgpass,,,,,,,,,,,,,,,,,18,atom
B1,HLgap,0,molecule,zz,0.1,bytype,3,bytype,eig,0,"[0.000,3.142]",none,1,1,Z,1,ridge,1,adam,adjoint,100,45,13,107,15,535,197,0.4677267387572933,0.6316977170160478,0.39310101938313036,0.43441218758961064,0.5570599763463795,21,0.815092189554804,0.1863488382372134,0.771376979653068,6.4912403256603515,2.3705970618288585,0.013545456893324658,0.11077945345095297,0.5204430573740683,0.0,379.55,zz_bytype_r3,0.4447572980598576,0.3847473633623859,14,0,1.0,1,0.4677267387572933,0.6316977170160478,21,0.39310101938313036,0.43441218758961064,0.5570599763463795,0.6983710190740555,21,0.42791613798291456,0.5601941404786149,,
B1,HLgap,0,molecule,xy,0.1,bytype,3,bytype,eig,0,"[0.000,3.142]",none,1,1,Z,1,ridge,1,adam,adjoint,100,45,13,107,15,535,197,0.4301005625980334,0.696992466438631,0.3598779944585016,0.40411216572076775,0.47087006532522435,21,0.8485399441589738,0.22202035771744402,0.7383501398540544,7.851048194235489,2.867198077377925,0.01936219970453746,0.2073461845426168,0.5058808360637391,0.0,390.56,xy_bytype_r3,0.41840260856930556,0.3519236657386979,14,0,1.0,1,0.4301005625980334,0.696992466438631,21,0.3598779944585016,0.40411216572076775,0.47087006532522435,0.7196310238126554,21,0.3986448911808612,0.4847480452687782,,
B1,HLgap,0,molecule,none,0.0,fixed,3,fixed,eig,0,"[0.000,3.142]",none,1,1,Z,1,ridge,1,adam,adjoint,100,45,13,92,15,535,197,0.7593496681751271,0.17266196008053902,0.5471934195439824,0.7160630663619998,0.2446292301933575,21,0.8522377364153472,0.795483848295719,0.06659396280472671,2.68396440889495,1.1416598313028694,0.0011680858714098765,0.0,0.0,0.0,280.19,none_r3,0.7356479762743601,0.540920688803522,14,0,1.0,1,0.7593496681751271,0.17266196008053902,21,0.5471934195439824,0.7160630663619998,0.2446292301933575,0.22714288766641821,21,0.7081834034522347,0.2098374784970735,,
B1,HLgap,0,molecule,xy,0.1,bytype_shuffled,3,bytype_shuffled,eig,0,"[0.000,3.142]",none,1,1,Z,1,ridge,1,adam,adjoint,100,45,13,107,15,535,197,0.7633761717033479,0.11315820092998474,0.5145667556942858,0.6903378302416562,0.44662682169432405,21,0.8485399441589738,0.44851800039859674,0.47142382219478995,8.42524346691663,3.0768938455276675,0.029866350597685203,0.8679645109710792,0.5821940590690254,0.0,394.24,xy_shuffled_r3,0.723060310931406,0.5028256156315323,14,0,1.0,1,0.7633761717033479,0.11315820092998474,21,0.5145667556942858,0.6903378302416562,0.44662682169432405,0.21470019630176673,21,0.6614068004401349,0.39886971273663646,,
B1,HLgap,0,,,,,,,,,,,,,,,,,,,,45,,535,,535,197,0.6759011937848252,0.23420206353499617,0.47169546368959153,0.6064794246438341,0.36405662322248633,21,,,,,,,,,,,krr_res,,,,,,,,,,,,,,,,,,
B1,HLgap,0,,,,,,,,,,,,,,,,,,,,45,,0,,535,197,0.8367294944257317,-0.0025540409523272523,0.5528330253657118,0.7946505930749196,nan,21,,,,,,,,,,,composition,,,,,,,,,,,,,,,,,,
B1,HLgap,0,,,,,,,,,,,,,,,,,,,,45,,106,,535,197,0.43004417381091914,0.740885899479289,0.37284459358435257,0.4149832352911333,0.5428994754308158,21,0.7060047388076782,0.2039390653371811,,,,,,,,,C3_eigfeat,,,,,,,,,,,,,,,,,30,eig
B1,HLgap,0,,,,,,,,,,,,,,,,,,,,45,,106,,535,197,0.3767400836551839,0.7052327841339799,0.2963926530649284,0.3388096059676225,0.7152730751750006,21,0.6828818917274475,0.1191607117652893,,,,,,,,,C3_msgpass,,,,,,,,,,,,,,,,,18,atom
B1,HLgap,0,molecule,zz,0.1,bytype,3,bytype,eig,0,"[0.000,3.142]",none,1,1,Z,1,ridge,1,adam,adjoint,100,46,13,106,14,548,184,0.4843526157234127,0.6382716720254249,0.4143060912022976,0.461972089454308,0.5252934773058613,22,0.7735739993927618,0.1925180001929625,0.7511317594126938,7.347452463192434,2.4372558762497696,0.011670097849274327,0.16818999610202698,0.6327036952932816,0.0,393.63,zz_bytype_r3,0.4720860649489173,0.40647128898881957,13,0,1.0,1,0.4843526157234127,0.6382716720254249,22,0.4143060912022976,0.461972089454308,0.5252934773058613,0.6730637241906257,22,0.45583074226691567,0.532333805398821,,
B1,HLgap,0,molecule,xy,0.1,bytype,3,bytype,eig,0,"[0.000,3.142]",none,1,1,Z,1,ridge,1,adam,adjoint,100,46,13,106,14,548,184,0.4932216320593676,0.6788361684211339,0.3737347130676877,0.4524033279239265,0.5417355778036893,22,0.8052086243840062,0.19040531477549652,0.7635329416383752,8.464832109662042,2.8079068090734527,0.04872901632612607,0.0828197169121848,1.1761528274410942,0.0,401.78,xy_bytype_r3,0.48453063577487104,0.36099354699232505,13,0,1.0,1,0.4932216320593676,0.6788361684211339,22,0.3737347130676877,0.4524033279239265,0.5417355778036893,0.6940570648723736,22,0.443309588320843,0.5349932317424577,,
B1,HLgap,0,molecule,none,0.0,fixed,3,fixed,eig,0,"[0.000,3.142]",none,1,1,Z,1,ridge,1,adam,adjoint,100,46,13,92,14,548,184,0.9019074324398207,0.02044043573206744,0.6964864809265248,0.8864654261909698,-0.07351712614870509,22,0.8054268658123279,0.7214144880469336,0.10430789104689482,3.075206664919005,1.1646411711923996,0.00756699554816695,0.0,0.0,0.0,288.21,none_r3,0.9065021270590615,0.6944152435165064,13,0,1.0,1,0.9019074324398207,0.02044043573206744,22,0.6964864809265248,0.8864654261909698,-0.07351712614870509,0.033476766051971696,22,0.8927115115269094,-0.04977037066820347,,
B1,HLgap,0,molecule,xy,0.1,bytype_shuffled,3,bytype_shuffled,eig,0,"[0.000,3.142]",none,1,1,Z,1,ridge,1,adam,adjoint,100,46,13,106,14,548,184,0.7038930318566163,-0.18442122120811488,0.488523457142734,0.5629704743286849,0.4676270295465342,22,0.8052086243840062,0.40298029356036746,0.4995330634111725,7.0884818857286,2.351351603325045,0.21262610330155224,0.5504141181938061,0.33480378607641414,0.0,405.51,xy_shuffled_r3,0.6719075450888762,0.48272702064753903,13,0,1.0,1,0.7038930318566163,-0.18442122120811488,22,0.488523457142734,0.5629704743286849,0.4676270295465342,0.04363727214618485,22,0.5577088223604627,0.44050619716254386,,
B1,HLgap,0,,,,,,,,,,,,,,,,,,,,46,,548,,548,184,0.7191698985753361,0.30828403746902777,0.547295780095039,0.6582334153084918,0.48408014986962355,22,,,,,,,,,,,krr_res,,,,,,,,,,,,,,,,,,
B1,HLgap,0,,,,,,,,,,,,,,,,,,,,46,,0,,548,184,0.9942222178673434,-0.018274645653485022,0.6898576418022114,0.995160828423445,nan,22,,,,,,,,,,,composition,,,,,,,,,,,,,,,,,,
B1,HLgap,0,,,,,,,,,,,,,,,,,,,,46,,105,,548,184,0.4546331763686341,0.7579450979203733,0.3867010049040075,0.4400388741019988,0.5464865371986115,22,0.6889065504074097,0.22773310542106628,,,,,,,,,C3_eigfeat,,,,,,,,,,,,,,,,,30,eig
B1,HLgap,0,,,,,,,,,,,,,,,,,,,,46,,105,,548,184,0.3179574888398065,0.8675188715813749,0.2648464795479073,0.30938638363701176,0.6873689400075365,22,0.6368367671966553,0.13612410426139832,,,,,,,,,C3_msgpass,,,,,,,,,,,,,,,,,18,atom
B1,HLgap,0,molecule,zz,0.1,bytype,3,bytype,eig,0,"[0.000,3.142]",none,1,1,Z,1,ridge,1,adam,adjoint,100,47,13,107,15,565,167,0.44908245693362686,0.6671703727909027,0.36361220720484566,0.4375348805531565,0.5639584636179983,19,0.854219234939528,0.16417981767101805,0.8078013103010485,8.166007124391202,2.854661160761265,0.015299702384719789,0.05267072990374791,0.47979991367023317,0.0,405.43,zz_bytype_r3,0.44999713394694885,0.3616240058967017,14,0,1.0,1,0.44908245693362686,0.6671703727909027,19,0.36361220720484566,0.4375348805531565,0.5639584636179983,0.6678950051072066,19,0.43232350790374846,0.5688987845427241,,
B1,HLgap,0,molecule,xy,0.1,bytype,3,bytype,eig,0,"[0.000,3.142]",none,1,1,Z,1,ridge,1,adam,adjoint,100,47,13,107,15,565,167,0.621111871946164,0.31098477099166344,0.4489702245050027,0.57448596971592,0.4575316098656613,19,0.8765877400365498,0.23153889017017418,0.7358634172085045,8.913785868560925,3.11606859101541,0.05610466977340773,0.265930456434825,0.5729611688502413,0.0,413.82,xy_bytype_r3,0.5562976898071038,0.4195243169660408,14,0,1.0,1,0.621111871946164,0.31098477099166344,19,0.4489702245050027,0.57448596971592,0.4575316098656613,0.49794874172189396,19,0.5239811715105653,0.44872930977710984,,
B1,HLgap,0,molecule,none,0.0,fixed,3,fixed,eig,0,"[0.000,3.142]",none,1,1,Z,1,ridge,1,adam,adjoint,100,47,13,92,15,565,167,0.6915028597233811,0.22027416922583076,0.4929853350980519,0.6633158815195607,0.16672539418429055,19,0.8805781005770974,0.7911081483582607,0.10160365350921342,2.589318608598147,1.046913146324042,0.0024525233457915563,0.0,0.0,0.0,297.6,none_r3,0.6797758545727084,0.48863458681231176,14,0,1.0,1,0.6915028597233811,0.22027416922583076,19,0.4929853350980519,0.6633158815195607,0.16672539418429055,0.24670717913073748,19,0.6674465449057803,0.04194396378533251,,
B1,HLgap,0,molecule,xy,0.1,bytype_shuffled,3,bytype_shuffled,eig,0,"[0.000,3.142]",none,1,1,Z,1,ridge,1,adam,adjoint,100,47,13,107,15,565,167,0.6661828765208225,0.15392967848101036,0.5008928707120127,0.6022732816420727,0.4083136771446135,19,0.8765877400365498,0.4176549884141458,0.5235445702255299,7.954204004587498,2.780619327265219,0.07013182228260878,0.3879054333727687,0.6475700799924855,0.0,418.19,xy_shuffled_r3,0.6481171868420552,0.4817310473952075,14,0,1.0,1,0.6661828765208225,0.15392967848101036,19,0.5008928707120127,0.6022732816420727,0.4083136771446135,0.2282501655416499,19,0.590768994840635,0.38879437384149906,,
B1,HLgap,0,,,,,,,,,,,,,,,,,,,,47,,565,,565,167,0.6883521114770674,0.09673457123455542,0.4792055667544283,0.6090213129198702,0.4149920840891993,19,,,,,,,,,,,krr_res,,,,,,,,,,,,,,,,,,
B1,HLgap,0,,,,,,,,,,,,,,,,,,,,47,,0,,565,167,0.8407127888824123,-0.0001943608423315979,0.5082798739898987,0.8292640690265486,nan,19,,,,,,,,,,,composition,,,,,,,,,,,,,,,,,,
B1,HLgap,0,,,,,,,,,,,,,,,,,,,,47,,106,,565,167,0.49175246243887893,0.40596351977243206,0.37054497951226684,0.4286468960151872,0.4522331068181897,19,0.6735856533050537,0.18632198870182037,,,,,,,,,C3_eigfeat,,,,,,,,,,,,,,,,,30,eig
B1,HLgap,0,,,,,,,,,,,,,,,,,,,,47,,106,,565,167,0.4015475444655627,0.730861935366152,0.3126625738948598,0.37528303005640185,0.5471286446955006,19,0.7094293236732483,0.10348130762577057,,,,,,,,,C3_msgpass,,,,,,,,,,,,,,,,,18,atom
B1,HLgap,0,molecule,zz,0.1,bytype,3,bytype,eig,0,"[0.000,3.142]",none,1,1,Z,1,ridge,1,adam,adjoint,100,48,13,107,15,541,191,0.4761915849639081,0.6130819313925944,0.39784854067810854,0.4539743764646875,0.5082313753662068,16,0.8298999352180183,0.17189044861775735,0.7928781033431446,9.169677083322265,3.132643376578514,0.022680579289959597,0.2565459532544434,0.4880385046971462,0.0,388.04,zz_bytype_r3,0.4704245119778919,0.39142885413036493,14,0,1.0,1,0.4761915849639081,0.6130819313925944,16,0.39784854067810854,0.4539743764646875,0.5082313753662068,0.6282880758227041,16,0.4517977321573491,0.5141759039304871,,
B1,HLgap,0,molecule,xy,0.1,bytype,3,bytype,eig,0,"[0.000,3.142]",none,1,1,Z,1,ridge,1,adam,adjoint,100,48,13,107,15,541,191,0.49224688888613677,0.5295075648386285,0.37864140908632815,0.4546374532894974,0.5992785403045604,16,0.8485999164201771,0.2057988012339444,0.7574843017872219,6.19007365930681,2.1147193159756226,0.032463785281568826,0.27549671001316134,0.5568271989031748,0.0,398.69,xy_bytype_r3,0.474341363769148,0.37440264687633334,14,0,1.0,1,0.49224688888613677,0.5295075648386285,16,0.37864140908632815,0.4546374532894974,0.5992785403045604,0.5894332807356981,16,0.4488156800701597,0.6359312134740875,,
B1,HLgap,0,molecule,none,0.0,fixed,3,fixed,eig,0,"[0.000,3.142]",none,1,1,Z,1,ridge,1,adam,adjoint,100,48,13,92,15,541,191,0.7428584069595052,-0.005713503150416521,0.5987593951801814,0.7221619988310226,0.03400291311290717,16,0.8489684996094211,0.7512299284480849,0.11512626346713936,2.6374508158695984,1.038432324025126,0.0014769572633629212,0.0,0.0,0.0,286.57,none_r3,0.7103122483154296,0.572848566688978,14,0,1.0,1,0.7428584069595052,-0.005713503150416521,16,0.5987593951801814,0.7221619988310226,0.03400291311290717,0.08554976773370804,16,0.6950732171185139,0.054124743775837814,,
B1,HLgap,0,molecule,xy,0.1,bytype_shuffled,3,bytype_shuffled,eig,0,"[0.000,3.142]",none,1,1,Z,1,ridge,1,adam,adjoint,100,48,13,107,15,541,191,0.7002841933405953,0.036846796858087894,0.5757384600899513,0.652836612155773,0.3518238512916218,16,0.8485999164201771,0.4650768690160671,0.45194801458619493,11.750256847603481,4.01424869733853,0.027968661381750443,0.4395939271587964,1.318746032027905,0.0,400.42,xy_shuffled_r3,0.6853394704398184,0.563888729596552,14,0,1.0,1,0.7002841933405953,0.036846796858087894,16,0.5757384600899513,0.652836612155773,0.3518238512916218,0.0751142643971704,16,0.6430652026345147,0.3315931210520211,,
B1,HLgap,0,,,,,,,,,,,,,,,,,,,,48,,541,,541,191,0.644729692288185,0.2161320838684786,0.49655039144129254,0.6233454897229213,0.3795681698549824,16,,,,,,,,,,,krr_res,,,,,,,,,,,,,,,,,,
B1,HLgap,0,,,,,,,,,,,,,,,,,,,,48,,0,,541,191,0.8037286020361749,-0.00781999015801893,0.5627781765327079,0.7875396291304078,nan,16,,,,,,,,,,,composition,,,,,,,,,,,,,,,,,,
B1,HLgap,0,,,,,,,,,,,,,,,,,,,,48,,106,,541,191,0.4742435901908143,0.6355650774628636,0.36847341595424915,0.4493080670493968,0.6832760970549261,16,0.6490452289581299,0.19898025691509247,,,,,,,,,C3_eigfeat,,,,,,,,,,,,,,,,,30,eig
B1,HLgap,0,,,,,,,,,,,,,,,,,,,,48,,106,,541,191,0.37359138319904794,0.7545210244169697,0.3051206332476435,0.36248574720294324,0.7023883411557557,16,0.6324504613876343,0.10088838636875153,,,,,,,,,C3_msgpass,,,,,,,,,,,,,,,,,18,atom
B1,HLgap,0,molecule,zz,0.1,bytype,3,bytype,eig,0,"[0.000,3.142]",none,1,1,Z,1,ridge,1,adam,adjoint,100,49,13,107,15,556,176,0.4900114003104715,0.5925561884942212,0.37242439048306447,0.48488418807331807,0.5685292589231885,21,0.8411113276334542,0.16505784685916908,0.8037621876719043,7.557886672153685,2.590688692423425,0.02660431722292905,0.026544557083634804,0.46942116842176085,0.0,396.03,zz_bytype_r3,0.48276153380237896,0.3709179935980877,14,0,1.0,1,0.4900114003104715,0.5925561884942212,21,0.37242439048306447,0.48488418807331807,0.5685292589231885,0.6131054690446511,21,0.47938522814588735,0.5604671240932139,,
B1,HLgap,0,molecule,xy,0.1,bytype,3,bytype,eig,0,"[0.000,3.142]",none,1,1,Z,1,ridge,1,adam,adjoint,100,49,13,107,15,556,176,0.5372885599272249,0.4572254883432293,0.37778567947163,0.5271422860975075,0.5425109117553419,21,0.8768103288064362,0.18724976197361265,0.7864421120260894,8.308859493655532,2.848106788430381,0.015081401771813763,0.03663087863612587,0.6105601725183629,0.0,408.67,xy_bytype_r3,0.5185918914312859,0.3865452318928723,14,0,1.0,1,0.5372885599272249,0.4572254883432293,21,0.37778567947163,0.5271422860975075,0.5425109117553419,0.548529958162852,21,0.5122890621048113,0.5410033298958066,,
B1,HLgap,0,molecule,none,0.0,fixed,3,fixed,eig,0,"[0.000,3.142]",none,1,1,Z,1,ridge,1,adam,adjoint,100,49,13,92,15,556,176,0.7617849699296587,-0.0874015501636558,0.5051622172374572,0.7340306142466446,0.18507502077085547,21,0.8773520940175298,0.7473845699889979,0.1481361074017509,3.1431703884445374,1.2423456473744334,0.0028756187979507935,0.0,0.0,0.0,293.08,none_r3,0.7416865155275535,0.4943948820149041,14,0,1.0,1,0.7617849699296587,-0.0874015501636558,21,0.5051622172374572,0.7340306142466446,0.18507502077085547,-0.04669260387315699,21,0.7148865370111654,0.20615035594047545,,
B1,HLgap,0,molecule,xy,0.1,bytype_shuffled,3,bytype_shuffled,eig,0,"[0.000,3.142]",none,1,1,Z,1,ridge,1,adam,adjoint,100,49,13,107,15,556,176,0.7087382371377422,0.10277750896697768,0.5616411886919205,0.701710806371832,0.30241976837068857,21,0.8768103288064362,0.3793477811163695,0.5673547988049374,8.806895556072957,3.0188233460201817,0.06746767089917687,0.8748639443631052,0.5366371279283766,0.0,412.41,xy_shuffled_r3,0.6825513744116017,0.5380171422581824,14,0,1.0,1,0.7087382371377422,0.10277750896697768,21,0.5616411886919205,0.701710806371832,0.30241976837068857,0.15484471568931857,21,0.6772178313445629,0.3471032465543282,,
B1,HLgap,0,,,,,,,,,,,,,,,,,,,,49,,556,,556,176,0.6845994407429532,0.13995268635209324,0.48864341414467166,0.6608584380706011,0.3608176937689369,21,,,,,,,,,,,krr_res,,,,,,,,,,,,,,,,,,
B1,HLgap,0,,,,,,,,,,,,,,,,,,,,49,,0,,556,176,0.8197691889715499,-0.04679468652942598,0.5080683559506609,0.7890475960478371,nan,21,,,,,,,,,,,composition,,,,,,,,,,,,,,,,,,
B1,HLgap,0,,,,,,,,,,,,,,,,,,,,49,,106,,556,176,0.4644172322095599,0.6613164826195864,0.39315087169991614,0.47481763599928833,0.4748649208933356,21,0.6918439865112305,0.2031581848859787,,,,,,,,,C3_eigfeat,,,,,,,,,,,,,,,,,30,eig
B1,HLgap,0,,,,,,,,,,,,,,,,,,,,49,,106,,556,176,0.4075467357720937,0.7108823277065994,0.32055820907942223,0.3861101298050816,0.5437437398416327,21,0.6772239804267883,0.14184367656707764,,,,,,,,,C3_msgpass,,,,,,,,,,,,,,,,,18,atom
B1,HLgap,0,molecule,zz,0.1,bytype,3,bytype,eig,0,"[0.000,3.142]",none,1,1,Z,1,ridge,1,adam,adjoint,100,50,13,107,15,549,183,0.40521249579503216,0.706022862317871,0.31324429461481973,0.4024753288874414,0.6492099635094717,24,0.8248488193198187,0.17197753381338113,0.7915041765408647,7.469582507653122,2.438136513422024,0.008879380461845202,0.18899711264430286,0.4688208666847071,0.0,393.27,zz_bytype_r3,0.39529145066935545,0.3083619449882219,14,0,1.0,1,0.40521249579503216,0.706022862317871,24,0.31324429461481973,0.4024753288874414,0.6492099635094717,0.7091245276357299,24,0.3917141234451692,0.6521861186930119,,
B1,HLgap,0,molecule,xy,0.1,bytype,3,bytype,eig,0,"[0.000,3.142]",none,1,1,Z,1,ridge,1,adam,adjoint,100,50,13,107,15,549,183,0.536919924322579,0.11372096663360642,0.35537512282331873,0.5255377000456668,0.5962355526331553,24,0.8525970020399356,0.21323863721765307,0.7498951594863044,8.808365228274798,2.875126804558356,0.012866246880636588,0.41557185883008413,0.8409249554357102,0.0,402.95,xy_bytype_r3,0.44430341471618195,0.3398002159587505,14,0,1.0,1,0.536919924322579,0.11372096663360642,24,0.35537512282331873,0.5255377000456668,0.5962355526331553,0.6343244006437628,24,0.43462893964865484,0.6183950423000251,,
B1,HLgap,0,molecule,none,0.0,fixed,3,fixed,eig,0,"[0.000,3.142]",none,1,1,Z,1,ridge,1,adam,adjoint,100,50,13,92,15,549,183,0.7684591050134547,-0.015213247976262556,0.5733835486515718,0.7541981073640991,0.21633882904495874,24,0.8614743979466989,0.7610211383931342,0.1166062041924778,2.8730165602576934,1.0734848290438948,0.0009964765292139646,0.0,0.0,0.0,289.36,none_r3,0.7590630894827102,0.5593896896341938,14,0,1.0,1,0.7684591050134547,-0.015213247976262556,24,0.5733835486515718,0.7541981073640991,0.21633882904495874,0.03845147947970995,24,0.7526754879854199,0.28308222915636666,,
B1,HLgap,0,molecule,xy,0.1,bytype_shuffled,3,bytype_shuffled,eig,0,"[0.000,3.142]",none,1,1,Z,1,ridge,1,adam,adjoint,100,50,13,107,15,549,183,0.8007393921139319,-1.515389618524169,0.5132143248710187,0.678390771583634,0.4939044288801995,24,0.8525970020399356,0.36244719821386445,0.5748903674928857,8.007532299759358,2.613727991148949,0.01961493479723216,0.6179666446318743,0.41781955345208943,0.0,405.46,xy_shuffled_r3,0.7327831320123913,0.5056041286785337,14,0,1.0,1,0.8007393921139319,-1.515389618524169,24,0.5132143248710187,0.678390771583634,0.4939044288801995,-0.37352608741397186,24,0.6645404369092606,0.4784610282475187,,
B1,HLgap,0,,,,,,,,,,,,,,,,,,,,50,,549,,549,183,0.8399612607701877,-0.3270706088132589,0.6323015757380174,0.8056682775736975,0.31373600397333595,24,,,,,,,,,,,krr_res,,,,,,,,,,,,,,,,,,
B1,HLgap,0,,,,,,,,,,,,,,,,,,,,50,,0,,549,183,0.8267189596484418,-0.03644092360072526,0.5906511496832947,0.8205011247397865,nan,24,,,,,,,,,,,composition,,,,,,,,,,,,,,,,,,
B1,HLgap,0,,,,,,,,,,,,,,,,,,,,50,,106,,549,183,0.45302060197571675,0.6719572533830205,0.346750045154613,0.4495386395191988,0.5622677698826716,24,0.5960662961006165,0.20324480533599854,,,,,,,,,C3_eigfeat,,,,,,,,,,,,,,,,,30,eig
B1,HLgap,0,,,,,,,,,,,,,,,,,,,,50,,106,,549,183,0.36493796193207045,0.7815585515641705,0.2735597148804163,0.36775687641859295,0.7918898809006143,24,0.6577486395835876,0.12423919886350632,,,,,,,,,C3_msgpass,,,,,,,,,,,,,,,,,18,atom
B1,HLgap,0,molecule,zz,0.1,bytype,3,bytype,eig,0,"[0.000,3.142]",none,1,1,Z,1,ridge,1,adam,adjoint,100,51,13,106,14,537,195,0.4547033680428246,0.5117857079736872,0.29402711733499876,0.402902091302375,0.7113477596692608,25,0.802839156566863,0.18774374666713917,0.766150236779709,7.5980924202455355,2.2712380048458685,0.1227459488564808,0.1614758601728452,0.40428867125910045,0.0,383.06,zz_bytype_r3,0.4378936687713785,0.28970021294395804,13,0,1.0,1,0.4547033680428246,0.5117857079736872,25,0.29402711733499876,0.402902091302375,0.7113477596692608,0.647857613051863,25,0.4005585805501961,0.7061681571305785,,
B1,HLgap,0,molecule,xy,0.1,bytype,3,bytype,eig,0,"[0.000,3.142]",none,1,1,Z,1,ridge,1,adam,adjoint,100,51,13,106,14,537,195,0.7458108065846668,0.2550297241128542,0.5219030004915838,0.7253352793690075,0.46154802849182053,25,0.8075353825561422,0.2920260276545724,0.6383737060161944,8.239520500984893,2.4629750559073633,0.11060452342614255,-0.03675992471482147,0.3954119599366477,0.0,393.4,xy_bytype_r3,0.7505645637317729,0.4914810481910019,13,0,1.0,1,0.7458108065846668,0.2550297241128542,25,0.5219030004915838,0.7253352793690075,0.46154802849182053,-0.003098572895895879,25,0.6917731823123512,0.4670287647604291,,
B1,HLgap,0,molecule,none,0.0,fixed,3,fixed,eig,0,"[0.000,3.142]",none,1,1,Z,1,ridge,1,adam,adjoint,100,51,13,92,14,537,195,0.916351128744931,-0.03418293640400383,0.6494600505874248,0.8899124057199721,0.18092218661798037,25,0.8222895572426233,0.7353706922330371,0.10570347664519848,2.1446080113531156,0.7218017468060345,0.006881515996715884,0.0,0.0,0.0,283.69,none_r3,0.8805098095924078,0.6510723309026707,13,0,1.0,1,0.916351128744931,-0.03418293640400383,25,0.6494600505874248,0.8899124057199721,0.18092218661798037,0.11755312778967908,25,0.8836244771964795,0.1764659963002549,,
B1,HLgap,0,molecule,xy,0.1,bytype_shuffled,3,bytype_shuffled,eig,0,"[0.000,3.142]",none,1,1,Z,1,ridge,1,adam,adjoint,100,51,13,106,14,537,195,0.9838082133692078,-5.389149501630185,0.5348799084225123,0.7745775123563433,0.4601866162170956,25,0.8075353825561422,0.3539010176953219,0.5617516887308431,7.107583570892978,2.124614052576709,0.7291645907223119,0.3785475567604845,0.2612748988047355,0.0,398.02,xy_shuffled_r3,0.8107871212351608,0.5293407086671614,13,0,1.0,1,0.9838082133692078,-5.389149501630185,25,0.5348799084225123,0.7745775123563433,0.4601866162170956,-0.06586297781800043,25,0.7650067075299638,0.44028378914228167,,
B1,HLgap,0,,,,,,,,,,,,,,,,,,,,51,,537,,537,195,0.7739585283957631,0.16405061594869697,0.49367428180984096,0.7371862071494397,0.33812717359797534,25,,,,,,,,,,,krr_res,,,,,,,,,,,,,,,,,,
B1,HLgap,0,,,,,,,,,,,,,,,,,,,,51,,0,,537,195,0.9485751864298334,-3.679079160856524e-05,0.6526648321647666,0.9440350626906235,nan,25,,,,,,,,,,,composition,,,,,,,,,,,,,,,,,,
B1,HLgap,0,,,,,,,,,,,,,,,,,,,,51,,105,,537,195,0.4701723080597321,0.6599987237728804,0.3494119742184878,0.4578641520443481,0.7051887328237814,25,0.6818691492080688,0.20982171595096588,,,,,,,,,C3_eigfeat,,,,,,,,,,,,,,,,,30,eig
B1,HLgap,0,,,,,,,,,,,,,,,,,,,,51,,105,,537,195,0.42021252761928285,0.7536726157569914,0.265833327405295,0.410926958771954,0.7424385942451918,25,0.6731746792793274,0.12259180843830109,,,,,,,,,C3_msgpass,,,,,,,,,,,,,,,,,18,atom
B1,HLgap,0,molecule,zz,0.1,bytype,3,bytype,eig,0,"[0.000,3.142]",none,1,1,Z,1,ridge,1,adam,adjoint,100,52,13,107,15,533,199,0.5416273811965284,0.48644714948702705,0.40061873309431895,0.4958449199912713,0.390964562969286,22,0.8284152763145566,0.15743825828164323,0.8099524926893519,7.900865111261259,2.8407826047787244,0.020310867330318887,0.1556344452001742,0.4896370046729995,0.0,376.96,zz_bytype_r3,0.5329928410243358,0.3998026998185327,14,0,1.0,1,0.5416273811965284,0.48644714948702705,22,0.40061873309431895,0.4958449199912713,0.390964562969286,0.5095547852616458,22,0.49046711129634674,0.383313349826231,,
B1,HLgap,0,molecule,xy,0.1,bytype,3,bytype,eig,0,"[0.000,3.142]",none,1,1,Z,1,ridge,1,adam,adjoint,100,52,13,107,15,533,199,0.5531803164650736,0.3735804539627874,0.35036266725814563,0.49685960532694534,0.599755750647621,22,0.8736334983997506,0.17604268028883135,0.7984936697009767,6.392456995108377,2.298429397005746,0.01767785071825689,0.1131544230694795,0.6849057997868574,0.0,391.0,xy_bytype_r3,0.5518245584340958,0.35074192419092076,14,0,1.0,1,0.5531803164650736,0.3735804539627874,22,0.35036266725814563,0.49685960532694534,0.599755750647621,0.37209050841569824,22,0.49735425600950345,0.6047730556705175,,
B1,HLgap,0,molecule,none,0.0,fixed,3,fixed,eig,0,"[0.000,3.142]",none,1,1,Z,1,ridge,1,adam,adjoint,100,52,13,92,15,533,199,0.7653592615335638,0.08996044274068948,0.5149034455450681,0.7162045871074613,0.10640535795033064,22,0.8756962127340047,0.7608193498704804,0.1311834643030693,3.059500416348388,1.278024169083468,0.0019312288642366732,0.0,0.0,0.0,281.16,none_r3,0.7490106962917429,0.5088407872117543,14,0,1.0,1,0.7653592615335638,0.08996044274068948,22,0.5149034455450681,0.7162045871074613,0.10640535795033064,0.10684740387237324,22,0.6965895130349958,0.11704940214261322,,
B1,HLgap,0,molecule,xy,0.1,bytype_shuffled,3,bytype_shuffled,eig,0,"[0.000,3.142]",none,1,1,Z,1,ridge,1,adam,adjoint,100,52,13,107,15,533,199,0.6603088016492741,-0.01225664217202782,0.48568285811362777,0.5518654724617399,0.3973140033367678,22,0.8736334983997506,0.4255702122027972,0.5128732895632763,8.919925147524015,3.207189065776801,0.0469243246814502,0.6714842876875533,0.5485651107744186,0.0,396.29,xy_shuffled_r3,0.6494629073129271,0.4791298038632755,14,0,1.0,1,0.6603088016492741,-0.01225664217202782,22,0.48568285811362777,0.5518654724617399,0.3973140033367678,0.08255969613488934,22,0.5558756569070746,0.3780293972697891,,
B1,HLgap,0,,,,,,,,,,,,,,,,,,,,52,,533,,533,199,0.755079769613544,-0.11266347949286715,0.4733819069812496,0.6840077105167154,0.38532300945448644,22,,,,,,,,,,,krr_res,,,,,,,,,,,,,,,,,,
B1,HLgap,0,,,,,,,,,,,,,,,,,,,,52,,0,,533,199,0.8477408667257487,-0.011852456831489722,0.5265117485837176,0.8067780893941064,nan,22,,,,,,,,,,,composition,,,,,,,,,,,,,,,,,,
B1,HLgap,0,,,,,,,,,,,,,,,,,,,,52,,106,,533,199,0.48757642032635035,0.4579129276751682,0.36624975138376054,0.4365113355629931,0.5077732687679866,22,0.7009906768798828,0.18579986691474915,,,,,,,,,C3_eigfeat,,,,,,,,,,,,,,,,,30,eig
B1,HLgap,0,,,,,,,,,,,,,,,,,,,,52,,106,,533,199,0.4381005951439751,0.6391517127572885,0.33405575507613644,0.3928131067982908,0.6720489323569566,22,0.6978380084037781,0.12783944606781006,,,,,,,,,C3_msgpass,,,,,,,,,,,,,,,,,18,atom
B1,HLgap,0,molecule,zz,0.1,bytype,3,bytype,eig,0,"[0.000,3.142]",none,1,1,Z,1,ridge,1,adam,adjoint,100,53,13,107,15,535,197,0.4427503871358772,0.6555432970156849,0.3630665605070597,0.42534465538918853,0.5812099486965797,22,0.8491940978349446,0.18613857146063958,0.7808056227248781,7.353436389462271,2.146591320433196,0.026156376773722546,0.08019437552104351,0.3480249796954618,0.0,383.55,zz_bytype_r3,0.44499662951634833,0.36418326275252133,14,0,1.0,1,0.4427503871358772,0.6555432970156849,22,0.3630665605070597,0.42534465538918853,0.5812099486965797,0.6580428442643869,22,0.4276546665964134,0.6017564173506902,,
B1,HLgap,0,molecule,xy,0.1,bytype,3,bytype,eig,0,"[0.000,3.142]",none,1,1,Z,1,ridge,1,adam,adjoint,100,53,13,107,15,535,197,0.4553466046852449,0.5391081607195305,0.35890771053115916,0.41349180712128236,0.5980270471291689,22,0.9011257474635289,0.1736579327825137,0.8072877916635689,5.816632432361345,1.6979724896172173,0.01613353818471059,0.16445900047731044,0.4582680020532164,0.0,393.29,xy_bytype_r3,0.46624809393762956,0.3709753631410997,14,0,1.0,1,0.4553466046852449,0.5391081607195305,22,0.35890771053115916,0.41349180712128236,0.5980270471291689,0.5503604101760857,22,0.42904882315944787,0.5918792411659413,,
B1,HLgap,0,molecule,none,0.0,fixed,3,fixed,eig,0,"[0.000,3.142]",none,1,1,Z,1,ridge,1,adam,adjoint,100,53,13,92,15,535,197,0.7771364491459385,-0.11217821723622623,0.5970713552717398,0.7805271593955642,-0.06515454606536199,22,0.9263299483141406,0.7011627177364596,0.24307454486111624,4.217486237647955,1.3880909112671578,0.004610749180072661,0.0,0.0,0.0,281.95,none_r3,0.7636658107418824,0.5868841687050053,14,0,1.0,1,0.7771364491459385,-0.11217821723622623,22,0.5970713552717398,0.7805271593955642,-0.06515454606536199,-0.0652988001340844,22,0.7654032131357023,-0.008569687552782257,,
B1,HLgap,0,molecule,xy,0.1,bytype_shuffled,3,bytype_shuffled,eig,0,"[0.000,3.142]",none,1,1,Z,1,ridge,1,adam,adjoint,100,53,13,107,15,535,197,0.628490341991414,0.0377214685457532,0.4372094509904682,0.5631924205875842,0.48473829890424686,22,0.9011257474635289,0.3662701977403907,0.5935415242863042,7.542597696290255,2.2018106761048704,0.1061659580608048,0.5081113933510335,0.3587557349804778,0.0,396.03,xy_shuffled_r3,0.6148912600694426,0.43299270633159426,14,0,1.0,1,0.628490341991414,0.0377214685457532,22,0.4372094509904682,0.5631924205875842,0.48473829890424686,0.15328676816987885,22,0.5619446257916777,0.482145178054269,,
B1,HLgap,0,,,,,,,,,,,,,,,,,,,,53,,535,,535,197,0.6866574231842669,0.10162289996128959,0.5137518495354331,0.6690132002672473,0.3802967198404493,22,,,,,,,,,,,krr_res,,,,,,,,,,,,,,,,,,
B1,HLgap,0,,,,,,,,,,,,,,,,,,,,53,,0,,535,197,0.7985125631861094,-0.0008976487451648474,0.5681099294034399,0.7981602346866861,nan,22,,,,,,,,,,,composition,,,,,,,,,,,,,,,,,,
B1,HLgap,0,,,,,,,,,,,,,,,,,,,,53,,106,,535,197,0.4509417023193515,0.6323302665984916,0.38378584875324867,0.4443723458452918,0.46555304038916245,22,0.6927343010902405,0.19613631069660187,,,,,,,,,C3_eigfeat,,,,,,,,,,,,,,,,,30,eig
B1,HLgap,0,,,,,,,,,,,,,,,,,,,,53,,106,,535,197,0.330103756062635,0.7886634675055042,0.2744169714739446,0.3140024115847178,0.7527739528198911,22,0.6929953098297119,0.11627094447612762,,,,,,,,,C3_msgpass,,,,,,,,,,,,,,,,,18,atom
B1,HLgap,0,molecule,zz,0.1,bytype,3,bytype,eig,0,"[0.000,3.142]",none,1,1,Z,1,ridge,1,adam,adjoint,100,54,13,106,14,532,200,0.4916271447733739,0.6709011476646427,0.3401967731730043,0.49946613893417546,0.533462898632131,23,0.8395939363126323,0.18768125384278997,0.7764618755263322,6.998614599509456,2.461896114631809,0.026340305764678225,0.11283673365742533,0.4502866668866288,0.0,378.2,zz_bytype_r3,0.4897804436790409,0.33838111044412744,13,0,1.0,1,0.4916271447733739,0.6709011476646427,23,0.3401967731730043,0.49946613893417546,0.533462898632131,0.6776890972652257,23,0.4976522578210966,0.5142761928370974,,
B1,HLgap,0,molecule,xy,0.1,bytype,3,bytype,eig,0,"[0.000,3.142]",none,1,1,Z,1,ridge,1,adam,adjoint,100,54,13,106,14,532,200,0.4749457919877827,0.6781796242396108,0.3876323469381371,0.4656642741348559,0.4673501591090472,23,0.848862096882325,0.20075575477070334,0.7635001544914857,7.428361300376793,2.6130677098237047,0.024269865648690166,0.12015016435943185,0.6208706929702961,0.0,388.27,xy_bytype_r3,0.46706514194574184,0.3770942416367873,13,0,1.0,1,0.4749457919877827,0.6781796242396108,23,0.3876323469381371,0.4656642741348559,0.4673501591090472,0.6936001805566688,23,0.45891213973303085,0.47971098777535726,,
B1,HLgap,0,molecule,none,0.0,fixed,3,fixed,eig,0,"[0.000,3.142]",none,1,1,Z,1,ridge,1,adam,adjoint,100,54,13,92,14,532,200,0.8115786068103316,0.08347777374586918,0.5341845427571196,0.8381542818628418,0.16077473557620145,23,0.8570222639897964,0.7389665642088719,0.13775103021399468,3.001402124987052,1.2158275604103375,0.014257873316655775,0.0,0.0,0.0,279.08,none_r3,0.7880183212811397,0.5125045763705229,13,0,1.0,1,0.8115786068103316,0.08347777374586918,23,0.5341845427571196,0.8381542818628418,0.16077473557620145,0.1264957573820461,23,0.8138432292489858,0.19753094544258248,,
B1,HLgap,0,molecule,xy,0.1,bytype_shuffled,3,bytype_shuffled,eig,0,"[0.000,3.142]",none,1,1,Z,1,ridge,1,adam,adjoint,100,54,13,106,14,532,200,0.7490500014041902,0.26678726968869837,0.5282126885853631,0.7452361403126847,0.2932973231965405,23,0.848862096882325,0.3969399366529016,0.5323858396896615,10.50057010923198,3.693775730292261,0.10245922841501133,1.2174951631707955,0.9735739264908476,0.0,392.36,xy_shuffled_r3,0.7411758882971804,0.5140602911011842,13,0,1.0,1,0.7490500014041902,0.26678726968869837,23,0.5282126885853631,0.7452361403126847,0.2932973231965405,0.28291890877064874,23,0.7406279099787094,0.2961879459013522,,
B1,HLgap,0,,,,,,,,,,,,,,,,,,,,54,,532,,532,200,0.7176915618253057,0.3297644498311596,0.48030503688699777,0.7309731097603583,0.39690538353667826,23,,,,,,,,,,,krr_res,,,,,,,,,,,,,,,,,,
B1,HLgap,0,,,,,,,,,,,,,,,,,,,,54,,0,,532,200,0.887250755601504,-0.027458303966592545,0.5262171710896709,0.9079553259217564,nan,23,,,,,,,,,,,composition,,,,,,,,,,,,,,,,,,
B1,HLgap,0,,,,,,,,,,,,,,,,,,,,54,,105,,532,200,0.4726985056500449,0.6990407633048761,0.3679672840655831,0.47720572922498916,0.435323874052905,23,0.6730166077613831,0.22488048672676086,,,,,,,,,C3_eigfeat,,,,,,,,,,,,,,,,,30,eig
B1,HLgap,0,,,,,,,,,,,,,,,,,,,,54,,105,,532,200,0.399333083463993,0.7877949932827211,0.2796218449255956,0.4035012452037639,0.6849018824155988,23,0.6665787100791931,0.14564360678195953,,,,,,,,,C3_msgpass,,,,,,,,,,,,,,,,,18,atom
B1,HLgap,0,molecule,zz,0.1,bytype,3,bytype,eig,0,"[0.000,3.142]",none,1,1,Z,1,ridge,1,adam,adjoint,100,55,13,107,15,543,189,0.39747242325078425,0.7746201748858731,0.3218567280823847,0.39017172038218084,0.7591209025117069,21,0.8132395714919538,0.1500153305879866,0.8155336559523644,8.192117297717262,2.3412423950887944,0.02794849353806513,0.12452800496981314,0.47324412617796,0.0,385.66,zz_bytype_r3,0.39035153962240826,0.320169532407537,14,0,1.0,1,0.39747242325078425,0.7746201748858731,21,0.3218567280823847,0.39017172038218084,0.7591209025117069,0.7764225065999177,21,0.38289560345666707,0.7606964209694094,,
B1,HLgap,0,molecule,xy,0.1,bytype,3,bytype,eig,0,"[0.000,3.142]",none,1,1,Z,1,ridge,1,adam,adjoint,100,55,13,107,15,543,189,0.46044842277784187,0.6870096113168214,0.36389884804731837,0.4503770859095398,0.6598629355956942,21,0.8255065403345306,0.174461770626482,0.7886609468220777,7.216605425392844,2.062448809816915,0.013710204948303361,0.07469326021687994,0.6432129477742133,0.0,397.17,xy_bytype_r3,0.4497195600441911,0.3590359317004309,14,0,1.0,1,0.46044842277784187,0.6870096113168214,21,0.36389884804731837,0.4503770859095398,0.6598629355956942,0.6999020112466223,21,0.4384659372245543,0.671343808915648,,
B1,HLgap,0,molecule,none,0.0,fixed,3,fixed,eig,0,"[0.000,3.142]",none,1,1,Z,1,ridge,1,adam,adjoint,100,55,13,92,15,543,189,0.7653042009302832,0.08105508145543905,0.6385254094379077,0.7614299556590437,0.15342493766344337,21,0.8477758604724661,0.7412391385733581,0.1256661422746043,3.171563645903616,1.0192222879131347,0.003072034166852887,0.0,0.0,0.0,285.08,none_r3,0.7834130578719213,0.6503727620737749,14,0,1.0,1,0.7653042009302832,0.08105508145543905,21,0.6385254094379077,0.7614299556590437,0.15342493766344337,0.06883750803454591,21,0.7868767885539096,0.06100483488414527,,
B1,HLgap,0,molecule,xy,0.1,bytype_shuffled,3,bytype_shuffled,eig,0,"[0.000,3.142]",none,1,1,Z,1,ridge,1,adam,adjoint,100,55,13,107,15,543,189,0.7302685195844852,0.24061927121311055,0.5843291292389917,0.7060180045143167,0.3970025238703399,21,0.8255065403345306,0.4022227932912654,0.5127563821259763,8.312756269693923,2.3757200600717394,0.11230608798455011,0.5135786343267799,0.3349045571485236,0.0,400.49,xy_shuffled_r3,0.7396132484649852,0.5819535369634986,14,0,1.0,1,0.7302685195844852,0.24061927121311055,21,0.5843291292389917,0.7060180045143167,0.3970025238703399,0.24560524114551974,21,0.7197529593268541,0.37305912850453077,,
B1,HLgap,0,,,,,,,,,,,,,,,,,,,,55,,543,,543,189,0.647253842100882,0.3181139465092371,0.5130979834439139,0.621401166282794,0.40226281700419636,21,,,,,,,,,,,krr_res,,,,,,,,,,,,,,,,,,
B1,HLgap,0,,,,,,,,,,,,,,,,,,,,55,,0,,543,189,0.8878544774084791,-0.047716079286650226,0.6701968759903523,0.8923225911192961,nan,21,,,,,,,,,,,composition,,,,,,,,,,,,,,,,,,
B1,HLgap,0,,,,,,,,,,,,,,,,,,,,55,,106,,543,189,0.4312827828315761,0.756505333422728,0.3582688751088173,0.4229797658671261,0.659634875022806,21,0.6543731689453125,0.23240236937999725,,,,,,,,,C3_eigfeat,,,,,,,,,,,,,,,,,30,eig
B1,HLgap,0,,,,,,,,,,,,,,,,,,,,55,,106,,543,189,0.3542521016225629,0.7999205959111904,0.2936094049973892,0.34432496191322165,0.721449767756424,21,0.6553196310997009,0.12139483541250229,,,,,,,,,C3_msgpass,,,,,,,,,,,,,,,,,18,atom
B1,HLgap,0,molecule,zz,0.1,bytype,3,bytype,eig,0,"[0.000,3.142]",none,1,1,Z,1,ridge,1,adam,adjoint,100,56,13,107,15,550,182,0.42816453102701213,0.49689196560472837,0.2888700269386992,0.37952439188726705,0.6652974597703147,19,0.7838544594313892,0.19427378139380713,0.7521558000260227,8.231729290825816,2.5590409051366483,0.0604942944662191,0.18529001239044657,0.35148838331470267,0.0,392.74,zz_bytype_r3,0.40078224211030117,0.2879759570541155,14,0,1.0,1,0.42816453102701213,0.49689196560472837,19,0.2888700269386992,0.37952439188726705,0.6652974597703147,0.7310979477218422,19,0.378418221449738,0.6828483190601722,,
B1,HLgap,0,molecule,xy,0.1,bytype,3,bytype,eig,0,"[0.000,3.142]",none,1,1,Z,1,ridge,1,adam,adjoint,100,56,13,107,15,550,182,0.4077598319369115,0.6915655619477942,0.3047344310460087,0.3615431270581273,0.7003466042594194,19,0.8262438766944977,0.19955509210791564,0.7584791878806252,8.108213445709264,2.520642885848277,0.011480308325001364,0.05300792236630632,0.37025887472390656,0.0,403.13,xy_bytype_r3,0.39461418469166193,0.30259605678427226,14,0,1.0,1,0.4077598319369115,0.6915655619477942,19,0.3047344310460087,0.3615431270581273,0.7003466042594194,0.7257599764433373,19,0.35767125298884095,0.7083029831979412,,
B1,HLgap,0,molecule,none,0.0,fixed,3,fixed,eig,0,"[0.000,3.142]",none,1,1,Z,1,ridge,1,adam,adjoint,100,56,13,92,15,550,182,0.7253560282586705,0.13960241138785445,0.5273859804172564,0.6752376734753401,0.2507931147554102,19,0.8300961183323976,0.783573040728104,0.056045410376999595,2.9321309543043896,1.0362988459240159,0.0007811473198447386,0.0,0.0,0.0,291.45,none_r3,0.7006081684873012,0.530986723317248,14,0,1.0,1,0.7253560282586705,0.13960241138785445,19,0.5273859804172564,0.6752376734753401,0.2507931147554102,0.2063097554365355,19,0.6584099017871454,0.23225610680414974,,
B1,HLgap,0,molecule,xy,0.1,bytype_shuffled,3,bytype_shuffled,eig,0,"[0.000,3.142]",none,1,1,Z,1,ridge,1,adam,adjoint,100,56,13,107,15,550,182,0.5956501868565318,0.3934028685253179,0.43935334488701694,0.5547442968111718,0.40373332868910045,19,0.8262438766944977,0.4045103139719007,0.5104226180892258,9.224893296644243,2.867791014209265,0.09982747335632032,0.6513108894165356,0.5874723400566273,0.0,407.5,xy_shuffled_r3,0.5865786057260303,0.4250752666789884,14,0,1.0,1,0.5956501868565318,0.3934028685253179,19,0.43935334488701694,0.5547442968111718,0.40373332868910045,0.4110852103174485,19,0.5429224986449657,0.42475765548520966,,
B1,HLgap,0,,,,,,,,,,,,,,,,,,,,56,,550,,550,182,0.6551451391271548,0.2343303643909208,0.4563394260857419,0.6066440366825772,0.4862031150025953,19,,,,,,,,,,,krr_res,,,,,,,,,,,,,,,,,,
B1,HLgap,0,,,,,,,,,,,,,,,,,,,,56,,0,,550,182,0.8143421306693306,-0.0019358975370840081,0.5463322733316568,0.7676659330086579,nan,19,,,,,,,,,,,composition,,,,,,,,,,,,,,,,,,
B1,HLgap,0,,,,,,,,,,,,,,,,,,,,56,,106,,550,182,0.3890929148800102,0.7392642610881699,0.2969517247301835,0.3657789704171118,0.6834991764157509,19,0.6880343556404114,0.21632881462574005,,,,,,,,,C3_eigfeat,,,,,,,,,,,,,,,,,30,eig
B1,HLgap,0,,,,,,,,,,,,,,,,,,,,56,,106,,550,182,0.3160926775717095,0.8305430178518456,0.23527446211687608,0.2993589901689672,0.6859072655006205,19,0.7087689638137817,0.12054097652435303,,,,,,,,,C3_msgpass,,,,,,,,,,,,,,,,,18,atom
B1,HLgap,0,molecule,zz,0.1,bytype,3,bytype,eig,0,"[0.000,3.142]",none,1,1,Z,1,ridge,1,adam,adjoint,100,57,13,107,15,563,169,0.49056065764105716,0.44950641288306925,0.39030274277890553,0.44852761276071473,0.37331323377582115,21,0.8442810552849858,0.1932014230399521,0.7711645644177847,8.028387388478713,2.9028126660960965,0.024506702061436687,0.32990651148405564,0.6092619598453157,0.0,401.63,zz_bytype_r3,0.4637859053710793,0.387016155969687,14,0,1.0,1,0.49056065764105716,0.44950641288306925,21,0.39030274277890553,0.44852761276071473,0.37331323377582115,0.5053166463799845,21,0.4338053017483313,0.3699597115025182,,
B1,HLgap,0,molecule,xy,0.1,bytype,3,bytype,eig,0,"[0.000,3.142]",none,1,1,Z,1,ridge,1,adam,adjoint,100,57,13,107,15,563,169,0.5208850887738715,0.4176011699583626,0.42893433523283314,0.49003269789063186,0.3407006679098257,21,0.8500542889409418,0.15657464979022837,0.8158062939894106,7.80794332702666,2.8231070187743197,0.011799749354397359,0.045140171940865594,0.60633537712215,0.0,411.4,xy_bytype_r3,0.5177921397535634,0.42708753852707976,14,0,1.0,1,0.5208850887738715,0.4176011699583626,21,0.42893433523283314,0.49003269789063186,0.3407006679098257,0.4322071459346245,21,0.4879133584112502,0.35051493210194185,,
B1,HLgap,0,molecule,none,0.0,fixed,3,fixed,eig,0,"[0.000,3.142]",none,1,1,Z,1,ridge,1,adam,adjoint,100,57,13,92,15,563,169,0.5921348419579744,0.03493265779825794,0.3905008069833543,0.5274688792547526,0.3334478073935823,21,0.8506310270253803,0.7792975550600265,0.08385947572921697,2.9809502364628226,1.2533275731124374,0.0006004041724142637,0.0,0.0,0.0,300.47,none_r3,0.5912686095293892,0.39488261553519777,14,0,1.0,1,0.5921348419579744,0.03493265779825794,21,0.3905008069833543,0.5274688792547526,0.3334478073935823,0.04281136606603697,21,0.53122378195087,0.3319300232796336,,
B1,HLgap,0,molecule,xy,0.1,bytype_shuffled,3,bytype_shuffled,eig,0,"[0.000,3.142]",none,1,1,Z,1,ridge,1,adam,adjoint,100,57,13,107,15,563,169,0.6641702782330959,-0.23026147158441912,0.4684533557055923,0.6030910369415943,0.28302799488278785,21,0.8500542889409418,0.4560237696076422,0.46353571114170944,10.50806998806762,3.799387994326331,0.07972250434621118,0.6388382867899486,0.5573369930503747,0.0,419.49,xy_shuffled_r3,0.6428153263722709,0.45893166457830853,14,0,1.0,1,0.6641702782330959,-0.23026147158441912,21,0.4684533557055923,0.6030910369415943,0.28302799488278785,-0.1097360907946976,21,0.5865736033429425,0.30176880805920403,,
B1,HLgap,0,,,,,,,,,,,,,,,,,,,,57,,563,,563,169,0.6056833706530621,0.09906664848682112,0.4769066235554954,0.553183002819206,0.26997532215259673,21,,,,,,,,,,,krr_res,,,,,,,,,,,,,,,,,,
B1,HLgap,0,,,,,,,,,,,,,,,,,,,,57,,0,,563,169,0.6925677122873029,-0.001988926357348042,0.4201207451057155,0.6646524530551753,nan,21,,,,,,,,,,,composition,,,,,,,,,,,,,,,,,,
B1,HLgap,0,,,,,,,,,,,,,,,,,,,,57,,106,,563,169,0.4772281999645352,0.54999643109096,0.44835729057992985,0.4715705562929567,0.33997907152381107,21,0.6715042591094971,0.1909600794315338,,,,,,,,,C3_eigfeat,,,,,,,,,,,,,,,,,30,eig
B1,HLgap,0,,,,,,,,,,,,,,,,,,,,57,,106,,563,169,0.37307973922626103,0.7133999258100867,0.3394317904315416,0.36397933665474347,0.559268938019662,21,0.6531124114990234,0.10659708827733994,,,,,,,,,C3_msgpass,,,,,,,,,,,,,,,,,18,atom
B1,HLgap,0,molecule,zz,0.1,bytype,3,bytype,eig,0,"[0.000,3.142]",none,1,1,Z,1,ridge,1,adam,adjoint,100,58,13,107,15,539,193,0.46179568735631693,0.6437313820998156,0.32927739188755306,0.39665660501279554,0.6103228197720145,20,0.8275009731760955,0.18310094765068421,0.7787302328504699,6.050986801985834,2.0310196522671906,0.012720483595424787,0.2625492712091108,0.4407387088694492,0.0,385.68,zz_bytype_r3,0.4514593629282657,0.3271403666237923,14,0,1.0,1,0.46179568735631693,0.6437313820998156,20,0.32927739188755306,0.39665660501279554,0.6103228197720145,0.6600887416724699,20,0.39353860226005194,0.644805094201965,,
B1,HLgap,0,molecule,xy,0.1,bytype,3,bytype,eig,0,"[0.000,3.142]",none,1,1,Z,1,ridge,1,adam,adjoint,100,58,13,107,15,539,193,0.45829742985444927,0.6922765912089567,0.3314116941011012,0.4163504326670621,0.5831343683292008,20,0.8338843332635794,0.21196864042730085,0.7458057047339917,7.402334551357535,2.484600849158948,0.11756846750515307,0.09802633830103348,0.5293837250812554,0.0,395.91,xy_bytype_r3,0.4612525592010051,0.327985068246748,14,0,1.0,1,0.45829742985444927,0.6922765912089567,20,0.3314116941011012,0.4163504326670621,0.5831343683292008,0.6901565433819836,20,0.41878316715551106,0.5757938024911502,,
B1,HLgap,0,molecule,none,0.0,fixed,3,fixed,eig,0,"[0.000,3.142]",none,1,1,Z,1,ridge,1,adam,adjoint,100,58,13,92,15,539,193,0.8146049773842433,0.04162731368478301,0.5366072196053723,0.7871983028726266,0.25843656662920556,20,0.8449853437703199,0.7063703795645564,0.16404422304801675,3.1159773211472777,1.2021578335177483,0.0041384237838022215,0.0,0.0,0.0,284.07,none_r3,0.7834329469257378,0.5358619757502168,14,0,1.0,1,0.8146049773842433,0.04162731368478301,20,0.5366072196053723,0.7871983028726266,0.25843656662920556,0.11405953076917563,20,0.7726585970593735,0.2525461795037581,,
B1,HLgap,0,molecule,xy,0.1,bytype_shuffled,3,bytype_shuffled,eig,0,"[0.000,3.142]",none,1,1,Z,1,ridge,1,adam,adjoint,100,58,13,107,15,539,193,0.6788927750756526,0.18826830332472155,0.49495486949193207,0.6287143544328209,0.3860629325895021,20,0.8338843332635794,0.4071681360322774,0.5117210867378448,6.668074625807403,2.2381457853047113,0.027435763537029822,0.5022664503263244,0.3296479501035043,0.0,399.55,xy_shuffled_r3,0.6706802892957306,0.495897406215264,14,0,1.0,1,0.6788927750756526,0.18826830332472155,20,0.49495486949193207,0.6287143544328209,0.3860629325895021,0.26356162317111065,20,0.6308901394124744,0.41244292440766633,,
B1,HLgap,0,,,,,,,,,,,,,,,,,,,,58,,539,,539,193,0.7978678969770627,-0.1615107392228441,0.5179625687704748,0.7342370970669078,0.4161674925193161,20,,,,,,,,,,,krr_res,,,,,,,,,,,,,,,,,,
B1,HLgap,0,,,,,,,,,,,,,,,,,,,,58,,0,,539,193,0.8939294411931517,-0.018825174966152547,0.5694415705819854,0.8534090093080621,nan,20,,,,,,,,,,,composition,,,,,,,,,,,,,,,,,,
B1,HLgap,0,,,,,,,,,,,,,,,,,,,,58,,106,,539,193,0.4352031360631284,0.6564901058936532,0.303267055992068,0.3919868784878689,0.6623663326110243,20,0.6510463953018188,0.2314007729291916,,,,,,,,,C3_eigfeat,,,,,,,,,,,,,,,,,30,eig
B1,HLgap,0,,,,,,,,,,,,,,,,,,,,58,,106,,539,193,0.33520943130418795,0.8373569819584888,0.25303340246109685,0.3266088650841464,0.753645487271732,20,0.7027547955513,0.12885287404060364,,,,,,,,,C3_msgpass,,,,,,,,,,,,,,,,,18,atom
B1,HLgap,0,molecule,zz,0.1,bytype,3,bytype,eig,0,"[0.000,3.142]",none,1,1,Z,1,ridge,1,adam,adjoint,100,59,13,107,15,550,182,0.43557598213168996,0.7196617947432454,0.2977033105330633,0.4080563005169249,0.6319232238349886,22,0.8152453557613748,0.17630773221474447,0.7837366003145311,7.9736467939222475,2.676559167523295,0.011589174127863365,0.08754382688286984,0.5035046237787013,0.0,390.32,zz_bytype_r3,0.42543941760170073,0.2931930705204963,14,0,1.0,1,0.43557598213168996,0.7196617947432454,22,0.2977033105330633,0.4080563005169249,0.6319232238349886,0.7260322508027343,22,0.3924650198509833,0.6214425280601751,,
B1,HLgap,0,molecule,xy,0.1,bytype,3,bytype,eig,0,"[0.000,3.142]",none,1,1,Z,1,ridge,1,adam,adjoint,100,59,13,107,15,550,182,0.5559114014487057,0.5723718694406896,0.36249254375602974,0.5296281784936575,0.511652710035063,22,0.856985605664547,0.20475711603680766,0.7610728643708906,8.71728705937391,2.926181106051001,0.012385052629884132,0.09791419884242315,0.4466979454622712,0.0,405.32,xy_bytype_r3,0.5633288364112865,0.3614623967406591,14,0,1.0,1,0.5559114014487057,0.5723718694406896,22,0.36249254375602974,0.5296281784936575,0.511652710035063,0.5733283199808514,22,0.5356896035923411,0.5176287927758515,,
B1,HLgap,0,molecule,none,0.0,fixed,3,fixed,eig,0,"[0.000,3.142]",none,1,1,Z,1,ridge,1,adam,adjoint,100,59,13,92,15,550,182,0.7914764821559235,0.16958411159883835,0.5605662355666684,0.7717937868471024,0.008596305655129205,22,0.8707393630344208,0.7683317892221769,0.11760990505283454,3.396743883557954,1.3105895803818057,0.06513526671880429,0.0,0.0,0.0,290.43,none_r3,0.7865735334157705,0.5494417620646667,14,0,1.0,1,0.7914764821559235,0.16958411159883835,22,0.5605662355666684,0.7717937868471024,0.008596305655129205,0.17180018546813913,22,0.7625281174609659,0.03527663512957631,,
B1,HLgap,0,molecule,xy,0.1,bytype_shuffled,3,bytype_shuffled,eig,0,"[0.000,3.142]",none,1,1,Z,1,ridge,1,adam,adjoint,100,59,13,107,15,550,182,0.7292076420363814,0.22549912295306318,0.5084607845709098,0.6973437039160049,0.42108009637421406,22,0.856985605664547,0.4427245040469165,0.48339330191712254,10.911250209620686,3.662641139304207,0.06301059047117678,0.79660650082787,0.9931367436231365,0.0,407.41,xy_shuffled_r3,0.7176929459499779,0.4972248226624629,14,0,1.0,1,0.7292076420363814,0.22549912295306318,22,0.5084607845709098,0.6973437039160049,0.42108009637421406,0.2572862654934893,22,0.6838919597453793,0.4325128792775851,,
B1,HLgap,0,,,,,,,,,,,,,,,,,,,,59,,550,,550,182,0.7505772259663088,0.07166648460235192,0.4915305864696483,0.6975896263239416,0.11193620105384809,22,,,,,,,,,,,krr_res,,,,,,,,,,,,,,,,,,
B1,HLgap,0,,,,,,,,,,,,,,,,,,,,59,,0,,550,182,0.8665618813186813,-0.0007946231613320531,0.5492136508533424,0.8305687759036144,nan,22,,,,,,,,,,,composition,,,,,,,,,,,,,,,,,,
B1,HLgap,0,,,,,,,,,,,,,,,,,,,,59,,106,,550,182,0.456082340641205,0.6506883076602437,0.33900418785615205,0.4188977391649667,0.5152763413057531,22,0.6932975053787231,0.20679326355457306,,,,,,,,,C3_eigfeat,,,,,,,,,,,,,,,,,30,eig
B1,HLgap,0,,,,,,,,,,,,,,,,,,,,59,,106,,550,182,0.33356069569726227,0.8204318841311116,0.2687536061238717,0.31691156722856595,0.6195320278664662,22,0.660086452960968,0.13523854315280914,,,,,,,,,C3_msgpass,,,,,,,,,,,,,,,,,18,atom
B1,HLgap,0,molecule,zz,0.1,bytype,3,bytype,eig,0,"[0.000,3.142]",none,1,1,Z,1,ridge,1,adam,adjoint,100,60,13,106,14,546,186,0.42126779792066593,0.744450738456805,0.3272234965981938,0.39410817176394775,0.5827544513591526,20,0.8187030714898282,0.18822310795710406,0.7700960036529647,6.728341294043821,2.248340738908417,0.0510129966235388,0.11501014006432413,0.4165271202030289,0.0,390.66,zz_bytype_r3,0.41815552488477126,0.3227497311159268,13,0,1.0,1,0.42126779792066593,0.744450738456805,20,0.3272234965981938,0.39410817176394775,0.5827544513591526,0.7536194298901657,20,0.3936182971749693,0.5890872140685354,,
B1,HLgap,0,molecule,xy,0.1,bytype,3,bytype,eig,0,"[0.000,3.142]",none,1,1,Z,1,ridge,1,adam,adjoint,100,60,13,106,14,546,186,0.46268653913332447,0.5473529216898163,0.3289704745155111,0.4444429230793905,0.5787132683020495,20,0.8416065784210305,0.16249802632770494,0.8069192536106674,9.673349430493591,3.2324438752130913,0.04051970543122088,0.00868135515113731,0.608383448726593,0.0,402.35,xy_bytype_r3,0.4145283113547309,0.324010274846539,13,0,1.0,1,0.46268653913332447,0.5473529216898163,20,0.3289704745155111,0.4444429230793905,0.5787132683020495,0.7635772314529701,20,0.3957232157900448,0.6048751796830046,,
B1,HLgap,0,molecule,none,0.0,fixed,3,fixed,eig,0,"[0.000,3.142]",none,1,1,Z,1,ridge,1,adam,adjoint,100,60,13,92,14,546,186,0.7622799454526922,0.15559278575204394,0.5848376938429626,0.7398027162177978,0.14003127644791197,20,0.8462650267885203,0.771238868521223,0.08865562901968554,2.5726325860615202,0.9825152010904122,0.00882401831865404,0.0,0.0,0.0,290.25,none_r3,0.7352294821979589,0.5944223341706187,13,0,1.0,1,0.7622799454526922,0.15559278575204394,20,0.5848376938429626,0.7398027162177978,0.14003127644791197,0.2824475954798513,20,0.7424056288410114,0.08873677293998279,,
B1,HLgap,0,molecule,xy,0.1,bytype_shuffled,3,bytype_shuffled,eig,0,"[0.000,3.142]",none,1,1,Z,1,ridge,1,adam,adjoint,100,60,13,106,14,546,186,0.5632343531748965,0.4523808844656526,0.4129101334565626,0.5456614255998388,0.5246020829511017,20,0.8416065784210305,0.36312097513023006,0.5685383355587657,9.706087879380812,3.2433837465937194,0.09021592257545935,0.969021112930795,0.6684082085347698,0.0,409.4,xy_shuffled_r3,0.5537069243036185,0.41631956248474633,13,0,1.0,1,0.5632343531748965,0.4523808844656526,20,0.4129101334565626,0.5456614255998388,0.5246020829511017,0.4974916932332677,20,0.5492469150029521,0.5292799003203758,,
B1,HLgap,0,,,,,,,,,,,,,,,,,,,,60,,546,,546,186,0.698331762492413,0.3153647871325067,0.5200502616514997,0.6542650127456415,0.33720322322581003,20,,,,,,,,,,,krr_res,,,,,,,,,,,,,,,,,,
B1,HLgap,0,,,,,,,,,,,,,,,,,,,,60,,0,,546,186,0.8805958654141556,-0.007841454943609882,0.5879403017587591,0.8607349108599732,nan,20,,,,,,,,,,,composition,,,,,,,,,,,,,,,,,,
B1,HLgap,0,,,,,,,,,,,,,,,,,,,,60,,105,,546,186,0.4571558566816586,0.6729174497311661,0.3541442377514131,0.4148168839814762,0.5709639252478127,20,0.6461089253425598,0.22067217528820038,,,,,,,,,C3_eigfeat,,,,,,,,,,,,,,,,,30,eig
B1,HLgap,0,,,,,,,,,,,,,,,,,,,,60,,105,,546,186,0.3430998368630558,0.8064383222786661,0.26782978175376787,0.32221558930518807,0.6223713525595008,20,0.7024129033088684,0.12309817224740982,,,,,,,,,C3_msgpass,,,,,,,,,,,,,,,,,18,atom
B1,HLgap,0,molecule,zz,0.1,bytype,3,bytype,eig,0,"[0.000,3.142]",none,1,1,Z,1,ridge,1,adam,adjoint,100,61,13,107,15,546,186,0.5205331367847574,0.5827030308458272,0.4154148784184508,0.5310306105766528,0.5228911176349398,24,0.8224726551232966,0.1529756812125361,0.8140051462384441,7.905052564973447,2.649615627781455,0.06566913890708526,0.09731386634014932,0.44206716277420305,0.0,390.63,zz_bytype_r3,0.5142046907994716,0.4108390105383434,14,0,1.0,1,0.5205331367847574,0.5827030308458272,24,0.4154148784184508,0.5310306105766528,0.5228911176349398,0.5942077372710034,24,0.5264791268026708,0.5200379034295282,,
B1,HLgap,0,molecule,xy,0.1,bytype,3,bytype,eig,0,"[0.000,3.142]",none,1,1,Z,1,ridge,1,adam,adjoint,100,61,13,107,15,546,186,0.4972933028734386,0.6267876824953835,0.38860498847671615,0.4974787276325502,0.4814351350654934,24,0.8435112872458214,0.18047113891589586,0.7860477486849541,7.635070082124255,2.5591228954555363,0.017744295278568606,0.19451819953423402,0.6196789432077618,0.0,402.26,xy_bytype_r3,0.5013651977879683,0.3879367312638845,14,0,1.0,1,0.4972933028734386,0.6267876824953835,24,0.38860498847671615,0.4974787276325502,0.4814351350654934,0.6190150011088262,24,0.5011997068813159,0.477636967753876,,
B1,HLgap,0,molecule,none,0.0,fixed,3,fixed,eig,0,"[0.000,3.142]",none,1,1,Z,1,ridge,1,adam,adjoint,100,61,13,92,15,546,186,0.8959977004895743,-0.0807185794065235,0.6224076059327083,0.8821878828864148,-0.1005366451196768,24,0.8475446715147141,0.7406995604131595,0.1260642827363934,3.4051561703547266,1.3116059777010582,0.0021601053030158653,0.0,0.0,0.0,289.89,none_r3,0.8793989549630271,0.6101116933007408,14,0,1.0,1,0.8959977004895743,-0.0807185794065235,24,0.6224076059327083,0.8821878828864148,-0.1005366451196768,-0.021598457921289338,24,0.8868420335143621,-0.04282232151902217,,
B1,HLgap,0,molecule,xy,0.1,bytype_shuffled,3,bytype_shuffled,eig,0,"[0.000,3.142]",none,1,1,Z,1,ridge,1,adam,adjoint,100,61,13,107,15,546,186,0.7563200992682646,0.19778018002388675,0.577033693645118,0.7567657918668703,0.13110417645446887,24,0.8435112872458214,0.4278621322749537,0.4927606319626362,9.360957761685015,3.1376059517000865,0.10514099545613954,0.58608962872729,0.4477747667411502,0.0,409.7,xy_shuffled_r3,0.7469266554729533,0.5684507730596641,14,0,1.0,1,0.7563200992682646,0.19778018002388675,24,0.577033693645118,0.7567657918668703,0.13110417645446887,0.2045525747391025,24,0.7440234891507347,0.1086080801035498,,
B1,HLgap,0,,,,,,,,,,,,,,,,,,,,61,,546,,546,186,0.8189160196348061,0.008946229787529347,0.6009172548932841,0.8130174901757393,0.24148398259627288,24,,,,,,,,,,,krr_res,,,,,,,,,,,,,,,,,,
B1,HLgap,0,,,,,,,,,,,,,,,,,,,,61,,0,,546,186,0.9081435877939263,-0.015578400511194523,0.5874296276629002,0.9234594539641151,nan,24,,,,,,,,,,,composition,,,,,,,,,,,,,,,,,,
B1,HLgap,0,,,,,,,,,,,,,,,,,,,,61,,106,,546,186,0.4798027732843158,0.631536452960219,0.3937235540267169,0.47867144032104203,0.5490823880272485,24,0.6578832268714905,0.18098200857639313,,,,,,,,,C3_eigfeat,,,,,,,,,,,,,,,,,30,eig
B1,HLgap,0,,,,,,,,,,,,,,,,,,,,61,,106,,546,186,0.4249519205340273,0.7313028867754054,0.33529457858192835,0.430753150646002,0.5203513336925644,24,0.6538407206535339,0.1456567347049713,,,,,,,,,C3_msgpass,,,,,,,,,,,,,,,,,18,atom
B4,HLgap,0,molecule,zz,0.1,bytype,3,bytype,eig,0,"[0.000,3.142]",none,1,1,Z,1,ridge,1,adam,adjoint,100,42,13,115,23,617,221,0.49837504903846236,0.5045243014074378,0.47458380024993624,0.49935275758871256,0.5429131910456486,8,0.7493784878152814,0.24913406695887655,0.667545744894285,8.638301583847957,3.407667636682654,0.020980718427918987,-0.03984387404384919,0.761236420471568,0.0,441.4,zz_bytype_r3,0.49738427870445234,0.46901797403389706,22,0,1.0,1,0.49837504903846236,0.5045243014074378,8,0.47458380024993624,0.49935275758871256,0.5429131910456486,0.5181712366412659,8,0.49848277825793497,0.5340321371511766,,
B4,HLgap,0,molecule,xy,0.1,bytype,3,bytype,eig,0,"[0.000,3.142]",none,1,1,Z,1,ridge,1,adam,adjoint,100,42,13,115,23,617,221,0.5705806334213269,0.32247401270408893,0.5674524550525146,0.5752642574191479,0.5205909146885794,8,0.802550593375448,0.2455880132003691,0.6939906153860651,7.784932348446759,3.071027534760917,0.5987382472712004,0.06971891360206754,0.7351370429125049,0.0,451.07,xy_bytype_r3,0.5543081641825534,0.549594378072137,22,0,1.0,1,0.5705806334213269,0.32247401270408893,8,0.5674524550525146,0.5752642574191479,0.5205909146885794,0.3742853308570523,8,0.5600186067182428,0.5343638122305772,,
B4,HLgap,0,molecule,none,0.0,fixed,3,fixed,eig,0,"[0.000,3.142]",none,1,1,Z,1,ridge,1,adam,adjoint,100,42,13,92,23,617,221,0.6402164681904797,0.3426167198373775,0.5945307380483996,0.6441029908011886,0.43767953518820146,8,0.6679261765903104,0.5856500368756563,0.12318148711383752,2.327186960042373,1.1322433739045799,0.0038873714588326565,0.0,0.0,0.0,323.81,none_r3,0.5402979505340113,0.5269416496894828,22,0,1.0,1,0.6402164681904797,0.3426167198373775,8,0.5945307380483996,0.6441029908011886,0.43767953518820146,0.46507354977896986,8,0.543381250820571,0.45900920159175695,,
B4,HLgap,0,molecule,xy,0.1,bytype_shuffled,3,bytype_shuffled,eig,0,"[0.000,3.142]",none,1,1,Z,1,ridge,1,adam,adjoint,100,42,13,115,23,617,221,0.6040140898538149,0.3746775768607469,0.5727881136285972,0.6060703434339073,0.440774374715372,8,0.802550593375448,0.27950084909531175,0.6517342938845028,5.0252914267059605,1.9823946632871012,0.028046453955482106,0.22321181094001777,0.14065199519775706,0.0,457.99,xy_shuffled_r3,0.5971225973177572,0.5671964371668771,22,0,1.0,1,0.6040140898538149,0.3746775768607469,8,0.5727881136285972,0.6060703434339073,0.440774374715372,0.39280225941006697,8,0.5979782119239109,0.4445168376046325,,
B4,HLgap,0,,,,,,,,,,,,,,,,,,,,42,,617,,617,221,0.6371953394883867,0.28132073092319143,0.5925286791246297,0.6404502038168958,0.5007226049635422,8,,,,,,,,,,,krr_res,,,,,,,,,,,,,,,,,,
B4,HLgap,0,,,,,,,,,,,,,,,,,,,,42,,0,,617,221,0.8029877468336794,-0.0578775123667814,0.6717779311666433,0.8091653068287912,nan,8,,,,,,,,,,,composition,,,,,,,,,,,,,,,,,,
B4,HLgap,0,,,,,,,,,,,,,,,,,,,,42,,114,,617,221,0.4743617363461467,0.5146366024391366,0.417387794009299,0.47756051016207274,0.7056001023874778,8,0.7602789998054504,0.22923541069030762,,,,,,,,,C3_eigfeat,,,,,,,,,,,,,,,,,30,eig
B4,HLgap,0,,,,,,,,,,,,,,,,,,,,42,,115,,617,221,0.372470837269075,0.7159831821715333,0.3469397912222996,0.37215810315162523,0.7858715292659452,8,0.8534343242645264,0.14819252490997314,,,,,,,,,C3_msgpass,,,,,,,,,,,,,,,,,13,atom
B4,HLgap,0,molecule,zz,0.1,bytype,3,bytype,eig,0,"[0.000,3.142]",none,1,1,Z,1,ridge,1,adam,adjoint,100,43,13,114,22,637,201,0.4740846390159387,0.5433858557152703,0.428152510131811,0.4765356743147171,0.6640008848975414,10,0.8059822136907194,0.22789290026117323,0.7172482265860238,7.829081764615894,2.660156594568462,0.2143546360768237,-0.12890143520749534,0.539073417293669,0.0,458.05,zz_bytype_r3,0.4694714064765267,0.42639094502653485,21,0,1.0,1,0.4740846390159387,0.5433858557152703,10,0.428152510131811,0.4765356743147171,0.6640008848975414,0.5493133107411645,10,0.47173877211334714,0.674007525831234,,
B4,HLgap,0,molecule,xy,0.1,bytype,3,bytype,eig,0,"[0.000,3.142]",none,1,1,Z,1,ridge,1,adam,adjoint,100,43,13,114,22,637,201,0.44806835712209553,0.5290823218972538,0.4188802425851549,0.45527762086354123,0.6957276625969635,10,0.8357867289357057,0.2095592615487957,0.7492670626444987,7.025035644159534,2.386958708280438,0.0384354225185633,0.318706162100019,0.6530165810831979,0.0,469.15,xy_bytype_r3,0.45103056889203885,0.413695848664029,21,0,1.0,1,0.44806835712209553,0.5290823218972538,10,0.4188802425851549,0.45527762086354123,0.6957276625969635,0.550900026299958,10,0.4556029654951021,0.673221768738486,,
B4,HLgap,0,molecule,none,0.0,fixed,3,fixed,eig,0,"[0.000,3.142]",none,1,1,Z,1,ridge,1,adam,adjoint,100,43,13,92,22,637,201,0.6446108931828721,0.2502667667636975,0.565208452926152,0.6484361064692629,0.4616926062214816,10,0.6614051389695293,0.5646195046680804,0.14633335696822852,3.463599870763318,1.3999722283386307,0.017330369990573326,0.0,0.0,0.0,335.88,none_r3,0.530908287099291,0.5053501886354035,21,0,1.0,1,0.6446108931828721,0.2502667667636975,10,0.565208452926152,0.6484361064692629,0.4616926062214816,0.45437258735747,10,0.5363395405688101,0.5198947075846772,,
B4,HLgap,0,molecule,xy,0.1,bytype_shuffled,3,bytype_shuffled,eig,0,"[0.000,3.142]",none,1,1,Z,1,ridge,1,adam,adjoint,100,43,13,114,22,637,201,0.6710481702580301,0.20122229492063026,0.6042907856561942,0.6663017346566565,0.5610833737733434,10,0.8357867289357057,0.33293669860894787,0.6016487375518502,5.7828882138632975,1.9649032517819691,0.37131941220379794,0.13266895594283665,0.1758302651380195,0.0,475.32,xy_shuffled_r3,0.6326217413003694,0.5742632318953751,21,0,1.0,1,0.6710481702580301,0.20122229492063026,10,0.6042907856561942,0.6663017346566565,0.5610833737733434,0.27404532699077444,10,0.6303929593979513,0.5820299339296299,,
B4,HLgap,0,,,,,,,,,,,,,,,,,,,,43,,637,,637,201,0.664630629195363,0.13850014175751968,0.6159186624430055,0.667019574465884,0.39478949296578475,10,,,,,,,,,,,krr_res,,,,,,,,,,,,,,,,,,
B4,HLgap,0,,,,,,,,,,,,,,,,,,,,43,,0,,637,201,0.7578072925560578,-0.03305363984477494,0.6916060302305639,0.7670219094207542,nan,10,,,,,,,,,,,composition,,,,,,,,,,,,,,,,,,
B4,HLgap,0,,,,,,,,,,,,,,,,,,,,43,,113,,637,201,0.4764897842001556,0.522070892183468,0.4297011830421094,0.48161065852693186,0.676773952381855,10,0.701471745967865,0.22494497895240784,,,,,,,,,C3_eigfeat,,,,,,,,,,,,,,,,,30,eig
B4,HLgap,0,,,,,,,,,,,,,,,,,,,,43,,114,,637,201,0.42617444217812367,0.6444487275323392,0.3890523238592218,0.4274824142816463,0.6364587048744148,10,0.849836528301239,0.14443527162075043,,,,,,,,,C3_msgpass,,,,,,,,,,,,,,,,,13,atom
B4,HLgap,0,molecule,zz,0.1,bytype,3,bytype,eig,0,"[0.000,3.142]",none,1,1,Z,1,ridge,1,adam,adjoint,100,44,13,115,23,638,200,0.48201909251449704,0.472933839975741,0.47302898075190986,0.4802907465193686,0.6120669961809495,9,0.5987849318027313,0.19525757935543941,0.6739103324334041,8.40021197897029,2.897329832751333,0.5179921137846433,0.11135597476651603,0.49802396914492714,0.0,449.99,zz_bytype_r3,0.4789710746543985,0.46550344532948684,22,0,1.0,1,0.48201909251449704,0.472933839975741,9,0.47302898075190986,0.4802907465193686,0.6120669961809495,0.48498726125281,9,0.4766307384196973,0.6112465377126289,,
B4,HLgap,0,molecule,xy,0.1,bytype,3,bytype,eig,0,"[0.000,3.142]",none,1,1,Z,1,ridge,1,adam,adjoint,100,44,13,115,23,638,200,0.5209245486092245,0.3852898666750908,0.5056846058221711,0.5206585415454502,0.5768764156238892,9,0.6816712274900772,0.21640319752689632,0.6825402205639575,7.020035950642057,2.421291229042927,0.01964307913516435,0.03618571837466351,0.27360899244843556,0.0,466.7,xy_bytype_r3,0.5203121269462866,0.5034718206704059,22,0,1.0,1,0.5209245486092245,0.3852898666750908,9,0.5056846058221711,0.5206585415454502,0.5768764156238892,0.39314204414659004,9,0.5199917396080389,0.5581044615445294,,
B4,HLgap,0,molecule,none,0.0,fixed,3,fixed,eig,0,"[0.000,3.142]",none,1,1,Z,1,ridge,1,adam,adjoint,100,44,13,92,23,638,200,0.6459296810842747,0.012552878041705906,0.580279919904536,0.6241469167917711,0.38829921211025015,9,0.6311206808432789,0.567533069892582,0.10075348959526026,3.31618175887916,1.370486601347326,0.05002771762937556,0.0,0.0,0.0,336.21,none_r3,0.5611629540741888,0.5173248707909515,22,0,1.0,1,0.6459296810842747,0.012552878041705906,9,0.580279919904536,0.6241469167917711,0.38829921211025015,0.3625810783498258,9,0.5631883788325669,0.5225905400915424,,
B4,HLgap,0,molecule,xy,0.1,bytype_shuffled,3,bytype_shuffled,eig,0,"[0.000,3.142]",none,1,1,Z,1,ridge,1,adam,adjoint,100,44,13,115,23,638,200,0.5833856642936501,0.2560624353743459,0.5350005117115699,0.5829647228917062,0.5245112405344641,9,0.6816712274900772,0.27179050889107154,0.6012879846904968,7.334259801836385,2.529670653336806,0.15852416537503336,0.21638321859201168,0.5925557086503913,0.0,474.25,xy_shuffled_r3,0.5594506923557332,0.517362998531016,22,0,1.0,1,0.5833856642936501,0.2560624353743459,9,0.5350005117115699,0.5829647228917062,0.5245112405344641,0.3298197805919033,9,0.5609359853980842,0.5269949119011562,,
B4,HLgap,0,,,,,,,,,,,,,,,,,,,,44,,638,,638,200,0.6654448622934472,0.08893296972460196,0.6235867275098245,0.6685490033940771,0.3579682398387896,9,,,,,,,,,,,krr_res,,,,,,,,,,,,,,,,,,
B4,HLgap,0,,,,,,,,,,,,,,,,,,,,44,,0,,638,200,0.7046096962695924,-0.01810624796721516,0.628663755281989,0.7073559454246151,nan,9,,,,,,,,,,,composition,,,,,,,,,,,,,,,,,,
B4,HLgap,0,,,,,,,,,,,,,,,,,,,,44,,114,,638,200,0.48016057954820424,0.3920998358732969,0.46670673071491053,0.4818808417503101,0.6835046188148399,9,0.7425399422645569,0.20391608774662018,,,,,,,,,C3_eigfeat,,,,,,,,,,,,,,,,,30,eig
B4,HLgap,0,,,,,,,,,,,,,,,,,,,,44,,115,,638,200,0.47304885133067986,0.3435346804242637,0.45803664062486643,0.4725874165860138,0.6426936317861092,9,0.8646712899208069,0.14244841039180756,,,,,,,,,C3_msgpass,,,,,,,,,,,,,,,,,13,atom
B4,HLgap,0,molecule,zz,0.1,bytype,3,bytype,eig,0,"[0.000,3.142]",none,1,1,Z,1,ridge,1,adam,adjoint,100,45,13,115,23,615,223,0.6187546827999957,-0.018967392449883436,0.5453341579526014,0.6262004174732718,0.7119878671910627,10,0.6761768219800848,0.2325632601617385,0.6560614729728371,10.868367269619286,3.8397137729747275,0.021258318554400843,0.18535494522623364,1.1882166003119028,0.0,438.75,zz_bytype_r3,0.5937130025227944,0.5245035644097615,22,0,1.0,1,0.6187546827999957,-0.018967392449883436,10,0.5453341579526014,0.6262004174732718,0.7119878671910627,0.23661046542337283,10,0.6002370940886429,0.6953826752758446,,
B4,HLgap,0,molecule,xy,0.1,bytype,3,bytype,eig,0,"[0.000,3.142]",none,1,1,Z,1,ridge,1,adam,adjoint,100,45,13,115,23,615,223,0.6467901020023478,-1.034258485273487,0.6225341572568152,0.657862617033111,0.7104999360827937,10,0.7858398309069794,0.2264819958426234,0.7117962376872288,7.233663515932258,2.5555998193795704,0.024866358858282565,0.07898300244963453,0.6232191270598316,0.0,451.55,xy_bytype_r3,0.5577866316504881,0.5118242687124441,22,0,1.0,1,0.6467901020023478,-1.034258485273487,10,0.6225341572568152,0.657862617033111,0.7104999360827937,0.5217057504376766,10,0.568108420611491,0.7177537639040684,,
B4,HLgap,0,molecule,none,0.0,fixed,3,fixed,eig,0,"[0.000,3.142]",none,1,1,Z,1,ridge,1,adam,adjoint,100,45,13,92,23,615,223,0.7035480195912368,0.3437966863725218,0.6095707338174731,0.713064482535431,0.4876125962903439,10,0.653580418470803,0.5960974112048134,0.08795093249654548,3.4733705143403375,1.4774441800764415,0.0020829821474154823,0.0,0.0,0.0,322.84,none_r3,0.7207885151103303,0.6180102725149603,22,0,1.0,1,0.7035480195912368,0.3437966863725218,10,0.6095707338174731,0.713064482535431,0.4876125962903439,0.3183729372332612,10,0.7278772658269338,0.4484457738214501,,
B4,HLgap,0,molecule,xy,0.1,bytype_shuffled,3,bytype_shuffled,eig,0,"[0.000,3.142]",none,1,1,Z,1,ridge,1,adam,adjoint,100,45,13,115,23,615,223,0.5776755266975122,0.5378451793889888,0.5347808618171057,0.5796006438511879,0.6277570751973612,10,0.7858398309069794,0.32017523368095613,0.5925693492636726,6.812415431475781,2.406775986728264,0.14173063637781985,0.3021266432841508,0.5119853984482982,0.0,457.45,xy_shuffled_r3,0.5806849903645956,0.5278685127086509,22,0,1.0,1,0.5776755266975122,0.5378451793889888,10,0.5347808618171057,0.5796006438511879,0.6277570751973612,0.5468477934385272,10,0.586375426940136,0.6495332050855397,,
B4,HLgap,0,,,,,,,,,,,,,,,,,,,,45,,615,,615,223,0.6397121467581839,0.3995430949605028,0.5560839475343092,0.6400714365745334,0.5938408311528864,10,,,,,,,,,,,krr_res,,,,,,,,,,,,,,,,,,
B4,HLgap,0,,,,,,,,,,,,,,,,,,,,45,,0,,615,223,0.9032857008202998,-0.0006594139039322044,0.7739590271805106,0.9124434202315387,nan,10,,,,,,,,,,,composition,,,,,,,,,,,,,,,,,,
B4,HLgap,0,,,,,,,,,,,,,,,,,,,,45,,114,,615,223,0.461828983112153,0.7105834681610763,0.43308931415178215,0.4672877677030513,0.7073113228569646,10,0.7841863632202148,0.23825225234031677,,,,,,,,,C3_eigfeat,,,,,,,,,,,,,,,,,30,eig
B4,HLgap,0,,,,,,,,,,,,,,,,,,,,45,,115,,615,223,0.4685840013884644,0.6957892193872584,0.45625752111143647,0.47612835248971896,0.721255297197162,10,0.889058530330658,0.16759365797042847,,,,,,,,,C3_msgpass,,,,,,,,,,,,,,,,,13,atom
B4,HLgap,0,molecule,zz,0.1,bytype,3,bytype,eig,0,"[0.000,3.142]",none,1,1,Z,1,ridge,1,adam,adjoint,100,46,13,113,21,637,201,0.4190432718338811,0.7210418010995379,0.40467059331484573,0.41853971870953893,0.7585513915935354,9,0.6873929420348266,0.22931116489951864,0.6664045397080893,7.472855235890721,2.4115839225119604,0.15298800321791736,0.32565536272490997,0.5610029418471967,0.0,456.33,zz_bytype_r3,0.41935697499885943,0.40051635222776616,20,0,1.0,1,0.4190432718338811,0.7210418010995379,9,0.40467059331484573,0.41853971870953893,0.7585513915935354,0.7190519157365273,9,0.4215123424101988,0.7682589448909837,,
B4,HLgap,0,molecule,xy,0.1,bytype,3,bytype,eig,0,"[0.000,3.142]",none,1,1,Z,1,ridge,1,adam,adjoint,100,46,13,113,21,637,201,0.5377712067227033,0.5868795027735243,0.44599627393847546,0.5405616582225067,0.7912416980295626,9,0.8424976404642964,0.27234958646291657,0.6767354905435391,7.787893098451592,2.513250584096068,0.0187329349761519,0.08612443373827476,0.6424504242065389,0.0,468.54,xy_bytype_r3,0.540614285457127,0.44793715179110055,20,0,1.0,1,0.5377712067227033,0.5868795027735243,9,0.44599627393847546,0.5405616582225067,0.7912416980295626,0.5737184805986751,9,0.5463953485230252,0.7772826655839288,,
B4,HLgap,0,molecule,none,0.0,fixed,3,fixed,eig,0,"[0.000,3.142]",none,1,1,Z,1,ridge,1,adam,adjoint,100,46,13,92,21,637,201,0.6388492142865624,0.4221812008448258,0.5629230983865039,0.6402565346327507,0.6506402762688916,9,0.714072216882445,0.6447626287623318,0.09706243497711016,3.298790957004841,1.2493169345372122,0.014262377911498222,0.0,0.0,0.0,334.96,none_r3,0.623045780713522,0.5638499333227792,20,0,1.0,1,0.6388492142865624,0.4221812008448258,9,0.5629230983865039,0.6402565346327507,0.6506402762688916,0.4471877112867272,9,0.633563693979203,0.6856139930924491,,
B4,HLgap,0,molecule,xy,0.1,bytype_shuffled,3,bytype_shuffled,eig,0,"[0.000,3.142]",none,1,1,Z,1,ridge,1,adam,adjoint,100,46,13,113,21,637,201,0.6018474864029459,0.4692000559834506,0.5791115270653281,0.6061703871274887,0.5413783503265264,9,0.8424976404642964,0.44488130269686615,0.4719494971502897,9.421626369534664,3.0404767601491356,0.755579859444439,-0.4726397299954173,1.1652419852152744,0.0,476.65,xy_shuffled_r3,0.6040263215368487,0.5770134446218793,20,0,1.0,1,0.6018474864029459,0.4692000559834506,9,0.5791115270653281,0.6061703871274887,0.5413783503265264,0.46637355159788996,9,0.6092850830166545,0.5126471042360548,,
B4,HLgap,0,,,,,,,,,,,,,,,,,,,,46,,637,,637,201,0.6473709444060726,0.3900074092689674,0.5688730150069784,0.6418459979045721,0.6425876116585597,9,,,,,,,,,,,krr_res,,,,,,,,,,,,,,,,,,
B4,HLgap,0,,,,,,,,,,,,,,,,,,,,46,,0,,637,201,0.92010629197029,-0.13705397387611562,0.7682796164709765,0.9324916074078207,nan,9,,,,,,,,,,,composition,,,,,,,,,,,,,,,,,,
B4,HLgap,0,,,,,,,,,,,,,,,,,,,,46,,112,,637,201,0.4415657296527676,0.7216888981112368,0.4117939823602831,0.44333301316098417,0.7864399467929158,9,0.7708975672721863,0.23584075272083282,,,,,,,,,C3_eigfeat,,,,,,,,,,,,,,,,,30,eig
B4,HLgap,0,,,,,,,,,,,,,,,,,,,,46,,113,,637,201,0.40378687185869555,0.7426082943682161,0.3959643194780902,0.40768267155946913,0.7428177306728325,9,0.8370774984359741,0.17131035029888153,,,,,,,,,C3_msgpass,,,,,,,,,,,,,,,,,13,atom
B4,HLgap,0,molecule,zz,0.1,bytype,3,bytype,eig,0,"[0.000,3.142]",none,1,1,Z,1,ridge,1,adam,adjoint,100,47,13,115,23,642,196,0.5187182014135875,0.42476254081244824,0.46095092653223313,0.4828801349560007,0.6297161106867495,10,0.7638812175938773,0.2547784987295979,0.6664684340163307,9.658988478742803,3.271048823273226,0.025821318000940095,-0.06236692946910747,0.6833462741168832,0.0,458.49,zz_bytype_r3,0.4904573802712843,0.43032160100117345,22,0,1.0,1,0.5187182014135875,0.42476254081244824,10,0.46095092653223313,0.4828801349560007,0.6297161106867495,0.562767341731814,10,0.4748408726444635,0.6484055710656097,,
B4,HLgap,0,molecule,xy,0.1,bytype,3,bytype,eig,0,"[0.000,3.142]",none,1,1,Z,1,ridge,1,adam,adjoint,100,47,13,115,23,642,196,0.44779543430448804,0.6192099449278092,0.39903059539419905,0.4304945791731534,0.6661003682450447,10,0.8100077262464538,0.2548784415260187,0.6853382588001771,8.308461673288198,2.813688393917354,0.22075404444869628,-0.001326193320063788,0.5915682817675151,0.0,474.66,xy_bytype_r3,0.43576318171888406,0.3949077158305196,22,0,1.0,1,0.44779543430448804,0.6192099449278092,10,0.39903059539419905,0.4304945791731534,0.6661003682450447,0.6355238935192569,10,0.4200587265338315,0.6515108496055054,,
B4,HLgap,0,molecule,none,0.0,fixed,3,fixed,eig,0,"[0.000,3.142]",none,1,1,Z,1,ridge,1,adam,adjoint,100,47,13,92,23,642,196,0.5577882640981096,0.46742084873534495,0.5278559468624252,0.5559497841532818,0.5082142188831327,10,0.774482473939156,0.6177368229397463,0.20238760239747375,2.968018222238727,1.200028951660491,0.0046674134784361635,0.0,0.0,0.0,336.95,none_r3,0.5408205573074609,0.5089732176310431,22,0,1.0,1,0.5577882640981096,0.46742084873534495,10,0.5278559468624252,0.5559497841532818,0.5082142188831327,0.5143394077684238,10,0.5417574638621789,0.5067926971361393,,
B4,HLgap,0,molecule,xy,0.1,bytype_shuffled,3,bytype_shuffled,eig,0,"[0.000,3.142]",none,1,1,Z,1,ridge,1,adam,adjoint,100,47,13,115,23,642,196,0.5859684522084464,0.2723555595933428,0.53034923496614,0.5751737745461201,0.624167778968254,10,0.8100077262464538,0.3963158090669195,0.510725890352389,4.65412949472376,1.576136553075057,0.023512509913245563,0.09981513175380069,0.2902840771654664,0.0,478.95,xy_shuffled_r3,0.5575570286428317,0.5099301908595151,22,0,1.0,1,0.5859684522084464,0.2723555595933428,10,0.53034923496614,0.5751737745461201,0.624167778968254,0.31794339565333474,10,0.548423528174043,0.655730743614627,,
B4,HLgap,0,,,,,,,,,,,,,,,,,,,,47,,642,,642,196,0.6221796337287795,0.2976944114794068,0.5320682461670913,0.6140270364601018,0.531661906265661,10,,,,,,,,,,,krr_res,,,,,,,,,,,,,,,,,,
B4,HLgap,0,,,,,,,,,,,,,,,,,,,,47,,0,,642,196,0.8018077209453874,-0.004612939310072228,0.7193737705854906,0.8130938665900082,nan,10,,,,,,,,,,,composition,,,,,,,,,,,,,,,,,,
B4,HLgap,0,,,,,,,,,,,,,,,,,,,,47,,114,,642,196,0.40725241156107994,0.7321119514813216,0.3543372036686684,0.4068177031265805,0.7769802745151068,10,0.7592502236366272,0.23706836998462677,,,,,,,,,C3_eigfeat,,,,,,,,,,,,,,,,,30,eig
B4,HLgap,0,,,,,,,,,,,,,,,,,,,,47,,115,,642,196,0.35025478686491107,0.7667310252434618,0.3141896809203589,0.35075500235885493,0.8075250199629302,10,0.8602778911590576,0.17666876316070557,,,,,,,,,C3_msgpass,,,,,,,,,,,,,,,,,13,atom
B4,HLgap,0,molecule,zz,0.1,bytype,3,bytype,eig,0,"[0.000,3.142]",none,1,1,Z,1,ridge,1,adam,adjoint,100,48,13,112,20,609,229,0.49276758091125494,0.48394491823412134,0.4463173307449926,0.48884306431783836,0.5501029212726997,13,0.7503804815272495,0.21991499442737686,0.7069286850588333,6.051825529222411,2.026019137582428,0.029009575736969207,0.2820882206093399,0.41856362633403243,0.0,435.78,zz_bytype_r3,0.4957050972997495,0.4525652166539996,19,0,1.0,1,0.49276758091125494,0.48394491823412134,13,0.4463173307449926,0.48884306431783836,0.5501029212726997,0.4950564664146341,13,0.492551180570867,0.5459167805634474,,
B4,HLgap,0,molecule,xy,0.1,bytype,3,bytype,eig,0,"[0.000,3.142]",none,1,1,Z,1,ridge,1,adam,adjoint,100,48,13,112,20,609,229,0.5984240487782237,0.13238176414444502,0.5655148174755544,0.5870222376938131,0.45240632137325937,13,0.8565413204878186,0.22230626247619895,0.7404605508703411,5.957608703596972,1.9944774001549888,0.1034724687714784,-0.13862447410657602,0.6029312450932675,0.0,447.02,xy_bytype_r3,0.5694868653935048,0.5388692150090696,19,0,1.0,1,0.5984240487782237,0.13238176414444502,13,0.5655148174755544,0.5870222376938131,0.45240632137325937,0.28881617908405044,13,0.556678805698071,0.4593922075073805,,
B4,HLgap,0,molecule,none,0.0,fixed,3,fixed,eig,0,"[0.000,3.142]",none,1,1,Z,1,ridge,1,adam,adjoint,100,48,13,92,20,609,229,0.5678930804685379,0.3109442330823261,0.5357728569279437,0.5716413076905104,0.26604177248927613,13,0.7001029070000617,0.5815564533391105,0.16932718386918613,3.2240712699995844,1.26939990751048,0.006312574497928804,0.0,0.0,0.0,323.28,none_r3,0.5291034817484532,0.47063764338590275,19,0,1.0,1,0.5678930804685379,0.3109442330823261,13,0.5357728569279437,0.5716413076905104,0.26604177248927613,0.40479247388532,13,0.5291691847948865,0.5478552833835595,,
B4,HLgap,0,molecule,xy,0.1,bytype_shuffled,3,bytype_shuffled,eig,0,"[0.000,3.142]",none,1,1,Z,1,ridge,1,adam,adjoint,100,48,13,112,20,609,229,0.5953368374120507,-0.001662698800808382,0.5715874302151246,0.5986272402029348,0.3814611352853407,13,0.8565413204878186,0.3800096590222471,0.5563440432671439,6.641332629096163,2.2233732516952314,0.33471061114594286,-0.1545061530057527,0.5483049962789107,0.0,455.28,xy_shuffled_r3,0.5565853467612148,0.5337639941841127,19,0,1.0,1,0.5953368374120507,-0.001662698800808382,13,0.5715874302151246,0.5986272402029348,0.3814611352853407,0.35370569286204256,13,0.5589989934426006,0.36073248773959893,,
B4,HLgap,0,,,,,,,,,,,,,,,,,,,,48,,609,,609,229,0.6022455845943576,0.21699055307423254,0.5037989327670731,0.5926486803273656,0.5359228166099812,13,,,,,,,,,,,krr_res,,,,,,,,,,,,,,,,,,
B4,HLgap,0,,,,,,,,,,,,,,,,,,,,48,,0,,609,229,0.7196526030718264,-0.009317935370987795,0.5716577398818673,0.7238641283609296,nan,13,,,,,,,,,,,composition,,,,,,,,,,,,,,,,,,
B4,HLgap,0,,,,,,,,,,,,,,,,,,,,48,,111,,609,229,0.5382164218580002,0.438885911735556,0.5038154372081662,0.5414666998132587,0.47472062294618295,13,0.798811674118042,0.277506023645401,,,,,,,,,C3_eigfeat,,,,,,,,,,,,,,,,,30,eig
B4,HLgap,0,,,,,,,,,,,,,,,,,,,,48,,112,,609,229,0.4058181677219468,0.6697648080045028,0.37468549117140354,0.4083424181510274,0.6463017316042878,13,0.8487836718559265,0.14222021400928497,,,,,,,,,C3_msgpass,,,,,,,,,,,,,,,,,13,atom
B4,HLgap,0,molecule,zz,0.1,bytype,3,bytype,eig,0,"[0.000,3.142]",none,1,1,Z,1,ridge,1,adam,adjoint,100,49,13,114,22,613,225,0.5522356637645384,0.5017633040385199,0.5138129460671272,0.5488098512213688,0.5242954880860321,10,0.7045266853901299,0.21610891260883536,0.6932565975280758,7.812764372569067,2.6050619489774474,0.023582395500105425,-0.17480465271010795,0.49936700028231223,0.0,435.88,zz_bytype_r3,0.5368303401520089,0.505740032529441,21,0,1.0,1,0.5522356637645384,0.5017633040385199,10,0.5138129460671272,0.5488098512213688,0.5242954880860321,0.5315669727982401,10,0.5373139230678476,0.4999809848933258,,
B4,HLgap,0,molecule,xy,0.1,bytype,3,bytype,eig,0,"[0.000,3.142]",none,1,1,Z,1,ridge,1,adam,adjoint,100,49,13,114,22,613,225,0.5159784839088706,0.5292003597769621,0.49347050716448615,0.5103585583443508,0.515744866287821,10,0.8918065874393715,0.2615343130274285,0.7067365091141932,5.280090110817156,1.760575537533951,0.9463270447707506,0.029420337397794594,0.257111649667573,0.0,451.25,xy_bytype_r3,0.5033778266742509,0.4880737260589582,21,0,1.0,1,0.5159784839088706,0.5292003597769621,10,0.49347050716448615,0.5103585583443508,0.515744866287821,0.5612147841198072,10,0.5015305835021163,0.5237689401277731,,
B4,HLgap,0,molecule,none,0.0,fixed,3,fixed,eig,0,"[0.000,3.142]",none,1,1,Z,1,ridge,1,adam,adjoint,100,49,13,92,22,613,225,0.6629059004664689,0.34230541832494155,0.6192753125310341,0.6670094762280738,0.40588723770036955,10,0.6557817615319571,0.5776849197578141,0.11908968250611715,3.384405184297745,1.3376942799924072,0.005287454027316199,0.0,0.0,0.0,325.42,none_r3,0.6233044875673552,0.5787588497956291,21,0,1.0,1,0.6629059004664689,0.34230541832494155,10,0.6192753125310341,0.6670094762280738,0.40588723770036955,0.381568619957129,10,0.627859316484606,0.40996502270899954,,
B4,HLgap,0,molecule,xy,0.1,bytype_shuffled,3,bytype_shuffled,eig,0,"[0.000,3.142]",none,1,1,Z,1,ridge,1,adam,adjoint,100,49,13,114,22,613,225,0.6199319357906736,0.25197296098729804,0.5895664099233665,0.6041065594374168,0.41884302421295166,10,0.8918065874393715,0.3571306785330105,0.5995424528557997,8.276727450364541,2.759764241541022,0.06929827864666827,0.055837868412812325,1.0007855928804859,0.0,458.59,xy_shuffled_r3,0.6087714941577742,0.5797554652644212,21,0,1.0,1,0.6199319357906736,0.25197296098729804,10,0.5895664099233665,0.6041065594374168,0.41884302421295166,0.28027627336331007,10,0.593327412809103,0.42549685157405975,,
B4,HLgap,0,,,,,,,,,,,,,,,,,,,,49,,613,,613,225,0.6142248877095461,0.3768838418228053,0.5851810899635113,0.6176690159792463,0.47799716310472784,10,,,,,,,,,,,krr_res,,,,,,,,,,,,,,,,,,
B4,HLgap,0,,,,,,,,,,,,,,,,,,,,49,,0,,613,225,0.8262180864310315,-0.00802536464829462,0.6838640652061374,0.8349761016660147,nan,10,,,,,,,,,,,composition,,,,,,,,,,,,,,,,,,
B4,HLgap,0,,,,,,,,,,,,,,,,,,,,49,,113,,613,225,0.4322673357320736,0.6917096111559631,0.4099805613121807,0.43396414506466696,0.6024510555885637,10,0.7858123779296875,0.2816818654537201,,,,,,,,,C3_eigfeat,,,,,,,,,,,,,,,,,30,eig
B4,HLgap,0,,,,,,,,,,,,,,,,,,,,49,,114,,613,225,0.4716923554061279,0.651629266236733,0.42574037550590127,0.46764349902558533,0.5771759345445351,10,0.8642873764038086,0.17406721413135529,,,,,,,,,C3_msgpass,,,,,,,,,,,,,,,,,13,atom
B4,HLgap,0,molecule,zz,0.1,bytype,3,bytype,eig,0,"[0.000,3.142]",none,1,1,Z,1,ridge,1,adam,adjoint,100,50,13,114,22,618,220,0.5042062570832638,0.5384569332585083,0.46289815106413124,0.5044185437964339,0.638562249733389,9,0.7040930087744324,0.2458242139649192,0.6508640039008355,8.504419340049068,2.703774911566701,0.16812019994910235,0.1153566085818568,0.7179691497730679,0.0,441.11,zz_bytype_r3,0.5006184996482337,0.4614595262639194,21,0,1.0,1,0.5042062570832638,0.5384569332585083,9,0.46289815106413124,0.5044185437964339,0.638562249733389,0.5425413166545456,9,0.5027085599581781,0.6500468586555659,,
B4,HLgap,0,molecule,xy,0.1,bytype,3,bytype,eig,0,"[0.000,3.142]",none,1,1,Z,1,ridge,1,adam,adjoint,100,50,13,114,22,618,220,0.5185248852343655,0.43417247456880015,0.44973823946746805,0.49626827048018163,0.6637914165765685,9,0.7181563276670209,0.22488006520653064,0.6868647444253974,8.433697989163939,2.6812907646085598,0.10759600083084647,-0.06001145370343335,0.5722850864033782,0.0,453.7,xy_bytype_r3,0.4921711644245199,0.43636900414581153,21,0,1.0,1,0.5185248852343655,0.43417247456880015,9,0.44973823946746805,0.49626827048018163,0.6637914165765685,0.5045885464236791,9,0.470952009379731,0.6712674576029781,,
B4,HLgap,0,molecule,none,0.0,fixed,3,fixed,eig,0,"[0.000,3.142]",none,1,1,Z,1,ridge,1,adam,adjoint,100,50,13,92,22,618,220,0.6302406540875306,0.32325034389143503,0.5607649958446447,0.6362051294630042,0.4977474139719125,9,0.6570112877273275,0.580842851250253,0.11593170147890348,2.9359419779972087,1.096996521332421,0.004907434768102734,0.0,0.0,0.0,327.68,none_r3,0.5952513681374826,0.5526681617717828,21,0,1.0,1,0.6302406540875306,0.32325034389143503,9,0.5607649958446447,0.6362051294630042,0.4977474139719125,0.3838620039452979,9,0.6007841185905093,0.4901020602363584,,
B4,HLgap,0,molecule,xy,0.1,bytype_shuffled,3,bytype_shuffled,eig,0,"[0.000,3.142]",none,1,1,Z,1,ridge,1,adam,adjoint,100,50,13,114,22,618,220,0.5627999791806346,0.36055617239825366,0.48265821369492484,0.556336869319124,0.63028461746332,9,0.7181563276670209,0.37238040651089005,0.48147723251204533,6.2580851232093195,1.9896071529422652,0.12972491717249812,0.20068378903982892,0.40113537457790177,0.0,460.9,xy_shuffled_r3,0.5574489801291959,0.484156490116735,21,0,1.0,1,0.5627999791806346,0.36055617239825366,9,0.48265821369492484,0.556336869319124,0.63028461746332,0.34328432716980306,9,0.5505249772980969,0.624843349182224,,
B4,HLgap,0,,,,,,,,,,,,,,,,,,,,50,,618,,618,220,0.5861802509159694,0.32828615042057885,0.5840812426576056,0.5932221617733382,0.527093068581118,9,,,,,,,,,,,krr_res,,,,,,,,,,,,,,,,,,
B4,HLgap,0,,,,,,,,,,,,,,,,,,,,50,,0,,618,220,0.8058006878199471,-0.044289990065095486,0.6785813203946445,0.8142865406863853,nan,9,,,,,,,,,,,composition,,,,,,,,,,,,,,,,,,
B4,HLgap,0,,,,,,,,,,,,,,,,,,,,50,,113,,618,220,0.45194479546080646,0.5746669164027911,0.4311510981616385,0.4520247348425053,0.6908820143575858,9,0.7278413772583008,0.2551332712173462,,,,,,,,,C3_eigfeat,,,,,,,,,,,,,,,,,30,eig
B4,HLgap,0,,,,,,,,,,,,,,,,,,,,50,,114,,618,220,0.43236921141883333,0.6589935507776317,0.4065991148923971,0.4294217611813015,0.7303542419851982,9,0.8448623418807983,0.1736832708120346,,,,,,,,,C3_msgpass,,,,,,,,,,,,,,,,,13,atom
B4,HLgap,0,molecule,zz,0.1,bytype,3,bytype,eig,0,"[0.000,3.142]",none,1,1,Z,1,ridge,1,adam,adjoint,100,51,13,113,21,645,193,0.5041429230826792,0.561275957251596,0.4384516729295675,0.5061786973267066,0.5641610937821043,11,0.6505331620744452,0.2332182690687247,0.6414967250477605,7.722594316552314,2.2518498318640887,0.10491422941595845,0.35935114872993107,0.5591120063812982,0.0,459.44,zz_bytype_r3,0.5026375488258187,0.4375550871628465,20,0,1.0,1,0.5041429230826792,0.561275957251596,11,0.4384516729295675,0.5061786973267066,0.5641610937821043,0.5595693954651606,11,0.5063463560853312,0.5659288906296885,,
B4,HLgap,0,molecule,xy,0.1,bytype,3,bytype,eig,0,"[0.000,3.142]",none,1,1,Z,1,ridge,1,adam,adjoint,100,51,13,113,21,645,193,0.5695295640179866,0.5006795664851529,0.5185139432987689,0.5603120273985416,0.5214356323066429,11,0.776977939998079,0.2592696090404564,0.666310205613949,6.10763755152024,1.7809407084869078,0.21279662190039997,0.07761568595180784,0.4436914863193973,0.0,473.46,xy_bytype_r3,0.5669800250027948,0.5153799139975215,20,0,1.0,1,0.5695295640179866,0.5006795664851529,11,0.5185139432987689,0.5603120273985416,0.5214356323066429,0.5071958035014683,11,0.5597839755736785,0.5157661493432769,,
B4,HLgap,0,molecule,none,0.0,fixed,3,fixed,eig,0,"[0.000,3.142]",none,1,1,Z,1,ridge,1,adam,adjoint,100,51,13,92,21,645,193,0.6830525075558285,0.24087944033379372,0.5909568797375315,0.6888787971865756,0.46707892273051854,11,0.6643327291813528,0.6286281352478486,0.05374504727096986,1.8818997134979014,0.6333831139889852,0.006496144938609688,0.0,0.0,0.0,339.74,none_r3,0.6284093101531839,0.5496884496180573,20,0,1.0,1,0.6830525075558285,0.24087944033379372,11,0.5909568797375315,0.6888787971865756,0.46707892273051854,0.4020123385590758,11,0.6369003990994285,0.47385996305544176,,
B4,HLgap,0,molecule,xy,0.1,bytype_shuffled,3,bytype_shuffled,eig,0,"[0.000,3.142]",none,1,1,Z,1,ridge,1,adam,adjoint,100,51,13,113,21,645,193,0.7516700162415783,-0.1839595677522594,0.5793786145587931,0.7266260550068045,0.5425293645040986,11,0.776977939998079,0.351766101764999,0.5472637205557358,4.923055457523582,1.435525569499461,0.11778007900035875,0.13073991547844663,0.07208303810157231,0.0,478.85,xy_shuffled_r3,0.682041194157857,0.5436355032835524,20,0,1.0,1,0.7516700162415783,-0.1839595677522594,11,0.5793786145587931,0.7266260550068045,0.5425293645040986,0.1321773243083706,11,0.6620469377185471,0.5165632934249956,,
B4,HLgap,0,,,,,,,,,,,,,,,,,,,,51,,645,,645,193,0.6281508723180614,0.26902368981945424,0.5472616087049186,0.6389547341924534,0.5352976771527304,11,,,,,,,,,,,krr_res,,,,,,,,,,,,,,,,,,
B4,HLgap,0,,,,,,,,,,,,,,,,,,,,51,,0,,645,193,0.8670611115797082,-5.249013197428098e-07,0.6867644479430152,0.8790894037605143,nan,11,,,,,,,,,,,composition,,,,,,,,,,,,,,,,,,
B4,HLgap,0,,,,,,,,,,,,,,,,,,,,51,,112,,645,193,0.41234472647538845,0.7371493139062204,0.35028338038378154,0.41067762238375116,0.7788276167597976,11,0.7349656820297241,0.22040319442749023,,,,,,,,,C3_eigfeat,,,,,,,,,,,,,,,,,30,eig
B4,HLgap,0,,,,,,,,,,,,,,,,,,,,51,,113,,645,193,0.4162542938398601,0.6265865443691094,0.3626064196476299,0.41415735218982397,0.7158592364511841,11,0.8841184377670288,0.16050569713115692,,,,,,,,,C3_msgpass,,,,,,,,,,,,,,,,,13,atom
B4,HLgap,0,molecule,zz,0.1,bytype,3,bytype,eig,0,"[0.000,3.142]",none,1,1,Z,1,ridge,1,adam,adjoint,100,52,13,115,23,618,220,0.45244929123415634,0.5725029957210712,0.38254799192127437,0.4334138444960293,0.6680414587041951,11,0.6063999553964385,0.2433658476480176,0.5986710660476297,9.475686067232232,3.297596189884955,0.6527061187287245,0.11181526872467974,1.0406238621915012,0.0,436.92,zz_bytype_r3,0.44364904381451475,0.37905139768325724,22,0,1.0,1,0.45244929123415634,0.5725029957210712,11,0.38254799192127437,0.4334138444960293,0.6680414587041951,0.5895377308319592,11,0.4260853844546846,0.6664448073028005,,
B4,HLgap,0,molecule,xy,0.1,bytype,3,bytype,eig,0,"[0.000,3.142]",none,1,1,Z,1,ridge,1,adam,adjoint,100,52,13,115,23,618,220,0.5224827081340389,0.4345996301209665,0.4513616431730795,0.5228068326555414,0.6869379757599887,11,0.6569770845596534,0.2762952695522547,0.579444586355025,5.64896671789091,1.9658746600018029,0.1216773554827019,0.1595316855646986,0.23740736641554985,0.0,451.37,xy_bytype_r3,0.519138988130573,0.44428543384118335,22,0,1.0,1,0.5224827081340389,0.4345996301209665,11,0.4513616431730795,0.5228068326555414,0.6869379757599887,0.49499097973346384,11,0.5255796191776168,0.6360404714947757,,
B4,HLgap,0,molecule,none,0.0,fixed,3,fixed,eig,0,"[0.000,3.142]",none,1,1,Z,1,ridge,1,adam,adjoint,100,52,13,92,23,618,220,0.6521240227941755,0.21895508665542462,0.5676111531369115,0.6506071323530118,0.300206945162965,11,0.6206600389152053,0.552909720433932,0.10915849939314247,3.02391991218524,1.2631613685995409,0.02954074555360291,0.0,0.0,0.0,326.06,none_r3,0.6394770636733546,0.5585625439852774,22,0,1.0,1,0.6521240227941755,0.21895508665542462,11,0.5676111531369115,0.6506071323530118,0.300206945162965,0.2488522318043228,11,0.6435769118817068,0.3572614033325679,,
B4,HLgap,0,molecule,xy,0.1,bytype_shuffled,3,bytype_shuffled,eig,0,"[0.000,3.142]",none,1,1,Z,1,ridge,1,adam,adjoint,100,52,13,115,23,618,220,0.5970384676724444,0.25101704108133305,0.49660236294025195,0.5887129949261076,0.5186602512766946,11,0.6569770845596534,0.3337714731415618,0.49195872887214015,9.315071243277586,3.2417012575545736,0.03571968472751858,0.5064805526656658,1.3243980649307827,0.0,461.77,xy_shuffled_r3,0.5767541213458305,0.48263007877838277,22,0,1.0,1,0.5970384676724444,0.25101704108133305,11,0.49660236294025195,0.5887129949261076,0.5186602512766946,0.30212272402594786,11,0.5706191260719597,0.52637795624848,,
B4,HLgap,0,,,,,,,,,,,,,,,,,,,,52,,618,,618,220,0.5267326891173535,0.38679548742128667,0.5045277542623099,0.5202137871615835,0.6426103267324287,11,,,,,,,,,,,krr_res,,,,,,,,,,,,,,,,,,
B4,HLgap,0,,,,,,,,,,,,,,,,,,,,52,,0,,618,220,0.759789936893204,-0.00010764502672766518,0.5966419952497609,0.7682261886792453,nan,11,,,,,,,,,,,composition,,,,,,,,,,,,,,,,,,
B4,HLgap,0,,,,,,,,,,,,,,,,,,,,52,,114,,618,220,0.4020910027718938,0.6840934294456411,0.37407410346589925,0.398609986221206,0.6501733048476237,11,0.7749925851821899,0.2436726689338684,,,,,,,,,C3_eigfeat,,,,,,,,,,,,,,,,,30,eig
B4,HLgap,0,,,,,,,,,,,,,,,,,,,,52,,115,,618,220,0.3688976571259164,0.7239280290659659,0.3203873330837748,0.3678995885778493,0.7539525937278376,11,0.8875749111175537,0.16140055656433105,,,,,,,,,C3_msgpass,,,,,,,,,,,,,,,,,13,atom
B4,HLgap,0,molecule,zz,0.1,bytype,3,bytype,eig,0,"[0.000,3.142]",none,1,1,Z,1,ridge,1,adam,adjoint,100,53,13,115,23,615,223,0.46542422264628136,0.5577296481281654,0.3994601152585273,0.46616969719501167,0.6626313362683136,11,0.8339114400002985,0.2616073316057599,0.6862888322941507,7.386203947551846,2.0995947195211935,0.08240883966679319,0.01924257774753455,0.2835031416155956,0.0,436.68,zz_bytype_r3,0.4644237739840038,0.40290486034954737,22,0,1.0,1,0.46542422264628136,0.5577296481281654,11,0.3994601152585273,0.46616969719501167,0.6626313362683136,0.5663634205561612,11,0.46474564820684544,0.6522791624020504,,
B4,HLgap,0,molecule,xy,0.1,bytype,3,bytype,eig,0,"[0.000,3.142]",none,1,1,Z,1,ridge,1,adam,adjoint,100,53,13,115,23,615,223,0.4650579854734003,0.6185512515307674,0.4390580476050418,0.4641719733134484,0.6895516447510812,11,0.8869014870667867,0.24955893322590533,0.7186170765692801,7.315272580751599,2.079431842319355,0.026831196626908402,0.1795333782688806,0.6289157126396203,0.0,451.49,xy_bytype_r3,0.4552343348203098,0.4289523942486263,22,0,1.0,1,0.4650579854734003,0.6185512515307674,11,0.4390580476050418,0.4641719733134484,0.6895516447510812,0.6256833175441562,11,0.4549227074536557,0.6976381307962606,,
B4,HLgap,0,molecule,none,0.0,fixed,3,fixed,eig,0,"[0.000,3.142]",none,1,1,Z,1,ridge,1,adam,adjoint,100,53,13,92,23,615,223,0.6593146722600924,0.3314765079621965,0.6029884326219995,0.6621455062964704,0.4634876391851211,11,0.7925869779262695,0.5888551661841619,0.2570466301063299,3.6984571105280777,1.2172641264381407,0.0023638866021843314,0.0,0.0,0.0,326.1,none_r3,0.6298818337889539,0.58818229954535,22,0,1.0,1,0.6593146722600924,0.3314765079621965,11,0.6029884326219995,0.6621455062964704,0.4634876391851211,0.34824242718125276,11,0.6344199972954896,0.46187800790745165,,
B4,HLgap,0,molecule,xy,0.1,bytype_shuffled,3,bytype_shuffled,eig,0,"[0.000,3.142]",none,1,1,Z,1,ridge,1,adam,adjoint,100,53,13,115,23,615,223,0.555280887365381,0.47806499305276573,0.5238240143405667,0.5566737311386732,0.5369323818783168,11,0.8869014870667867,0.34353615801140996,0.6126557875694029,8.28205633577776,2.3542487958431737,0.014719629575886354,0.08358649535999768,0.9467954000423403,0.0,461.5,xy_shuffled_r3,0.5378999193081284,0.5096556909102479,22,0,1.0,1,0.555280887365381,0.47806499305276573,11,0.5238240143405667,0.5566737311386732,0.5369323818783168,0.5080702591457875,11,0.5396950870105879,0.5441961368431572,,
B4,HLgap,0,,,,,,,,,,,,,,,,,,,,53,,615,,615,223,0.5677684712494994,0.4178693031386187,0.5078010878536796,0.5677586812970139,0.5740004592876986,11,,,,,,,,,,,krr_res,,,,,,,,,,,,,,,,,,
B4,HLgap,0,,,,,,,,,,,,,,,,,,,,53,,0,,615,223,0.7992765750628897,-4.414314032330502e-05,0.6848164865311904,0.8013762273259022,nan,11,,,,,,,,,,,composition,,,,,,,,,,,,,,,,,,
B4,HLgap,0,,,,,,,,,,,,,,,,,,,,53,,114,,615,223,0.38154012068471704,0.7308802111562452,0.3460867209557881,0.3813229670400907,0.7579461752190517,11,0.764582633972168,0.2471076101064682,,,,,,,,,C3_eigfeat,,,,,,,,,,,,,,,,,30,eig
B4,HLgap,0,,,,,,,,,,,,,,,,,,,,53,,115,,615,223,0.4087508814254253,0.6971066522077063,0.3840454847717551,0.4073758689808608,0.7344106543823443,11,0.9101695418357849,0.17770342528820038,,,,,,,,,C3_msgpass,,,,,,,,,,,,,,,,,13,atom
B4,HLgap,0,molecule,zz,0.1,bytype,3,bytype,eig,0,"[0.000,3.142]",none,1,1,Z,1,ridge,1,adam,adjoint,100,54,13,114,22,619,219,0.5873524457240971,0.39845855585668644,0.5656516475718989,0.5895782762839199,0.5542127597863418,9,0.8528656014989436,0.2416257187058471,0.7166895718608175,8.225775538403855,2.8001210538804973,0.04883290844579134,0.13510714550139327,0.3854105641214514,0.0,441.69,zz_bytype_r3,0.5774634068036661,0.5591644845069691,21,0,1.0,1,0.5873524457240971,0.39845855585668644,9,0.5656516475718989,0.5895782762839199,0.5542127597863418,0.4202858084537674,9,0.5793472865502652,0.5690054103464539,,
B4,HLgap,0,molecule,xy,0.1,bytype,3,bytype,eig,0,"[0.000,3.142]",none,1,1,Z,1,ridge,1,adam,adjoint,100,54,13,114,22,619,219,0.6140583111687464,0.33607257744507935,0.5975350968041221,0.6141858896449842,0.5071357537471448,9,0.8968416380561349,0.23418339304066987,0.738879883467217,9.024427847321487,3.0719888108463618,0.2221021977429633,0.1535551582574575,0.6051802771471259,0.0,454.15,xy_bytype_r3,0.620122861140245,0.6034932307527763,21,0,1.0,1,0.6140583111687464,0.33607257744507935,9,0.5975350968041221,0.6141858896449842,0.5071357537471448,0.3238827342354903,9,0.6208091524167041,0.5004216016707227,,
B4,HLgap,0,molecule,none,0.0,fixed,3,fixed,eig,0,"[0.000,3.142]",none,1,1,Z,1,ridge,1,adam,adjoint,100,54,13,92,22,619,219,0.6417702920857996,0.19744023350341922,0.5833211058701947,0.64444257519278,0.4975255612536609,9,0.8768245230542746,0.5833671272382864,0.3346820123070662,3.554956502541767,1.4400649802528105,0.04504874845660083,0.0,0.0,0.0,327.3,none_r3,0.6088652260614469,0.5402279173010218,21,0,1.0,1,0.6417702920857996,0.19744023350341922,9,0.5833211058701947,0.64444257519278,0.4975255612536609,0.3504135015985903,9,0.6148824624655064,0.59302382459559,,
B4,HLgap,0,molecule,xy,0.1,bytype_shuffled,3,bytype_shuffled,eig,0,"[0.000,3.142]",none,1,1,Z,1,ridge,1,adam,adjoint,100,54,13,114,22,619,219,0.5817979544817827,0.30333396385673506,0.5245709300545371,0.5726369085958063,0.5543355451224167,9,0.8968416380561349,0.3054754135528252,0.6593875656632873,10.601286528546044,3.6087643612703757,0.36328016640722816,0.4161247488486511,1.380664037934486,0.0,462.9,xy_shuffled_r3,0.5679454024971982,0.5123273055141663,21,0,1.0,1,0.5817979544817827,0.30333396385673506,9,0.5245709300545371,0.5726369085958063,0.5543355451224167,0.3412520581502103,9,0.5556113623782716,0.571999685479631,,
B4,HLgap,0,,,,,,,,,,,,,,,,,,,,54,,619,,619,219,0.5729758462015361,0.38617915967463656,0.5623350144259578,0.5850791744215541,0.5268827701053324,9,,,,,,,,,,,krr_res,,,,,,,,,,,,,,,,,,
B4,HLgap,0,,,,,,,,,,,,,,,,,,,,54,,0,,619,219,0.7716965576751424,-0.00032409558580104303,0.6741612369652392,0.7834524683756516,nan,9,,,,,,,,,,,composition,,,,,,,,,,,,,,,,,,
B4,HLgap,0,,,,,,,,,,,,,,,,,,,,54,,113,,619,219,0.504067259429106,0.4577838705725883,0.45459068028001304,0.5012694346194495,0.6627281099192355,9,0.7853350639343262,0.20105254650115967,,,,,,,,,C3_eigfeat,,,,,,,,,,,,,,,,,30,eig
B4,HLgap,0,,,,,,,,,,,,,,,,,,,,54,,114,,619,219,0.44502855109181316,0.5443982042248972,0.4094077776480815,0.4489654064189264,0.7230756202332903,9,0.7844340801239014,0.1323426216840744,,,,,,,,,C3_msgpass,,,,,,,,,,,,,,,,,13,atom
B4,HLgap,0,molecule,zz,0.1,bytype,3,bytype,eig,0,"[0.000,3.142]",none,1,1,Z,1,ridge,1,adam,adjoint,100,55,13,115,23,616,222,0.4460696949466691,0.6264078616307932,0.41925400422018544,0.44844189062202244,0.6149487885068547,10,0.7624746465522313,0.2308547225327784,0.6972296409111299,9.264490500887156,2.57968097633881,0.19875132569457218,0.31760535017886793,0.6565926211660303,0.0,438.0,zz_bytype_r3,0.44046711024291985,0.41099400837838956,22,0,1.0,1,0.4460696949466691,0.6264078616307932,10,0.41925400422018544,0.44844189062202244,0.6149487885068547,0.6457098981637925,10,0.44291564048463267,0.6253015740960144,,
B4,HLgap,0,molecule,xy,0.1,bytype,3,bytype,eig,0,"[0.000,3.142]",none,1,1,Z,1,ridge,1,adam,adjoint,100,55,13,115,23,616,222,0.4479883399269749,0.6352460465194602,0.42076395098471187,0.4499911773040089,0.6584860066357947,10,0.8625267381907568,0.2780536222039718,0.6776289825087402,6.288797238528071,1.7511044561737532,0.04612941290426244,0.06426093724052659,0.6118060996498748,0.0,452.33,xy_bytype_r3,0.43613634352084857,0.4112256199496018,22,0,1.0,1,0.4479883399269749,0.6352460465194602,10,0.42076395098471187,0.4499911773040089,0.6584860066357947,0.6592972622367884,10,0.43879115603756114,0.679085645355846,,
B4,HLgap,0,molecule,none,0.0,fixed,3,fixed,eig,0,"[0.000,3.142]",none,1,1,Z,1,ridge,1,adam,adjoint,100,55,13,92,23,616,222,0.6109943092600756,0.3549630349974955,0.5672408656500385,0.6126999291080878,0.366589013215587,10,0.6930091691891253,0.5866770975814949,0.15343530264115723,3.4418132530062597,1.1060704340049043,0.004155514444616853,0.0,0.0,0.0,325.4,none_r3,0.5495145279959495,0.5177156562740667,22,0,1.0,1,0.6109943092600756,0.3549630349974955,10,0.5672408656500385,0.6126999291080878,0.366589013215587,0.47678324548563844,10,0.5484094126253599,0.4631182871692089,,
B4,HLgap,0,molecule,xy,0.1,bytype_shuffled,3,bytype_shuffled,eig,0,"[0.000,3.142]",none,1,1,Z,1,ridge,1,adam,adjoint,100,55,13,115,23,616,222,0.6227428442288838,0.38299565722084017,0.5493620333558134,0.6211314889132767,0.46838059838069857,10,0.8625267381907568,0.3577590749880472,0.5852197280996928,8.875334097555331,2.471321064868297,0.13075492956768547,0.44773127102404925,1.5098141958509774,0.0,462.73,xy_shuffled_r3,0.5981087543251439,0.5316907712362988,22,0,1.0,1,0.6227428442288838,0.38299565722084017,10,0.5493620333558134,0.6211314889132767,0.46838059838069857,0.42259408422726386,10,0.5960889548732292,0.49052335795912005,,
B4,HLgap,0,,,,,,,,,,,,,,,,,,,,55,,616,,616,222,0.5881762747453745,0.3819596875414796,0.5449877825111976,0.588619339235667,0.5430370693935194,10,,,,,,,,,,,krr_res,,,,,,,,,,,,,,,,,,
B4,HLgap,0,,,,,,,,,,,,,,,,,,,,55,,0,,616,222,0.7937124224874226,-0.006164745387974735,0.6589920059056317,0.7969402793986835,nan,10,,,,,,,,,,,composition,,,,,,,,,,,,,,,,,,
B4,HLgap,0,,,,,,,,,,,,,,,,,,,,55,,114,,616,222,0.41491649373902534,0.662413283137665,0.4031630265184533,0.41780312916885465,0.6396054396649762,10,0.7710148096084595,0.2808561325073242,,,,,,,,,C3_eigfeat,,,,,,,,,,,,,,,,,30,eig
B4,HLgap,0,,,,,,,,,,,,,,,,,,,,55,,115,,616,222,0.4225212674092318,0.6989194654084259,0.4165904466453815,0.42675512898496487,0.7062696859681503,10,0.877811074256897,0.15010416507720947,,,,,,,,,C3_msgpass,,,,,,,,,,,,,,,,,13,atom
B4,HLgap,0,molecule,zz,0.1,bytype,3,bytype,eig,0,"[0.000,3.142]",none,1,1,Z,1,ridge,1,adam,adjoint,100,56,13,115,23,620,218,0.5031114970140061,0.5374997931728942,0.4736379781761233,0.5024079087155405,0.6199956213260676,10,0.7257894090116437,0.23902533551741356,0.6706684713918457,9.399387626439061,2.840544416945933,0.47126316913941607,-0.015920133297716143,0.6512938992771572,0.0,436.86,zz_bytype_r3,0.5056812669686399,0.46856879092172354,22,0,1.0,1,0.5031114970140061,0.5374997931728942,10,0.4736379781761233,0.5024079087155405,0.6199956213260676,0.5295353812445047,10,0.5039189102027509,0.6232386121210383,,
B4,HLgap,0,molecule,xy,0.1,bytype,3,bytype,eig,0,"[0.000,3.142]",none,1,1,Z,1,ridge,1,adam,adjoint,100,56,13,115,23,620,218,0.48302023130067034,0.4995316582653646,0.4601448705413052,0.48756665994992754,0.6587084526424818,10,0.7549239160339442,0.25552703271742483,0.6615194891958683,8.919171663610875,2.695420625231781,0.1144759472560649,0.1023608834187847,0.8047496553173805,0.0,452.37,xy_bytype_r3,0.46548744729532504,0.44352364126171534,22,0,1.0,1,0.48302023130067034,0.4995316582653646,10,0.4601448705413052,0.48756665994992754,0.6587084526424818,0.5583426795412186,10,0.4699656757699734,0.6737583669351256,,
B4,HLgap,0,molecule,none,0.0,fixed,3,fixed,eig,0,"[0.000,3.142]",none,1,1,Z,1,ridge,1,adam,adjoint,100,56,13,92,23,620,218,0.5943821402008951,0.4134377110555967,0.5556667202893621,0.5941995887172478,0.5357988960618939,10,0.6825462293327103,0.6256320517242269,0.0833850883098796,2.602873083559152,0.9199297079890985,0.009894270487884629,0.0,0.0,0.0,325.94,none_r3,0.6234986859250081,0.5700834469213492,22,0,1.0,1,0.5943821402008951,0.4134377110555967,10,0.5556667202893621,0.5941995887172478,0.5357988960618939,0.35509390536860463,10,0.6273164343729055,0.512354307431469,,
B4,HLgap,0,molecule,xy,0.1,bytype_shuffled,3,bytype_shuffled,eig,0,"[0.000,3.142]",none,1,1,Z,1,ridge,1,adam,adjoint,100,56,13,115,23,620,218,0.5940260471131894,0.4031117834180351,0.5523629968593045,0.5958828164014924,0.54120046183272,10,0.7549239160339442,0.41864886510515226,0.44544230721347516,11.11348742008601,3.3585543972170218,0.15407850113189178,-0.09471484071877878,2.063149436657541,0.0,460.51,xy_shuffled_r3,0.5860326212337258,0.5471980472919968,22,0,1.0,1,0.5940260471131894,0.4031117834180351,10,0.5523629968593045,0.5958828164014924,0.54120046183272,0.42212608175994415,10,0.5886040094189994,0.538829575812069,,
B4,HLgap,0,,,,,,,,,,,,,,,,,,,,56,,620,,620,218,0.6240646192169302,0.296968299249349,0.610958072198679,0.6218939317054294,0.5044630561941466,10,,,,,,,,,,,krr_res,,,,,,,,,,,,,,,,,,
B4,HLgap,0,,,,,,,,,,,,,,,,,,,,56,,0,,620,218,0.8032376014353357,-0.008333323914787139,0.7036060982879634,0.8099307917696713,nan,10,,,,,,,,,,,composition,,,,,,,,,,,,,,,,,,
B4,HLgap,0,,,,,,,,,,,,,,,,,,,,56,,114,,620,218,0.42042884559152727,0.6890067097696886,0.3921908435756794,0.4226417962650829,0.7033553564304671,10,0.7514532804489136,0.25753548741340637,,,,,,,,,C3_eigfeat,,,,,,,,,,,,,,,,,30,eig
B4,HLgap,0,,,,,,,,,,,,,,,,,,,,56,,115,,620,218,0.3573226812358077,0.7499576264322803,0.3552176547447905,0.35955156161177426,0.7007634891600825,10,0.8049244284629822,0.15628927946090698,,,,,,,,,C3_msgpass,,,,,,,,,,,,,,,,,13,atom
B4,HLgap,0,molecule,zz,0.1,bytype,3,bytype,eig,0,"[0.000,3.142]",none,1,1,Z,1,ridge,1,adam,adjoint,100,57,13,113,21,643,195,0.48404295822251564,0.5453723149267352,0.4619339236302647,0.48121048413545214,0.6735128095284345,12,0.6608593652207679,0.20622708435371315,0.6879410428195709,9.14426536407731,3.2235730646975953,0.02995368328754437,-0.0038108536281126378,0.8753292889750851,0.0,457.38,zz_bytype_r3,0.47375779437467275,0.4541768595647055,20,0,1.0,1,0.48404295822251564,0.5453723149267352,12,0.4619339236302647,0.48121048413545214,0.6735128095284345,0.5675081068275913,12,0.4725590195527239,0.68160906512469,,
B4,HLgap,0,molecule,xy,0.1,bytype,3,bytype,eig,0,"[0.000,3.142]",none,1,1,Z,1,ridge,1,adam,adjoint,100,57,13,113,21,643,195,0.5893194047458908,0.40666747968487826,0.5591752761856276,0.5923801902652783,0.5909084578615829,12,0.741895789239977,0.2464774344039388,0.6677735094622406,4.933098872620474,1.7390357801448193,0.1202536871657282,0.008173433279535463,0.1548105919200997,0.0,477.4,xy_bytype_r3,0.5713239610371585,0.547844854701778,20,0,1.0,1,0.5893194047458908,0.40666747968487826,12,0.5591752761856276,0.5923801902652783,0.5909084578615829,0.4370772563539803,12,0.575037079179293,0.5983351341945091,,
B4,HLgap,0,molecule,none,0.0,fixed,3,fixed,eig,0,"[0.000,3.142]",none,1,1,Z,1,ridge,1,adam,adjoint,100,57,13,92,21,643,195,0.6361319296469224,0.25910853853194504,0.5861899231884024,0.6442134091641006,0.46433732933732924,12,0.607515705902196,0.5481974657492679,0.0976406693302473,2.1697470215773698,0.9122607065216668,0.003066089353611025,0.0,0.0,0.0,342.69,none_r3,0.5809441078383519,0.5465504317080571,20,0,1.0,1,0.6361319296469224,0.25910853853194504,12,0.5861899231884024,0.6442134091641006,0.46433732933732924,0.4087837026121631,12,0.5849522242154157,0.5286943727568728,,
B4,HLgap,0,molecule,xy,0.1,bytype_shuffled,3,bytype_shuffled,eig,0,"[0.000,3.142]",none,1,1,Z,1,ridge,1,adam,adjoint,100,57,13,113,21,643,195,0.6528275657422016,0.27009896688200374,0.5806900360996488,0.6445400287317394,0.5659623738529987,12,0.741895789239977,0.3412533842487376,0.5400251771231522,5.693170151742295,2.006979152857142,0.020002486475756164,0.1178852416800353,0.21403006366539457,0.0,484.31,xy_shuffled_r3,0.632376948076658,0.5651428554743029,20,0,1.0,1,0.6528275657422016,0.27009896688200374,12,0.5806900360996488,0.6445400287317394,0.5659623738529987,0.3126353486164489,12,0.6237518764272313,0.5653408657314907,,
B4,HLgap,0,,,,,,,,,,,,,,,,,,,,57,,643,,643,195,0.6574228449385284,0.18099472831236496,0.6144537887807674,0.6437735039319118,0.5471418714387465,12,,,,,,,,,,,krr_res,,,,,,,,,,,,,,,,,,
B4,HLgap,0,,,,,,,,,,,,,,,,,,,,57,,0,,643,195,0.7624736068189975,-0.001543286991981585,0.7003491423358804,0.7721053625603669,nan,12,,,,,,,,,,,composition,,,,,,,,,,,,,,,,,,
B4,HLgap,0,,,,,,,,,,,,,,,,,,,,57,,112,,643,195,0.538425665947137,0.4527975462354772,0.5281754827392516,0.5382499414208636,0.5594193219974469,12,0.7266886234283447,0.24322305619716644,,,,,,,,,C3_eigfeat,,,,,,,,,,,,,,,,,30,eig
B4,HLgap,0,,,,,,,,,,,,,,,,,,,,57,,113,,643,195,0.4218195011812774,0.6775924205820215,0.40852186304947086,0.4250843367491967,0.734884416190362,12,0.7573640942573547,0.12605075538158417,,,,,,,,,C3_msgpass,,,,,,,,,,,,,,,,,13,atom
B4,HLgap,0,molecule,zz,0.1,bytype,3,bytype,eig,0,"[0.000,3.142]",none,1,1,Z,1,ridge,1,adam,adjoint,100,58,13,114,22,623,215,0.49000495326827664,0.5806827945302258,0.46002854350456374,0.49295002968378593,0.5491143951852504,13,0.6292819454505708,0.22040723876400045,0.6497480336795819,10.854890792492553,3.5461580906852297,0.04181703111620057,-0.025925032761005908,0.9555708472536,0.0,445.36,zz_bytype_r3,0.4777017846932893,0.44361169352191904,21,0,1.0,1,0.49000495326827664,0.5806827945302258,13,0.46002854350456374,0.49295002968378593,0.5491143951852504,0.6101851207276763,13,0.4789016792360905,0.5745378790403379,,
B4,HLgap,0,molecule,xy,0.1,bytype,3,bytype,eig,0,"[0.000,3.142]",none,1,1,Z,1,ridge,1,adam,adjoint,100,58,13,114,22,623,215,0.5172782384237371,0.5208514181719895,0.4723267799423034,0.5110913630656669,0.6153563271500345,13,0.7122328571422901,0.24529952113688952,0.6555908384778667,7.414839731470844,2.422336107063849,0.015681735494062824,0.09358005982045191,0.7150766823803113,0.0,457.79,xy_bytype_r3,0.5073846284186954,0.46501469537726364,21,0,1.0,1,0.5172782384237371,0.5208514181719895,13,0.4723267799423034,0.5110913630656669,0.6153563271500345,0.5425046360657027,13,0.5023314435490571,0.6224813388101224,,
B4,HLgap,0,molecule,none,0.0,fixed,3,fixed,eig,0,"[0.000,3.142]",none,1,1,Z,1,ridge,1,adam,adjoint,100,58,13,92,22,623,215,0.6194663727740605,0.3356986981984208,0.6031872736178969,0.621020869307088,0.4326214261067232,13,0.6442022609173326,0.5836799921488226,0.09394917161937205,2.7130263454870365,1.0466975647198924,0.056686098210017355,0.0,0.0,0.0,328.98,none_r3,0.6103986714536449,0.589850270168747,21,0,1.0,1,0.6194663727740605,0.3356986981984208,13,0.6031872736178969,0.621020869307088,0.4326214261067232,0.35736902046976604,13,0.6122523547056091,0.44921013956667305,,
B4,HLgap,0,molecule,xy,0.1,bytype_shuffled,3,bytype_shuffled,eig,0,"[0.000,3.142]",none,1,1,Z,1,ridge,1,adam,adjoint,100,58,13,114,22,623,215,0.6163314521354994,-0.2795376715118345,0.5907720558045184,0.6173566381121316,0.5372644147044487,13,0.7122328571422901,0.3483045810952552,0.5109681088109773,7.119037810825546,2.3257012910911232,0.45852170944632015,-0.028237499263873846,0.808602180846162,0.0,464.59,xy_shuffled_r3,0.5831226678645854,0.5587770040771619,21,0,1.0,1,0.6163314521354994,-0.2795376715118345,13,0.5907720558045184,0.6173566381121316,0.5372644147044487,0.11374822911535132,13,0.5849399709387961,0.5403399678000742,,
B4,HLgap,0,,,,,,,,,,,,,,,,,,,,58,,623,,623,215,0.5389806809107248,0.5330877528991067,0.5258339947632117,0.5397729595243577,0.5749075085247806,13,,,,,,,,,,,krr_res,,,,,,,,,,,,,,,,,,
B4,HLgap,0,,,,,,,,,,,,,,,,,,,,58,,0,,623,215,0.7736613977304118,-0.001335401074857634,0.6922373262093701,0.7792762197749782,nan,13,,,,,,,,,,,composition,,,,,,,,,,,,,,,,,,
B4,HLgap,0,,,,,,,,,,,,,,,,,,,,58,,113,,623,215,0.46058518061619097,0.4789614304060533,0.44781475340010984,0.4614727078591656,0.6289579365615596,13,0.777004599571228,0.24275533854961395,,,,,,,,,C3_eigfeat,,,,,,,,,,,,,,,,,30,eig
B4,HLgap,0,,,,,,,,,,,,,,,,,,,,58,,114,,623,215,0.3749934432660031,0.7568447593896803,0.3622796093109673,0.3776032166128157,0.7450776258626326,13,0.8268644213676453,0.16223333775997162,,,,,,,,,C3_msgpass,,,,,,,,,,,,,,,,,13,atom
B4,HLgap,0,molecule,zz,0.1,bytype,3,bytype,eig,0,"[0.000,3.142]",none,1,1,Z,1,ridge,1,adam,adjoint,100,59,13,113,21,633,205,0.5650980072068471,0.46285269414290775,0.48861147101532343,0.5724101324372562,0.6060034526844611,12,0.6920756270678567,0.21751314116373954,0.6857089996287172,8.565852609614181,2.80845289800608,0.3566419452763585,0.02310996980541397,0.6257170740646559,0.0,451.34,zz_bytype_r3,0.5321738579579048,0.4822097870117475,20,0,1.0,1,0.5650980072068471,0.46285269414290775,12,0.48861147101532343,0.5724101324372562,0.6060034526844611,0.5027777973672406,12,0.5390737320745013,0.6120340546317071,,
B4,HLgap,0,molecule,xy,0.1,bytype,3,bytype,eig,0,"[0.000,3.142]",none,1,1,Z,1,ridge,1,adam,adjoint,100,59,13,113,21,633,205,0.5929492120676515,0.12133937613732504,0.5347007858119529,0.5952436062441212,0.5881368444907409,12,0.7828930219260379,0.24486637178881454,0.6872288231840343,6.612363636092577,2.167970039037441,0.7944652416800095,0.09043167301333406,0.3101775026267247,0.0,463.0,xy_bytype_r3,0.5741162414857174,0.5159484831682679,20,0,1.0,1,0.5929492120676515,0.12133937613732504,12,0.5347007858119529,0.5952436062441212,0.5881368444907409,0.3105325678203239,12,0.5766590088672412,0.5886185873395061,,
B4,HLgap,0,molecule,none,0.0,fixed,3,fixed,eig,0,"[0.000,3.142]",none,1,1,Z,1,ridge,1,adam,adjoint,100,59,13,92,21,633,205,0.7123366241518909,0.17585875332757972,0.6536358587147448,0.7124672452613073,0.251887178495032,12,0.6266776667475417,0.5670895861789782,0.09508569353975181,2.9875998001457087,1.1527266413505344,0.05528109285292561,0.0,0.0,0.0,330.86,none_r3,0.6664206115691069,0.6180377203394549,20,0,1.0,1,0.7123366241518909,0.17585875332757972,12,0.6536358587147448,0.7124672452613073,0.251887178495032,0.21068328429459782,12,0.6745152009957618,0.2715276183785389,,
B4,HLgap,0,molecule,xy,0.1,bytype_shuffled,3,bytype_shuffled,eig,0,"[0.000,3.142]",none,1,1,Z,1,ridge,1,adam,adjoint,100,59,13,113,21,633,205,0.585430350681234,0.38073301824928996,0.521060221807777,0.5854028770426033,0.5444414698106578,12,0.7828930219260379,0.3338366457045757,0.573585871434534,5.261298527744344,1.7250015580392137,0.2233459928655995,0.15760553706326158,0.10297662099383953,0.0,471.46,xy_shuffled_r3,0.5698068353516922,0.5126744356911707,20,0,1.0,1,0.585430350681234,0.38073301824928996,12,0.521060221807777,0.5854028770426033,0.5444414698106578,0.4037436204429836,12,0.5710544493230534,0.5633467953514479,,
B4,HLgap,0,,,,,,,,,,,,,,,,,,,,59,,633,,633,205,0.7422753863534373,0.012382956600107908,0.7022307964439275,0.7489661952515282,0.23354368718391033,12,,,,,,,,,,,krr_res,,,,,,,,,,,,,,,,,,
B4,HLgap,0,,,,,,,,,,,,,,,,,,,,59,,0,,633,205,0.7888082568412129,-0.0031474151715231713,0.6360421467048154,0.789275960411214,nan,12,,,,,,,,,,,composition,,,,,,,,,,,,,,,,,,
B4,HLgap,0,,,,,,,,,,,,,,,,,,,,59,,112,,633,205,0.5131450967604578,0.5201090790280813,0.4568278454367874,0.5184853483359345,0.7026694827879136,12,0.7806327939033508,0.2858372926712036,,,,,,,,,C3_eigfeat,,,,,,,,,,,,,,,,,30,eig
B4,HLgap,0,,,,,,,,,,,,,,,,,,,,59,,113,,633,205,0.3810371441160555,0.7547828105545791,0.3611118811384583,0.3834775383368504,0.767270992966325,12,0.9048004746437073,0.18843945860862732,,,,,,,,,C3_msgpass,,,,,,,,,,,,,,,,,13,atom
B4,HLgap,0,molecule,zz,0.1,bytype,3,bytype,eig,0,"[0.000,3.142]",none,1,1,Z,1,ridge,1,adam,adjoint,100,60,13,114,22,625,213,0.42979555883589443,0.6117089374471616,0.3786850582210366,0.40312891511374427,0.7067789551517355,9,0.6814805429541886,0.238839517924144,0.6495284855987449,7.941825208983105,2.57228721882613,0.1443215715587148,0.1462919707274054,0.7278717348192457,0.0,444.51,zz_bytype_r3,0.4104066522741778,0.37396254507976034,21,0,1.0,1,0.42979555883589443,0.6117089374471616,9,0.3786850582210366,0.40312891511374427,0.7067789551517355,0.6796740834248822,9,0.3952606491960902,0.6815254305825819,,
B4,HLgap,0,molecule,xy,0.1,bytype,3,bytype,eig,0,"[0.000,3.142]",none,1,1,Z,1,ridge,1,adam,adjoint,100,60,13,114,22,625,213,0.4769813420812146,0.5816963376567064,0.4327857592258977,0.4733348519406484,0.6889627767780788,9,0.7728533473036833,0.25465108590109664,0.6705052947114498,6.511627933598101,2.1090589211658424,0.437341517847992,-0.01941817548055711,0.6579238102985892,0.0,463.98,xy_bytype_r3,0.473785384452017,0.4359605731868078,21,0,1.0,1,0.4769813420812146,0.5816963376567064,9,0.4327857592258977,0.4733348519406484,0.6889627767780788,0.5820402235080983,9,0.472281734392691,0.6879030359377374,,
B4,HLgap,0,molecule,none,0.0,fixed,3,fixed,eig,0,"[0.000,3.142]",none,1,1,Z,1,ridge,1,adam,adjoint,100,60,13,92,22,625,213,0.6466351840439725,0.2924641078283948,0.5908410925855986,0.6176796133809035,0.4494930679883185,9,0.679021090619373,0.5987613135543594,0.11819924030902225,2.428609692450669,0.9275113567620933,0.025786550268577253,0.0,0.0,0.0,328.16,none_r3,0.6350917121323995,0.5839199126166156,21,0,1.0,1,0.6466351840439725,0.2924641078283948,9,0.5908410925855986,0.6176796133809035,0.4494930679883185,0.34646782859767955,9,0.6120705431471503,0.4393729252958512,,
B4,HLgap,0,molecule,xy,0.1,bytype_shuffled,3,bytype_shuffled,eig,0,"[0.000,3.142]",none,1,1,Z,1,ridge,1,adam,adjoint,100,60,13,114,22,625,213,0.521419493304837,0.539256907924744,0.4844892030137813,0.5033517405149455,0.6854499279753673,9,0.7728533473036833,0.39106540525392103,0.49399791484598865,5.7622369329706915,1.8663377780919783,0.5476426311428986,0.2514602849618057,0.49186753160185454,0.0,465.56,xy_shuffled_r3,0.4873604434235515,0.46365629837236094,21,0,1.0,1,0.521419493304837,0.539256907924744,9,0.4844892030137813,0.5033517405149455,0.6854499279753673,0.5971605248537585,9,0.4702009028680166,0.6588284921780103,,
B4,HLgap,0,,,,,,,,,,,,,,,,,,,,60,,625,,625,213,0.5541748081344495,0.5226706000604897,0.5367959539667351,0.5590598305535649,0.5980460360891758,9,,,,,,,,,,,krr_res,,,,,,,,,,,,,,,,,,
B4,HLgap,0,,,,,,,,,,,,,,,,,,,,60,,0,,625,213,0.8480581974460095,-0.0007915303962644504,0.7299245023038465,0.8613325895258538,nan,9,,,,,,,,,,,composition,,,,,,,,,,,,,,,,,,
B4,HLgap,0,,,,,,,,,,,,,,,,,,,,60,,113,,625,213,0.4544759069173693,0.5523029790534575,0.4173271711295394,0.4521353943626983,0.6676318878700143,9,0.776394248008728,0.2303052544593811,,,,,,,,,C3_eigfeat,,,,,,,,,,,,,,,,,30,eig
B4,HLgap,0,,,,,,,,,,,,,,,,,,,,60,,114,,625,213,0.42043611487441124,0.7143362542560439,0.4113250911084999,0.41565909564237713,0.6881688161959125,9,0.8997929692268372,0.14924411475658417,,,,,,,,,C3_msgpass,,,,,,,,,,,,,,,,,13,atom
B4,HLgap,0,molecule,zz,0.1,bytype,3,bytype,eig,0,"[0.000,3.142]",none,1,1,Z,1,ridge,1,adam,adjoint,100,61,13,113,21,626,212,0.46942930289531526,0.4295610445381991,0.4525879470053369,0.47504457532027033,0.6219556383639184,12,0.7800373175372958,0.19615221414643672,0.7485348332234655,7.877687475255316,2.579101738297343,0.058533225160151824,0.3137968712101551,0.5447669005372364,0.0,442.88,zz_bytype_r3,0.4668502647653553,0.44904190540054434,20,0,1.0,1,0.46942930289531526,0.4295610445381991,12,0.4525879470053369,0.47504457532027033,0.6219556383639184,0.4435620542340586,12,0.47223628165081444,0.6020738519723039,,
B4,HLgap,0,molecule,xy,0.1,bytype,3,bytype,eig,0,"[0.000,3.142]",none,1,1,Z,1,ridge,1,adam,adjoint,100,61,13,113,21,626,212,0.5345034494116346,0.19771954354864407,0.4881334113957534,0.5254621916437694,0.6630860218380815,12,0.8308138901999406,0.18625856448552777,0.7758119276981473,6.808874645382741,2.229179627767118,0.015846181716844033,-0.025645617594458048,0.6568059452188012,0.0,459.86,xy_bytype_r3,0.5141210669365539,0.47620520663181615,20,0,1.0,1,0.5345034494116346,0.19771954354864407,12,0.4881334113957534,0.5254621916437694,0.6630860218380815,0.2970508209464032,12,0.5060023326650913,0.6564580488741051,,
B4,HLgap,0,molecule,none,0.0,fixed,3,fixed,eig,0,"[0.000,3.142]",none,1,1,Z,1,ridge,1,adam,adjoint,100,61,13,92,21,626,212,0.6408838290975543,0.015958080454049006,0.6023100712276052,0.6425699377800766,0.28027036616801543,12,0.7505242122457209,0.525142166105718,0.30029950061919264,3.124185586635776,1.203381074428695,0.00338472540852013,0.0,0.0,0.0,329.9,none_r3,0.6047980500253839,0.5470579552825333,20,0,1.0,1,0.6408838290975543,0.015958080454049006,12,0.6023100712276052,0.6425699377800766,0.28027036616801543,0.13800224940797412,12,0.6053465009407517,0.3522493748007978,,
B4,HLgap,0,molecule,xy,0.1,bytype_shuffled,3,bytype_shuffled,eig,0,"[0.000,3.142]",none,1,1,Z,1,ridge,1,adam,adjoint,100,61,13,113,21,626,212,0.5420474678868599,0.24954249691737518,0.5246064921008121,0.5403654869411528,0.4717415433042164,12,0.8308138901999406,0.3612958141715465,0.565130267520445,5.835140753595452,1.9103857201849639,0.4414427984290798,-0.05516692868486837,0.07018964317410965,0.0,464.2,xy_shuffled_r3,0.5322992949942584,0.5113337752450041,20,0,1.0,1,0.5420474678868599,0.24954249691737518,12,0.5246064921008121,0.5403654869411528,0.4717415433042164,0.28196582900189127,12,0.5296051157977394,0.47793548280364156,,
B4,HLgap,0,,,,,,,,,,,,,,,,,,,,61,,626,,626,212,0.6354954543948662,-0.011145958138855327,0.5732630116421992,0.6378326108552866,0.39492865514086417,12,,,,,,,,,,,krr_res,,,,,,,,,,,,,,,,,,
B4,HLgap,0,,,,,,,,,,,,,,,,,,,,61,,0,,626,212,0.6923168965127494,-0.06369918032430433,0.601021556843143,0.6923669384410779,nan,12,,,,,,,,,,,composition,,,,,,,,,,,,,,,,,,
B4,HLgap,0,,,,,,,,,,,,,,,,,,,,61,,112,,626,212,0.5566633341396687,0.22610801766986577,0.4895051364776658,0.5588497831957984,0.5596104979923747,12,0.7664273977279663,0.24822485446929932,,,,,,,,,C3_eigfeat,,,,,,,,,,,,,,,,,30,eig
B4,HLgap,0,,,,,,,,,,,,,,,,,,,,61,,113,,626,212,0.37533051124984135,0.6211475327303573,0.35498026863131427,0.3710608332517862,0.7596331802314719,12,0.824036717414856,0.1311999410390854,,,,,,,,,C3_msgpass,,,,,,,,,,,,,,,,,13,atom
B5,DIP,0,molecule,zz,0.1,bytype,3,bytype,eig,0,"[0.000,3.142]",none,1,1,Z,1,ridge,1,adam,adjoint,100,42,13,114,22,150,54,0.2239960158251343,-0.45833093422901605,0.19338394592941807,0.23502160471222563,-0.018333333333333358,10,0.7153063842595473,0.22106154698228106,0.690955439729349,8.263294660332136,3.273345721280696,0.040255072792039444,0.018698380401605184,0.7358941845935835,0.0,111.8,zz_bytype_r3,0.218248418475399,0.18557915087579388,21,0,1.0,1,0.2239960158251343,-0.45833093422901605,10,0.19338394592941807,0.23502160471222563,-0.018333333333333358,-0.32679178464622183,10,0.22852710965779433,0.019666666666666652,,
B5,DIP,0,molecule,xy,0.1,bytype,3,bytype,eig,0,"[0.000,3.142]",none,1,1,Z,1,ridge,1,adam,adjoint,100,42,13,114,22,150,54,0.2586003922382416,-0.479622814054937,0.19122606801958628,0.2496026033331863,0.12766666666666665,10,0.8174972477886409,0.11764006429843939,0.8560972962090576,10.727259036558047,4.249397959502946,0.13678346338967248,0.19195020614267808,0.6161389029882179,0.0,116.86,xy_bytype_r3,0.2604441113782132,0.1926327323052859,21,0,1.0,1,0.2586003922382416,-0.479622814054937,10,0.19122606801958628,0.2496026033331863,0.12766666666666665,-0.504818374801423,10,0.25115460041595383,0.12766666666666665,,
B5,DIP,0,molecule,none,0.0,fixed,3,fixed,eig,0,"[0.000,3.142]",none,1,1,Z,1,ridge,1,adam,adjoint,100,42,13,92,22,150,54,0.23388698450754408,-0.2163958116246174,0.16378661786373425,0.2306424332887525,-0.06566666666666664,10,0.8777193127263232,0.625338986032945,0.2875410430578864,3.4420263878535513,1.6746448125426672,0.008470809958267503,0.0,0.0,0.0,83.64,none_r3,0.24318092669990346,0.16033307555963192,21,0,1.0,1,0.23388698450754408,-0.2163958116246174,10,0.16378661786373425,0.2306424332887525,-0.06566666666666664,-0.36266204693775417,10,0.23590703861422405,0.05899999999999998,,
B5,DIP,0,molecule,xy,0.1,bytype_shuffled,3,bytype_shuffled,eig,0,"[0.000,3.142]",none,1,1,Z,1,ridge,1,adam,adjoint,100,42,13,114,22,150,54,0.27450995818161594,-0.636571443462917,0.23270241599882166,0.2701654981125448,-0.08199999999999999,10,0.8174972477886409,0.2271042711010011,0.722195675012575,11.499032228121308,4.555121109680578,0.02773259684932466,-0.035845097588566216,1.0655726856528214,0.0,117.97,xy_shuffled_r3,0.2738680320465855,0.23434250662662123,21,0,1.0,1,0.27450995818161594,-0.636571443462917,10,0.23270241599882166,0.2701654981125448,-0.08199999999999999,-0.599513004741675,10,0.2722180163690559,-0.07266666666666667,,
B5,DIP,0,,,,,,,,,,,,,,,,,,,,42,,150,,150,54,0.23926575900810826,-0.2096630907366377,0.1869544118980406,0.2472736759166664,0.15166666666666667,10,,,,,,,,,,,krr_res,,,,,,,,,,,,,,,,,,
B5,DIP,0,,,,,,,,,,,,,,,,,,,,42,,0,,150,54,0.23350689382716047,-0.15786259822400361,0.16648908506265664,0.23791646426666663,nan,10,,,,,,,,,,,composition,,,,,,,,,,,,,,,,,,
B5,DIP,0,,,,,,,,,,,,,,,,,,,,42,,113,,150,54,0.22524406995101812,-0.5761882441214183,0.17881608284762573,0.2215813926788177,0.3833333333333333,10,0.7395493388175964,0.289373517036438,,,,,,,,,C3_eigfeat,,,,,,,,,,,,,,,,,30,eig
B5,DIP,0,,,,,,,,,,,,,,,,,,,,42,,114,,150,54,0.20406697863268392,0.10731540932451766,0.16187393113705142,0.2051932102410744,0.4216242890413148,10,0.7168132662773132,0.2479603886604309,,,,,,,,,C3_msgpass,,,,,,,,,,,,,,,,,13,atom
B5,DIP,0,molecule,zz,0.1,bytype,3,bytype,eig,0,"[0.000,3.142]",none,1,1,Z,1,ridge,1,adam,adjoint,100,43,13,115,23,159,45,0.25909243319136643,-0.37610872174794996,0.19783614794373586,0.27082807130132364,0.11892857142857147,9,0.7668121790339048,0.14760183328798984,0.8075124035276133,13.40805184063898,4.539513120296689,0.025329423751215482,0.0727430267758009,1.0154107277209938,0.0,120.64,zz_bytype_r3,0.25955552449781605,0.19892163190269613,22,0,1.0,1,0.25909243319136643,-0.37610872174794996,9,0.19783614794373586,0.27082807130132364,0.11892857142857147,-0.3890363230423344,9,0.27201887608101555,0.15321428571428575,,
B5,DIP,0,molecule,xy,0.1,bytype,3,bytype,eig,0,"[0.000,3.142]",none,1,1,Z,1,ridge,1,adam,adjoint,100,43,13,115,23,159,45,0.42966548063740206,-6.037340631978383,0.3735807579139714,0.4325099498490079,0.28690476190476194,9,0.8525853458692289,0.13590005821655984,0.8406023996600518,9.950135842481464,3.3687796514013457,0.182870024708824,0.09640420793803585,0.7676961055017362,0.0,124.75,xy_bytype_r3,0.38115776806544793,0.3012958116403326,22,0,1.0,1,0.42966548063740206,-6.037340631978383,9,0.3735807579139714,0.4325099498490079,0.28690476190476194,-2.9620816113475126,9,0.3821898852236976,0.28690476190476194,,
B5,DIP,0,molecule,none,0.0,fixed,3,fixed,eig,0,"[0.000,3.142]",none,1,1,Z,1,ridge,1,adam,adjoint,100,43,13,92,23,159,45,0.23033183662090823,-0.09965197067746501,0.15474389903576688,0.21526237221197433,0.13857142857142857,9,0.866358322111816,0.6935881583307955,0.19942113946557327,3.1262300750184306,1.2636088023234224,0.002648190006221175,0.0,0.0,0.0,89.09,none_r3,0.22142386283778892,0.15440585124905282,22,0,1.0,1,0.23033183662090823,-0.09965197067746501,9,0.15474389903576688,0.21526237221197433,0.13857142857142857,-0.01197257453517997,9,0.21065955439747946,0.17071428571428576,,
B5,DIP,0,molecule,xy,0.1,bytype_shuffled,3,bytype_shuffled,eig,0,"[0.000,3.142]",none,1,1,Z,1,ridge,1,adam,adjoint,100,43,13,115,23,159,45,0.29590458591368607,-0.9980178230285299,0.1660416750651458,0.2639754642091269,0.2530952380952381,9,0.8525853458692289,0.2221336935668497,0.7394587009463789,10.879730359658495,3.683508931794693,0.041396829648447285,0.26258357096679025,0.7480892131991178,0.0,126.49,xy_shuffled_r3,0.2976430947321269,0.16913066912098626,22,0,1.0,1,0.29590458591368607,-0.9980178230285299,9,0.1660416750651458,0.2639754642091269,0.2530952380952381,-0.9973245115295042,9,0.2675804425334343,0.2530952380952381,,
B5,DIP,0,,,,,,,,,,,,,,,,,,,,43,,159,,159,45,0.19211543449665133,0.15094570102094995,0.14140468347140983,0.17636843550931589,0.2947619047619048,9,,,,,,,,,,,krr_res,,,,,,,,,,,,,,,,,,
B5,DIP,0,,,,,,,,,,,,,,,,,,,,43,,0,,159,45,0.23792140740740741,-0.11243930343522268,0.15382909041666665,0.2373530333333333,nan,9,,,,,,,,,,,composition,,,,,,,,,,,,,,,,,,
B5,DIP,0,,,,,,,,,,,,,,,,,,,,43,,114,,159,45,0.23191588927856238,-0.021657564736703883,0.19447360769054717,0.23221532389178234,0.19166666666666668,9,0.7375856637954712,0.33734074234962463,,,,,,,,,C3_eigfeat,,,,,,,,,,,,,,,,,30,eig
B5,DIP,0,,,,,,,,,,,,,,,,,,,,43,,115,,159,45,0.22571191472997315,-0.6083708554944127,0.19425201765771694,0.23393216642350714,0.5477628652449215,9,0.8186936378479004,0.21682578325271606,,,,,,,,,C3_msgpass,,,,,,,,,,,,,,,,,13,atom
B5,DIP,0,molecule,zz,0.1,bytype,3,bytype,eig,0,"[0.000,3.142]",none,1,1,Z,1,ridge,1,adam,adjoint,100,44,13,114,22,153,51,0.2257495076365146,0.03959778122153612,0.1790364546204602,0.23039151663782992,0.21888371533343937,7,0.695295139034177,0.15606885242112392,0.7755358211795979,8.396051522623157,2.906462482538629,0.05755342067086584,0.5219978623348508,0.5516998828958963,0.0,114.62,zz_bytype_r3,0.22439990472460566,0.18006429778396973,21,0,1.0,1,0.2257495076365146,0.03959778122153612,7,0.1790364546204602,0.23039151663782992,0.21888371533343937,0.07098133054785616,7,0.2307586273633642,0.23988250386487026,,
B5,DIP,0,molecule,xy,0.1,bytype,3,bytype,eig,0,"[0.000,3.142]",none,1,1,Z,1,ridge,1,adam,adjoint,100,44,13,114,22,153,51,0.3885925873968053,-13.701086549545275,0.206387452979976,0.24637899892497966,0.38455102240605,7,0.7581962096542512,0.17523841011018373,0.7688745896130303,9.191362143148371,3.1817752857405397,0.23898839906413932,0.22283399117873023,0.7882412381441916,0.0,119.21,xy_bytype_r3,0.2882372478350126,0.21018545224882185,21,0,1.0,1,0.3885925873968053,-13.701086549545275,7,0.206387452979976,0.24637899892497966,0.38455102240605,-1.0893431966799092,7,0.2562643129842601,0.38455102240605,,
B5,DIP,0,molecule,none,0.0,fixed,3,fixed,eig,0,"[0.000,3.142]",none,1,1,Z,1,ridge,1,adam,adjoint,100,44,13,92,22,153,51,0.27292602401445054,-0.5837235217516814,0.23500875454863876,0.2691857724555397,-0.17673337901834332,7,0.8100232419439455,0.6329822257663412,0.2185628843843171,3.993364534419698,1.650347594508081,0.5110417358586243,0.0,0.0,0.0,85.28,none_r3,0.2647935694978221,0.2230411858618229,21,0,1.0,1,0.27292602401445054,-0.5837235217516814,7,0.23500875454863876,0.2691857724555397,-0.17673337901834332,-0.45146905329377707,7,0.26755304576296357,-0.03608656901495773,,
B5,DIP,0,molecule,xy,0.1,bytype_shuffled,3,bytype_shuffled,eig,0,"[0.000,3.142]",none,1,1,Z,1,ridge,1,adam,adjoint,100,44,13,114,22,153,51,0.3615285010473662,-3.978062690534342,0.35849145871177734,0.3748463852852673,0.3936784387147827,7,0.7581962096542512,0.23964211896094473,0.683931262238537,6.914589534030117,2.3936245518100328,0.48944587963320296,0.05436458757651772,0.6516506323403578,0.0,121.33,xy_shuffled_r3,0.2870623945120221,0.25869232952554055,21,0,1.0,1,0.3615285010473662,-3.978062690534342,7,0.35849145871177734,0.3748463852852673,0.3936784387147827,-0.9690155717638189,7,0.2955820749862987,0.37752552445983595,,
B5,DIP,0,,,,,,,,,,,,,,,,,,,,44,,153,,153,51,0.22960690517046572,0.06829386117246639,0.18610758853572062,0.21923139572599534,0.46802028903926873,7,,,,,,,,,,,krr_res,,,,,,,,,,,,,,,,,,
B5,DIP,0,,,,,,,,,,,,,,,,,,,,44,,0,,153,51,0.2540389688581315,-0.0630000090213223,0.1962523281573499,0.25959617774936067,nan,7,,,,,,,,,,,composition,,,,,,,,,,,,,,,,,,
B5,DIP,0,,,,,,,,,,,,,,,,,,,,44,,113,,153,51,0.21711090223578522,-0.03223751553870735,0.17678397503228213,0.189287908843592,0.34517064574945855,7,0.7216943502426147,0.34599313139915466,,,,,,,,,C3_eigfeat,,,,,,,,,,,,,,,,,30,eig
B5,DIP,0,,,,,,,,,,,,,,,,,,,,44,,114,,153,51,0.17444723690729474,0.31867022699071634,0.12908400482258742,0.16635308420110917,0.7159791708551925,7,0.7269471883773804,0.21421191096305847,,,,,,,,,C3_msgpass,,,,,,,,,,,,,,,,,13,atom
B5,DIP,0,molecule,zz,0.1,bytype,3,bytype,eig,0,"[0.000,3.142]",none,1,1,Z,1,ridge,1,adam,adjoint,100,45,13,114,22,153,51,0.21268308342133865,0.05512953013418043,0.159147137180416,0.19219730338269986,0.018012422360248484,12,0.8498764161368563,0.2543217992709997,0.7007543750572247,11.656633390337156,4.133596957102204,0.024513593389713734,-0.1098044547203907,0.6051033477527873,0.0,115.0,zz_bytype_r3,0.21164998813913474,0.16049944693387763,21,0,1.0,1,0.21268308342133865,0.05512953013418043,12,0.159147137180416,0.19219730338269986,0.018012422360248484,0.07407500043677595,12,0.19110995359329513,0.07888198757763978,,
B5,DIP,0,molecule,xy,0.1,bytype,3,bytype,eig,0,"[0.000,3.142]",none,1,1,Z,1,ridge,1,adam,adjoint,100,45,13,114,22,153,51,0.27181239881662145,-0.42779997558386107,0.14873359085775603,0.25781368771053453,0.2621118012422361,12,0.8130330934588889,0.1591135752414528,0.80429631152585,8.113132505098182,2.8770244986379234,0.18917226320997485,0.1826014652666119,0.6745179335079282,0.0,118.85,xy_bytype_r3,0.27042742775804546,0.14780148887295647,21,0,1.0,1,0.27181239881662145,-0.42779997558386107,12,0.14873359085775603,0.25781368771053453,0.2621118012422361,-0.40794944528230404,12,0.2565599789619787,0.2621118012422361,,
B5,DIP,0,molecule,none,0.0,fixed,3,fixed,eig,0,"[0.000,3.142]",none,1,1,Z,1,ridge,1,adam,adjoint,100,45,13,92,22,153,51,0.22555232219146923,0.11122634105913176,0.15944473603388906,0.21446327040939964,0.1574534161490683,12,0.8745884316419407,0.6008357104099533,0.3130074802362154,4.157350997706097,1.7683843433162783,0.09434489626930972,0.0,0.0,0.0,86.13,none_r3,0.22906206691947859,0.1590765089115029,21,0,1.0,1,0.22555232219146923,0.11122634105913176,12,0.15944473603388906,0.21446327040939964,0.1574534161490683,0.05156576371146582,12,0.21817931621472267,-0.01211180124223602,,
B5,DIP,0,molecule,xy,0.1,bytype_shuffled,3,bytype_shuffled,eig,0,"[0.000,3.142]",none,1,1,Z,1,ridge,1,adam,adjoint,100,45,13,114,22,153,51,0.32356731591437415,-1.2115786272894917,0.24131880074759218,0.2930993202561326,0.06273291925465838,12,0.8130330934588889,0.2919711734186918,0.6408864832591771,9.46643722653257,3.3569243197295284,0.2399334429055348,0.03845104290502031,1.1783149156384634,0.0,120.87,xy_shuffled_r3,0.32512571719384825,0.24748815151302936,21,0,1.0,1,0.32356731591437415,-1.2115786272894917,12,0.24131880074759218,0.2930993202561326,0.06273291925465838,-1.120985103065483,12,0.29929402200133665,0.028260869565217374,,
B5,DIP,0,,,,,,,,,,,,,,,,,,,,45,,153,,153,51,0.2216636958332584,0.2019523383298807,0.1777005784138115,0.22390420542488626,0.34068322981366456,12,,,,,,,,,,,krr_res,,,,,,,,,,,,,,,,,,
B5,DIP,0,,,,,,,,,,,,,,,,,,,,45,,0,,153,51,0.2523910642060746,-0.0162675439472586,0.1697946513833992,0.24521259633418582,nan,12,,,,,,,,,,,composition,,,,,,,,,,,,,,,,,,
B5,DIP,0,,,,,,,,,,,,,,,,,,,,45,,113,,153,51,0.2587828642059203,-0.44478294042099975,0.20258207501982659,0.24186208638592568,-0.0940993788819876,12,0.7224251627922058,0.33155903220176697,,,,,,,,,C3_eigfeat,,,,,,,,,,,,,,,,,30,eig
B5,DIP,0,,,,,,,,,,,,,,,,,,,,45,,114,,153,51,0.18880092889137154,0.2966077113721436,0.12399072529228328,0.1751836388387512,0.39732476730533545,12,0.7641128897666931,0.22999759018421173,,,,,,,,,C3_msgpass,,,,,,,,,,,,,,,,,13,atom
B5,DIP,0,molecule,zz,0.1,bytype,3,bytype,eig,0,"[0.000,3.142]",none,1,1,Z,1,ridge,1,adam,adjoint,100,46,13,115,23,150,54,0.3164102167717034,-1.5687601249413379,0.217514843179089,0.3133226701332061,-0.016071428571428584,11,0.7606247575085572,0.17296783490186002,0.7725976794807208,11.342677577249752,3.6354050549291,0.433340379415632,0.10993172647650716,0.9728316025435699,0.0,114.58,zz_bytype_r3,0.32162632596804736,0.21917126597334047,22,0,1.0,1,0.3164102167717034,-1.5687601249413379,11,0.217514843179089,0.3133226701332061,-0.016071428571428584,-1.5751368769449021,11,0.319670065854798,0.0016369047619047606,,
B5,DIP,0,molecule,xy,0.1,bytype,3,bytype,eig,0,"[0.000,3.142]",none,1,1,Z,1,ridge,1,adam,adjoint,100,46,13,115,23,150,54,0.18099884310003958,0.127820033750775,0.13820840978743146,0.17241084786976676,0.3037202380952381,11,0.8311475056852835,0.16036220005446608,0.8070592777364506,9.794113600805108,3.1390798028440465,0.04775889092693528,0.06207405522528337,0.8780588272866431,0.0,118.47,xy_bytype_r3,0.18383855490211584,0.1399051818144446,22,0,1.0,1,0.18099884310003958,0.127820033750775,11,0.13820840978743146,0.17241084786976676,0.3037202380952381,0.09241263392018428,11,0.17562750541147906,0.2995535714285715,,
B5,DIP,0,molecule,none,0.0,fixed,3,fixed,eig,0,"[0.000,3.142]",none,1,1,Z,1,ridge,1,adam,adjoint,100,46,13,92,23,150,54,0.18507940036489845,0.011879987530354463,0.14257677953940026,0.16863079187631738,-0.0422619047619048,11,0.8724512547469109,0.699652173735982,0.19806158804947346,4.6269447194115205,1.7523148536749973,0.20358230534450017,0.0,0.0,0.0,84.71,none_r3,0.17501261193864548,0.1403976602394039,22,0,1.0,1,0.18507940036489845,0.011879987530354463,11,0.14257677953940026,0.16863079187631738,-0.0422619047619048,0.09125214850623498,11,0.16104175438733226,-0.043005952380952395,,
B5,DIP,0,molecule,xy,0.1,bytype_shuffled,3,bytype_shuffled,eig,0,"[0.000,3.142]",none,1,1,Z,1,ridge,1,adam,adjoint,100,46,13,115,23,150,54,0.2999381850187653,-2.110726406771839,0.23699379282951447,0.2809772772962265,-0.2412202380952381,11,0.8311475056852835,0.18425678384089442,0.7783103690012592,12.738203509692024,4.082680576474463,0.03084111606355648,0.5958478757066858,1.0481330490858236,0.0,120.41,xy_shuffled_r3,0.3061281178784206,0.24152857033868483,22,0,1.0,1,0.2999381850187653,-2.110726406771839,11,0.23699379282951447,0.2809772772962265,-0.2412202380952381,-2.2527984655767357,11,0.28678305215582894,-0.22455357142857144,,
B5,DIP,0,,,,,,,,,,,,,,,,,,,,46,,150,,150,54,0.2541794869122283,-0.5951066781891359,0.14098806435269526,0.2602969599390148,0.16547619047619047,11,,,,,,,,,,,krr_res,,,,,,,,,,,,,,,,,,
B5,DIP,0,,,,,,,,,,,,,,,,,,,,46,,0,,150,54,0.19612105555555553,-0.0020156155402384357,0.13245226055194806,0.18878190138888892,nan,11,,,,,,,,,,,composition,,,,,,,,,,,,,,,,,,
B5,DIP,0,,,,,,,,,,,,,,,,,,,,46,,114,,150,54,0.187932886418586,-0.06495610426858023,0.16188183239608125,0.19602566920701592,-0.11517857142857148,11,0.7371945977210999,0.2883909046649933,,,,,,,,,C3_eigfeat,,,,,,,,,,,,,,,,,30,eig
B5,DIP,0,,,,,,,,,,,,,,,,,,,,46,,115,,150,54,0.17087522147729242,0.14750253129321578,0.151189156845869,0.17640224286205738,0.13866326137061027,11,0.7461045384407043,0.22544461488723755,,,,,,,,,C3_msgpass,,,,,,,,,,,,,,,,,13,atom
B5,DIP,0,molecule,zz,0.1,bytype,3,bytype,eig,0,"[0.000,3.142]",none,1,1,Z,1,ridge,1,adam,adjoint,100,47,13,114,22,163,41,0.284519438779478,-0.6150839027758521,0.17687178022355232,0.30825628978811687,0.2393939393939394,9,0.8092783174932731,0.151531175538433,0.8127576480637732,12.235463625905899,4.158426100028449,0.023940437016259846,0.017670501263800063,1.0244948189389564,0.0,123.01,zz_bytype_r3,0.2821371590168705,0.1712099273199216,21,0,1.0,1,0.284519438779478,-0.6150839027758521,9,0.17687178022355232,0.30825628978811687,0.2393939393939394,-0.5438122022393079,9,0.3035417211590644,0.3,,
B5,DIP,0,molecule,xy,0.1,bytype,3,bytype,eig,0,"[0.000,3.142]",none,1,1,Z,1,ridge,1,adam,adjoint,100,47,13,114,22,163,41,0.4600450524205851,-11.921795857921282,0.27139186959429973,0.26411420078427245,0.40303030303030307,9,0.8556692256898492,0.21314212810642189,0.7509059322139527,8.492342239156562,2.8862639534893817,0.4475562586386896,0.09819545190138695,0.8424242908254853,0.0,128.84,xy_bytype_r3,0.4022963831187641,0.2631223893129703,21,0,1.0,1,0.4600450524205851,-11.921795857921282,9,0.27139186959429973,0.26411420078427245,0.40303030303030307,-6.099893398506254,9,0.26126250191853156,0.3575757575757576,,
B5,DIP,0,molecule,none,0.0,fixed,3,fixed,eig,0,"[0.000,3.142]",none,1,1,Z,1,ridge,1,adam,adjoint,100,47,13,92,22,163,41,0.230910221977812,-0.09072510792548938,0.18061279006875305,0.24488298141952936,0.2121212121212121,9,0.873014854742785,0.6739281977900365,0.22804498213424446,3.8344018279960936,1.5503251197778927,0.006059103794891668,0.0,0.0,0.0,92.31,none_r3,0.2050538877938218,0.16692940847427493,21,0,1.0,1,0.230910221977812,-0.09072510792548938,9,0.18061279006875305,0.24488298141952936,0.2121212121212121,0.10303308900496855,9,0.2304589742870476,0.10606060606060606,,
B5,DIP,0,molecule,xy,0.1,bytype_shuffled,3,bytype_shuffled,eig,0,"[0.000,3.142]",none,1,1,Z,1,ridge,1,adam,adjoint,100,47,13,114,22,163,41,0.40339137301294736,-2.440905101938048,0.31365859164311144,0.39260579345416263,-0.20303030303030306,9,0.8556692256898492,0.19886420918703882,0.7675921919165521,10.992439503134868,3.7359636488180383,0.9107535802910123,0.37934411895483094,1.2723317802088743,0.0,131.01,xy_shuffled_r3,0.3999143842762878,0.31485965230986895,21,0,1.0,1,0.40339137301294736,-2.440905101938048,9,0.31365859164311144,0.39260579345416263,-0.20303030303030306,-2.351682416221612,9,0.3992296492029719,-0.22121212121212122,,
B5,DIP,0,,,,,,,,,,,,,,,,,,,,47,,163,,163,41,0.1986346106362905,0.19100961940546568,0.1315879581724188,0.20827289903352073,0.5242424242424242,9,,,,,,,,,,,krr_res,,,,,,,,,,,,,,,,,,
B5,DIP,0,,,,,,,,,,,,,,,,,,,,47,,0,,163,41,0.2378841062397127,-0.043672517027343316,0.16018426262626262,0.24459393288715378,nan,9,,,,,,,,,,,composition,,,,,,,,,,,,,,,,,,
B5,DIP,0,,,,,,,,,,,,,,,,,,,,47,,113,,163,41,0.25919733327413486,-0.6306012360677289,0.19862664881040137,0.25622210268089346,0.33333333333333326,9,0.741706371307373,0.25562313199043274,,,,,,,,,C3_eigfeat,,,,,,,,,,,,,,,,,30,eig
B5,DIP,0,,,,,,,,,,,,,,,,,,,,47,,114,,163,41,0.16329520270124598,0.530113015316976,0.13062529728619107,0.1665549891716848,0.47262008752482565,9,0.7673842310905457,0.25565510988235474,,,,,,,,,C3_msgpass,,,,,,,,,,,,,,,,,13,atom
B5,DIP,0,molecule,zz,0.1,bytype,3,bytype,eig,0,"[0.000,3.142]",none,1,1,Z,1,ridge,1,adam,adjoint,100,48,13,114,22,156,48,0.3535764159599384,-0.6933727658082214,0.2759997232154641,0.36828122081497255,0.38506261180679785,9,0.6838747783761381,0.1941565295526233,0.7160934491345794,10.89222233417242,3.620024924934942,0.23084140821002766,0.04778994871785764,0.6541306270516964,0.0,116.87,zz_bytype_r3,0.36379651728113355,0.2855181140609181,21,0,1.0,1,0.3535764159599384,-0.6933727658082214,9,0.2759997232154641,0.36828122081497255,0.38506261180679785,-0.867704388415593,9,0.3783196555283816,0.35876565295169943,,
B5,DIP,0,molecule,xy,0.1,bytype,3,bytype,eig,0,"[0.000,3.142]",none,1,1,Z,1,ridge,1,adam,adjoint,100,48,13,114,22,156,48,0.2644705288531125,-0.05512366127706403,0.23159918530680557,0.28053555891785237,0.25563506261180674,9,0.8643766733027332,0.23241000650056462,0.7311241572351328,10.32485301352326,3.4314600004062124,0.11377857646781982,-0.2745736415518273,0.7920623259422128,0.0,123.14,xy_bytype_r3,0.26524788061128474,0.2313017352722338,21,0,1.0,1,0.2644705288531125,-0.05512366127706403,9,0.23159918530680557,0.28053555891785237,0.25563506261180674,-0.04689666596503872,9,0.28240836099266436,0.26726296958855095,,
B5,DIP,0,molecule,none,0.0,fixed,3,fixed,eig,0,"[0.000,3.142]",none,1,1,Z,1,ridge,1,adam,adjoint,100,48,13,92,22,156,48,0.3017763939207861,-0.12318658519441561,0.24489128231295593,0.3083365278413644,-0.11127012522361361,9,0.8338268668728764,0.6175141754013077,0.25942158985930985,3.1471726330756877,1.2391229333296676,0.006477573337285928,0.0,0.0,0.0,88.1,none_r3,0.3017322485160951,0.24714314165860657,21,0,1.0,1,0.3017763939207861,-0.12318658519441561,9,0.24489128231295593,0.3083365278413644,-0.11127012522361361,-0.09511603129091939,9,0.30861810464963235,-0.11735241502683363,,
B5,DIP,0,molecule,xy,0.1,bytype_shuffled,3,bytype_shuffled,eig,0,"[0.000,3.142]",none,1,1,Z,1,ridge,1,adam,adjoint,100,48,13,114,22,156,48,0.3241672949186153,-0.368135490285306,0.2467995576737779,0.3278785614616738,0.3848837209302326,9,0.8643766733027332,0.2991880510219579,0.6538684346041204,10.268368775463234,3.4126874906859737,0.05015522743795802,0.17996099892635384,1.3824559777046457,0.0,124.11,xy_shuffled_r3,0.3243930999665437,0.2491175043500368,21,0,1.0,1,0.3241672949186153,-0.368135490285306,9,0.2467995576737779,0.3278785614616738,0.3848837209302326,-0.3784360735392718,9,0.32707280219386364,0.3791592128801431,,
B5,DIP,0,,,,,,,,,,,,,,,,,,,,48,,156,,156,48,0.2927600903406163,-0.014377763775981212,0.21030179078737735,0.2933523569035436,0.5042039355992844,9,,,,,,,,,,,krr_res,,,,,,,,,,,,,,,,,,
B5,DIP,0,,,,,,,,,,,,,,,,,,,,48,,0,,156,48,0.3156027083333333,-0.01043522858873036,0.249250519379845,0.3150138446630889,nan,9,,,,,,,,,,,composition,,,,,,,,,,,,,,,,,,
B5,DIP,0,,,,,,,,,,,,,,,,,,,,48,,113,,156,48,0.22390118733170616,0.3758097929492328,0.1755203448550046,0.23016014782817734,0.2806797853309482,9,0.6946437358856201,0.3167087435722351,,,,,,,,,C3_eigfeat,,,,,,,,,,,,,,,,,30,eig
B5,DIP,0,,,,,,,,,,,,,,,,,,,,48,,114,,156,48,0.19852551721217668,0.4929219903567954,0.15030062939446343,0.21161263733099211,0.8042842412437184,9,0.7038219571113586,0.34159907698631287,,,,,,,,,C3_msgpass,,,,,,,,,,,,,,,,,13,atom
B5,DIP,0,molecule,zz,0.1,bytype,3,bytype,eig,0,"[0.000,3.142]",none,1,1,Z,1,ridge,1,adam,adjoint,100,49,13,113,21,157,47,0.21210331043706457,-0.19992732741345987,0.11827898075895757,0.19308408456671106,0.47093023255813954,11,0.7606098032481379,0.20237222991826853,0.7339342340132217,11.47483700078051,3.8399387501206976,0.02760322367893758,0.016258522833628223,0.7720052659206252,0.0,120.29,zz_bytype_r3,0.20484290584358186,0.1209843618597938,20,0,1.0,1,0.21210331043706457,-0.19992732741345987,11,0.11827898075895757,0.19308408456671106,0.47093023255813954,-0.13297723156092367,11,0.18670438019663038,0.5536544850498338,,
B5,DIP,0,molecule,xy,0.1,bytype,3,bytype,eig,0,"[0.000,3.142]",none,1,1,Z,1,ridge,1,adam,adjoint,100,49,13,113,21,157,47,0.2879115460076694,-1.506304640016081,0.2662403478731803,0.31047663401182024,0.11561461794019934,11,0.8930808709436935,0.16368853692835636,0.8167147654216451,8.530773032939338,2.8547373644994067,0.3419167816277074,0.022908112781498208,0.5684821583699877,0.0,124.86,xy_bytype_r3,0.27806040384561315,0.257225447953914,20,0,1.0,1,0.2879115460076694,-1.506304640016081,11,0.2662403478731803,0.31047663401182024,0.11561461794019934,-1.2701472152502147,11,0.30047499884655127,0.11561461794019934,,
B5,DIP,0,molecule,none,0.0,fixed,3,fixed,eig,0,"[0.000,3.142]",none,1,1,Z,1,ridge,1,adam,adjoint,100,49,13,92,21,157,47,0.20599183260749815,0.05789973976319962,0.1193072415443976,0.21169362776096898,0.19983388704318938,11,0.882620805102514,0.7286487290659444,0.17444872718436108,2.4396844758238174,0.9642911503141942,0.003740895565885116,0.0,0.0,0.0,89.8,none_r3,0.2014967855688446,0.11774185483658167,20,0,1.0,1,0.20599183260749815,0.05789973976319962,11,0.1193072415443976,0.21169362776096898,0.19983388704318938,0.06576740479193854,11,0.20679191627463522,0.23820598006644517,,
B5,DIP,0,molecule,xy,0.1,bytype_shuffled,3,bytype_shuffled,eig,0,"[0.000,3.142]",none,1,1,Z,1,ridge,1,adam,adjoint,100,49,13,113,21,157,47,0.366739947831055,-2.5262305061960686,0.2447107639300426,0.3229954449325463,-0.07275747508305642,11,0.8930808709436935,0.3288883238962946,0.6317373548167396,7.777415182527202,2.6026337396454395,0.025600411419046874,0.04311198790074164,0.8793165839093032,0.0,125.36,xy_shuffled_r3,0.36403547830777555,0.24585864736254087,20,0,1.0,1,0.366739947831055,-2.5262305061960686,11,0.2447107639300426,0.3229954449325463,-0.07275747508305642,-2.4084345129,11,0.32027359001979855,-0.08322259136212617,,
B5,DIP,0,,,,,,,,,,,,,,,,,,,,49,,157,,157,47,0.22140407959763642,-0.10121046428049252,0.13187854850836164,0.20166186468524264,0.2112956810631229,11,,,,,,,,,,,krr_res,,,,,,,,,,,,,,,,,,
B5,DIP,0,,,,,,,,,,,,,,,,,,,,49,,0,,157,47,0.21729006938609569,-0.11254467319572892,0.12479281155407898,0.22505470250116513,nan,11,,,,,,,,,,,composition,,,,,,,,,,,,,,,,,,
B5,DIP,0,,,,,,,,,,,,,,,,,,,,49,,112,,157,47,0.26861981516750505,-1.0029616776221606,0.20415967876690272,0.2444241159987368,-0.015946843853820558,11,0.6962615251541138,0.2785898447036743,,,,,,,,,C3_eigfeat,,,,,,,,,,,,,,,,,30,eig
B5,DIP,0,,,,,,,,,,,,,,,,,,,,49,,113,,157,47,0.2623726321130081,-1.0362739919046198,0.2003975552706235,0.2495684642698765,0.3196451479166664,11,0.7397428154945374,0.27793070673942566,,,,,,,,,C3_msgpass,,,,,,,,,,,,,,,,,13,atom
B5,DIP,0,molecule,zz,0.1,bytype,3,bytype,eig,0,"[0.000,3.142]",none,1,1,Z,1,ridge,1,adam,adjoint,100,50,13,115,23,158,46,0.33901669563635595,-0.3432193293566108,0.2836971964304183,0.32572463940102725,-0.025457875457875492,6,0.8422734492080746,0.1345939109591877,0.8402016458126086,10.745186566530595,3.4047619252329095,0.032412859914075304,0.56371998470628,0.7211292222453752,0.0,119.74,zz_bytype_r3,0.33657352072481117,0.2813676361521765,22,0,1.0,1,0.33901669563635595,-0.3432193293566108,6,0.2836971964304183,0.32572463940102725,-0.025457875457875492,-0.30193709938633617,6,0.32435224565051135,-0.008974358974359022,,
B5,DIP,0,molecule,xy,0.1,bytype,3,bytype,eig,0,"[0.000,3.142]",none,1,1,Z,1,ridge,1,adam,adjoint,100,50,13,115,23,158,46,0.330459236524489,-0.6082298098765782,0.2132735053973978,0.3483063034927839,0.1644688644688645,6,0.8506425498682402,0.1666414484325592,0.8040993264934007,12.938339318056695,4.099692900919715,0.0709264608084954,0.6980822953119387,1.453247026354987,0.0,124.13,xy_bytype_r3,0.32932982555319135,0.20983968904741274,22,0,1.0,1,0.330459236524489,-0.6082298098765782,6,0.2132735053973978,0.3483063034927839,0.1644688644688645,-0.6104623235182607,6,0.34736126469427014,0.16813186813186817,,
B5,DIP,0,molecule,none,0.0,fixed,3,fixed,eig,0,"[0.000,3.142]",none,1,1,Z,1,ridge,1,adam,adjoint,100,50,13,92,23,158,46,0.26053112310936016,0.22169370077228068,0.22502745689561499,0.2695845408408247,0.07423687423687422,6,0.899207823590067,0.6470007541232515,0.28047695187958266,3.889085083653333,1.4531325346026882,0.044971895748736244,0.0,0.0,0.0,88.22,none_r3,0.2618824781838746,0.22376312394222403,22,0,1.0,1,0.26053112310936016,0.22169370077228068,6,0.22502745689561499,0.2695845408408247,0.07423687423687422,0.21351708417582682,6,0.26813055551813153,-0.04511599511599513,,
B5,DIP,0,molecule,xy,0.1,bytype_shuffled,3,bytype_shuffled,eig,0,"[0.000,3.142]",none,1,1,Z,1,ridge,1,adam,adjoint,100,50,13,115,23,158,46,0.28825994935841737,-0.13471050061023382,0.2439064993193091,0.27786274776212305,0.048962148962148996,6,0.8506425498682402,0.24994689908689904,0.7061669450633354,7.336293863254927,2.324606824020481,0.5905185364388601,0.19215107934183412,0.6338671855546189,0.0,125.26,xy_shuffled_r3,0.2868197478679401,0.2404495341785738,22,0,1.0,1,0.28825994935841737,-0.13471050061023382,6,0.2439064993193091,0.27786274776212305,0.048962148962148996,-0.10151782337108761,6,0.27677360297851433,0.07203907203907206,,
B5,DIP,0,,,,,,,,,,,,,,,,,,,,50,,158,,158,46,0.24523831267984333,0.1652087138716627,0.24465478594339993,0.24019312032905255,0.12045177045177045,6,,,,,,,,,,,krr_res,,,,,,,,,,,,,,,,,,
B5,DIP,0,,,,,,,,,,,,,,,,,,,,50,,0,,158,46,0.3029952586681342,-0.005787420446390357,0.22544605921855917,0.30281398247322294,nan,6,,,,,,,,,,,composition,,,,,,,,,,,,,,,,,,
B5,DIP,0,,,,,,,,,,,,,,,,,,,,50,,114,,158,46,0.23512419857172456,0.3790958998968872,0.2169964977846624,0.23828956313581123,0.41111111111111115,6,0.7424485683441162,0.3651586174964905,,,,,,,,,C3_eigfeat,,,,,,,,,,,,,,,,,30,eig
B5,DIP,0,,,,,,,,,,,,,,,,,,,,50,,115,,158,46,0.19341017654956486,0.5279777328104227,0.185813366358421,0.1895644312442841,0.44947868551523784,6,0.8224459290504456,0.21444465219974518,,,,,,,,,C3_msgpass,,,,,,,,,,,,,,,,,13,atom
B5,DIP,0,molecule,zz,0.1,bytype,3,bytype,eig,0,"[0.000,3.142]",none,1,1,Z,1,ridge,1,adam,adjoint,100,51,13,115,23,154,50,0.21474027261261405,-0.02902893320543365,0.17312066466377218,0.2295931615306163,0.2476190476190476,11,0.8811309158918964,0.17077734904712288,0.8061839098288147,12.03910097750143,3.488815606416741,0.03976999085647281,0.2833216020540145,0.9441227189756298,0.0,116.39,zz_bytype_r3,0.21621827984613187,0.17558975456350426,22,0,1.0,1,0.21474027261261405,-0.02902893320543365,11,0.17312066466377218,0.2295931615306163,0.2476190476190476,-0.0603358054501244,11,0.23124533583708765,0.23749999999999996,,
B5,DIP,0,molecule,xy,0.1,bytype,3,bytype,eig,0,"[0.000,3.142]",none,1,1,Z,1,ridge,1,adam,adjoint,100,51,13,115,23,154,50,0.2748193052506618,-1.1500811210743689,0.22143645022703437,0.2755644770461235,-0.1214285714285714,11,0.8310170742959994,0.15741749259462492,0.8105724930766531,8.500684311209145,2.463416508059178,0.5668481838887641,0.1388885996419424,0.658380935913532,0.0,121.13,xy_bytype_r3,0.2747910272828181,0.22587261043865126,22,0,1.0,1,0.2748193052506618,-1.1500811210743689,11,0.22143645022703437,0.2755644770461235,-0.1214285714285714,-1.1557280670223062,11,0.27523337886444765,-0.1214285714285714,,
B5,DIP,0,molecule,none,0.0,fixed,3,fixed,eig,0,"[0.000,3.142]",none,1,1,Z,1,ridge,1,adam,adjoint,100,51,13,92,23,154,50,0.1966912415635411,0.20323029190749264,0.14464644368719853,0.19471170760859696,-0.16220238095238093,11,0.8862985289372602,0.7278723042966114,0.1787504091094611,3.565814104744718,1.2001311363032805,0.019942179493449636,0.0,0.0,0.0,88.05,none_r3,0.1942985056498431,0.14285330368479252,22,0,1.0,1,0.1966912415635411,0.20323029190749264,11,0.14464644368719853,0.19471170760859696,-0.16220238095238093,0.19057320738323424,11,0.18814250300612254,-0.16279761904761902,,
B5,DIP,0,molecule,xy,0.1,bytype_shuffled,3,bytype_shuffled,eig,0,"[0.000,3.142]",none,1,1,Z,1,ridge,1,adam,adjoint,100,51,13,115,23,154,50,0.3402865928544562,-1.665851145243558,0.31029246750757905,0.350342293650907,-0.4000000000000001,11,0.8310170742959994,0.23933166355808957,0.7120015088007179,8.720259362790033,2.527047244952802,0.03810724010576711,0.3231208746159075,0.698420207969059,0.0,123.89,xy_shuffled_r3,0.3471924211237994,0.3145920948260688,22,0,1.0,1,0.3402865928544562,-1.665851145243558,11,0.31029246750757905,0.350342293650907,-0.4000000000000001,-1.7746255381509695,11,0.35817710507538025,-0.3583333333333334,,
B5,DIP,0,,,,,,,,,,,,,,,,,,,,51,,154,,154,50,0.19574176716151,0.14790646091146842,0.1670309784407986,0.19670786805646168,0.1976190476190476,11,,,,,,,,,,,krr_res,,,,,,,,,,,,,,,,,,
B5,DIP,0,,,,,,,,,,,,,,,,,,,,51,,0,,154,50,0.23580163999999995,-0.004150511729432038,0.12747811351495728,0.2326045800865801,nan,11,,,,,,,,,,,composition,,,,,,,,,,,,,,,,,,
B5,DIP,0,,,,,,,,,,,,,,,,,,,,51,,114,,154,50,0.1673525369758175,0.41618528819827794,0.13787685328813026,0.16128126015655725,0.05238095238095238,11,0.7616782784461975,0.31081655621528625,,,,,,,,,C3_eigfeat,,,,,,,,,,,,,,,,,30,eig
B5,DIP,0,,,,,,,,,,,,,,,,,,,,51,,115,,154,50,0.1821046114380881,0.20079634785700984,0.1486448651564599,0.18512447723863407,0.12044302759627362,11,0.7951578497886658,0.2235841155052185,,,,,,,,,C3_msgpass,,,,,,,,,,,,,,,,,13,atom
B5,DIP,0,molecule,zz,0.1,bytype,3,bytype,eig,0,"[0.000,3.142]",none,1,1,Z,1,ridge,1,adam,adjoint,100,52,13,115,23,155,49,0.3479351888945603,-2.539598853016513,0.17234255140763202,0.23617486035953797,0.2168327796234773,11,0.7281826540337064,0.18348011848237422,0.7480300890635041,9.39838606700301,3.2706953212380427,0.2573224127531793,0.06612471640706827,0.7568535087121743,0.0,116.91,zz_bytype_r3,0.3571821620830096,0.1759581753494811,22,0,1.0,1,0.3479351888945603,-2.539598853016513,11,0.17234255140763202,0.23617486035953797,0.2168327796234773,-2.6458925190288105,11,0.24438753998796414,0.2168327796234773,,
B5,DIP,0,molecule,xy,0.1,bytype,3,bytype,eig,0,"[0.000,3.142]",none,1,1,Z,1,ridge,1,adam,adjoint,100,52,13,115,23,155,49,0.205813416725722,-0.25538382456135045,0.13032574795906812,0.17412308320278652,0.20310077519379843,11,0.7323078067667367,0.16890714538854082,0.769349522389643,9.32197961060405,3.2441054112604304,0.22179796153196868,0.36598295954095617,1.277470479684826,0.0,120.89,xy_bytype_r3,0.18961357517812613,0.13160504448674076,22,0,1.0,1,0.205813416725722,-0.25538382456135045,11,0.13032574795906812,0.17412308320278652,0.20310077519379843,0.06279247105879371,11,0.17160423059651508,0.20310077519379843,,
B5,DIP,0,molecule,none,0.0,fixed,3,fixed,eig,0,"[0.000,3.142]",none,1,1,Z,1,ridge,1,adam,adjoint,100,52,13,92,23,155,49,0.2503308707615788,-0.43807340477108947,0.14463648049064,0.23208408160605543,0.005094130675525996,11,0.8393732109223341,0.676639233596346,0.1938755909867197,2.866044021059345,1.1972129531339524,0.007478989720721007,0.0,0.0,0.0,85.52,none_r3,0.23597683509603168,0.14243730377309205,22,0,1.0,1,0.2503308707615788,-0.43807340477108947,11,0.14463648049064,0.23208408160605543,0.005094130675525996,-0.13585842997178643,11,0.26523033033129567,0.19291251384274646,,
B5,DIP,0,molecule,xy,0.1,bytype_shuffled,3,bytype_shuffled,eig,0,"[0.000,3.142]",none,1,1,Z,1,ridge,1,adam,adjoint,100,52,13,115,23,155,49,0.3396169563788118,-2.147126453089377,0.2473734607280775,0.2953287406784494,0.10155038759689923,11,0.7323078067667367,0.22860126361240848,0.6878344577238334,10.406362220855904,3.6214771327983195,0.034325646418769756,0.511231612420312,1.4645657363606446,0.0,121.73,xy_shuffled_r3,0.3177295159815601,0.2338930634142543,22,0,1.0,1,0.3396169563788118,-2.147126453089377,11,0.2473734607280775,0.2953287406784494,0.10155038759689923,-1.4248119635909369,11,0.27772892041471203,0.10155038759689923,,
B5,DIP,0,,,,,,,,,,,,,,,,,,,,52,,155,,155,49,0.227629060607217,-0.011251961541322464,0.17848075144224146,0.2282689908811028,0.2345514950166113,11,,,,,,,,,,,krr_res,,,,,,,,,,,,,,,,,,
B5,DIP,0,,,,,,,,,,,,,,,,,,,,52,,0,,155,49,0.22173722659644501,-0.0020205322552866445,0.1378629418604651,0.1982603607210626,nan,11,,,,,,,,,,,composition,,,,,,,,,,,,,,,,,,
B5,DIP,0,,,,,,,,,,,,,,,,,,,,52,,114,,155,49,0.17660608149769286,0.29815348132932884,0.13382233679919597,0.1688557318503014,0.16323366555924695,11,0.7473029494285583,0.2598278522491455,,,,,,,,,C3_eigfeat,,,,,,,,,,,,,,,,,30,eig
B5,DIP,0,,,,,,,,,,,,,,,,,,,,52,,115,,155,49,0.20527201801736203,0.10544571645192646,0.17251272011292884,0.22373331157841028,-0.18725695203506956,11,0.7499349117279053,0.1989937424659729,,,,,,,,,C3_msgpass,,,,,,,,,,,,,,,,,13,atom
B5,DIP,0,molecule,zz,0.1,bytype,3,bytype,eig,0,"[0.000,3.142]",none,1,1,Z,1,ridge,1,adam,adjoint,100,53,13,113,21,157,47,0.2244669495621465,0.16308525688503506,0.17134568446069653,0.24042922514952228,0.028048780487804893,10,0.8493230770286171,0.19429030050855045,0.7712409967850149,10.639811182424149,3.042907829215962,0.020890544854043947,0.27608503828118713,0.6706444373257977,0.0,118.94,zz_bytype_r3,0.23052758655966868,0.172769837502817,20,0,1.0,1,0.2244669495621465,0.16308525688503506,10,0.17134568446069653,0.24042922514952228,0.028048780487804893,0.10990219079734997,10,0.24604297893103919,0.028048780487804893,,
B5,DIP,0,molecule,xy,0.1,bytype,3,bytype,eig,0,"[0.000,3.142]",none,1,1,Z,1,ridge,1,adam,adjoint,100,53,13,113,21,157,47,0.2710839106102275,-0.3060023629787527,0.19209181072008136,0.28390230003742306,0.0853658536585366,10,0.7997090380893955,0.17295053945490446,0.7837331689184046,11.387110005939284,3.2566298024587237,0.036173488679605875,0.24016175170085244,1.1636491407399825,0.0,123.12,xy_bytype_r3,0.2740762552606663,0.19326687302693335,20,0,1.0,1,0.2710839106102275,-0.3060023629787527,10,0.19209181072008136,0.28390230003742306,0.0853658536585366,-0.316446250611212,10,0.2862175667539472,0.0731707317073171,,
B5,DIP,0,molecule,none,0.0,fixed,3,fixed,eig,0,"[0.000,3.142]",none,1,1,Z,1,ridge,1,adam,adjoint,100,53,13,92,21,157,47,0.2510455375523949,-0.40122278498079056,0.19855386361822372,0.25153894564575696,0.10853658536585364,10,0.8752072667203327,0.6138203943756265,0.2986571093316011,3.8822555404648953,1.2777572533209336,0.030747548314184883,0.0,0.0,0.0,87.85,none_r3,0.24313715621609525,0.19841512937516612,20,0,1.0,1,0.2510455375523949,-0.40122278498079056,10,0.19855386361822372,0.25153894564575696,0.10853658536585364,-0.2874724353979874,10,0.24741378709847214,0.029268292682926817,,
B5,DIP,0,molecule,xy,0.1,bytype_shuffled,3,bytype_shuffled,eig,0,"[0.000,3.142]",none,1,1,Z,1,ridge,1,adam,adjoint,100,53,13,113,21,157,47,0.34399826618019425,-1.337939796508833,0.24982241522038992,0.3432734187345253,0.009756097560975547,10,0.7997090380893955,0.2579160249667478,0.6774876702870067,10.823897081919409,3.095555044022529,0.5297550656938462,0.5461207832484356,1.4357527010170106,0.0,123.72,xy_shuffled_r3,0.3451144005914217,0.24464277220129646,20,0,1.0,1,0.34399826618019425,-1.337939796508833,10,0.24982241522038992,0.3432734187345253,0.009756097560975547,-1.3274308911332664,10,0.3461017795869429,0.03414634146341458,,
B5,DIP,0,,,,,,,,,,,,,,,,,,,,53,,157,,157,47,0.2648349806911688,-0.3816410572351614,0.1588571463229625,0.2578825533201729,0.44024390243902434,10,,,,,,,,,,,krr_res,,,,,,,,,,,,,,,,,,
B5,DIP,0,,,,,,,,,,,,,,,,,,,,53,,0,,157,47,0.24479948773546553,-0.003179878881402143,0.1773165331010453,0.260541896846357,nan,10,,,,,,,,,,,composition,,,,,,,,,,,,,,,,,,
B5,DIP,0,,,,,,,,,,,,,,,,,,,,53,,112,,157,47,0.26837904237475607,-0.3894033026510426,0.13519448805258194,0.25893118380635455,0.47560975609756095,10,0.6454591751098633,0.24552907049655914,,,,,,,,,C3_eigfeat,,,,,,,,,,,,,,,,,30,eig
B5,DIP,0,,,,,,,,,,,,,,,,,,,,53,,113,,157,47,0.21713625041134654,0.21761506967209265,0.1591963818981919,0.21669768156707803,0.36281364382146636,10,0.7605171799659729,0.19788087904453278,,,,,,,,,C3_msgpass,,,,,,,,,,,,,,,,,13,atom
B5,DIP,0,molecule,zz,0.1,bytype,3,bytype,eig,0,"[0.000,3.142]",none,1,1,Z,1,ridge,1,adam,adjoint,100,54,13,115,23,151,53,0.2363462861632868,-0.049848697591545754,0.18723302844297657,0.21815666800627895,0.2173722943722944,11,0.7384194880188547,0.19651567257992372,0.7338698723849147,10.058942271292196,3.4119025520652153,0.09214277089472354,0.26070577096410313,1.0370677992287114,0.0,114.9,zz_bytype_r3,0.23660191595983948,0.18641762652686086,22,0,1.0,1,0.2363462861632868,-0.049848697591545754,11,0.18723302844297657,0.21815666800627895,0.2173722943722944,-0.06962588670272307,11,0.21734388073598102,0.23825541125541128,,
B5,DIP,0,molecule,xy,0.1,bytype,3,bytype,eig,0,"[0.000,3.142]",none,1,1,Z,1,ridge,1,adam,adjoint,100,54,13,115,23,151,53,0.2813107112909325,-0.31225817184154225,0.21962296217353292,0.2871224323015818,0.0030692640692641148,11,0.828723559355417,0.18095303429052972,0.7816484975625946,10.24777117281847,3.4759516134521045,1.0212420229142518,0.4623300336045575,0.5942516523148199,0.0,119.81,xy_bytype_r3,0.2829980865754424,0.22054287251536786,22,0,1.0,1,0.2813107112909325,-0.31225817184154225,11,0.21962296217353292,0.2871224323015818,0.0030692640692641148,-0.33288376981353096,11,0.2887105869912364,-0.02093073593073587,,
B5,DIP,0,molecule,none,0.0,fixed,3,fixed,eig,0,"[0.000,3.142]",none,1,1,Z,1,ridge,1,adam,adjoint,100,54,13,92,23,151,53,0.2821955144470407,-0.42573203059887343,0.22387822264288496,0.27596236568753135,-0.36010822510822504,11,0.894163564545249,0.6530016156918618,0.26970674987862725,2.5798703629830637,1.0450707232754297,0.09293810931602066,0.0,0.0,0.0,84.24,none_r3,0.2736153982270782,0.2140407569395803,22,0,1.0,1,0.2821955144470407,-0.42573203059887343,11,0.22387822264288496,0.27596236568753135,-0.36010822510822504,-0.28633353140095097,11,0.2671201065409021,-0.36010822510822504,,
B5,DIP,0,molecule,xy,0.1,bytype_shuffled,3,bytype_shuffled,eig,0,"[0.000,3.142]",none,1,1,Z,1,ridge,1,adam,adjoint,100,54,13,115,23,151,53,0.3358817258512375,-1.0176414555603848,0.2346273077731016,0.3424118152348668,-0.1060822510822511,11,0.828723559355417,0.28661454386468105,0.6541493956228173,13.120586696362343,4.450384744892349,0.030033094603680064,0.7990812527508286,1.7723519466945208,0.0,119.47,xy_shuffled_r3,0.3341756355294883,0.23289947189157761,22,0,1.0,1,0.3358817258512375,-1.0176414555603848,11,0.2346273077731016,0.3424118152348668,-0.1060822510822511,-0.9594890895053785,11,0.3406102697323236,-0.14082683982683983,,
B5,DIP,0,,,,,,,,,,,,,,,,,,,,54,,151,,151,53,0.25513043208308184,-0.00768745575371943,0.18627330501858863,0.2707761075737041,0.20833333333333331,11,,,,,,,,,,,krr_res,,,,,,,,,,,,,,,,,,
B5,DIP,0,,,,,,,,,,,,,,,,,,,,54,,0,,151,53,0.24158596576283897,-0.000498072462535637,0.19450151111111108,0.2440228280905077,nan,11,,,,,,,,,,,composition,,,,,,,,,,,,,,,,,,
B5,DIP,0,,,,,,,,,,,,,,,,,,,,54,,114,,151,53,0.2573481566263135,-0.06857164602474142,0.16205776770673325,0.24672663470411535,0.39325108225108224,11,0.7082281112670898,0.23225973546504974,,,,,,,,,C3_eigfeat,,,,,,,,,,,,,,,,,30,eig
B5,DIP,0,,,,,,,,,,,,,,,,,,,,54,,115,,151,53,0.26830448806656826,-0.2795802515799304,0.1880545889411614,0.2636607097529911,0.14617196838628732,11,0.6353115439414978,0.17995503544807434,,,,,,,,,C3_msgpass,,,,,,,,,,,,,,,,,13,atom
B5,DIP,0,molecule,zz,0.1,bytype,3,bytype,eig,0,"[0.000,3.142]",none,1,1,Z,1,ridge,1,adam,adjoint,100,55,13,115,23,161,43,0.2407128325575884,0.030875145214535382,0.18327921124740476,0.24849983544156865,0.16823308270676696,10,0.8249354333024532,0.2115903461008936,0.7435067793683722,10.622051389233306,2.9576914020122804,1.4259269395711396,-0.09794756219107532,0.9662533966142645,0.0,121.89,zz_bytype_r3,0.25514462097872614,0.18823689647212075,22,0,1.0,1,0.2407128325575884,0.030875145214535382,10,0.18327921124740476,0.24849983544156865,0.16823308270676696,-0.0800090740331929,10,0.2593019582430327,0.16823308270676696,,
B5,DIP,0,molecule,xy,0.1,bytype,3,bytype,eig,0,"[0.000,3.142]",none,1,1,Z,1,ridge,1,adam,adjoint,100,55,13,115,23,161,43,0.28016796407115013,-0.3033026991015928,0.23818210246535151,0.2787573778223139,0.0988721804511278,10,0.8557173727424424,0.1778787425155335,0.7921290975483418,9.35785696782018,2.6056787037423863,0.6096554309913523,0.29921152750661084,0.8300524915865674,0.0,127.81,xy_bytype_r3,0.27625569713718723,0.23652369289948272,22,0,1.0,1,0.28016796407115013,-0.3033026991015928,10,0.23818210246535151,0.2787573778223139,0.0988721804511278,-0.21457326885560812,10,0.2759815227657885,0.0725563909774436,,
B5,DIP,0,molecule,none,0.0,fixed,3,fixed,eig,0,"[0.000,3.142]",none,1,1,Z,1,ridge,1,adam,adjoint,100,55,13,92,23,161,43,0.22946816929622343,0.2713284836605626,0.13590991342076755,0.22635150525403858,0.2789473684210526,10,0.877072752048782,0.6344250829969968,0.2766562619634195,3.5256954522882604,1.133027044879736,0.016123807360883254,0.0,0.0,0.0,91.52,none_r3,0.23588405479507843,0.13843592784446673,22,0,1.0,1,0.22946816929622343,0.2713284836605626,10,0.13590991342076755,0.22635150525403858,0.2789473684210526,0.24106640442543514,10,0.2338518150512533,0.27631578947368424,,
B5,DIP,0,molecule,xy,0.1,bytype_shuffled,3,bytype_shuffled,eig,0,"[0.000,3.142]",none,1,1,Z,1,ridge,1,adam,adjoint,100,55,13,115,23,161,43,0.37541541374656673,-1.2978764618711027,0.287029255792896,0.3676401210118606,-0.19774436090225567,10,0.8557173727424424,0.17274878291154816,0.7981240203667773,12.160419968632649,3.3860474091228525,0.35191501656854574,0.6291237754123219,1.276322125192756,0.0,128.92,xy_shuffled_r3,0.3735173020959601,0.28503455719434356,22,0,1.0,1,0.37541541374656673,-1.2978764618711027,10,0.287029255792896,0.3676401210118606,-0.19774436090225567,-1.2893197412851176,10,0.3666805883807083,-0.19774436090225567,,
B5,DIP,0,,,,,,,,,,,,,,,,,,,,55,,161,,161,43,0.26332813436880825,-0.011526524740402833,0.16335387368610443,0.26303583350501336,0.21785714285714286,10,,,,,,,,,,,krr_res,,,,,,,,,,,,,,,,,,
B5,DIP,0,,,,,,,,,,,,,,,,,,,,55,,0,,161,43,0.27606068149646107,-0.07297683990648962,0.16753581115288216,0.2710757723112128,nan,10,,,,,,,,,,,composition,,,,,,,,,,,,,,,,,,
B5,DIP,0,,,,,,,,,,,,,,,,,,,,55,,114,,161,43,0.20159746973161013,0.29187826717547116,0.15317666177845168,0.2084691059803809,0.3080827067669173,10,0.709780216217041,0.30237877368927,,,,,,,,,C3_eigfeat,,,,,,,,,,,,,,,,,30,eig
B5,DIP,0,,,,,,,,,,,,,,,,,,,,55,,115,,161,43,0.200355246910288,0.28441307370933844,0.157518903867756,0.1894863880241389,0.15540895440458835,10,0.823779821395874,0.22233642637729645,,,,,,,,,C3_msgpass,,,,,,,,,,,,,,,,,13,atom
B5,DIP,0,molecule,zz,0.1,bytype,3,bytype,eig,0,"[0.000,3.142]",none,1,1,Z,1,ridge,1,adam,adjoint,100,56,13,114,22,153,51,0.2369320333124325,0.056795502687615906,0.17125785711156086,0.24036048370680946,0.2797054009819967,11,0.7310471677298788,0.20783194380699213,0.7157065193859203,7.71229481206215,2.3381447621758373,0.6834616319497748,0.24374825047806806,0.579709124347283,0.0,116.92,zz_bytype_r3,0.2546330329876377,0.18233967506741394,21,0,1.0,1,0.2369320333124325,0.056795502687615906,11,0.17125785711156086,0.24036048370680946,0.2797054009819967,-0.14108093406985822,11,0.25655686249957643,0.1468085106382979,,
B5,DIP,0,molecule,xy,0.1,bytype,3,bytype,eig,0,"[0.000,3.142]",none,1,1,Z,1,ridge,1,adam,adjoint,100,56,13,114,22,153,51,0.28218277729569363,-0.7896313132082347,0.17810578030644358,0.25221707370005825,0.14108019639934533,11,0.7389868332212717,0.12633111236303513,0.8290482229401125,9.88254944263895,2.996103206546326,0.1831666191805824,0.289853743445484,1.0531435391759587,0.0,121.3,xy_bytype_r3,0.2835504758615965,0.18209077287308245,21,0,1.0,1,0.28218277729569363,-0.7896313132082347,11,0.17810578030644358,0.25221707370005825,0.14108019639934533,-0.7850742836057973,11,0.2555893309218686,0.1729950900163666,,
B5,DIP,0,molecule,none,0.0,fixed,3,fixed,eig,0,"[0.000,3.142]",none,1,1,Z,1,ridge,1,adam,adjoint,100,56,13,92,22,153,51,0.2591435489056063,0.025578507480788604,0.18040947497893575,0.24728818582311043,0.24435351882160392,11,0.860222208123567,0.6986666559843039,0.18780676738359256,4.39319439816614,1.55268040742044,0.007551052946561661,0.0,0.0,0.0,86.14,none_r3,0.22194908690246998,0.1699133464621735,21,0,1.0,1,0.2591435489056063,0.025578507480788604,11,0.18040947497893575,0.24728818582311043,0.24435351882160392,0.2682366545609578,11,0.226377969805774,0.2438625204582651,,
B5,DIP,0,molecule,xy,0.1,bytype_shuffled,3,bytype_shuffled,eig,0,"[0.000,3.142]",none,1,1,Z,1,ridge,1,adam,adjoint,100,56,13,114,22,153,51,0.30472000782704334,-0.45420235705646617,0.2326288064363173,0.3024304580756442,0.07283142389525367,11,0.7389868332212717,0.18923640322195653,0.7439245265073697,14.016548492693437,4.249412171163081,0.03234425388613408,0.5456096093339747,1.7658624799075848,0.0,123.04,xy_shuffled_r3,0.30799535937580524,0.2345705840073842,21,0,1.0,1,0.30472000782704334,-0.45420235705646617,11,0.2326288064363173,0.3024304580756442,0.07283142389525367,-0.4897722023761679,11,0.3075792461560977,0.07283142389525367,,
B5,DIP,0,,,,,,,,,,,,,,,,,,,,56,,153,,153,51,0.2882026342778969,-0.15039007999575293,0.21644431732682545,0.29266545874833605,0.3253682487725041,11,,,,,,,,,,,krr_res,,,,,,,,,,,,,,,,,,
B5,DIP,0,,,,,,,,,,,,,,,,,,,,56,,0,,153,51,0.2578491787773933,-0.0005740582617805856,0.18896274731509619,0.2649692311222362,nan,11,,,,,,,,,,,composition,,,,,,,,,,,,,,,,,,
B5,DIP,0,,,,,,,,,,,,,,,,,,,,56,,113,,153,51,0.2362703366183682,0.13307271354765793,0.20416674022659984,0.24111696480829403,-0.11685761047463175,11,0.7270734906196594,0.19899308681488037,,,,,,,,,C3_eigfeat,,,,,,,,,,,,,,,,,30,eig
B5,DIP,0,,,,,,,,,,,,,,,,,,,,56,,114,,153,51,0.2171381396942134,0.15242938999397815,0.20706520046621082,0.22694468318156139,0.17512975701486297,11,0.759223997592926,0.1880827248096466,,,,,,,,,C3_msgpass,,,,,,,,,,,,,,,,,13,atom
B5,DIP,0,molecule,zz,0.1,bytype,3,bytype,eig,0,"[0.000,3.142]",none,1,1,Z,1,ridge,1,adam,adjoint,100,57,13,115,23,145,59,0.207062698442001,0.15167005732598415,0.18994783025420858,0.19967144452451058,0.06614219114219112,10,0.6944901572890756,0.15423574104430138,0.7779151519636267,10.097721258779163,3.533127879154412,0.11486222495943514,0.5040403764726084,0.6732209250659383,0.0,110.68,zz_bytype_r3,0.20849192038255715,0.1930167660090985,22,0,1.0,1,0.207062698442001,0.15167005732598415,10,0.18994783025420858,0.19967144452451058,0.06614219114219112,0.12681561767421334,10,0.2018689048653316,0.07127039627039629,,
B5,DIP,0,molecule,xy,0.1,bytype,3,bytype,eig,0,"[0.000,3.142]",none,1,1,Z,1,ridge,1,adam,adjoint,100,57,13,115,23,145,59,0.24073380853268248,-0.6762064045421328,0.16375944647509574,0.20791853221993253,0.023018648018648006,10,0.8833283561098247,0.11008429964582198,0.8753755623439591,12.102863487224596,4.234714279435666,0.2548840161900664,0.1613570060760354,1.5988844393773178,0.0,113.96,xy_bytype_r3,0.2384346636598763,0.16415198327473718,22,0,1.0,1,0.24073380853268248,-0.6762064045421328,10,0.16375944647509574,0.20791853221993253,0.023018648018648006,-0.48026790391300467,10,0.2122246002249799,0.009557109557109542,,
B5,DIP,0,molecule,none,0.0,fixed,3,fixed,eig,0,"[0.000,3.142]",none,1,1,Z,1,ridge,1,adam,adjoint,100,57,13,92,23,145,59,0.45914168209403383,-33.397522858478624,0.20208714060149,0.2506141006551566,-0.23834498834498832,10,0.9071543887219194,0.608521347926665,0.3291975925024135,3.7474895348673725,1.5756156901071965,0.04073769751114672,0.0,0.0,0.0,81.53,none_r3,0.24515899884832987,0.19998046577791767,22,0,1.0,1,0.45914168209403383,-33.397522858478624,10,0.20208714060149,0.2506141006551566,-0.23834498834498832,-0.14267013251534277,10,0.24907501963384931,-0.13898601398601398,,
B5,DIP,0,molecule,xy,0.1,bytype_shuffled,3,bytype_shuffled,eig,0,"[0.000,3.142]",none,1,1,Z,1,ridge,1,adam,adjoint,100,57,13,115,23,145,59,0.2739061416377366,-0.7673901573757893,0.20227203811529895,0.270579452788036,0.07290209790209788,10,0.8833283561098247,0.28183046338445783,0.6809448474793244,11.61811166732965,4.06510272793313,0.9239673609915531,-0.007498904734229552,1.3164475785495062,0.0,115.42,xy_shuffled_r3,0.258394992445003,0.2002320695977976,22,0,1.0,1,0.2739061416377366,-0.7673901573757893,10,0.20227203811529895,0.270579452788036,0.07290209790209788,-0.515176461410549,10,0.2581138975105016,0.05052447552447554,,
B5,DIP,0,,,,,,,,,,,,,,,,,,,,57,,145,,145,59,0.21142409964466202,0.13453151927287543,0.16496218626363185,0.2058187144111823,0.16404428904428903,10,,,,,,,,,,,krr_res,,,,,,,,,,,,,,,,,,
B5,DIP,0,,,,,,,,,,,,,,,,,,,,57,,0,,145,59,0.23233385365283463,-0.002322721808421191,0.1578978358974359,0.23788725411140582,nan,10,,,,,,,,,,,composition,,,,,,,,,,,,,,,,,,
B5,DIP,0,,,,,,,,,,,,,,,,,,,,57,,114,,145,59,0.19837435573220127,0.15022963701349967,0.1700374271568285,0.19254786433373058,-0.0875874125874126,10,0.7491492033004761,0.28909868001937866,,,,,,,,,C3_eigfeat,,,,,,,,,,,,,,,,,30,eig
B5,DIP,0,,,,,,,,,,,,,,,,,,,,57,,115,,145,59,0.1909170772987278,-0.05397573988848481,0.17825226015997078,0.19969620250064576,0.03147786389861405,10,0.7514087557792664,0.22102221846580505,,,,,,,,,C3_msgpass,,,,,,,,,,,,,,,,,13,atom
B5,DIP,0,molecule,zz,0.1,bytype,3,bytype,eig,0,"[0.000,3.142]",none,1,1,Z,1,ridge,1,adam,adjoint,100,58,13,115,23,153,51,0.2638514789694474,-0.23563308845672304,0.21010065237186257,0.2568938165110923,0.00905923344947734,7,0.8419574457520795,0.14854066988362952,0.8235769864224606,11.180134750379843,3.63987624116138,0.03855054434367209,0.2671144409735315,0.7108986037774928,0.0,115.36,zz_bytype_r3,0.26147167433762813,0.20839057383668963,22,0,1.0,1,0.2638514789694474,-0.23563308845672304,7,0.21010065237186257,0.2568938165110923,0.00905923344947734,-0.20182001870227162,7,0.2534654789943386,0.04930313588850173,,
B5,DIP,0,molecule,xy,0.1,bytype,3,bytype,eig,0,"[0.000,3.142]",none,1,1,Z,1,ridge,1,adam,adjoint,100,58,13,115,23,153,51,0.2387760058844876,-0.350363284511358,0.21067892735458557,0.22522985076922536,0.37386759581881535,7,0.808496144750381,0.24678362545796131,0.6947621493802492,9.963031064461699,3.243628173645657,0.029117143587553095,0.03919088657588306,0.9598653360852195,0.0,120.19,xy_bytype_r3,0.2337869812599866,0.20616910524450976,22,0,1.0,1,0.2387760058844876,-0.350363284511358,7,0.21067892735458557,0.22522985076922536,0.37386759581881535,-0.24266755428901354,7,0.22253923538313697,0.4128919860627177,,
B5,DIP,0,molecule,none,0.0,fixed,3,fixed,eig,0,"[0.000,3.142]",none,1,1,Z,1,ridge,1,adam,adjoint,100,58,13,92,23,153,51,0.21900095072341938,0.18210603240819934,0.17678883555789365,0.21073249434031643,0.01742160278745645,7,0.9244614653425188,0.7283086753076345,0.21218060177576836,3.9322315182778165,1.517072313338456,0.0025401680056125475,0.0,0.0,0.0,85.48,none_r3,0.21321544687928756,0.17719448793478623,22,0,1.0,1,0.21900095072341938,0.18210603240819934,7,0.17678883555789365,0.21073249434031643,0.01742160278745645,0.21350250357613276,7,0.20761421542062472,0.06689895470383277,,
B5,DIP,0,molecule,xy,0.1,bytype_shuffled,3,bytype_shuffled,eig,0,"[0.000,3.142]",none,1,1,Z,1,ridge,1,adam,adjoint,100,58,13,115,23,153,51,0.27734043317806434,-0.6150282464856147,0.24901214973060481,0.26869431321356047,0.23013937282229968,7,0.808496144750381,0.3125526250478785,0.6134148232155423,8.310567066256333,2.7056414158171878,0.057892428127035045,0.32628402768160664,0.6155044206775664,0.0,121.27,xy_shuffled_r3,0.2808727494511211,0.26102760165365896,22,0,1.0,1,0.27734043317806434,-0.6150282464856147,7,0.24901214973060481,0.26869431321356047,0.23013937282229968,-0.6847380482874805,7,0.27569824677763194,0.23013937282229968,,
B5,DIP,0,,,,,,,,,,,,,,,,,,,,58,,153,,153,51,0.21023793464225016,0.28844958493211525,0.2001954931830601,0.21620091182093534,0.08902439024390243,7,,,,,,,,,,,krr_res,,,,,,,,,,,,,,,,,,
B5,DIP,0,,,,,,,,,,,,,,,,,,,,58,,0,,153,51,0.2538931234140715,-0.007063660483412004,0.18118193805950145,0.2600045868005739,nan,7,,,,,,,,,,,composition,,,,,,,,,,,,,,,,,,
B5,DIP,0,,,,,,,,,,,,,,,,,,,,58,,114,,153,51,0.20161488054112706,0.15203503111178496,0.17355272830771998,0.1876921980913798,0.2477351916376307,7,0.7145219445228577,0.27148759365081787,,,,,,,,,C3_eigfeat,,,,,,,,,,,,,,,,,30,eig
B5,DIP,0,,,,,,,,,,,,,,,,,,,,58,,115,,153,51,0.18130058802796425,0.3518129671894128,0.1591989349614458,0.1778638575418326,0.2526411086953757,7,0.7862774133682251,0.1630379855632782,,,,,,,,,C3_msgpass,,,,,,,,,,,,,,,,,13,atom
B5,DIP,0,molecule,zz,0.1,bytype,3,bytype,eig,0,"[0.000,3.142]",none,1,1,Z,1,ridge,1,adam,adjoint,100,59,13,115,23,148,56,0.2880373891007696,-0.48065302120133735,0.23689536974060338,0.2835597914734666,0.005354645354645372,11,0.7872186535926649,0.10257935906836022,0.869693942591154,11.06175145072086,3.6015914803043496,0.20220129383833557,0.2497706871551257,0.9597889400876563,0.0,112.44,zz_bytype_r3,0.28696501789271645,0.23634615844099882,22,0,1.0,1,0.2880373891007696,-0.48065302120133735,11,0.23689536974060338,0.2835597914734666,0.005354645354645372,-0.46941481132367646,11,0.28239327316471663,0.10717282717282718,,
B5,DIP,0,molecule,xy,0.1,bytype,3,bytype,eig,0,"[0.000,3.142]",none,1,1,Z,1,ridge,1,adam,adjoint,100,59,13,115,23,148,56,0.24154738365821093,0.039645551413756475,0.18610515313709017,0.24388423464903572,0.3827972027972028,11,0.8123273924899218,0.13246885570521186,0.8369267650827676,11.8680578054825,3.8641164620635022,0.05029265936000216,0.15222306854741574,1.0104541825781113,0.0,116.12,xy_bytype_r3,0.2389246259317588,0.18442360434756194,22,0,1.0,1,0.24154738365821093,0.039645551413756475,11,0.18610515313709017,0.24388423464903572,0.3827972027972028,0.04408663420562109,11,0.24135470970627393,0.4176223776223777,,
B5,DIP,0,molecule,none,0.0,fixed,3,fixed,eig,0,"[0.000,3.142]",none,1,1,Z,1,ridge,1,adam,adjoint,100,59,13,92,23,148,56,0.24411903342511407,0.15975398056079537,0.18234113812278743,0.24414519262567008,0.2526073926073926,11,0.8348536531794645,0.7117547638196171,0.14744966245405575,2.8135643226832694,1.0855773091671108,0.010801462550203103,0.0,0.0,0.0,82.44,none_r3,0.23546735132127636,0.1803564525096761,22,0,1.0,1,0.24411903342511407,0.15975398056079537,11,0.18234113812278743,0.24414519262567008,0.2526073926073926,0.2009929672643871,11,0.23499089347994453,0.23260739260739263,,
B5,DIP,0,molecule,xy,0.1,bytype_shuffled,3,bytype_shuffled,eig,0,"[0.000,3.142]",none,1,1,Z,1,ridge,1,adam,adjoint,100,59,13,115,23,148,56,0.35287568375730516,-1.2994462864576568,0.28483090766505487,0.3413598390493192,-0.05376623376623377,11,0.8123273924899218,0.2598572711092186,0.6801077084047212,10.722908024323308,3.491267576977898,0.18881374148157606,0.5954219387362357,1.6864449766896519,0.0,116.93,xy_shuffled_r3,0.3509355162223074,0.2794822434221103,22,0,1.0,1,0.35287568375730516,-1.2994462864576568,11,0.28483090766505487,0.3413598390493192,-0.05376623376623377,-1.232756842188591,11,0.33891541242272016,-0.07288711288711289,,
B5,DIP,0,,,,,,,,,,,,,,,,,,,,59,,148,,148,56,0.22445715111352033,0.21403598754417374,0.19838303131951265,0.22553582593545587,0.20543456543456545,11,,,,,,,,,,,krr_res,,,,,,,,,,,,,,,,,,
B5,DIP,0,,,,,,,,,,,,,,,,,,,,59,,0,,148,56,0.26392551785714286,-0.002006784247181592,0.1816509426997245,0.26577319201474203,nan,11,,,,,,,,,,,composition,,,,,,,,,,,,,,,,,,
B5,DIP,0,,,,,,,,,,,,,,,,,,,,59,,114,,148,56,0.2231612290581875,0.1802607402642603,0.18052804477399234,0.225141876606866,0.4321478521478522,11,0.7315176725387573,0.26559942960739136,,,,,,,,,C3_eigfeat,,,,,,,,,,,,,,,,,30,eig
B5,DIP,0,,,,,,,,,,,,,,,,,,,,59,,115,,148,56,0.21334740878824313,0.09961310446910021,0.17077783850081954,0.21580318517676167,0.1804764234945567,11,0.7218171954154968,0.1565333604812622,,,,,,,,,C3_msgpass,,,,,,,,,,,,,,,,,13,atom
B5,DIP,0,molecule,zz,0.1,bytype,3,bytype,eig,0,"[0.000,3.142]",none,1,1,Z,1,ridge,1,adam,adjoint,100,60,13,114,22,157,47,0.2268415370741956,-0.43802631564325045,0.20606716668766517,0.2364887496134928,0.3178294573643411,12,0.8511286048905436,0.24531181010470954,0.7117805597236896,10.335751922006587,3.347658991016672,0.15667484226945091,0.05112130291601473,0.8458366228047604,0.0,120.56,zz_bytype_r3,0.22764336553344003,0.21105296638207022,21,0,1.0,1,0.2268415370741956,-0.43802631564325045,12,0.20606716668766517,0.2364887496134928,0.3178294573643411,-0.47836352986254504,12,0.23974918483124608,0.28294573643410853,,
B5,DIP,0,molecule,xy,0.1,bytype,3,bytype,eig,0,"[0.000,3.142]",none,1,1,Z,1,ridge,1,adam,adjoint,100,60,13,114,22,157,47,0.3188108152063493,-3.42793531563124,0.2859553187625802,0.31477352771342426,0.27015503875968994,12,0.8260154800585767,0.22716350328730225,0.7249888061768612,8.807371888233936,2.852630162890923,0.26186489199875673,0.346194804049436,1.1806692204553835,0.0,124.52,xy_bytype_r3,0.27974529960971717,0.2444564572817075,21,0,1.0,1,0.3188108152063493,-3.42793531563124,12,0.2859553187625802,0.31477352771342426,0.27015503875968994,-1.5056494680168795,12,0.2676339179250925,0.17713178294573645,,
B5,DIP,0,molecule,none,0.0,fixed,3,fixed,eig,0,"[0.000,3.142]",none,1,1,Z,1,ridge,1,adam,adjoint,100,60,13,92,22,157,47,0.22803167747014189,-0.07613095082798393,0.17305800045559147,0.2377155900958905,-0.2021040974529347,12,0.8894545166711288,0.6599628050349587,0.25801399322257135,3.6124414540040353,1.3796290464631629,0.026083061502040237,0.0,0.0,0.0,89.33,none_r3,0.22297193407510366,0.17266271236008016,21,0,1.0,1,0.22803167747014189,-0.07613095082798393,12,0.17305800045559147,0.2377155900958905,-0.2021040974529347,-0.055497899418920804,12,0.23605852378748135,-0.20708748615725361,,
B5,DIP,0,molecule,xy,0.1,bytype_shuffled,3,bytype_shuffled,eig,0,"[0.000,3.142]",none,1,1,Z,1,ridge,1,adam,adjoint,100,60,13,114,22,157,47,0.3628402283992962,-1.884655993520588,0.3092622009473904,0.3606743269385746,-0.12353266888150606,12,0.8260154800585767,0.2613216772082547,0.6836358597181216,10.973159837432815,3.5541097993491095,0.0248837032497489,0.9182213655038706,1.0483418926329775,0.0,126.73,xy_shuffled_r3,0.3407655795511675,0.2852347473193684,21,0,1.0,1,0.3628402283992962,-1.884655993520588,12,0.3092622009473904,0.3606743269385746,-0.12353266888150606,-1.4473313782534785,12,0.3429975476291731,-0.11190476190476188,,
B5,DIP,0,,,,,,,,,,,,,,,,,,,,60,,157,,157,47,0.25797772125513424,-0.4399498376390689,0.22001102132750328,0.24205186293406378,-0.03510520487264672,12,,,,,,,,,,,krr_res,,,,,,,,,,,,,,,,,,
B5,DIP,0,,,,,,,,,,,,,,,,,,,,60,,0,,157,47,0.23953974007318068,-0.0999078758771097,0.1737588564784053,0.2540008031847133,nan,12,,,,,,,,,,,composition,,,,,,,,,,,,,,,,,,
B5,DIP,0,,,,,,,,,,,,,,,,,,,,60,,113,,157,47,0.24249981653631772,-0.1468654337735491,0.16763856290679807,0.22119203613053112,0.4158361018826135,12,0.6669383645057678,0.2928650379180908,,,,,,,,,C3_eigfeat,,,,,,,,,,,,,,,,,30,eig
B5,DIP,0,,,,,,,,,,,,,,,,,,,,60,,114,,157,47,0.1822559911741948,0.36074306844992354,0.11210633275658467,0.18769754446666478,0.4671616878474379,12,0.7635202407836914,0.30500131845474243,,,,,,,,,C3_msgpass,,,,,,,,,,,,,,,,,13,atom
B5,DIP,0,molecule,zz,0.1,bytype,3,bytype,eig,0,"[0.000,3.142]",none,1,1,Z,1,ridge,1,adam,adjoint,100,61,13,115,23,151,53,0.17228096085310637,0.25002134330647396,0.1493883411570587,0.16116502948571468,0.3361702127659575,10,0.7451761097696042,0.16190107552849528,0.782734479264838,10.773011626837928,3.502556999858003,0.07849273484100709,0.6204758020671018,0.7677752094820361,0.0,114.73,zz_bytype_r3,0.18142573723842373,0.16150964824024078,22,0,1.0,1,0.17228096085310637,0.25002134330647396,10,0.1493883411570587,0.16116502948571468,0.3361702127659575,0.1306627533478213,10,0.16945276056315373,0.38632218844984806,,
B5,DIP,0,molecule,xy,0.1,bytype,3,bytype,eig,0,"[0.000,3.142]",none,1,1,Z,1,ridge,1,adam,adjoint,100,61,13,115,23,151,53,0.2224046168028288,-0.3076886083741279,0.14873875857081506,0.19399491782557482,0.37325227963525837,10,0.8279526072112701,0.18027606222137296,0.7822628244041853,9.69875316764126,3.153290553645101,0.13943641821625521,0.2425323909868223,0.8416558751412918,0.0,119.33,xy_bytype_r3,0.23136785545163654,0.15308563696121338,22,0,1.0,1,0.2224046168028288,-0.3076886083741279,10,0.14873875857081506,0.19399491782557482,0.37325227963525837,-0.4069138231706422,10,0.1982302313485123,0.36686930091185405,,
B5,DIP,0,molecule,none,0.0,fixed,3,fixed,eig,0,"[0.000,3.142]",none,1,1,Z,1,ridge,1,adam,adjoint,100,61,13,92,23,151,53,0.3033452992323123,-6.346556810856914,0.15579347802215665,0.2063528562232401,-0.22857142857142856,10,0.8948560443779787,0.6728374945293689,0.24810532514527137,3.268928002295509,1.2591332949168437,0.1526091017407663,0.0,0.0,0.0,84.98,none_r3,0.2062183293951458,0.1493596965953207,22,0,1.0,1,0.3033452992323123,-6.346556810856914,10,0.15579347802215665,0.2063528562232401,-0.22857142857142856,0.10200243688632271,10,0.20260755321893983,-0.10091185410334344,,
B5,DIP,0,molecule,xy,0.1,bytype_shuffled,3,bytype_shuffled,eig,0,"[0.000,3.142]",none,1,1,Z,1,ridge,1,adam,adjoint,100,61,13,115,23,151,53,0.26641168201352333,-0.7721448658443528,0.24428828028540303,0.27490930406343955,-0.09422492401215804,10,0.8279526072112701,0.18576937539244898,0.7756280084458435,11.08465611604269,3.603879881976873,0.04211797262235359,0.47111651076515576,1.3583524847390451,0.0,120.12,xy_shuffled_r3,0.2669221412406257,0.24452267062871386,22,0,1.0,1,0.26641168201352333,-0.7721448658443528,10,0.24428828028540303,0.27490930406343955,-0.09422492401215804,-0.6827129039301498,10,0.2724384927586336,-0.18085106382978725,,
B5,DIP,0,,,,,,,,,,,,,,,,,,,,61,,151,,151,53,0.2737572810205511,-0.7389174334620741,0.1777183739192168,0.25109779089426465,0.05896656534954407,10,,,,,,,,,,,krr_res,,,,,,,,,,,,,,,,,,
B5,DIP,0,,,,,,,,,,,,,,,,,,,,61,,0,,151,53,0.22730755391728102,-0.025313687303385457,0.1469605160343203,0.23139595412695846,nan,10,,,,,,,,,,,composition,,,,,,,,,,,,,,,,,,
B5,DIP,0,,,,,,,,,,,,,,,,,,,,61,,114,,151,53,0.1572738405770141,0.3630516503155298,0.11355404657147834,0.15072530205946033,0.22705167173252278,10,0.7167877554893494,0.3282868564128876,,,,,,,,,C3_eigfeat,,,,,,,,,,,,,,,,,30,eig
B5,DIP,0,,,,,,,,,,,,,,,,,,,,61,,115,,151,53,0.1727086934014072,0.3356603874541184,0.12182087898808652,0.1723965220527935,0.16752274867908837,10,0.7276960015296936,0.23667994141578674,,,,,,,,,C3_msgpass,,,,,,,,,,,,,,,,,13,atom
B2,DIP,0,molecule,zz,0.1,bytype,3,bytype,eig,0,"[0.000,3.142]",none,1,1,Z,1,ridge,1,adam,adjoint,100,42,13,103,11,186,48,0.3016881311897518,-1.8455586057961688,0.22894103938658059,0.2902686884244492,0.18000935234977788,5,0.8284437419769979,0.39062987236773206,0.5284774902933866,8.838697677974645,3.7027865901312587,0.09583241966383862,0.05723072393483259,0.5472735936248164,0.0,140.54,zz_bytype_r3,0.30739649441513966,0.2352301913208297,10,0,1.0,1,0.3016881311897518,-1.8455586057961688,5,0.22894103938658059,0.2902686884244492,0.18000935234977788,-1.950655293452757,5,0.2958936015040816,0.19079206150545322,,
B2,DIP,0,molecule,xy,0.1,bytype,3,bytype,eig,0,"[0.000,3.142]",none,1,1,Z,1,ridge,1,adam,adjoint,100,42,13,103,11,186,48,0.2399915290881368,-0.9010680029476752,0.1758741783716288,0.23880577754175306,0.33006138625663023,5,0.8581143290417309,0.3646426443728802,0.5750651958229365,9.523843351579153,3.9898139673466937,0.019703715601855562,0.5196821596371094,0.6177268938512669,0.0,144.83,xy_bytype_r3,0.24616282118283742,0.1797763239485593,10,0,1.0,1,0.2399915290881368,-0.9010680029476752,5,0.1758741783716288,0.23880577754175306,0.33006138625663023,-1.0397864458752162,5,0.24568658337777777,0.3220513737409857,,
B2,DIP,0,molecule,none,0.0,fixed,3,fixed,eig,0,"[0.000,3.142]",none,1,1,Z,1,ridge,1,adam,adjoint,100,42,13,92,11,186,48,0.20451272496437736,-0.23823281610064662,0.1650519214475898,0.20365119587563668,0.2687383955218749,5,0.8384899429357887,0.6431831649805275,0.23292679846753717,2.7416984805821536,1.3339151478516689,0.0088487975647401,0.0,0.0,0.0,105.31,none_r3,0.18775504714243793,0.1541442400828155,10,0,1.0,1,0.20451272496437736,-0.23823281610064662,5,0.1650519214475898,0.20365119587563668,0.2687383955218749,-0.04690235513725427,5,0.18726170032941827,0.3473270159127481,,
B2,DIP,0,molecule,xy,0.1,bytype_shuffled,3,bytype_shuffled,eig,0,"[0.000,3.142]",none,1,1,Z,1,ridge,1,adam,adjoint,100,42,13,103,11,186,48,0.2623656220662096,-1.9509265805494276,0.2460804995259841,0.2652021590941741,0.23639118495188585,5,0.8581143290417309,0.3420949109550995,0.6013411041193987,11.287490906420977,4.728657036055715,0.026091200767711594,-0.18920844828312566,2.045880370053029,0.0,147.24,xy_shuffled_r3,0.23920097673973317,0.22139441605063895,10,0,1.0,1,0.2623656220662096,-1.9509265805494276,5,0.2460804995259841,0.2652021590941741,0.23639118495188585,-1.3271885281920919,5,0.24195179403484512,0.24187422923342825,,
B2,DIP,0,,,,,,,,,,,,,,,,,,,,42,,186,,186,48,0.2928579663314129,-1.47392259198726,0.22947820317679246,0.29126437053130344,0.3331444525437016,5,,,,,,,,,,,krr_res,,,,,,,,,,,,,,,,,,
B2,DIP,0,,,,,,,,,,,,,,,,,,,,42,,0,,186,48,0.188295502688172,-0.007882396566259775,0.1524976792046606,0.19027461839396012,nan,5,,,,,,,,,,,composition,,,,,,,,,,,,,,,,,,
B2,DIP,0,,,,,,,,,,,,,,,,,,,,42,,102,,186,48,0.17208261849332107,-0.21480360396859854,0.1587891863415512,0.1743207739045899,0.2716981391574633,5,0.8628408908843994,0.5287150740623474,,,,,,,,,C3_eigfeat,,,,,,,,,,,,,,,,,30,eig
B2,DIP,0,,,,,,,,,,,,,,,,,,,,42,,100,,186,48,0.18019791697742274,-0.18963263718049728,0.17782880016747063,0.18078661982348251,0.18638280911922814,5,0.913550615310669,0.5358036160469055,,,,,,,,,C3_msgpass,,,,,,,,,,,,,,,,,22,atom
B2,DIP,0,molecule,zz,0.1,bytype,3,bytype,eig,0,"[0.000,3.142]",none,1,1,Z,1,ridge,1,adam,adjoint,100,43,13,103,11,169,65,0.3877763444923692,-5.043906785412843,0.3303543457432944,0.37973935145398097,0.4336202620415982,5,0.8152830680851569,0.34153298900684625,0.5810866159541377,9.19922642017779,3.2787499846635026,0.43020464864629016,0.04957234367987335,0.5337224951065386,0.0,126.13,zz_bytype_r3,0.3305334519324885,0.27174381408904946,10,0,1.0,1,0.3877763444923692,-5.043906785412843,5,0.3303543457432944,0.37973935145398097,0.4336202620415982,-3.0063950639246446,5,0.32335269577626846,0.4272242320060208,,
B2,DIP,0,molecule,xy,0.1,bytype,3,bytype,eig,0,"[0.000,3.142]",none,1,1,Z,1,ridge,1,adam,adjoint,100,43,13,103,11,169,65,0.2500382529322974,-0.9217298715924316,0.23609120969599875,0.2523491480574324,0.4228833128078817,5,0.7897590102109249,0.30530306331223367,0.6134225005793921,8.795782794076759,3.134956286968454,0.0796401167895309,0.2557713046131834,0.5232368082365458,0.0,131.19,xy_bytype_r3,0.2510968763309015,0.2404791527487682,10,0,1.0,1,0.2500382529322974,-0.9217298715924316,5,0.23609120969599875,0.2523491480574324,0.4228833128078817,-0.9811788810527555,5,0.25358082959981254,0.3992952928297755,,
B2,DIP,0,molecule,none,0.0,fixed,3,fixed,eig,0,"[0.000,3.142]",none,1,1,Z,1,ridge,1,adam,adjoint,100,43,13,92,11,169,65,0.15834767952657058,0.3838213934943817,0.13252215900555178,0.15900326507799595,0.6636599018199233,5,0.8148952378444799,0.7166955199326086,0.12050594156326683,3.188392971348374,1.288734778689692,0.002200481364480499,0.0,0.0,0.0,94.5,none_r3,0.15870450477795134,0.13310584358775587,10,0,1.0,1,0.15834767952657058,0.3838213934943817,5,0.13252215900555178,0.15900326507799595,0.6636599018199233,0.39805863409282505,5,0.15882459073429522,0.7317785303776683,,
B2,DIP,0,molecule,xy,0.1,bytype_shuffled,3,bytype_shuffled,eig,0,"[0.000,3.142]",none,1,1,Z,1,ridge,1,adam,adjoint,100,43,13,103,11,169,65,0.1796630285134764,0.20049804375017355,0.16282632593011678,0.17868347096042841,0.5844928075396825,5,0.7897590102109249,0.3207939239985709,0.5938078327046945,9.176636360312555,3.2706985295678623,0.060579883954930296,0.4917264053019906,0.6910003951165576,0.0,134.89,xy_shuffled_r3,0.1843362841651986,0.16785626633721218,10,0,1.0,1,0.1796630285134764,0.20049804375017355,5,0.16282632593011678,0.17868347096042841,0.5844928075396825,0.13410401333057542,5,0.18450617058333962,0.5846221606458675,,
B2,DIP,0,,,,,,,,,,,,,,,,,,,,43,,169,,169,65,0.3421343639525139,-2.807934737354381,0.2483968301097114,0.34294687126703893,0.47914058223864253,5,,,,,,,,,,,krr_res,,,,,,,,,,,,,,,,,,
B2,DIP,0,,,,,,,,,,,,,,,,,,,,43,,0,,169,65,0.21984669312699134,-0.02164656095166939,0.18251876126217534,0.22169546098372783,nan,5,,,,,,,,,,,composition,,,,,,,,,,,,,,,,,,
B2,DIP,0,,,,,,,,,,,,,,,,,,,,43,,102,,169,65,0.17031140881979623,0.2956101294367537,0.1443374040748346,0.16650144501044045,0.6405548713738369,5,0.8416227102279663,0.5342634916305542,,,,,,,,,C3_eigfeat,,,,,,,,,,,,,,,,,30,eig
B2,DIP,0,,,,,,,,,,,,,,,,,,,,43,,100,,169,65,0.18629980631250978,0.2935050076672874,0.16803445404375522,0.1876614603685556,0.39766378106678607,5,0.9178849458694458,0.5574549436569214,,,,,,,,,C3_msgpass,,,,,,,,,,,,,,,,,22,atom
B2,DIP,0,molecule,zz,0.1,bytype,3,bytype,eig,0,"[0.000,3.142]",none,1,1,Z,1,ridge,1,adam,adjoint,100,44,13,103,11,171,63,0.3445823811506632,-2.1945969085720556,0.28707837654585083,0.29719504875938796,0.3383599906893227,4,0.8119277543413519,0.25077326428265156,0.6911384505064954,8.931271760093061,3.2461137050065654,0.15550949751495688,0.15284589022662307,0.5823913809561022,0.0,127.34,zz_bytype_r3,0.3497610836186948,0.29304608699875395,10,0,1.0,1,0.3445823811506632,-2.1945969085720556,4,0.28707837654585083,0.29719504875938796,0.3383599906893227,-2.424979784852832,4,0.30124695692702774,0.3322188230860462,,
B2,DIP,0,molecule,xy,0.1,bytype,3,bytype,eig,0,"[0.000,3.142]",none,1,1,Z,1,ridge,1,adam,adjoint,100,44,13,103,11,171,63,0.27796010237582786,-0.38859149285449623,0.2760673290786136,0.2779866110957153,-0.09595131644311973,4,0.8647983849096386,0.2642201079430085,0.6944720150343292,8.730267496647555,3.17305773807802,0.035243455504204046,0.4935153330024562,0.3714736120609359,0.0,132.24,xy_bytype_r3,0.28592857918612763,0.28232977765558065,10,0,1.0,1,0.27796010237582786,-0.38859149285449623,4,0.2760673290786136,0.2779866110957153,-0.09595131644311973,-0.46037384186905705,4,0.2848982011794605,-0.0860687814533457,,
B2,DIP,0,molecule,none,0.0,fixed,3,fixed,eig,0,"[0.000,3.142]",none,1,1,Z,1,ridge,1,adam,adjoint,100,44,13,92,11,171,63,0.23393289605010645,-0.007585246839206139,0.21824043072875415,0.23148219437406997,0.325877452407895,4,0.8625548536353866,0.6381725035695038,0.26013690505616494,2.9878522453070206,1.234797054785925,0.0020975618917021765,0.0,0.0,0.0,95.78,none_r3,0.22053169777882603,0.21321411530834436,10,0,1.0,1,0.23393289605010645,-0.007585246839206139,4,0.21824043072875415,0.23148219437406997,0.325877452407895,0.07074927073487491,4,0.22015858851559286,0.4545171396067549,,
B2,DIP,0,molecule,xy,0.1,bytype_shuffled,3,bytype_shuffled,eig,0,"[0.000,3.142]",none,1,1,Z,1,ridge,1,adam,adjoint,100,44,13,103,11,171,63,0.268544365338645,-0.32651384794445737,0.25236389653767616,0.2621114545753811,0.13366637814315133,4,0.8647983849096386,0.21295087605034718,0.7537566214666347,10.328645658039143,3.753995973398537,0.028187156767902878,0.9158864808898709,0.5918839436226114,0.0,134.93,xy_shuffled_r3,0.26973258357208424,0.2537295268245448,10,0,1.0,1,0.268544365338645,-0.32651384794445737,4,0.25236389653767616,0.2621114545753811,0.13366637814315133,-0.33937321346553273,4,0.2634756649176586,0.1395190726135427,,
B2,DIP,0,,,,,,,,,,,,,,,,,,,,44,,171,,171,63,0.3324913334278127,-0.9043764193803869,0.2843249951506145,0.3391060980856253,0.006844221149411832,4,,,,,,,,,,,krr_res,,,,,,,,,,,,,,,,,,
B2,DIP,0,,,,,,,,,,,,,,,,,,,,44,,0,,171,63,0.2504966406757635,-0.08114694193991268,0.22264458477751753,0.24569449736362767,nan,4,,,,,,,,,,,composition,,,,,,,,,,,,,,,,,,
B2,DIP,0,,,,,,,,,,,,,,,,,,,,44,,102,,171,63,0.24504471950292872,-0.06689088364604534,0.23913260809526868,0.2497960726224989,0.36754162514312816,4,0.7628625631332397,0.4361950755119324,,,,,,,,,C3_eigfeat,,,,,,,,,,,,,,,,,30,eig
B2,DIP,0,,,,,,,,,,,,,,,,,,,,44,,100,,171,63,0.2593886990398128,-0.09960401363603943,0.2326250130480799,0.2561109670480532,0.19854327865258503,4,0.8429588675498962,0.4150218963623047,,,,,,,,,C3_msgpass,,,,,,,,,,,,,,,,,22,atom
B2,DIP,0,molecule,zz,0.1,bytype,3,bytype,eig,0,"[0.000,3.142]",none,1,1,Z,1,ridge,1,adam,adjoint,100,45,13,103,11,162,72,0.22653243907058046,-0.22398156730188634,0.20040151658160205,0.21343996536716942,0.3819252092241232,4,0.71966169361474,0.3307864426177249,0.540358413470307,6.45591630660261,2.4065943713244486,0.2241536676965118,0.17631959643769965,0.3652963014299971,0.0,122.39,zz_bytype_r3,0.21680085556575177,0.19835868402768153,10,0,1.0,1,0.22653243907058046,-0.22398156730188634,4,0.20040151658160205,0.21343996536716942,0.3819252092241232,-0.1264830295178454,4,0.2073548530915385,0.37072151273766635,,
B2,DIP,0,molecule,xy,0.1,bytype,3,bytype,eig,0,"[0.000,3.142]",none,1,1,Z,1,ridge,1,adam,adjoint,100,45,13,103,11,162,72,0.25056820784788425,-0.6261435103288664,0.21728010801475606,0.23546255935960003,0.2534237569838181,4,0.7499239786876433,0.31209670881825213,0.5838288710751494,6.6752732119025975,2.4883648077017297,0.2741634557455072,0.33726064296118147,0.33916194608410827,0.0,125.77,xy_bytype_r3,0.2478579195811125,0.21776683979044054,10,0,1.0,1,0.25056820784788425,-0.6261435103288664,4,0.21728010801475606,0.23546255935960003,0.2534237569838181,-0.6263698634545656,4,0.2318483331568016,0.29231222092193215,,
B2,DIP,0,molecule,none,0.0,fixed,3,fixed,eig,0,"[0.000,3.142]",none,1,1,Z,1,ridge,1,adam,adjoint,100,45,13,92,11,162,72,0.21224882306990198,-0.16816054009284587,0.1842387515353242,0.19519951465440158,0.5177062970154341,4,0.7701068021882584,0.6561992631344339,0.1479113529839709,3.7417513516222614,1.591603526005457,0.002939260500792301,0.0,0.0,0.0,90.4,none_r3,0.20424595533190038,0.18912359551935548,10,0,1.0,1,0.21224882306990198,-0.16816054009284587,4,0.1842387515353242,0.19519951465440158,0.5177062970154341,-0.025495845024153363,4,0.19248744553533986,0.45930714306467163,,
B2,DIP,0,molecule,xy,0.1,bytype_shuffled,3,bytype_shuffled,eig,0,"[0.000,3.142]",none,1,1,Z,1,ridge,1,adam,adjoint,100,45,13,103,11,162,72,0.22323114472543493,-0.14259093305422876,0.21424448563649143,0.22581619580585266,0.3502155793873986,4,0.7499239786876433,0.3101949149798446,0.5863648532446163,7.906150513262451,2.9472032195649875,0.08821132731093902,0.5996655945259306,0.754028320799197,0.0,127.84,xy_shuffled_r3,0.22893421101855538,0.21814061736428117,10,0,1.0,1,0.22323114472543493,-0.14259093305422876,4,0.21424448563649143,0.22581619580585266,0.3502155793873986,-0.18392054763497656,4,0.23096923368871447,0.33039552224652874,,
B2,DIP,0,,,,,,,,,,,,,,,,,,,,45,,162,,162,72,0.28683424921982353,-0.7245745307956339,0.2319387166993485,0.2879963041967801,0.5383931001402886,4,,,,,,,,,,,krr_res,,,,,,,,,,,,,,,,,,
B2,DIP,0,,,,,,,,,,,,,,,,,,,,45,,0,,162,72,0.2247500041152263,-0.0026571417184653168,0.22158717183098592,0.22763600347765603,nan,4,,,,,,,,,,,composition,,,,,,,,,,,,,,,,,,
B2,DIP,0,,,,,,,,,,,,,,,,,,,,45,,102,,162,72,0.22931573597353866,-0.08170178923585492,0.20965847483890676,0.2322110794160318,0.23023232013050346,4,0.8090965151786804,0.41576310992240906,,,,,,,,,C3_eigfeat,,,,,,,,,,,,,,,,,30,eig
B2,DIP,0,,,,,,,,,,,,,,,,,,,,45,,100,,162,72,0.23125596110661817,-0.0276731539436883,0.19211868616240454,0.23309801926542775,0.3547447266045444,4,0.8570178747177124,0.4434184432029724,,,,,,,,,C3_msgpass,,,,,,,,,,,,,,,,,22,atom
B2,DIP,0,molecule,zz,0.1,bytype,3,bytype,eig,0,"[0.000,3.142]",none,1,1,Z,1,ridge,1,adam,adjoint,100,46,13,103,11,166,68,0.23196631814677762,-0.1108389762717148,0.2063670785731628,0.2112976342349516,0.3912518037518038,5,0.7750264653136788,0.34490115150796474,0.5549814529644844,8.741566654755479,2.941171051430159,0.6007600660545059,0.142863874410784,0.4439469282759991,0.0,125.08,zz_bytype_r3,0.2295976015161234,0.20395615043878862,10,0,1.0,1,0.23196631814677762,-0.1108389762717148,5,0.2063670785731628,0.2112976342349516,0.3912518037518038,-0.11244215565994153,5,0.20856042946389752,0.39211760461760464,,
B2,DIP,0,molecule,xy,0.1,bytype,3,bytype,eig,0,"[0.000,3.142]",none,1,1,Z,1,ridge,1,adam,adjoint,100,46,13,103,11,166,68,0.2457894868853551,-0.06622698883841771,0.21432577948338563,0.24580589461048213,0.37426210153482875,5,0.7987824502734862,0.31298148394816633,0.6081768147998142,9.724331911337256,3.2718303985664314,0.12885062662826857,0.033726331825404715,0.9728248540305646,0.0,130.16,xy_bytype_r3,0.25074094276015557,0.21851401362574457,10,0,1.0,1,0.2457894868853551,-0.06622698883841771,5,0.21432577948338563,0.24580589461048213,0.37426210153482875,-0.1240640313522452,5,0.2506427438792499,0.3599386724386724,,
B2,DIP,0,molecule,none,0.0,fixed,3,fixed,eig,0,"[0.000,3.142]",none,1,1,Z,1,ridge,1,adam,adjoint,100,46,13,92,11,166,68,0.23174344696550295,-0.21454089137691823,0.19734669592876303,0.20668157361461725,0.43287583628492715,5,0.8079043799697507,0.6266111358530041,0.22439938266399118,3.7461640752208774,1.4187459222871601,0.08536105660379431,0.0,0.0,0.0,93.29,none_r3,0.22664414545639697,0.18338682517663943,10,0,1.0,1,0.23174344696550295,-0.21454089137691823,5,0.19734669592876303,0.20668157361461725,0.43287583628492715,-0.300062944985122,5,0.19818751425499573,0.5368555686737504,,
B2,DIP,0,molecule,xy,0.1,bytype_shuffled,3,bytype_shuffled,eig,0,"[0.000,3.142]",none,1,1,Z,1,ridge,1,adam,adjoint,100,46,13,103,11,166,68,0.2349254188721839,-0.05507592851676901,0.21275660259269522,0.2207716182734997,0.3352830250557523,5,0.7987824502734862,0.26151800433300953,0.6726042187788787,7.816248712637611,2.6298403195131894,0.5865092580116779,0.6012683182721141,0.47878633346850696,0.0,130.09,xy_shuffled_r3,0.2367937581005141,0.21338444815443453,10,0,1.0,1,0.2349254188721839,-0.05507592851676901,5,0.21275660259269522,0.2207716182734997,0.3352830250557523,-0.08539855711331756,5,0.2218004139459748,0.32772694477239933,,
B2,DIP,0,,,,,,,,,,,,,,,,,,,,46,,166,,166,68,0.3235669961683407,-1.1686449318015297,0.276361676020122,0.32402746212672273,0.2511494818313,5,,,,,,,,,,,krr_res,,,,,,,,,,,,,,,,,,
B2,DIP,0,,,,,,,,,,,,,,,,,,,,46,,0,,166,68,0.25071485471296956,-0.02832485144998098,0.22735687681480118,0.24717838061336256,nan,5,,,,,,,,,,,composition,,,,,,,,,,,,,,,,,,
B2,DIP,0,,,,,,,,,,,,,,,,,,,,46,,102,,166,68,0.17761763730263538,0.32554153093111127,0.16931357651428774,0.1721812058965834,0.4244080414534959,5,0.8061038255691528,0.4630204737186432,,,,,,,,,C3_eigfeat,,,,,,,,,,,,,,,,,30,eig
B2,DIP,0,,,,,,,,,,,,,,,,,,,,46,,100,,166,68,0.2053808305345488,0.24883359834324348,0.1836587545033493,0.19725000325330644,0.4865584946091995,5,0.8548285961151123,0.5159768462181091,,,,,,,,,C3_msgpass,,,,,,,,,,,,,,,,,22,atom
B2,DIP,0,molecule,zz,0.1,bytype,3,bytype,eig,0,"[0.000,3.142]",none,1,1,Z,1,ridge,1,adam,adjoint,100,47,13,103,11,168,66,0.20518008998886406,-0.4156461280443997,0.16736081415076673,0.20593195703698142,0.5425074925074925,6,0.8201423424787709,0.4128593285847234,0.4966003982468322,7.304780311700027,2.604244944949412,0.34014110666407316,-0.21758711028052424,0.6990855735356151,0.0,126.89,zz_bytype_r3,0.18818938775838046,0.15981333503248424,10,0,1.0,1,0.20518008998886406,-0.4156461280443997,6,0.16736081415076673,0.20593195703698142,0.5425074925074925,-0.011508477124063221,6,0.1855786014557964,0.5624375624375624,,
B2,DIP,0,molecule,xy,0.1,bytype,3,bytype,eig,0,"[0.000,3.142]",none,1,1,Z,1,ridge,1,adam,adjoint,100,47,13,103,11,168,66,0.2698514037023881,-1.0304661643731121,0.24927120251691814,0.24078089940231176,0.35982017982017983,6,0.8111950264316553,0.2557938748764877,0.6846703116491076,9.843967283761053,3.5094966505592113,0.24100806299667535,0.5468324078346413,0.3801865869010035,0.0,131.48,xy_bytype_r3,0.26110185436931854,0.2442289619260867,10,0,1.0,1,0.2698514037023881,-1.0304661643731121,6,0.24927120251691814,0.24078089940231176,0.35982017982017983,-0.8823628160511385,6,0.23748771963981188,0.37728271728271723,,
B2,DIP,0,molecule,none,0.0,fixed,3,fixed,eig,0,"[0.000,3.142]",none,1,1,Z,1,ridge,1,adam,adjoint,100,47,13,92,11,168,66,0.2413418468890607,-0.8004779686000587,0.2036916532413736,0.20518049580925374,0.431008991008991,6,0.8055252911374082,0.6778717942575605,0.158472363666695,2.3674343176912216,0.9572009029786734,0.002402580159135735,0.0,0.0,0.0,94.42,none_r3,0.21695279989783947,0.17722922737156782,10,0,1.0,1,0.2413418468890607,-0.8004779686000587,6,0.2036916532413736,0.20518049580925374,0.431008991008991,-0.22628858332105262,6,0.19470979566006558,0.5845154845154845,,
B2,DIP,0,molecule,xy,0.1,bytype_shuffled,3,bytype_shuffled,eig,0,"[0.000,3.142]",none,1,1,Z,1,ridge,1,adam,adjoint,100,47,13,103,11,168,66,0.24371668329415594,-0.3839766462823695,0.20008133528232602,0.24668698289506522,0.4821878121878121,6,0.8111950264316553,0.2926109739089465,0.6392840631726932,10.0846004773328,3.5952853739986455,0.04904107616238182,0.4245846120092613,1.0297003593811505,0.0,133.06,xy_shuffled_r3,0.25166982682720496,0.2037468277283458,10,0,1.0,1,0.24371668329415594,-0.3839766462823695,6,0.20008133528232602,0.24668698289506522,0.4821878121878121,-0.47733701598028944,6,0.2531312197364768,0.46550449550449546,,
B2,DIP,0,,,,,,,,,,,,,,,,,,,,47,,168,,168,66,0.29615794032970477,-1.4239044715500881,0.263738831051931,0.26688078149306904,-0.011548451548451551,6,,,,,,,,,,,krr_res,,,,,,,,,,,,,,,,,,
B2,DIP,0,,,,,,,,,,,,,,,,,,,,47,,0,,168,66,0.21585180916305916,-0.00033455383348401924,0.21204341431694917,0.21980390003779288,nan,6,,,,,,,,,,,composition,,,,,,,,,,,,,,,,,,
B2,DIP,0,,,,,,,,,,,,,,,,,,,,47,,102,,168,66,0.171487806436213,0.31325671976982605,0.14490933533555211,0.15487286513718418,0.716013986013986,6,0.8564544916152954,0.529686689376831,,,,,,,,,C3_eigfeat,,,,,,,,,,,,,,,,,30,eig
B2,DIP,0,,,,,,,,,,,,,,,,,,,,47,,100,,168,66,0.21028316189737797,-0.07401608270773652,0.19876810209044699,0.20989082508451623,0.3680743650388231,6,0.906305193901062,0.5541085004806519,,,,,,,,,C3_msgpass,,,,,,,,,,,,,,,,,22,atom
B2,DIP,0,molecule,zz,0.1,bytype,3,bytype,eig,0,"[0.000,3.142]",none,1,1,Z,1,ridge,1,adam,adjoint,100,48,13,102,10,177,57,0.29953579182510215,-0.7566381709026995,0.3044497677947822,0.3008034406482155,0.18806080830552468,5,0.7121152364739738,0.3595757569162638,0.4950595935895194,6.44036244176588,2.25497622624653,0.20271203392435644,0.29019446567735624,0.33207790429112954,0.0,134.24,zz_bytype_r3,0.3005797028379742,0.30365757614984273,9,0,1.0,1,0.29953579182510215,-0.7566381709026995,5,0.3044497677947822,0.3008034406482155,0.18806080830552468,-0.7816062386189491,5,0.30265742851331895,0.18878889001247173,,
B2,DIP,0,molecule,xy,0.1,bytype,3,bytype,eig,0,"[0.000,3.142]",none,1,1,Z,1,ridge,1,adam,adjoint,100,48,13,102,10,177,57,0.2651770220168532,-0.23988803038444262,0.2521906278378766,0.2645706647353924,0.22779133227307966,5,0.696592016556933,0.2602964518518621,0.6263286892973057,7.797424090992244,2.730126776270125,0.04837115006492888,0.4009890110310992,0.7056266629830125,0.0,139.0,xy_bytype_r3,0.26930651549442874,0.2563279665023474,9,0,1.0,1,0.2651770220168532,-0.23988803038444262,5,0.2521906278378766,0.2645706647353924,0.22779133227307966,-0.265355601819929,5,0.2689615344404884,0.2840501689970797,,
B2,DIP,0,molecule,none,0.0,fixed,3,fixed,eig,0,"[0.000,3.142]",none,1,1,Z,1,ridge,1,adam,adjoint,100,48,13,92,10,177,57,0.2868803091165058,-0.16327469401046213,0.2575831931815465,0.2926605375042686,0.12727217569567661,5,0.708782401938177,0.5958006923725749,0.15940253208410893,1.4788968025495215,0.582279765910432,0.0016581464707122757,0.0,0.0,0.0,100.08,none_r3,0.24645066105074595,0.23129029839326132,9,0,1.0,1,0.2868803091165058,-0.16327469401046213,5,0.2575831931815465,0.2926605375042686,0.12727217569567661,0.0584026095998228,5,0.2536618520968918,0.414302392925105,,
B2,DIP,0,molecule,xy,0.1,bytype_shuffled,3,bytype_shuffled,eig,0,"[0.000,3.142]",none,1,1,Z,1,ridge,1,adam,adjoint,100,48,13,102,10,177,57,0.29211145068148925,-0.3447378294183303,0.2893736040919794,0.29765188281146465,0.14023932315367243,5,0.696592016556933,0.2746652818886816,0.6057013641266258,7.541404052652229,2.640485998267394,0.09630264072319732,0.489630776351586,0.3387186578405889,0.0,140.19,xy_shuffled_r3,0.29295423132402226,0.2879503594523161,9,0,1.0,1,0.29211145068148925,-0.3447378294183303,5,0.2893736040919794,0.29765188281146465,0.14023932315367243,-0.36993136749604005,5,0.2993297063963409,0.14484241750092702,,
B2,DIP,0,,,,,,,,,,,,,,,,,,,,48,,177,,177,57,0.309606240998356,-0.46105749308268984,0.29100235140416897,0.30086868970961467,0.24043617487443963,5,,,,,,,,,,,krr_res,,,,,,,,,,,,,,,,,,
B2,DIP,0,,,,,,,,,,,,,,,,,,,,48,,0,,177,57,0.26242328159381506,-0.026157343500019747,0.26343847438016527,0.26904338900873137,nan,5,,,,,,,,,,,composition,,,,,,,,,,,,,,,,,,
B2,DIP,0,,,,,,,,,,,,,,,,,,,,48,,101,,177,57,0.22706255045638887,0.108401583983465,0.20932314604205207,0.216189895954888,0.520878539669115,5,0.8299340009689331,0.4226623475551605,,,,,,,,,C3_eigfeat,,,,,,,,,,,,,,,,,30,eig
B2,DIP,0,,,,,,,,,,,,,,,,,,,,48,,99,,177,57,0.21316292594061537,0.22396021658237986,0.21143750747137374,0.20850313016704441,0.49482960257036374,5,0.841070294380188,0.47473105788230896,,,,,,,,,C3_msgpass,,,,,,,,,,,,,,,,,22,atom
B2,DIP,0,molecule,zz,0.1,bytype,3,bytype,eig,0,"[0.000,3.142]",none,1,1,Z,1,ridge,1,adam,adjoint,100,49,13,103,11,171,63,0.3288699987525561,-2.9446426287880425,0.27668282025569557,0.27407727326274395,0.4069015640444212,6,0.7855937479847832,0.3421215355743335,0.5645057811980445,8.83041063197789,3.0857312932560306,0.34041865253843057,0.7550458904421895,0.6395017408844029,0.0,129.85,zz_bytype_r3,0.34443885173805927,0.28285557570513026,10,0,1.0,1,0.3288699987525561,-2.9446426287880425,6,0.27668282025569557,0.27407727326274395,0.4069015640444212,-3.2345318411171498,6,0.2881022955420754,0.40848886563172265,,
B2,DIP,0,molecule,xy,0.1,bytype,3,bytype,eig,0,"[0.000,3.142]",none,1,1,Z,1,ridge,1,adam,adjoint,100,49,13,103,11,171,63,0.27592850910395417,-0.814963310672792,0.2437342588690747,0.27864658117846014,0.3613175184603755,6,0.8002088147367779,0.31492181536085384,0.6064504544798788,9.653970388763476,3.3735190552630163,0.036388164817729246,0.08243860159894212,0.6824669331845908,0.0,133.67,xy_bytype_r3,0.29689573232042393,0.2575501342336315,10,0,1.0,1,0.27592850910395417,-0.814963310672792,6,0.2437342588690747,0.27864658117846014,0.3613175184603755,-1.0553456937967027,6,0.29904304159692585,0.36025350311064597,,
B2,DIP,0,molecule,none,0.0,fixed,3,fixed,eig,0,"[0.000,3.142]",none,1,1,Z,1,ridge,1,adam,adjoint,100,49,13,92,11,171,63,0.5078526947648443,-43.57567744524215,0.2956828226074609,0.2085219345973034,0.4037327751613467,6,0.7831805275693184,0.6678354168121154,0.14727780721922243,3.3549343042584177,1.326045843854247,0.023055069699816015,0.0,0.0,0.0,97.57,none_r3,0.3154507697341013,0.2562483997127104,10,0,1.0,1,0.5078526947648443,-43.57567744524215,6,0.2956828226074609,0.2085219345973034,0.4037327751613467,-8.603759677246602,6,0.19552005336022435,0.42894354322925754,,
B2,DIP,0,molecule,xy,0.1,bytype_shuffled,3,bytype_shuffled,eig,0,"[0.000,3.142]",none,1,1,Z,1,ridge,1,adam,adjoint,100,49,13,103,11,171,63,0.45515724420391396,-25.298390030976353,0.2888646121836829,0.23186817234226711,0.5530030815745101,6,0.8002088147367779,0.3775808792615143,0.5281470632315935,4.658764760533011,1.6279759581548694,0.6565071786920583,0.09335235806271958,0.10150502590659004,0.0,134.05,xy_shuffled_r3,0.30432977862294586,0.24091740608205223,10,0,1.0,1,0.45515724420391396,-25.298390030976353,6,0.2888646121836829,0.23186817234226711,0.5530030815745101,-3.51921546430152,6,0.2271146283055364,0.4606953892668178,,
B2,DIP,0,,,,,,,,,,,,,,,,,,,,49,,171,,171,63,0.542241604535952,-8.125614360363302,0.31577938796098876,0.5213714098305782,0.2867027152741438,6,,,,,,,,,,,krr_res,,,,,,,,,,,,,,,,,,
B2,DIP,0,,,,,,,,,,,,,,,,,,,,49,,0,,171,63,0.2240745246449457,-0.00954291296992893,0.2246950411860487,0.23025957463330454,nan,6,,,,,,,,,,,composition,,,,,,,,,,,,,,,,,,
B2,DIP,0,,,,,,,,,,,,,,,,,,,,49,,102,,171,63,0.20122719046377308,0.021779692758264968,0.19215024271300526,0.19972979940011334,0.4060468631897202,6,0.817333459854126,0.4825901985168457,,,,,,,,,C3_eigfeat,,,,,,,,,,,,,,,,,30,eig
B2,DIP,0,,,,,,,,,,,,,,,,,,,,49,,100,,171,63,0.19313141947986703,0.11616552524349433,0.17210678931399057,0.19080644405191668,0.5395830694420412,6,0.8403417468070984,0.47728389501571655,,,,,,,,,C3_msgpass,,,,,,,,,,,,,,,,,22,atom
B2,DIP,0,molecule,zz,0.1,bytype,3,bytype,eig,0,"[0.000,3.142]",none,1,1,Z,1,ridge,1,adam,adjoint,100,50,13,102,10,173,61,0.2324251801401191,-1.1557007746412857,0.17974663978093594,0.22823370657536535,0.3502380952380952,5,0.832947777432281,0.366962819980287,0.5594407837769623,8.308970596209932,2.77653015066009,0.19318759375740224,0.46029024416730124,0.6576719482840137,0.0,129.82,zz_bytype_r3,0.23683728300144802,0.1814562933859415,9,0,1.0,1,0.2324251801401191,-1.1557007746412857,5,0.17974663978093594,0.22823370657536535,0.3502380952380952,-1.1462515943294789,5,0.23296074736859812,0.3454029304029304,,
B2,DIP,0,molecule,xy,0.1,bytype,3,bytype,eig,0,"[0.000,3.142]",none,1,1,Z,1,ridge,1,adam,adjoint,100,50,13,102,10,173,61,0.20427897272535456,-0.7201683627569422,0.16032039169698695,0.20145288421958388,0.722124542124542,5,0.8533721171768698,0.36916509591674623,0.5674043146171448,8.683089973368617,2.9015460859795725,0.16934466910597312,0.1376083968285403,0.5417610508547,0.0,133.85,xy_bytype_r3,0.2068657586538741,0.15845602746878187,9,0,1.0,1,0.20427897272535456,-0.7201683627569422,5,0.16032039169698695,0.20145288421958388,0.722124542124542,-0.6793445208422477,5,0.20395368066623332,0.7159340659340658,,
B2,DIP,0,molecule,none,0.0,fixed,3,fixed,eig,0,"[0.000,3.142]",none,1,1,Z,1,ridge,1,adam,adjoint,100,50,13,92,10,173,61,0.1809783935186721,-0.07252151529262663,0.16620065055638011,0.18011711415257625,0.23322344322344316,5,0.8689323837983532,0.6202882046810643,0.28614905342852315,3.361954331508693,1.2561733965394488,0.09296093960894024,0.0,0.0,0.0,95.92,none_r3,0.17760549847282603,0.1583284409976005,9,0,1.0,1,0.1809783935186721,-0.07252151529262663,5,0.16620065055638011,0.18011711415257625,0.23322344322344316,-0.0687187546549779,5,0.17621939949742313,0.4123992673992673,,
B2,DIP,0,molecule,xy,0.1,bytype_shuffled,3,bytype_shuffled,eig,0,"[0.000,3.142]",none,1,1,Z,1,ridge,1,adam,adjoint,100,50,13,102,10,173,61,0.19945485789090264,-0.5527509418582177,0.16001569484283326,0.19785238350410314,0.37135531135531136,5,0.8533721171768698,0.3824048426003332,0.5518896916090873,6.905552420548387,2.3075631668936447,0.18484194535063714,0.20866513421684724,0.17881821473222,0.0,136.02,xy_shuffled_r3,0.1921344294917736,0.15568443297176598,9,0,1.0,1,0.19945485789090264,-0.5527509418582177,5,0.16001569484283326,0.19785238350410314,0.37135531135531136,-0.512920035316895,5,0.19036214891857747,0.41054945054945047,,
B2,DIP,0,,,,,,,,,,,,,,,,,,,,50,,173,,173,61,0.33256200107571066,-3.9627152236907452,0.22369754958316743,0.3324691087374326,0.3038827838827837,5,,,,,,,,,,,krr_res,,,,,,,,,,,,,,,,,,
B2,DIP,0,,,,,,,,,,,,,,,,,,,,50,,0,,173,61,0.18786156600018952,-0.15730786382887985,0.17431123312683486,0.18306764046242774,nan,5,,,,,,,,,,,composition,,,,,,,,,,,,,,,,,,
B2,DIP,0,,,,,,,,,,,,,,,,,,,,50,,101,,173,61,0.15948626662153664,0.10630092647905465,0.1351804852891136,0.15847849800949948,0.6914835164835165,5,0.8272936940193176,0.4834645390510559,,,,,,,,,C3_eigfeat,,,,,,,,,,,,,,,,,30,eig
B2,DIP,0,,,,,,,,,,,,,,,,,,,,50,,99,,173,61,0.21734973176433042,-0.5255084793504097,0.1987274623816164,0.21487444215845658,0.5787927282898724,5,0.8876785635948181,0.5257475972175598,,,,,,,,,C3_msgpass,,,,,,,,,,,,,,,,,22,atom
B2,DIP,0,molecule,zz,0.1,bytype,3,bytype,eig,0,"[0.000,3.142]",none,1,1,Z,1,ridge,1,adam,adjoint,100,51,13,103,11,182,52,0.234480729052995,0.1061816649869951,0.23536275090365147,0.23434737242884282,0.47415584415584405,5,0.801743977272856,0.38284406967349915,0.5224858801237909,8.068123753264086,2.442776654920058,0.07755127832317334,-0.035078443230112756,0.3686904103164998,0.0,136.73,zz_bytype_r3,0.2356967407051014,0.23423417489624432,10,0,1.0,1,0.234480729052995,0.1061816649869951,5,0.23536275090365147,0.23434737242884282,0.47415584415584405,0.09695351475225278,5,0.23499077225110201,0.48003463203463204,,
B2,DIP,0,molecule,xy,0.1,bytype,3,bytype,eig,0,"[0.000,3.142]",none,1,1,Z,1,ridge,1,adam,adjoint,100,51,13,103,11,182,52,0.42419448797163256,-6.362458776412466,0.3366723068793271,0.36365731077480573,0.4494458874458874,5,0.8404378759618131,0.2810360818396912,0.6656075483056161,6.672490769556015,2.020222443346488,1.1699024013929422,0.512873332353844,0.5937180298534074,0.0,141.58,xy_bytype_r3,0.44702174910624487,0.32666111328726644,10,0,1.0,1,0.42419448797163256,-6.362458776412466,5,0.3366723068793271,0.36365731077480573,0.4494458874458874,-6.1347549181314545,5,0.3787723345144379,0.4173852813852814,,
B2,DIP,0,molecule,none,0.0,fixed,3,fixed,eig,0,"[0.000,3.142]",none,1,1,Z,1,ridge,1,adam,adjoint,100,51,13,92,11,182,52,0.22082266764461245,0.14761046846342096,0.22707448046560116,0.22577744134966596,0.4122077922077921,5,0.8330563322545694,0.6516798978866067,0.21772409301191986,2.7967703253419427,0.9412972886235801,0.018195951128504143,0.0,0.0,0.0,101.81,none_r3,0.2184485706872999,0.2198036806443826,10,0,1.0,1,0.22082266764461245,0.14761046846342096,5,0.22707448046560116,0.22577744134966596,0.4122077922077921,0.17747457794319454,5,0.22157960284586264,0.6069177489177489,,
B2,DIP,0,molecule,xy,0.1,bytype_shuffled,3,bytype_shuffled,eig,0,"[0.000,3.142]",none,1,1,Z,1,ridge,1,adam,adjoint,100,51,13,103,11,182,52,0.3239405223029687,-1.0065730956023313,0.32680379418418326,0.32710991183799204,0.1657705627705628,5,0.8404378759618131,0.3200903629332228,0.6191385799135893,8.693759165150583,2.6321995771985294,0.22041554157064377,0.7291042546976527,0.9976977431164537,0.0,143.76,xy_shuffled_r3,0.2951186315650458,0.2964522197561605,10,0,1.0,1,0.3239405223029687,-1.0065730956023313,5,0.32680379418418326,0.32710991183799204,0.1657705627705628,-0.624048783087018,5,0.29696721173104,0.1797099567099567,,
B2,DIP,0,,,,,,,,,,,,,,,,,,,,51,,182,,182,52,0.41262741663080377,-2.675326665706778,0.32387502785143973,0.3841405496310177,0.6124329004329004,5,,,,,,,,,,,krr_res,,,,,,,,,,,,,,,,,,
B2,DIP,0,,,,,,,,,,,,,,,,,,,,51,,0,,182,52,0.2469430382502113,-0.013327950599607341,0.24983087574603174,0.25388595978021977,nan,5,,,,,,,,,,,composition,,,,,,,,,,,,,,,,,,
B2,DIP,0,,,,,,,,,,,,,,,,,,,,51,,102,,182,52,0.22504964931544835,0.1612413329060447,0.20535819315636375,0.2222030520507124,0.5374285714285715,5,0.7852494120597839,0.48090630769729614,,,,,,,,,C3_eigfeat,,,,,,,,,,,,,,,,,30,eig
B2,DIP,0,,,,,,,,,,,,,,,,,,,,51,,100,,182,52,0.2544700702258961,-0.15724108157053807,0.24991292714991695,0.2538004150768754,0.3612797635335107,5,0.8574804067611694,0.4780275225639343,,,,,,,,,C3_msgpass,,,,,,,,,,,,,,,,,22,atom
B2,DIP,0,molecule,zz,0.1,bytype,3,bytype,eig,0,"[0.000,3.142]",none,1,1,Z,1,ridge,1,adam,adjoint,100,52,13,102,10,185,49,0.3125108861014267,-0.6628622581966428,0.2619100657098694,0.28404718072451596,0.35348890240194586,4,0.851556516088653,0.37162683163815957,0.5635911127248416,7.10543625003154,2.6217795523683782,0.06507345013666824,0.1745703597620814,0.4082652084019261,0.0,139.26,zz_bytype_r3,0.31543008628507224,0.2679962443037179,9,0,1.0,1,0.3125108861014267,-0.6628622581966428,4,0.2619100657098694,0.28404718072451596,0.35348890240194586,-0.6648221955228311,4,0.28706982505512185,0.414420543224891,,
B2,DIP,0,molecule,xy,0.1,bytype,3,bytype,eig,0,"[0.000,3.142]",none,1,1,Z,1,ridge,1,adam,adjoint,100,52,13,102,10,185,49,0.2802969991938114,-0.05411429344652685,0.2764467005607051,0.2799168977096803,0.11994400527009223,4,0.8687712681632654,0.33633506414054326,0.6128612024064579,7.348335883708236,2.711405195389031,0.40300085006052594,0.0867371940780876,0.4216596661105316,0.0,144.45,xy_bytype_r3,0.27738532279193956,0.2695467141393015,9,0,1.0,1,0.2802969991938114,-0.05411429344652685,4,0.2764467005607051,0.2799168977096803,0.11994400527009223,-0.02848211314378357,4,0.27807048817775454,0.15001646903820817,,
B2,DIP,0,molecule,none,0.0,fixed,3,fixed,eig,0,"[0.000,3.142]",none,1,1,Z,1,ridge,1,adam,adjoint,100,52,13,92,10,185,49,0.237301706290922,0.2928446968842172,0.24069687447286872,0.24255568678887623,0.560818891253674,4,0.8985983274234621,0.696669552741465,0.22471527991932116,2.703572147942329,1.1293446895670405,0.002172299235252976,0.0,0.0,0.0,103.07,none_r3,0.20899282357593224,0.21184066093718573,9,0,1.0,1,0.237301706290922,0.2928446968842172,4,0.24069687447286872,0.24255568678887623,0.560818891253674,0.4327327257383855,4,0.2087928957838321,0.5892431843518801,,
B2,DIP,0,molecule,xy,0.1,bytype_shuffled,3,bytype_shuffled,eig,0,"[0.000,3.142]",none,1,1,Z,1,ridge,1,adam,adjoint,100,52,13,102,10,185,49,0.2943697319313489,-0.25274438892710216,0.2242015112733072,0.2688082493637558,0.36073527921354015,4,0.8687712681632654,0.29037644703249,0.665761912630471,9.206908802071847,3.3971855334970127,0.03967126357495477,0.6323715073517079,0.6880201949347678,0.0,146.05,xy_shuffled_r3,0.29469749950519086,0.22208498180576083,9,0,1.0,1,0.2943697319313489,-0.25274438892710216,4,0.2242015112733072,0.2688082493637558,0.36073527921354015,-0.25948899645278223,4,0.2693326197697845,0.3861381372250937,,
B2,DIP,0,,,,,,,,,,,,,,,,,,,,52,,185,,185,49,0.4167334864264387,-1.3214216205630134,0.3468674994388275,0.41289522128797473,-0.015759602716124456,4,,,,,,,,,,,krr_res,,,,,,,,,,,,,,,,,,
B2,DIP,0,,,,,,,,,,,,,,,,,,,,52,,0,,185,49,0.2967087810259239,-0.007027389340921175,0.2780744273291926,0.30180413948296125,nan,4,,,,,,,,,,,composition,,,,,,,,,,,,,,,,,,
B2,DIP,0,,,,,,,,,,,,,,,,,,,,52,,101,,185,49,0.23525829464381173,0.18104466063323366,0.2258329835631503,0.23424632708601384,0.3343848180804703,4,0.839499831199646,0.4486362338066101,,,,,,,,,C3_eigfeat,,,,,,,,,,,,,,,,,30,eig
B2,DIP,0,,,,,,,,,,,,,,,,,,,,52,,99,,185,49,0.23008661015198986,0.2966962556238939,0.2397150129358178,0.23489420312593257,0.3520969975717567,4,0.9097819328308105,0.5408962965011597,,,,,,,,,C3_msgpass,,,,,,,,,,,,,,,,,22,atom
B2,DIP,0,molecule,zz,0.1,bytype,3,bytype,eig,0,"[0.000,3.142]",none,1,1,Z,1,ridge,1,adam,adjoint,100,53,13,103,11,170,64,0.24080569594267315,-1.0442945197563747,0.23502174298756667,0.24080569594267318,0.4473882951398196,5,0.8230299691556798,0.2825651944274427,0.6566769072609625,10.056157157932056,2.9840244651301906,0.5342724492447224,0.3895583854347738,0.9386215341965866,0.0,128.64,zz_bytype_r3,0.24851573848688616,0.24418765723507693,10,0,1.0,1,0.24080569594267315,-1.0442945197563747,5,0.23502174298756667,0.24080569594267318,0.4473882951398196,-1.1918219651648685,5,0.24851573848688616,0.44363155264450993,,
B2,DIP,0,molecule,xy,0.1,bytype,3,bytype,eig,0,"[0.000,3.142]",none,1,1,Z,1,ridge,1,adam,adjoint,100,53,13,103,11,170,64,0.2065407064700684,-0.1993298127297478,0.18734761199247335,0.2065407064700684,0.5406039209773967,5,0.8622456159076516,0.31600884879679575,0.6335048355518216,6.974978061634233,2.069727516464449,0.33632693841777445,0.2929016335824462,0.2626302940497072,0.0,132.36,xy_bytype_r3,0.20674855655460878,0.18607368235359445,10,0,1.0,1,0.2065407064700684,-0.1993298127297478,5,0.18734761199247335,0.2065407064700684,0.5406039209773967,-0.21784965475247886,5,0.20674855655460878,0.5448253093451265,,
B2,DIP,0,molecule,none,0.0,fixed,3,fixed,eig,0,"[0.000,3.142]",none,1,1,Z,1,ridge,1,adam,adjoint,100,53,13,92,11,170,64,0.19318030816936513,0.024093625068328572,0.16857442761493716,0.19318030816936516,0.3839365982087019,5,0.8809761349932571,0.6751080784170004,0.23368176321579065,3.657983134913497,1.2039430260177209,0.007964044522890212,0.0,0.0,0.0,95.76,none_r3,0.18879947643815698,0.16225375627058145,10,0,1.0,1,0.19318030816936513,0.024093625068328572,5,0.16857442761493716,0.19318030816936516,0.3839365982087019,0.054757805261303916,5,0.18879947643815695,0.49933189270079514,,
B2,DIP,0,molecule,xy,0.1,bytype_shuffled,3,bytype_shuffled,eig,0,"[0.000,3.142]",none,1,1,Z,1,ridge,1,adam,adjoint,100,53,13,103,11,170,64,0.2578630103401783,-0.8224455628240426,0.23173059943995145,0.2578630103401783,0.0972796893147503,5,0.8622456159076516,0.403977179525637,0.5314824777619932,8.264911103259411,2.4524971663553305,0.03679060245977822,0.5267100917207591,0.8369256434894407,0.0,134.15,xy_shuffled_r3,0.2693321670626793,0.24794313702999538,10,0,1.0,1,0.2578630103401783,-0.8224455628240426,5,0.23173059943995145,0.2578630103401783,0.0972796893147503,-1.0231111079684716,5,0.2693321670626794,0.1511585784642187,,
B2,DIP,0,,,,,,,,,,,,,,,,,,,,53,,170,,170,64,0.2648186361270378,-1.2300473441905657,0.2377257845812924,0.2648186361270379,0.5105487246493344,5,,,,,,,,,,,krr_res,,,,,,,,,,,,,,,,,,
B2,DIP,0,,,,,,,,,,,,,,,,,,,,53,,0,,170,64,0.18721802463235293,-0.0005768787550934906,0.18406130598958334,0.18721802463235293,nan,5,,,,,,,,,,,composition,,,,,,,,,,,,,,,,,,
B2,DIP,0,,,,,,,,,,,,,,,,,,,,53,,102,,170,64,0.1620087295696151,0.23481134539126125,0.13692933570169838,0.1620087295696151,0.5836715748682213,5,0.8341708183288574,0.4925755560398102,,,,,,,,,C3_eigfeat,,,,,,,,,,,,,,,,,30,eig
B2,DIP,0,,,,,,,,,,,,,,,,,,,,53,,100,,170,64,0.1542154880097471,0.2215978923115811,0.14525564563382265,0.1542154880097471,0.43655164665927554,5,0.8882207274436951,0.504336953163147,,,,,,,,,C3_msgpass,,,,,,,,,,,,,,,,,22,atom
B2,DIP,0,molecule,zz,0.1,bytype,3,bytype,eig,0,"[0.000,3.142]",none,1,1,Z,1,ridge,1,adam,adjoint,100,54,13,103,11,167,67,0.32905781692480085,-1.5408458908519433,0.25477023367492024,0.3064867996660958,0.44228630846277905,5,0.7990268515586972,0.27481331525233554,0.6560649811502016,7.481038621992489,2.6715410590795785,0.1191771880635444,0.5356545135651245,0.4934681025327801,0.0,126.73,zz_bytype_r3,0.3446698501406203,0.26011513287203625,10,0,1.0,1,0.32905781692480085,-1.5408458908519433,5,0.25477023367492024,0.3064867996660958,0.44228630846277905,-2.019104855613518,5,0.31042170592908586,0.444068839657075,,
B2,DIP,0,molecule,xy,0.1,bytype,3,bytype,eig,0,"[0.000,3.142]",none,1,1,Z,1,ridge,1,adam,adjoint,100,54,13,103,11,167,67,0.32949227098521017,-1.1185900404021587,0.24066730599378242,0.30079386081722687,0.5710105254222901,5,0.8040595923991354,0.35611613475340376,0.5571023116696708,9.02801062735828,3.2239776174782917,0.0643103822488987,0.4644123904478131,0.6425839407564048,0.0,130.64,xy_bytype_r3,0.32989010693125453,0.249163384816229,10,0,1.0,1,0.32949227098521017,-1.1185900404021587,5,0.24066730599378242,0.30079386081722687,0.5710105254222901,-1.0692582413037623,5,0.31291092841140333,0.5546706561412443,,
B2,DIP,0,molecule,none,0.0,fixed,3,fixed,eig,0,"[0.000,3.142]",none,1,1,Z,1,ridge,1,adam,adjoint,100,54,13,92,11,167,67,0.289049561348274,-1.0614435789985759,0.22294469820656065,0.23726592519264778,0.5198497580850522,5,0.8139280765330381,0.6736586163121145,0.17233643151666103,2.9289460156443,1.186476566777852,0.011949313276035342,0.0,0.0,0.0,94.16,none_r3,0.210461304128161,0.1876957293651964,10,0,1.0,1,0.289049561348274,-1.0614435789985759,5,0.22294469820656065,0.23726592519264778,0.5198497580850522,0.21201481696416224,5,0.21455310246541914,0.6310308972073678,,
B2,DIP,0,molecule,xy,0.1,bytype_shuffled,3,bytype_shuffled,eig,0,"[0.000,3.142]",none,1,1,Z,1,ridge,1,adam,adjoint,100,54,13,103,11,167,67,0.2760573225140218,-0.2965402710315479,0.2609224906111465,0.27546179090949163,0.281175197351668,5,0.8040595923991354,0.24211373368584285,0.6988858338678241,10.213673561033078,3.647387703910559,0.023130885230865046,0.7445178147730459,0.6442097678820891,0.0,132.95,xy_shuffled_r3,0.277155646174442,0.25650360400458355,10,0,1.0,1,0.2760573225140218,-0.2965402710315479,5,0.2609224906111465,0.27546179090949163,0.281175197351668,-0.2907334047967425,5,0.27604368427112,0.28458959341312284,,
B2,DIP,0,,,,,,,,,,,,,,,,,,,,54,,167,,167,67,0.441644395031118,-2.3498179907627046,0.38911063566637,0.43162313814869835,0.44822171292759533,5,,,,,,,,,,,krr_res,,,,,,,,,,,,,,,,,,
B2,DIP,0,,,,,,,,,,,,,,,,,,,,54,,0,,167,67,0.2750701476450084,-0.0001323786395563964,0.2703254521589522,0.28331515400449103,nan,5,,,,,,,,,,,composition,,,,,,,,,,,,,,,,,,
B2,DIP,0,,,,,,,,,,,,,,,,,,,,54,,102,,167,67,0.2281635028476151,0.0009817269458427536,0.21371545889321025,0.22419220807408446,0.5795518207282914,5,0.8050557971000671,0.4305875301361084,,,,,,,,,C3_eigfeat,,,,,,,,,,,,,,,,,30,eig
B2,DIP,0,,,,,,,,,,,,,,,,,,,,54,,100,,167,67,0.22939487907686584,0.2198087725972806,0.2063779907793662,0.22772554089906236,0.5507296021032758,5,0.8538689613342285,0.3973272144794464,,,,,,,,,C3_msgpass,,,,,,,,,,,,,,,,,22,atom
B2,DIP,0,molecule,zz,0.1,bytype,3,bytype,eig,0,"[0.000,3.142]",none,1,1,Z,1,ridge,1,adam,adjoint,100,55,13,103,11,180,54,0.33242333036386235,-1.4822365586663797,0.304953890205084,0.3378212692588773,0.13404928404928404,5,0.7540355221953294,0.34320368854615274,0.5448441373863453,6.545414071552937,1.900851713751206,0.48553071171264944,0.390351332837192,0.4398150134792415,0.0,136.13,zz_bytype_r3,0.307363574539458,0.28505297626609455,10,0,1.0,1,0.33242333036386235,-1.4822365586663797,5,0.304953890205084,0.3378212692588773,0.13404928404928404,-1.0802295874966958,5,0.31201793309799297,0.161022311022311,,
B2,DIP,0,molecule,xy,0.1,bytype,3,bytype,eig,0,"[0.000,3.142]",none,1,1,Z,1,ridge,1,adam,adjoint,100,55,13,103,11,180,54,0.2602025826345131,-0.6859355488132848,0.24084072165232653,0.25008265208855873,0.2940892440892441,5,0.7492420206485777,0.31063518280577795,0.5854007460274611,8.547168262839236,2.4821805408382986,0.2884962929800116,0.10194443467382265,0.40255721012150225,0.0,140.76,xy_bytype_r3,0.2598562886169786,0.23837995428089817,10,0,1.0,1,0.2602025826345131,-0.6859355488132848,5,0.24084072165232653,0.25008265208855873,0.2940892440892441,-0.6903203541585492,5,0.24960837278613737,0.2835997335997336,,
B2,DIP,0,molecule,none,0.0,fixed,3,fixed,eig,0,"[0.000,3.142]",none,1,1,Z,1,ridge,1,adam,adjoint,100,55,13,92,11,180,54,0.25694192037561436,-0.32365391667705046,0.2249824135710578,0.2592476096470382,0.37427572427572425,5,0.7831555826766957,0.5950757201109853,0.24015644748759202,3.184677358970565,1.0234365462813675,0.173145564949857,0.0,0.0,0.0,100.93,none_r3,0.24067250612745866,0.22279821350521656,10,0,1.0,1,0.25694192037561436,-0.32365391667705046,5,0.2249824135710578,0.2592476096470382,0.37427572427572425,-0.19653935882940377,5,0.24186148816112604,0.4462953712953712,,
B2,DIP,0,molecule,xy,0.1,bytype_shuffled,3,bytype_shuffled,eig,0,"[0.000,3.142]",none,1,1,Z,1,ridge,1,adam,adjoint,100,55,13,103,11,180,54,0.2873070238138055,-0.6925785607235475,0.25652253276459924,0.29333461040597586,0.03800366300366298,5,0.7492420206485777,0.30264494655169344,0.5960651722527384,6.155412878384592,1.7875915856225697,0.02292279478145947,0.284794767808097,0.23383313757640065,0.0,141.19,xy_shuffled_r3,0.28616226033894604,0.25743408800799084,10,0,1.0,1,0.2873070238138055,-0.6925785607235475,5,0.25652253276459924,0.29333461040597586,0.03800366300366298,-0.672565082716345,5,0.29170344348701727,0.062429237429237464,,
B2,DIP,0,,,,,,,,,,,,,,,,,,,,55,,180,,180,54,0.34650599549531025,-1.9308379025042193,0.2827430697856526,0.317505196787085,0.1431068931068931,5,,,,,,,,,,,krr_res,,,,,,,,,,,,,,,,,,
B2,DIP,0,,,,,,,,,,,,,,,,,,,,55,,0,,180,54,0.22800619958847737,-0.0032826723322989526,0.23242755015497327,0.23405799572649572,nan,5,,,,,,,,,,,composition,,,,,,,,,,,,,,,,,,
B2,DIP,0,,,,,,,,,,,,,,,,,,,,55,,102,,180,54,0.23099860552029347,-0.2359741082959017,0.20829326334696968,0.2334718662352488,0.6153096903096903,5,0.7612206935882568,0.4512881934642792,,,,,,,,,C3_eigfeat,,,,,,,,,,,,,,,,,30,eig
B2,DIP,0,,,,,,,,,,,,,,,,,,,,55,,100,,180,54,0.24403826572585371,-0.209575087089225,0.2162227651162928,0.24134492231752996,0.43150826772898654,5,0.8225782513618469,0.46561744809150696,,,,,,,,,C3_msgpass,,,,,,,,,,,,,,,,,22,atom
B2,DIP,0,molecule,zz,0.1,bytype,3,bytype,eig,0,"[0.000,3.142]",none,1,1,Z,1,ridge,1,adam,adjoint,100,56,13,103,11,172,62,0.2617938204956796,-0.32007442687637955,0.24393232249317134,0.2624902793316513,0.14827437446074204,4,0.826383901083834,0.336831701703007,0.5924028756353561,7.688182519301542,2.4321313494228094,0.09857191434492099,0.6429707844912742,0.45797351548809245,0.0,129.75,zz_bytype_r3,0.26600550034586906,0.24980818354711198,10,0,1.0,1,0.2617938204956796,-0.32007442687637955,4,0.24393232249317134,0.2624902793316513,0.14827437446074204,-0.37576177078027495,4,0.26656625223186425,0.14987057808455564,,
B2,DIP,0,molecule,xy,0.1,bytype,3,bytype,eig,0,"[0.000,3.142]",none,1,1,Z,1,ridge,1,adam,adjoint,100,56,13,103,11,172,62,0.2618921344560985,-0.2691086675098091,0.2172754720970147,0.26564051412484907,0.26225194132873164,4,0.8386009136929861,0.33263114851814385,0.6033498854021987,8.441107485398337,2.67031669546653,0.2941450971930761,-0.08978516707492606,0.8370456699878809,0.0,134.55,xy_bytype_r3,0.27398266236884267,0.22851083947138703,10,0,1.0,1,0.2618921344560985,-0.2691086675098091,4,0.2172754720970147,0.26564051412484907,0.26225194132873164,-0.4344234610977069,4,0.277899745007304,0.19223468507333905,,
B2,DIP,0,molecule,none,0.0,fixed,3,fixed,eig,0,"[0.000,3.142]",none,1,1,Z,1,ridge,1,adam,adjoint,100,56,13,92,11,172,62,0.24379221103036408,-0.15608350576238617,0.22571038676208469,0.24506142493342725,0.3663934426229508,4,0.8441170791528599,0.6698364797634919,0.2064649604818715,3.068853573254598,1.0846205254253405,0.006612471531282477,0.0,0.0,0.0,96.6,none_r3,0.2249654487523427,0.21354745771229594,10,0,1.0,1,0.24379221103036408,-0.15608350576238617,4,0.22571038676208469,0.24506142493342725,0.3663934426229508,0.00567813486683455,4,0.22678839044214963,0.41630716134598794,,
B2,DIP,0,molecule,xy,0.1,bytype_shuffled,3,bytype_shuffled,eig,0,"[0.000,3.142]",none,1,1,Z,1,ridge,1,adam,adjoint,100,56,13,103,11,172,62,0.3302534653798025,-1.1461698693618523,0.284159975780735,0.3346838453947573,-0.05090595340811043,4,0.8386009136929861,0.30597375000532423,0.6351378289609854,7.64925175243438,2.4198157288821958,0.10151933055379495,0.27781583715883046,0.4087293973328612,0.0,136.08,xy_shuffled_r3,0.3327802201022842,0.284524240619029,10,0,1.0,1,0.3302534653798025,-1.1461698693618523,4,0.284159975780735,0.3346838453947573,-0.05090595340811043,-1.1521820538435037,4,0.33684812615326915,-0.05172562553925798,,
B2,DIP,0,,,,,,,,,,,,,,,,,,,,56,,172,,172,62,0.3183589432784429,-0.9400940589698465,0.3175761342263849,0.32329268931232547,-0.03058671268334773,4,,,,,,,,,,,krr_res,,,,,,,,,,,,,,,,,,
B2,DIP,0,,,,,,,,,,,,,,,,,,,,56,,0,,172,62,0.2777559804951238,-0.2669374365045414,0.20067048342186047,0.2813553400686237,nan,4,,,,,,,,,,,composition,,,,,,,,,,,,,,,,,,
B2,DIP,0,,,,,,,,,,,,,,,,,,,,56,,102,,172,62,0.23794148190036987,0.024276221581605473,0.23231948964716503,0.23959351534121823,0.2797670405522002,4,0.8511484861373901,0.46633076667785645,,,,,,,,,C3_eigfeat,,,,,,,,,,,,,,,,,30,eig
B2,DIP,0,,,,,,,,,,,,,,,,,,,,56,,100,,172,62,0.2254466221780733,0.09373115030833912,0.22169001114431433,0.22862021961356677,0.3756362873869921,4,0.8907468914985657,0.5209628939628601,,,,,,,,,C3_msgpass,,,,,,,,,,,,,,,,,22,atom
B2,DIP,0,molecule,zz,0.1,bytype,3,bytype,eig,0,"[0.000,3.142]",none,1,1,Z,1,ridge,1,adam,adjoint,100,57,13,103,11,176,58,0.2918964229127349,-0.41494609064373145,0.2676243673796727,0.2918964229127348,0.3218669453152211,6,0.86390952915937,0.39763373666011465,0.5397275718824014,9.731835973951249,3.590962601718236,0.10048224219202406,0.5244209550041415,0.4898261147734113,0.0,132.23,zz_bytype_r3,0.2901730509048584,0.2648405646118076,10,0,1.0,1,0.2918964229127349,-0.41494609064373145,6,0.2676243673796727,0.2918964229127348,0.3218669453152211,-0.38102428938963073,6,0.29017305090485834,0.307843956809474,,
B2,DIP,0,molecule,xy,0.1,bytype,3,bytype,eig,0,"[0.000,3.142]",none,1,1,Z,1,ridge,1,adam,adjoint,100,57,13,103,11,176,58,0.30045694992445526,-0.32569956673440537,0.27164700262973007,0.3004569499244552,0.3856774642981539,6,0.8488878879571903,0.3274226811945344,0.6142921982519247,7.988324595956814,2.9476221086389796,0.03224858447592256,0.042431777809502684,0.26269077721053785,0.0,137.63,xy_bytype_r3,0.30272148952690664,0.27103668866023783,10,0,1.0,1,0.30045694992445526,-0.32569956673440537,6,0.27164700262973007,0.3004569499244552,0.3856774642981539,-0.3550249206897449,6,0.30272148952690664,0.30862765586903507,,
B2,DIP,0,molecule,none,0.0,fixed,3,fixed,eig,0,"[0.000,3.142]",none,1,1,Z,1,ridge,1,adam,adjoint,100,57,13,92,11,176,58,0.23289412933298023,0.11262903444504813,0.23105821868221402,0.23289412933298023,0.44789968652037626,6,0.7781833122206769,0.6033887779185798,0.2246187132994301,2.9619374575840296,1.2453337328534477,0.008255879872628291,0.0,0.0,0.0,99.01,none_r3,0.22443524112907234,0.2213903791806457,10,0,1.0,1,0.23289412933298023,0.11262903444504813,6,0.23105821868221402,0.23289412933298023,0.44789968652037626,0.21717604528229628,6,0.22443524112907237,0.4981156391501219,,
B2,DIP,0,molecule,xy,0.1,bytype_shuffled,3,bytype_shuffled,eig,0,"[0.000,3.142]",none,1,1,Z,1,ridge,1,adam,adjoint,100,57,13,103,11,176,58,0.350317632575086,-1.1364296228532376,0.3244246039814178,0.350317632575086,0.08684778822709857,6,0.8488878879571903,0.2981834935694599,0.6487363080570924,8.683736018484042,3.2042228587735977,0.15832643943173583,0.753077379987684,0.5750155296961587,0.0,137.58,xy_shuffled_r3,0.35559145547809945,0.32741892707589365,10,0,1.0,1,0.350317632575086,-1.1364296228532376,6,0.3244246039814178,0.350317632575086,0.08684778822709857,-1.284645638458446,6,0.35559145547809945,0.09788227098571926,,
B2,DIP,0,,,,,,,,,,,,,,,,,,,,57,,176,,176,58,0.3971835195972309,-1.8060156121971445,0.32263442610082765,0.3971835195972309,0.28718216649251127,6,,,,,,,,,,,krr_res,,,,,,,,,,,,,,,,,,
B2,DIP,0,,,,,,,,,,,,,,,,,,,,57,,0,,176,58,0.2836246199059561,-0.017785116644230214,0.26605929881842294,0.2836246199059561,nan,6,,,,,,,,,,,composition,,,,,,,,,,,,,,,,,,
B2,DIP,0,,,,,,,,,,,,,,,,,,,,57,,102,,176,58,0.22270826277667197,0.1777777728445432,0.22078342382657146,0.22270826277667197,0.48029606408916753,6,0.7835511565208435,0.45023947954177856,,,,,,,,,C3_eigfeat,,,,,,,,,,,,,,,,,30,eig
B2,DIP,0,,,,,,,,,,,,,,,,,,,,57,,100,,176,58,0.2400743188025611,0.10757610689757124,0.21070303188119624,0.2400743188025611,0.5617234218478033,6,0.8295228481292725,0.4837914705276489,,,,,,,,,C3_msgpass,,,,,,,,,,,,,,,,,22,atom
B2,DIP,0,molecule,zz,0.1,bytype,3,bytype,eig,0,"[0.000,3.142]",none,1,1,Z,1,ridge,1,adam,adjoint,100,58,13,103,11,182,52,0.33220221342987993,-4.529212660352768,0.2028989169289584,0.33220221342987993,0.6412089833243679,6,0.7847062420018688,0.3486291228518476,0.555720211983458,8.7017115217931,2.9763184569940977,0.5137179802229083,-0.21429046089641043,0.8854743937472622,0.0,137.53,zz_bytype_r3,0.30098878730709644,0.20322346949202533,10,0,1.0,1,0.33220221342987993,-4.529212660352768,6,0.2028989169289584,0.33220221342987993,0.6412089833243679,-2.446553847313744,6,0.3009887873070964,0.64084573546112,,
B2,DIP,0,molecule,xy,0.1,bytype,3,bytype,eig,0,"[0.000,3.142]",none,1,1,Z,1,ridge,1,adam,adjoint,100,58,13,103,11,182,52,0.3275517061155255,-1.686417877118314,0.28355263701979333,0.3275517061155255,0.13421358555973942,6,0.8758592706469139,0.3506034617707687,0.5997034300820824,9.065393054048307,3.100711463382342,0.1844746373958048,0.5441201866400969,1.0452430076003938,0.0,142.47,xy_bytype_r3,0.32767969263947755,0.2832059789644704,10,0,1.0,1,0.3275517061155255,-1.686417877118314,6,0.28355263701979333,0.3275517061155255,0.13421358555973942,-1.7278001508390193,6,0.32767969263947755,0.15446999581614967,,
B2,DIP,0,molecule,none,0.0,fixed,3,fixed,eig,0,"[0.000,3.142]",none,1,1,Z,1,ridge,1,adam,adjoint,100,58,13,92,11,182,52,0.21469222357291826,0.10427419805685978,0.21633609703639317,0.21469222357291823,0.36893296874066106,6,0.8602553082379303,0.6634563502029003,0.2287680833241649,3.603103754681849,1.3900933662999744,0.042944194912328454,0.0,0.0,0.0,103.57,none_r3,0.2219549591817818,0.21497506287199286,10,0,1.0,1,0.21469222357291826,0.10427419805685978,6,0.21633609703639317,0.21469222357291823,0.36893296874066106,0.016324910147368588,6,0.22195495918178176,0.3693326758711374,,
B2,DIP,0,molecule,xy,0.1,bytype_shuffled,3,bytype_shuffled,eig,0,"[0.000,3.142]",none,1,1,Z,1,ridge,1,adam,adjoint,100,58,13,103,11,182,52,0.25185391203565055,-0.2565501920955471,0.25751338873470747,0.25185391203565055,0.0662656147271532,6,0.8758592706469139,0.3594362428613806,0.5896187265382266,8.941050489910008,3.0581815463990063,0.05312936156426415,0.3305157929298477,0.5595797388800597,0.0,143.8,xy_shuffled_r3,0.25912136458608387,0.26181476181067576,10,0,1.0,1,0.25185391203565055,-0.2565501920955471,6,0.25751338873470747,0.25185391203565055,0.0662656147271532,-0.29267743113080114,6,0.25912136458608387,0.013899049668280445,,
B2,DIP,0,,,,,,,,,,,,,,,,,,,,58,,182,,182,52,0.2457870150357916,-0.19737191886315153,0.2231818562960997,0.2457870150357916,0.41364891518737673,6,,,,,,,,,,,krr_res,,,,,,,,,,,,,,,,,,
B2,DIP,0,,,,,,,,,,,,,,,,,,,,58,,0,,182,52,0.2582354509721048,-0.02105834193638567,0.23039836841363764,0.2582354509721049,nan,6,,,,,,,,,,,composition,,,,,,,,,,,,,,,,,,
B2,DIP,0,,,,,,,,,,,,,,,,,,,,58,,102,,182,52,0.1843353561599051,0.40930792712736574,0.17584380920813913,0.18433535615990515,0.7783257127487897,6,0.8469973802566528,0.5314649939537048,,,,,,,,,C3_eigfeat,,,,,,,,,,,,,,,,,30,eig
B2,DIP,0,,,,,,,,,,,,,,,,,,,,58,,100,,182,52,0.19689688693851684,0.2465412989008161,0.18332550457482466,0.19689688693851684,0.5250979216012737,6,0.8854307532310486,0.5703032612800598,,,,,,,,,C3_msgpass,,,,,,,,,,,,,,,,,22,atom
B2,DIP,0,molecule,zz,0.1,bytype,3,bytype,eig,0,"[0.000,3.142]",none,1,1,Z,1,ridge,1,adam,adjoint,100,59,13,103,11,170,64,0.2922870813133317,-0.7694689839641118,0.251267953873348,0.2916276058424973,0.2688919546062404,6,0.8118042975182378,0.3769908158591447,0.5356136731332403,8.228764012541223,2.8147632080847966,0.057364222647797496,0.5306102023704394,0.5502445472738471,0.0,128.12,zz_bytype_r3,0.2754660327400066,0.24962613947409112,10,0,1.0,1,0.2922870813133317,-0.7694689839641118,6,0.251267953873348,0.2916276058424973,0.2688919546062404,-0.5027972466448503,6,0.2763179575397639,0.26293710889984184,,
B2,DIP,0,molecule,xy,0.1,bytype,3,bytype,eig,0,"[0.000,3.142]",none,1,1,Z,1,ridge,1,adam,adjoint,100,59,13,103,11,170,64,0.26978908039472926,-0.4809825344819667,0.2545698569449043,0.2656371557101002,0.2621056652112553,6,0.8315841712853281,0.3500720857541073,0.5790298831529915,10.41828378366592,3.5637189061389907,0.029450735064132497,0.11409057353728579,0.7028468597129286,0.0,133.09,xy_bytype_r3,0.27861230690519834,0.26109527528895626,10,0,1.0,1,0.26978908039472926,-0.4809825344819667,6,0.2545698569449043,0.2656371557101002,0.2621056652112553,-0.6339065803792006,6,0.2749186691806297,0.2552967391476708,,
B2,DIP,0,molecule,none,0.0,fixed,3,fixed,eig,0,"[0.000,3.142]",none,1,1,Z,1,ridge,1,adam,adjoint,100,59,13,92,11,170,64,0.202667439798309,0.22649457296508446,0.198727112256892,0.2047537123675989,0.36917361451522945,6,0.8301073361340574,0.6835819691963593,0.17651375979893177,3.1743533786891662,1.2247830879147943,0.0036499661357411745,0.0,0.0,0.0,96.35,none_r3,0.20861568674309675,0.20330827609447774,10,0,1.0,1,0.202667439798309,0.22649457296508446,6,0.198727112256892,0.2047537123675989,0.36917361451522945,0.1783898552233698,6,0.21124220074427466,0.3411197727967914,,
B2,DIP,0,molecule,xy,0.1,bytype_shuffled,3,bytype_shuffled,eig,0,"[0.000,3.142]",none,1,1,Z,1,ridge,1,adam,adjoint,100,59,13,103,11,170,64,0.29967603783915125,-0.7063694224067489,0.25732164513797995,0.30038305550535144,0.20406207549064692,6,0.8315841712853281,0.2972135175320429,0.6425935848770927,8.85919487840867,3.030410856234658,0.31201249764258804,0.5615997145761539,0.5149132097652027,0.0,133.99,xy_shuffled_r3,0.30376135522229697,0.25747271341122296,10,0,1.0,1,0.29967603783915125,-0.7063694224067489,6,0.25732164513797995,0.30038305550535144,0.20406207549064692,-0.758774389950315,6,0.30436792685547204,0.20512027654884799,,
B2,DIP,0,,,,,,,,,,,,,,,,,,,,59,,170,,170,64,0.43924057293585583,-2.4196992973844207,0.3522831528232946,0.44571525118986033,0.3938358857613516,6,,,,,,,,,,,krr_res,,,,,,,,,,,,,,,,,,
B2,DIP,0,,,,,,,,,,,,,,,,,,,,59,,0,,170,64,0.24784467904411767,-0.11526032637979511,0.2289646985899091,0.2504496339869281,nan,6,,,,,,,,,,,composition,,,,,,,,,,,,,,,,,,
B2,DIP,0,,,,,,,,,,,,,,,,,,,,59,,102,,170,64,0.24266572557754648,-0.4719367218481214,0.23828677462527073,0.24095818127047722,0.1912599707630764,6,0.8058384656906128,0.41787853837013245,,,,,,,,,C3_eigfeat,,,,,,,,,,,,,,,,,30,eig
B2,DIP,0,,,,,,,,,,,,,,,,,,,,59,,100,,170,64,0.20711894102491712,0.10527165152873075,0.19674760872517186,0.2033772388440126,0.5140870593210879,6,0.8695436120033264,0.48853248357772827,,,,,,,,,C3_msgpass,,,,,,,,,,,,,,,,,22,atom
B2,DIP,0,molecule,zz,0.1,bytype,3,bytype,eig,0,"[0.000,3.142]",none,1,1,Z,1,ridge,1,adam,adjoint,100,60,13,103,11,160,74,0.26473466345579255,-0.49526992542127224,0.1965130141380646,0.24976895401804344,0.45894562058945626,6,0.7372822207248809,0.37867104865082357,0.4863960665177551,7.335946197912374,2.486696072944277,0.18269896235174932,0.5198622496044848,0.7418417878652237,0.0,121.24,zz_bytype_r3,0.26965181402759447,0.19834823602213472,10,0,1.0,1,0.26473466345579255,-0.49526992542127224,6,0.1965130141380646,0.24976895401804344,0.45894562058945626,-0.5524970843276851,6,0.258014291450491,0.5122201518740812,,
B2,DIP,0,molecule,xy,0.1,bytype,3,bytype,eig,0,"[0.000,3.142]",none,1,1,Z,1,ridge,1,adam,adjoint,100,60,13,103,11,160,74,0.24717510740513202,-0.39212541898352815,0.22617543146433775,0.24788072372009184,0.3763557399101739,6,0.7215747304830037,0.30410832980797586,0.5785490858245361,10.838905840124713,3.674108814391398,0.05633115473756702,0.08225498093884417,1.315831647536927,0.0,125.47,xy_bytype_r3,0.25045916667781715,0.2286462178541444,10,0,1.0,1,0.24717510740513202,-0.39212541898352815,6,0.22617543146433775,0.24788072372009184,0.3763557399101739,-0.4259241889956993,6,0.2504971878313023,0.3525552673714174,,
B2,DIP,0,molecule,none,0.0,fixed,3,fixed,eig,0,"[0.000,3.142]",none,1,1,Z,1,ridge,1,adam,adjoint,100,60,13,92,11,160,74,0.4064184651473039,-17.05393442441939,0.2264890543074276,0.22754016794840443,0.5027239643317509,6,0.7410405917247855,0.6005571942752217,0.18957584647635314,3.1693901119474948,1.2104231206762734,0.09394077908908172,0.0,0.0,0.0,90.3,none_r3,0.32483902403780435,0.21107154112203774,10,0,1.0,1,0.4064184651473039,-17.05393442441939,6,0.2264890543074276,0.22754016794840443,0.5027239643317509,-5.420779214953139,6,0.22813187484716418,0.4646290383492979,,
B2,DIP,0,molecule,xy,0.1,bytype_shuffled,3,bytype_shuffled,eig,0,"[0.000,3.142]",none,1,1,Z,1,ridge,1,adam,adjoint,100,60,13,103,11,160,74,0.2928609758596987,-1.350194981292474,0.23157934378336614,0.24554887642663098,0.2548394647889961,6,0.7215747304830037,0.28811554797659744,0.6007128079669029,9.120999587809445,3.0917830153643444,0.39449286731570266,0.44513443408070336,0.4523644773293152,0.0,127.52,xy_shuffled_r3,0.3061712428313789,0.23746917604659254,10,0,1.0,1,0.2928609758596987,-1.350194981292474,6,0.23157934378336614,0.24554887642663098,0.2548394647889961,-1.5784108002233697,6,0.2564857917748595,0.22943192351988312,,
B2,DIP,0,,,,,,,,,,,,,,,,,,,,60,,160,,160,74,0.4054967163068229,-3.306804797731205,0.316950841518638,0.37300773306632085,0.14504349291660032,6,,,,,,,,,,,krr_res,,,,,,,,,,,,,,,,,,
B2,DIP,0,,,,,,,,,,,,,,,,,,,,60,,0,,160,74,0.22137482533783784,-0.028940617527152268,0.22126749533139947,0.22859590977112676,nan,6,,,,,,,,,,,composition,,,,,,,,,,,,,,,,,,
B2,DIP,0,,,,,,,,,,,,,,,,,,,,60,,102,,160,74,0.19595948867710158,0.16721860046227666,0.1925409789406934,0.1992141865880374,0.42388880045693306,6,0.7671836614608765,0.4834624230861664,,,,,,,,,C3_eigfeat,,,,,,,,,,,,,,,,,30,eig
B2,DIP,0,,,,,,,,,,,,,,,,,,,,60,,100,,160,74,0.20839489321717172,0.013185909611833968,0.1862879582671024,0.20407575192531122,0.4929425747300447,6,0.7850911021232605,0.4889337122440338,,,,,,,,,C3_msgpass,,,,,,,,,,,,,,,,,22,atom
B2,DIP,0,molecule,zz,0.1,bytype,3,bytype,eig,0,"[0.000,3.142]",none,1,1,Z,1,ridge,1,adam,adjoint,100,61,13,103,11,163,71,0.21787211498143347,0.10829178056459421,0.20545145747307303,0.21720361099595495,0.30033395176252314,6,0.7198911405265456,0.24755546450096452,0.6561209736240169,10.186777154974687,3.4792859246513284,0.04896280693084478,0.09135588131134953,0.8156407434101279,0.0,121.22,zz_bytype_r3,0.22043301301523785,0.20895875005846554,10,0,1.0,1,0.21787211498143347,0.10829178056459421,6,0.20545145747307303,0.21720361099595495,0.30033395176252314,0.10523228794058936,6,0.2205817634222731,0.30716141001855285,,
B2,DIP,0,molecule,xy,0.1,bytype,3,bytype,eig,0,"[0.000,3.142]",none,1,1,Z,1,ridge,1,adam,adjoint,100,61,13,103,11,163,71,0.34979787679144964,-1.3136662017256389,0.2823238996415216,0.3514784653738979,0.24413729128014836,6,0.697491294884334,0.24187136235850312,0.6532266938204397,8.924749235824804,3.048241256763322,0.30916483452877286,0.33655923641869445,0.4693307505261149,0.0,126.45,xy_bytype_r3,0.32707595984375853,0.27235150993314994,10,0,1.0,1,0.34979787679144964,-1.3136662017256389,6,0.2823238996415216,0.3514784653738979,0.24413729128014836,-1.0420736860713316,6,0.3298459279992154,0.22812615955473092,,
B2,DIP,0,molecule,none,0.0,fixed,3,fixed,eig,0,"[0.000,3.142]",none,1,1,Z,1,ridge,1,adam,adjoint,100,61,13,92,11,163,71,0.23195246637203637,0.018119595051123816,0.2260338421142326,0.23448573256477928,0.27013605442176875,6,0.6735586346233586,0.605179531453275,0.10151915461423783,2.994260017754308,1.1533360414622946,0.00139756614240968,0.0,0.0,0.0,90.19,none_r3,0.22313076779008398,0.21445593987163344,10,0,1.0,1,0.23195246637203637,0.018119595051123816,6,0.2260338421142326,0.23448573256477928,0.27013605442176875,0.0993886280831634,6,0.22536604816326913,0.44637600494743357,,
B2,DIP,0,molecule,xy,0.1,bytype_shuffled,3,bytype_shuffled,eig,0,"[0.000,3.142]",none,1,1,Z,1,ridge,1,adam,adjoint,100,61,13,103,11,163,71,0.30549819625045566,-0.7244536737314291,0.2785180072575527,0.3033265293123057,0.22599257884972168,6,0.697491294884334,0.297610340497935,0.5733131830021073,8.679513817146294,2.96448128759413,0.0975560864615956,0.06489839599900432,0.5107402506719835,0.0,128.27,xy_shuffled_r3,0.31395107043396325,0.2885995702140216,10,0,1.0,1,0.30549819625045566,-0.7244536737314291,6,0.2785180072575527,0.3033265293123057,0.22599257884972168,-0.8542559967048438,6,0.3124465267415962,0.21153370439084718,,
B2,DIP,0,,,,,,,,,,,,,,,,,,,,61,,163,,163,71,0.5266230880671497,-4.673100157552616,0.4020191685420891,0.5335023083999867,0.21301175015460733,6,,,,,,,,,,,krr_res,,,,,,,,,,,,,,,,,,
B2,DIP,0,,,,,,,,,,,,,,,,,,,,61,,0,,163,71,0.2538029793484836,-0.02998672988241169,0.24787655549450552,0.2569706734443471,nan,6,,,,,,,,,,,composition,,,,,,,,,,,,,,,,,,
B2,DIP,0,,,,,,,,,,,,,,,,,,,,61,,102,,163,71,0.23151175542323063,0.12697366902067575,0.2095126495469967,0.23332350451988348,0.396252319109462,6,0.727969229221344,0.3838939666748047,,,,,,,,,C3_eigfeat,,,,,,,,,,,,,,,,,30,eig
B2,DIP,0,,,,,,,,,,,,,,,,,,,,61,,100,,163,71,0.22425499852440275,0.08350482832609374,0.21719785139270487,0.2246353379142563,0.3803477788894231,6,0.7616909742355347,0.36417484283447266,,,,,,,,,C3_msgpass,,,,,,,,,,,,,,,,,22,atom
B3,DIP,0,molecule,zz,0.1,bytype,3,bytype,eig,0,"[0.000,3.142]",none,1,1,Z,1,ridge,1,adam,adjoint,100,42,13,107,15,352,134,0.22101207096777895,-0.3951716715050997,0.2046369271021359,0.22051941932930663,0.18063862756376126,8,0.863412035938401,0.3800364617960732,0.5598434513563042,10.77345086023091,4.410512858924324,0.6027682541454991,0.6560240579258546,0.439262501580365,0.0,257.33,zz_bytype_r3,0.22629997302380725,0.20907689899276716,14,0,1.0,1,0.22101207096777895,-0.3951716715050997,8,0.2046369271021359,0.22051941932930663,0.18063862756376126,-0.42010461451971604,8,0.2258336026724533,0.21043855876743575,,
B3,DIP,0,molecule,xy,0.1,bytype,3,bytype,eig,0,"[0.000,3.142]",none,1,1,Z,1,ridge,1,adam,adjoint,100,42,13,107,15,352,134,0.2199370079585662,-0.411917722389751,0.19889617149584976,0.2207086935705068,0.18740205872558813,8,0.8962845110515645,0.4661958913989254,0.4798572488417079,7.310234739486367,2.992716515678142,0.8892094402425459,0.09119568113199067,0.23317110242811576,0.0,266.84,xy_bytype_r3,0.2109745713621601,0.19168714243734053,14,0,1.0,1,0.2199370079585662,-0.411917722389751,8,0.19889617149584976,0.2207086935705068,0.18740205872558813,-0.2891409451824001,8,0.21122710016416127,0.16871181403266963,,
B3,DIP,0,molecule,none,0.0,fixed,3,fixed,eig,0,"[0.000,3.142]",none,1,1,Z,1,ridge,1,adam,adjoint,100,42,13,92,15,352,134,0.18814325001263232,-0.07085870963900276,0.16971321693227848,0.18320865424412802,0.13342216310130747,8,0.8968850527609572,0.855996888813399,0.0455890794719889,2.5221876998543094,1.2271168410344129,0.0015021186810022572,0.0,0.0,0.0,190.55,none_r3,0.18916164680830655,0.16857593874818957,14,0,1.0,1,0.18814325001263232,-0.07085870963900276,8,0.16971321693227848,0.18320865424412802,0.13342216310130747,0.006063764735482313,8,0.18874075666994927,0.07178310400235531,,
B3,DIP,0,molecule,xy,0.1,bytype_shuffled,3,bytype_shuffled,eig,0,"[0.000,3.142]",none,1,1,Z,1,ridge,1,adam,adjoint,100,42,13,107,15,352,134,0.22216778655513378,-0.5781613312102878,0.2138712727422751,0.22073461720264761,0.08842389042923797,8,0.8962845110515645,0.489675479248308,0.45366067001002064,10.320128538313526,4.224928503828357,0.2389310976106328,0.21049052677634864,0.9362183214554619,0.0,271.7,xy_shuffled_r3,0.21492258456534405,0.20654654038023557,14,0,1.0,1,0.22216778655513378,-0.5781613312102878,8,0.2138712727422751,0.22073461720264761,0.08842389042923797,-0.4458479878909978,8,0.2140823300895553,0.04348659362028345,,
B3,DIP,0,,,,,,,,,,,,,,,,,,,,42,,352,,352,134,0.25784793476638773,-1.1551493163775297,0.2276244859357832,0.2598144363117297,0.14460235249005302,8,,,,,,,,,,,krr_res,,,,,,,,,,,,,,,,,,
B3,DIP,0,,,,,,,,,,,,,,,,,,,,42,,0,,352,134,0.20436058255597014,-0.08103946644693005,0.1707167008254037,0.20255884138257574,nan,8,,,,,,,,,,,composition,,,,,,,,,,,,,,,,,,
B3,DIP,0,,,,,,,,,,,,,,,,,,,,42,,106,,352,134,0.18357873989380777,0.020871045085615547,0.1667335059948428,0.18444780304131106,0.2983724831318414,8,0.9368754029273987,0.46576806902885437,,,,,,,,,C3_eigfeat,,,,,,,,,,,,,,,,,30,eig
B3,DIP,0,,,,,,,,,,,,,,,,,,,,42,,106,,352,134,0.16953059641716997,0.030621348058205045,0.15236749339127745,0.16713252683465318,0.3027171538385567,8,0.8651329278945923,0.4148416221141815,,,,,,,,,C3_msgpass,,,,,,,,,,,,,,,,,18,atom
B3,DIP,0,molecule,zz,0.1,bytype,3,bytype,eig,0,"[0.000,3.142]",none,1,1,Z,1,ridge,1,adam,adjoint,100,43,13,108,16,333,153,0.21939255934622262,-0.09104069450792784,0.21521500237858937,0.21992970216258323,0.2181820355853195,8,0.8407048741781789,0.39714103889709246,0.5276094488148257,9.590230416282456,3.336836103290191,0.1360424651993604,0.5168764198664858,0.5075239807845195,0.0,244.79,zz_bytype_r3,0.21692553913364354,0.20877566991551408,15,0,1.0,1,0.21939255934622262,-0.09104069450792784,8,0.21521500237858937,0.21992970216258323,0.2181820355853195,-0.04379549576306019,8,0.21780750045336328,0.22455939129513522,,
B3,DIP,0,molecule,xy,0.1,bytype,3,bytype,eig,0,"[0.000,3.142]",none,1,1,Z,1,ridge,1,adam,adjoint,100,43,13,108,16,333,153,0.22819680086010102,-0.08222419207571052,0.22063596516801534,0.22991302940393052,0.07167649162717904,8,0.8902485796995061,0.39636229591817673,0.5547734588333019,8.20282976036984,2.854102279656755,0.10073347041511006,0.3704414080838591,0.7303861014421779,0.0,253.72,xy_bytype_r3,0.22007154830154355,0.2142897372589144,15,0,1.0,1,0.22819680086010102,-0.08222419207571052,8,0.22063596516801534,0.22991302940393052,0.07167649162717904,-0.030664688610483326,8,0.22176396917995714,0.10383319375238384,,
B3,DIP,0,molecule,none,0.0,fixed,3,fixed,eig,0,"[0.000,3.142]",none,1,1,Z,1,ridge,1,adam,adjoint,100,43,13,92,16,333,153,0.21797050465753323,-0.05726502200387995,0.19805977918717677,0.219962231152464,0.17185820702049193,8,0.8817569808987307,0.8162923219717916,0.07424342573416799,2.7631446752599818,1.1168512393416927,0.003985188336468215,0.0,0.0,0.0,180.39,none_r3,0.21300129870674553,0.19648817488968554,15,0,1.0,1,0.21797050465753323,-0.05726502200387995,8,0.19805977918717677,0.219962231152464,0.17185820702049193,0.011923613047098436,8,0.21514555423384232,0.17155420142706188,,
B3,DIP,0,molecule,xy,0.1,bytype_shuffled,3,bytype_shuffled,eig,0,"[0.000,3.142]",none,1,1,Z,1,ridge,1,adam,adjoint,100,43,13,108,16,333,153,0.25752686892284327,-0.5151382139232707,0.24400524727673686,0.25881163854104783,0.20335729213005624,8,0.8902485796995061,0.469424707430482,0.4727037839375927,9.317053425089552,3.2417865781762765,0.0856746117201238,0.6038636737244177,0.8598009140399413,0.0,255.22,xy_shuffled_r3,0.25570924513285515,0.24074748789346703,15,0,1.0,1,0.25752686892284327,-0.5151382139232707,8,0.24400524727673686,0.25881163854104783,0.20335729213005624,-0.46447240723072847,8,0.2569610576951512,0.17852774329430995,,
B3,DIP,0,,,,,,,,,,,,,,,,,,,,43,,333,,333,153,0.22927254434081906,-0.24580404997269567,0.20979467172866606,0.22926079672985503,0.3404288861911732,8,,,,,,,,,,,krr_res,,,,,,,,,,,,,,,,,,
B3,DIP,0,,,,,,,,,,,,,,,,,,,,43,,0,,333,153,0.22118755514337868,-0.012129759212376134,0.20473320061003503,0.2230194349581369,nan,8,,,,,,,,,,,composition,,,,,,,,,,,,,,,,,,
B3,DIP,0,,,,,,,,,,,,,,,,,,,,43,,107,,333,153,0.20573242134146844,0.022255801482674364,0.19199719325676737,0.2073056933577978,0.21652393106627577,8,0.8820556998252869,0.45013996958732605,,,,,,,,,C3_eigfeat,,,,,,,,,,,,,,,,,30,eig
B3,DIP,0,,,,,,,,,,,,,,,,,,,,43,,107,,333,153,0.19885888330088972,0.015243224136822775,0.19039899534823085,0.2010297690340002,0.23126417463334553,8,0.7836518287658691,0.3206508457660675,,,,,,,,,C3_msgpass,,,,,,,,,,,,,,,,,18,atom
B3,DIP,0,molecule,zz,0.1,bytype,3,bytype,eig,0,"[0.000,3.142]",none,1,1,Z,1,ridge,1,adam,adjoint,100,44,13,107,15,367,119,0.17462085926167856,0.13201482820812538,0.16110844293081597,0.17548440746290148,0.4803326450153486,8,0.8930073704476285,0.46874225945441106,0.4750969869157412,9.689664073165357,3.4519526933044657,0.0346132979986481,-0.34375565750036036,0.5830320708994479,0.0,269.18,zz_bytype_r3,0.1764294638951786,0.1599422812902856,14,0,1.0,1,0.17462085926167856,0.13201482820812538,8,0.16110844293081597,0.17548440746290148,0.4803326450153486,0.12728898260758315,8,0.17776046809759855,0.4994612324410843,,
B3,DIP,0,molecule,xy,0.1,bytype,3,bytype,eig,0,"[0.000,3.142]",none,1,1,Z,1,ridge,1,adam,adjoint,100,44,13,107,15,367,119,0.17427383306203567,0.16943361236650079,0.16159954289170572,0.17492663733111904,0.36510026120651534,8,0.914619515868989,0.5108952532302378,0.44141225464139466,8.809203930216556,3.138287870783277,0.5755517739816368,0.0038116953142054897,0.7205293629108477,0.0,277.91,xy_bytype_r3,0.17015082126554476,0.15575727487385074,14,0,1.0,1,0.17427383306203567,0.16943361236650079,8,0.16159954289170572,0.17492663733111904,0.36510026120651534,0.2164284894834001,8,0.17080985526279868,0.388462257513,,
B3,DIP,0,molecule,none,0.0,fixed,3,fixed,eig,0,"[0.000,3.142]",none,1,1,Z,1,ridge,1,adam,adjoint,100,44,13,92,15,367,119,0.22512173393328738,-0.12725344366891278,0.18459707540172343,0.226724281112753,0.16208863014484784,8,0.9014443892257861,0.8351599864654876,0.07353132766983822,3.099279507541833,1.2808468738311996,0.004329167201853472,0.0,0.0,0.0,200.13,none_r3,0.23049172209857416,0.1855067777863387,14,0,1.0,1,0.22512173393328738,-0.12725344366891278,8,0.18459707540172343,0.226724281112753,0.16208863014484784,-0.13079833476921054,8,0.23239220596840157,0.05403514939131812,,
B3,DIP,0,molecule,xy,0.1,bytype_shuffled,3,bytype_shuffled,eig,0,"[0.000,3.142]",none,1,1,Z,1,ridge,1,adam,adjoint,100,44,13,107,15,367,119,0.2088708194937253,-0.13756829503363965,0.1925891172249866,0.21024213374645045,0.1325439605670701,8,0.914619515868989,0.5742488247840708,0.3721445750712291,6.994544143777324,2.4918134739486,0.05188496599348614,0.08136427242213057,0.5144801654206246,0.0,282.83,xy_shuffled_r3,0.2073666375134013,0.1857910994151515,14,0,1.0,1,0.2088708194937253,-0.13756829503363965,8,0.1925891172249866,0.21024213374645045,0.1325439605670701,-0.0854322156761318,8,0.2086028134283733,0.16280774054766503,,
B3,DIP,0,,,,,,,,,,,,,,,,,,,,44,,367,,367,119,0.20071805578378646,-0.22958638975167633,0.18194110728851565,0.2016310777566202,0.25069862785146385,8,,,,,,,,,,,krr_res,,,,,,,,,,,,,,,,,,
B3,DIP,0,,,,,,,,,,,,,,,,,,,,44,,0,,367,119,0.20686609610056556,-0.012080278651955823,0.1839496505895357,0.20764866228698106,nan,8,,,,,,,,,,,composition,,,,,,,,,,,,,,,,,,
B3,DIP,0,,,,,,,,,,,,,,,,,,,,44,,106,,367,119,0.16855794753272163,0.2759893835920073,0.13958964744557614,0.1689458439398782,0.5363401873250029,8,0.936107337474823,0.5298519134521484,,,,,,,,,C3_eigfeat,,,,,,,,,,,,,,,,,30,eig
B3,DIP,0,,,,,,,,,,,,,,,,,,,,44,,106,,367,119,0.1686501259133115,0.22216656493282116,0.15868464470860985,0.16935306982206594,0.4175733242455984,8,0.877578854560852,0.41980957984924316,,,,,,,,,C3_msgpass,,,,,,,,,,,,,,,,,18,atom
B3,DIP,0,molecule,zz,0.1,bytype,3,bytype,eig,0,"[0.000,3.142]",none,1,1,Z,1,ridge,1,adam,adjoint,100,45,13,107,15,361,125,0.19531544733158807,-0.007636744095611325,0.1850297621778801,0.19527539046567363,0.3895196201647815,9,0.9169109391563636,0.39928918654662116,0.5645278407148231,12.652780693739444,4.62078789749512,0.029241866805549067,0.4461002764738279,0.6730178578666316,0.0,267.13,zz_bytype_r3,0.19291740322140954,0.1830216459478868,14,0,1.0,1,0.19531544733158807,-0.007636744095611325,9,0.1850297621778801,0.19527539046567363,0.3895196201647815,0.045125746832060165,9,0.1927228958199418,0.3919265506789226,,
B3,DIP,0,molecule,xy,0.1,bytype,3,bytype,eig,0,"[0.000,3.142]",none,1,1,Z,1,ridge,1,adam,adjoint,100,45,13,107,15,361,125,0.21451464697588002,-0.28108832763520186,0.1991546892740262,0.2158292366467417,0.3391030459104463,9,0.9173589880217605,0.4644987510870217,0.49365651053499743,8.950741485113177,3.268805405635696,0.1865725786137367,0.03498715854699504,0.30003877600694445,0.0,276.35,xy_bytype_r3,0.20879226678497456,0.1954168890506638,14,0,1.0,1,0.21451464697588002,-0.28108832763520186,9,0.1991546892740262,0.2158292366467417,0.3391030459104463,-0.22474749250332438,9,0.2095543835387691,0.3712355323361016,,
B3,DIP,0,molecule,none,0.0,fixed,3,fixed,eig,0,"[0.000,3.142]",none,1,1,Z,1,ridge,1,adam,adjoint,100,45,13,92,15,361,125,0.21654897492565284,-0.21250703170214935,0.20114363844471972,0.21651884458553203,0.20136349261112066,9,0.9238838349220173,0.8328849099062189,0.09849606798616561,4.380830726610552,1.8634444077326007,0.0027057593491586138,0.0,0.0,0.0,198.02,none_r3,0.2116593612395841,0.20094071101630218,14,0,1.0,1,0.21654897492565284,-0.21250703170214935,9,0.20114363844471972,0.21651884458553203,0.20136349261112066,-0.008612831689387423,9,0.2115297354573458,0.19199657869012707,,
B3,DIP,0,molecule,xy,0.1,bytype_shuffled,3,bytype_shuffled,eig,0,"[0.000,3.142]",none,1,1,Z,1,ridge,1,adam,adjoint,100,45,13,107,15,361,125,0.24324584739951882,-0.8392999682328897,0.22929838905009525,0.24273314141235386,0.2662133328404675,9,0.9173589880217605,0.542844566418491,0.40825285029461744,9.767111598646322,3.566943279973246,0.9137871843379417,0.6150437554494895,0.7553391376667321,0.0,278.21,xy_shuffled_r3,0.23170031496208626,0.21811764900946015,14,0,1.0,1,0.24324584739951882,-0.8392999682328897,9,0.22929838905009525,0.24273314141235386,0.2662133328404675,-0.6276736744654097,9,0.23090401808339406,0.3049408766439126,,
B3,DIP,0,,,,,,,,,,,,,,,,,,,,45,,361,,361,125,0.21718659242563101,-0.24841327265641744,0.18292630699314494,0.21754769398603485,0.46664089389421454,9,,,,,,,,,,,krr_res,,,,,,,,,,,,,,,,,,
B3,DIP,0,,,,,,,,,,,,,,,,,,,,45,,0,,361,125,0.21612256919667588,-0.042613624790578175,0.20660310290127865,0.216134544812796,nan,9,,,,,,,,,,,composition,,,,,,,,,,,,,,,,,,
B3,DIP,0,,,,,,,,,,,,,,,,,,,,45,,106,,361,125,0.15105964681673098,0.3881712674075788,0.14214683688326724,0.15163481234159712,0.5892150701922997,9,0.9576306343078613,0.5944625735282898,,,,,,,,,C3_eigfeat,,,,,,,,,,,,,,,,,30,eig
B3,DIP,0,,,,,,,,,,,,,,,,,,,,45,,106,,361,125,0.18736428049877685,0.11250456515622187,0.17222271518041418,0.18821885882009717,0.5377378963468035,9,0.9030153751373291,0.39323610067367554,,,,,,,,,C3_msgpass,,,,,,,,,,,,,,,,,18,atom
B3,DIP,0,molecule,zz,0.1,bytype,3,bytype,eig,0,"[0.000,3.142]",none,1,1,Z,1,ridge,1,adam,adjoint,100,46,13,108,16,358,128,0.19042196531225397,0.007239270126109254,0.1842121924252924,0.19042196531225397,0.27384081444848835,11,0.9261970659481165,0.44479374580903597,0.5197633828026482,11.897281040584158,3.912967039314763,0.04860139381733091,0.3762793655001181,1.1221168594354987,0.0,261.44,zz_bytype_r3,0.1915110687728379,0.18774513101135643,15,0,1.0,1,0.19042196531225397,0.007239270126109254,11,0.1842121924252924,0.19042196531225397,0.27384081444848835,-0.0004409136286487314,11,0.19151106877283794,0.213835392283288,,
B3,DIP,0,molecule,xy,0.1,bytype,3,bytype,eig,0,"[0.000,3.142]",none,1,1,Z,1,ridge,1,adam,adjoint,100,46,13,108,16,358,128,0.27434490081793494,-1.2610066359009364,0.2477299018862388,0.274344900817935,0.061293840987641374,11,0.9224317249092212,0.4573177884104534,0.504225867279815,7.584439292172972,2.4944910404923455,0.1407270273266782,-0.18021443743048415,0.8031695750848673,0.0,270.84,xy_bytype_r3,0.22615737627603638,0.2073082343023377,15,0,1.0,1,0.27434490081793494,-1.2610066359009364,11,0.2477299018862388,0.274344900817935,0.061293840987641374,-0.33279638780543497,11,0.22615737627603638,0.08367115495391705,,
B3,DIP,0,molecule,none,0.0,fixed,3,fixed,eig,0,"[0.000,3.142]",none,1,1,Z,1,ridge,1,adam,adjoint,100,46,13,92,16,358,128,0.203895416819392,-0.04726237956584223,0.1767906726895906,0.203895416819392,0.2536621775611821,11,0.9328277428316286,0.8364247825561822,0.1033448683492325,3.213113468311878,1.216869186581117,0.001755510659458578,0.0,0.0,0.0,193.93,none_r3,0.20048704762346226,0.1751405183571886,15,0,1.0,1,0.203895416819392,-0.04726237956584223,11,0.1767906726895906,0.203895416819392,0.2536621775611821,0.005228796525012069,11,0.20048704762346226,0.22407544310108574,,
B3,DIP,0,molecule,xy,0.1,bytype_shuffled,3,bytype_shuffled,eig,0,"[0.000,3.142]",none,1,1,Z,1,ridge,1,adam,adjoint,100,46,13,108,16,358,128,0.26968040405237637,-1.0715924564338386,0.2362117029923974,0.26968040405237637,0.05670577007837592,11,0.9224317249092212,0.5191408002752169,0.43720409190576476,9.428004779414085,3.1008321836312605,0.06635343861351431,0.05890732470322663,0.9141530228415152,0.0,274.84,xy_shuffled_r3,0.24564852629374198,0.21629729178982227,15,0,1.0,1,0.26968040405237637,-1.0715924564338386,11,0.2362117029923974,0.26968040405237637,0.05670577007837592,-0.6013776854013642,11,0.245648526293742,0.08279904004765398,,
B3,DIP,0,,,,,,,,,,,,,,,,,,,,46,,358,,358,128,0.26457658906057135,-1.077408769561861,0.2047418561916664,0.26457658906057135,0.10744985179051458,11,,,,,,,,,,,krr_res,,,,,,,,,,,,,,,,,,
B3,DIP,0,,,,,,,,,,,,,,,,,,,,46,,0,,358,128,0.2031159530377095,-0.005949904526239003,0.17988953129456325,0.2031159530377095,nan,11,,,,,,,,,,,composition,,,,,,,,,,,,,,,,,,
B3,DIP,0,,,,,,,,,,,,,,,,,,,,46,,107,,358,128,0.16444583387727346,0.2697564226807787,0.15628058820010754,0.16444583387727346,0.4352157151694072,11,0.9648009538650513,0.5004950165748596,,,,,,,,,C3_eigfeat,,,,,,,,,,,,,,,,,30,eig
B3,DIP,0,,,,,,,,,,,,,,,,,,,,46,,107,,358,128,0.19597851011528397,0.04252268272675708,0.1793351127514733,0.19597851011528397,0.35088101991212983,11,0.9271105527877808,0.3532778024673462,,,,,,,,,C3_msgpass,,,,,,,,,,,,,,,,,18,atom
B3,DIP,0,molecule,zz,0.1,bytype,3,bytype,eig,0,"[0.000,3.142]",none,1,1,Z,1,ridge,1,adam,adjoint,100,47,13,108,16,355,131,0.2378688571090882,-0.17086966628392242,0.23176158948441877,0.23907653084496258,0.09576498477297897,8,0.9255024758265096,0.43940587876287995,0.525224523715646,13.135188347370963,4.571482035650623,0.39261816428545265,-0.12432544017039737,1.0100911382300297,0.0,260.15,zz_bytype_r3,0.23328817104400856,0.22757191942898436,15,0,1.0,1,0.2378688571090882,-0.17086966628392242,8,0.23176158948441877,0.23907653084496258,0.09576498477297897,-0.10711896659530451,8,0.23475162396966803,0.1498139880952381,,
B3,DIP,0,molecule,xy,0.1,bytype,3,bytype,eig,0,"[0.000,3.142]",none,1,1,Z,1,ridge,1,adam,adjoint,100,47,13,108,16,355,131,0.27335710142383707,-0.5853570677628068,0.2403353386967645,0.262559338554199,0.13485560285160575,8,0.9238360629362662,0.3858645753536541,0.5823235411191409,9.344611452855922,3.2522353130487214,0.0575004907190017,0.016718807667902902,0.48720653082540205,0.0,269.55,xy_bytype_r3,0.26379725768437734,0.23566690909571225,15,0,1.0,1,0.27335710142383707,-0.5853570677628068,8,0.2403353386967645,0.262559338554199,0.13485560285160575,-0.4411679249119025,8,0.25511361168713376,0.11331715462347727,,
B3,DIP,0,molecule,none,0.0,fixed,3,fixed,eig,0,"[0.000,3.142]",none,1,1,Z,1,ridge,1,adam,adjoint,100,47,13,92,16,355,131,0.23725994835316508,-0.033103409200927914,0.21461859234279138,0.2318965563515256,0.28798406353820594,8,0.9272484264547226,0.8184981778498269,0.11728275346952659,3.1252934739019493,1.263618472089108,0.00216361562865332,0.0,0.0,0.0,192.65,none_r3,0.23136383681837921,0.21328668978259946,15,0,1.0,1,0.23725994835316508,-0.033103409200927914,8,0.21461859234279138,0.2318965563515256,0.28798406353820594,0.030996035009828504,8,0.22996552105446824,0.32458082433554813,,
B3,DIP,0,molecule,xy,0.1,bytype_shuffled,3,bytype_shuffled,eig,0,"[0.000,3.142]",none,1,1,Z,1,ridge,1,adam,adjoint,100,47,13,108,16,355,131,0.2720739398145463,-0.48101305312331344,0.2474381304059978,0.27238994729683164,0.06984573989479513,8,0.9238360629362662,0.47577520064408,0.4850004024178228,8.573943875324975,2.9840173862881763,0.243977255511742,0.6546316421641041,0.48823444020867135,0.0,271.06,xy_shuffled_r3,0.2651527319299792,0.24030888738774764,15,0,1.0,1,0.2720739398145463,-0.48101305312331344,8,0.2474381304059978,0.27238994729683164,0.06984573989479513,-0.3948668914228979,8,0.2661823757418461,0.07745708748615726,,
B3,DIP,0,,,,,,,,,,,,,,,,,,,,47,,355,,355,131,0.25435482287669103,-0.2800444835438822,0.23551533938106006,0.25513107020956954,0.26144016472868215,8,,,,,,,,,,,krr_res,,,,,,,,,,,,,,,,,,
B3,DIP,0,,,,,,,,,,,,,,,,,,,,47,,0,,355,131,0.2374456946779916,-0.0002504162389440623,0.2187234488160889,0.2377435540052817,nan,8,,,,,,,,,,,composition,,,,,,,,,,,,,,,,,,
B3,DIP,0,,,,,,,,,,,,,,,,,,,,47,,107,,355,131,0.18796110005962635,0.1621203185719079,0.17777941370443728,0.18519943645912362,0.507766645902547,8,0.9439482092857361,0.5561031103134155,,,,,,,,,C3_eigfeat,,,,,,,,,,,,,,,,,30,eig
B3,DIP,0,,,,,,,,,,,,,,,,,,,,47,,107,,355,131,0.1709418872677281,0.30348940189653006,0.16708602504748332,0.17136866481022855,0.5213238068072853,8,0.8935206532478333,0.34915363788604736,,,,,,,,,C3_msgpass,,,,,,,,,,,,,,,,,18,atom
B3,DIP,0,molecule,zz,0.1,bytype,3,bytype,eig,0,"[0.000,3.142]",none,1,1,Z,1,ridge,1,adam,adjoint,100,48,13,108,16,352,134,0.24942609848795166,-0.773308973083394,0.22028180545979967,0.2537286330497416,0.3749834294191416,7,0.9056305669770546,0.4294103075139413,0.525843844971698,9.560045711782704,3.251894414465512,0.06987928842018443,0.5640648432649854,0.4439791835014754,0.0,262.34,zz_bytype_r3,0.2383554521470817,0.2104898866888943,15,0,1.0,1,0.24942609848795166,-0.773308973083394,7,0.22028180545979967,0.2537286330497416,0.3749834294191416,-0.5576999368736701,7,0.2423012542956964,0.37814062561882084,,
B3,DIP,0,molecule,xy,0.1,bytype,3,bytype,eig,0,"[0.000,3.142]",none,1,1,Z,1,ridge,1,adam,adjoint,100,48,13,108,16,352,134,0.2827521947036795,-1.7399524177588392,0.27573002260499574,0.2856997842364835,0.2580652166907426,7,0.9250470223493004,0.37144931630916267,0.598453584158555,9.137021386029499,3.1080007047937652,0.19905912626864705,0.24016232949366323,0.5280409386482808,0.0,267.14,xy_bytype_r3,0.265682199949525,0.2578988681834374,15,0,1.0,1,0.2827521947036795,-1.7399524177588392,7,0.27573002260499574,0.2856997842364835,0.2580652166907426,-1.1576095008532796,7,0.26859509066871384,0.2760940864279905,,
B3,DIP,0,molecule,none,0.0,fixed,3,fixed,eig,0,"[0.000,3.142]",none,1,1,Z,1,ridge,1,adam,adjoint,100,48,13,92,16,352,134,0.2236927621787832,-0.10950452948885459,0.19866986104834938,0.22339293805674898,0.1417239466987208,7,0.9117379905905412,0.8368930568317263,0.0820903971658975,2.2926928839337384,0.9026922456387877,0.002728655163438389,0.0,0.0,0.0,193.7,none_r3,0.21427827095691618,0.18982384104109803,15,0,1.0,1,0.2236927621787832,-0.10950452948885459,7,0.19866986104834938,0.22339293805674898,0.1417239466987208,-0.03253269919571844,7,0.2140635736894888,0.23746811754508954,,
B3,DIP,0,molecule,xy,0.1,bytype_shuffled,3,bytype_shuffled,eig,0,"[0.000,3.142]",none,1,1,Z,1,ridge,1,adam,adjoint,100,48,13,108,16,352,134,0.23119561305287933,-0.22739811354918538,0.2167329552813987,0.23335083144805946,0.20088872610551278,7,0.9250470223493004,0.5289238535100991,0.42821949508381213,8.06032190173283,2.741756322224874,0.1399105277353126,0.507604648788036,0.5399466538956773,0.0,269.48,xy_shuffled_r3,0.23090191924667886,0.2178710880368061,15,0,1.0,1,0.23119561305287933,-0.22739811354918538,7,0.2167329552813987,0.23335083144805946,0.20088872610551278,-0.22686028946577652,7,0.23284399184367333,0.23099904678245464,,
B3,DIP,0,,,,,,,,,,,,,,,,,,,,48,,352,,352,134,0.280611439795758,-0.8065755524190779,0.2601634963200052,0.2787932237450886,0.15709196880578827,7,,,,,,,,,,,krr_res,,,,,,,,,,,,,,,,,,
B3,DIP,0,,,,,,,,,,,,,,,,,,,,48,,0,,352,134,0.21868671722354135,-0.005999768850604159,0.19833094884396457,0.2176190241368841,nan,7,,,,,,,,,,,composition,,,,,,,,,,,,,,,,,,
B3,DIP,0,,,,,,,,,,,,,,,,,,,,48,,107,,352,134,0.1831380945165948,0.1742879207288035,0.17414830073681253,0.18075486888281614,0.4808228713669463,7,0.9441696405410767,0.5021517276763916,,,,,,,,,C3_eigfeat,,,,,,,,,,,,,,,,,30,eig
B3,DIP,0,,,,,,,,,,,,,,,,,,,,48,,107,,352,134,0.165025741582179,0.33422265649139327,0.1655481237816614,0.1671362104261405,0.42097576098247275,7,0.8616714477539062,0.38992565870285034,,,,,,,,,C3_msgpass,,,,,,,,,,,,,,,,,18,atom
B3,DIP,0,molecule,zz,0.1,bytype,3,bytype,eig,0,"[0.000,3.142]",none,1,1,Z,1,ridge,1,adam,adjoint,100,49,13,108,16,362,124,0.19844215870986262,-0.13476992217840777,0.19098726110788225,0.1966261802726658,0.30545797553994275,7,0.8754519154543751,0.41791597956665916,0.52262828809992,9.915698679602766,3.3841641249084673,0.06564586206866893,-0.2440448147233555,0.5856547426988262,0.0,264.51,zz_bytype_r3,0.20284980070155562,0.19412832507767722,15,0,1.0,1,0.19844215870986262,-0.13476992217840777,7,0.19098726110788225,0.1966261802726658,0.30545797553994275,-0.1790697262318106,7,0.20017197448218665,0.28971620478792615,,
B3,DIP,0,molecule,xy,0.1,bytype,3,bytype,eig,0,"[0.000,3.142]",none,1,1,Z,1,ridge,1,adam,adjoint,100,49,13,108,16,362,124,0.2174081517398484,-0.37214366880915883,0.21220649807747288,0.22064313707510083,0.13906339448347646,7,0.9062827574021417,0.5108932931689556,0.4362760529247731,8.906800309341504,3.0398336061382496,0.13171926150849772,0.2223528994709911,0.43230766994921366,0.0,274.89,xy_bytype_r3,0.20790232953060972,0.1988295433633428,15,0,1.0,1,0.2174081517398484,-0.37214366880915883,7,0.21220649807747288,0.22064313707510083,0.13906339448347646,-0.2550875707231959,7,0.21003829139627694,0.14670260863908405,,
B3,DIP,0,molecule,none,0.0,fixed,3,fixed,eig,0,"[0.000,3.142]",none,1,1,Z,1,ridge,1,adam,adjoint,100,49,13,92,16,362,124,0.20793847791873635,-0.14832397509720918,0.17098157099834338,0.2055145073852681,0.13346148842050484,7,0.8811183459340008,0.8219106392735791,0.06719608884963181,2.566744789911185,1.0145120447145726,0.0006810580048527106,0.0,0.0,0.0,196.6,none_r3,0.20355455633792582,0.1698651972614894,15,0,1.0,1,0.20793847791873635,-0.14832397509720918,7,0.17098157099834338,0.2055145073852681,0.13346148842050484,-0.12137652653428499,7,0.20252784253844267,0.16844067135050741,,
B3,DIP,0,molecule,xy,0.1,bytype_shuffled,3,bytype_shuffled,eig,0,"[0.000,3.142]",none,1,1,Z,1,ridge,1,adam,adjoint,100,49,13,108,16,362,124,0.22666576609929714,-0.47709782276601165,0.1968673079227608,0.22044394148480834,0.1481677725735103,7,0.9062827574021417,0.5481059353304093,0.39521531127707404,9.798263657759525,3.344084307966545,0.012101166482114564,0.4864928523796774,1.4411440477622675,0.0,277.86,xy_shuffled_r3,0.21190127542761858,0.1852520155953049,15,0,1.0,1,0.22666576609929714,-0.47709782276601165,7,0.1968673079227608,0.22044394148480834,0.1481677725735103,-0.28616698392325124,7,0.20773121334433137,0.16253399037210514,,
B3,DIP,0,,,,,,,,,,,,,,,,,,,,49,,362,,362,124,0.20918113152517553,-0.44699041347006285,0.19595258236339017,0.2034564060310787,0.22042333463440025,7,,,,,,,,,,,krr_res,,,,,,,,,,,,,,,,,,
B3,DIP,0,,,,,,,,,,,,,,,,,,,,49,,0,,362,124,0.21295168976118337,-0.12434389294231529,0.17213687142596107,0.21414954120626148,nan,7,,,,,,,,,,,composition,,,,,,,,,,,,,,,,,,
B3,DIP,0,,,,,,,,,,,,,,,,,,,,49,,107,,362,124,0.20035284227929667,-0.12005211199229149,0.18290963958829204,0.1994254929579681,0.07615827478532398,7,0.9632112383842468,0.5396386981010437,,,,,,,,,C3_eigfeat,,,,,,,,,,,,,,,,,30,eig
B3,DIP,0,,,,,,,,,,,,,,,,,,,,49,,107,,362,124,0.18597455524003123,-0.05914537042658652,0.17972884161898778,0.18554638273895538,0.18163686094689016,7,0.8900271058082581,0.38819465041160583,,,,,,,,,C3_msgpass,,,,,,,,,,,,,,,,,18,atom
B3,DIP,0,molecule,zz,0.1,bytype,3,bytype,eig,0,"[0.000,3.142]",none,1,1,Z,1,ridge,1,adam,adjoint,100,50,13,108,16,345,141,0.22485192355401903,-0.37720889167476535,0.19185982306098148,0.22539081412738515,0.09460136455997445,9,0.8829213838829677,0.4213418246855768,0.5227867028969522,10.614347704705384,3.45031038970807,0.5493916161500653,0.4839405994270638,0.5288127953939842,0.0,252.54,zz_bytype_r3,0.2226792897073818,0.1899461641621772,15,0,1.0,1,0.22485192355401903,-0.37720889167476535,9,0.19185982306098148,0.22539081412738515,0.09460136455997445,-0.3376129552401521,9,0.2228144591371257,0.09776773051650998,,
B3,DIP,0,molecule,xy,0.1,bytype,3,bytype,eig,0,"[0.000,3.142]",none,1,1,Z,1,ridge,1,adam,adjoint,100,50,13,108,16,345,141,0.2225630592054267,-0.3953906506029574,0.19416923426777755,0.21891905436004874,0.1903553382646722,9,0.8926839891587525,0.4412949741051719,0.5056537593767763,10.758103578953694,3.4970398167345302,0.10711269664974511,0.029477154141874157,0.9832808180894964,0.0,264.05,xy_bytype_r3,0.21606568355606318,0.1883849043503779,15,0,1.0,1,0.2225630592054267,-0.3953906506029574,9,0.19416923426777755,0.21891905436004874,0.1903553382646722,-0.300077246314294,9,0.21283517474035343,0.18689632295528066,,
B3,DIP,0,molecule,none,0.0,fixed,3,fixed,eig,0,"[0.000,3.142]",none,1,1,Z,1,ridge,1,adam,adjoint,100,50,13,92,16,345,141,0.20393889543929197,-0.05107323236282957,0.17552110340162955,0.2040423407055264,-0.09845935195996611,9,0.9189374082894853,0.840790139405686,0.08504090504843308,2.304169904377806,0.8609388021304124,0.00725736126416559,0.0,0.0,0.0,189.74,none_r3,0.20039462443767977,0.17149740595202043,15,0,1.0,1,0.20393889543929197,-0.05107323236282957,9,0.17552110340162955,0.2040423407055264,-0.09845935195996611,-0.013337662266363015,9,0.1999896134739993,-0.027774892242342676,,
B3,DIP,0,molecule,xy,0.1,bytype_shuffled,3,bytype_shuffled,eig,0,"[0.000,3.142]",none,1,1,Z,1,ridge,1,adam,adjoint,100,50,13,108,16,345,141,0.23190573058216166,-0.5420696765724113,0.19931061291951713,0.23145545317329613,-0.1024988801027941,9,0.8926839891587525,0.5180864717215774,0.4196305993907074,10.947998056241165,3.5587671038143283,0.03020777187098639,0.8216212951914126,0.8650794004580179,0.0,265.12,xy_shuffled_r3,0.2387615377497895,0.20327653368798257,15,0,1.0,1,0.23190573058216166,-0.5420696765724113,9,0.19931061291951713,0.23145545317329613,-0.1024988801027941,-0.6309443129142325,9,0.23913944443520174,-0.12604922713713726,,
B3,DIP,0,,,,,,,,,,,,,,,,,,,,50,,345,,345,141,0.23394667059373225,-0.5693470540819074,0.20426913113517,0.2293111371007906,0.1552266841430059,9,,,,,,,,,,,krr_res,,,,,,,,,,,,,,,,,,
B3,DIP,0,,,,,,,,,,,,,,,,,,,,50,,0,,345,141,0.19705250083256245,-0.0021125289648202816,0.16197918772809633,0.19528270486914814,nan,9,,,,,,,,,,,composition,,,,,,,,,,,,,,,,,,
B3,DIP,0,,,,,,,,,,,,,,,,,,,,50,,107,,345,141,0.1680837240411404,0.1924790974066487,0.15201942775991883,0.16590025109895004,0.2893671969061872,9,0.9409278035163879,0.5641053318977356,,,,,,,,,C3_eigfeat,,,,,,,,,,,,,,,,,30,eig
B3,DIP,0,,,,,,,,,,,,,,,,,,,,50,,107,,345,141,0.1543983454596566,0.28897007646754524,0.14965810328153975,0.15581977491688903,0.386498609195506,9,0.8902206420898438,0.4032571613788605,,,,,,,,,C3_msgpass,,,,,,,,,,,,,,,,,18,atom
B3,DIP,0,molecule,zz,0.1,bytype,3,bytype,eig,0,"[0.000,3.142]",none,1,1,Z,1,ridge,1,adam,adjoint,100,51,13,107,15,373,113,0.17994947963936683,0.026616444778463477,0.17102557254442124,0.1780531814264055,0.2547706981669246,9,0.8906217031749384,0.4787932271038681,0.46240561464307567,10.425762270519455,3.104304780178427,0.034375619739625614,-0.16908794333785962,0.5789268119776428,0.0,275.46,zz_bytype_r3,0.17949016404880408,0.17132540588027195,14,0,1.0,1,0.17994947963936683,0.026616444778463477,9,0.17102557254442124,0.1780531814264055,0.2547706981669246,0.023278011978697277,9,0.17735909415884937,0.24425143104388386,,
B3,DIP,0,molecule,xy,0.1,bytype,3,bytype,eig,0,"[0.000,3.142]",none,1,1,Z,1,ridge,1,adam,adjoint,100,51,13,107,15,373,113,0.20061864509250352,-0.27273690761019753,0.17130797741898224,0.19621187084611585,0.364340351132804,9,0.9065170692036816,0.49969889915348603,0.4487705569709347,7.88837707521932,2.3487900478698682,0.13444429336173425,0.15073142478204712,0.495976293641693,0.0,282.31,xy_bytype_r3,0.19112156248969425,0.16395515959800208,14,0,1.0,1,0.20061864509250352,-0.27273690761019753,9,0.17130797741898224,0.19621187084611585,0.364340351132804,-0.13581919044609392,9,0.18706549008817672,0.3862705881573806,,
B3,DIP,0,molecule,none,0.0,fixed,3,fixed,eig,0,"[0.000,3.142]",none,1,1,Z,1,ridge,1,adam,adjoint,100,51,13,92,15,373,113,0.21137555565412508,-0.2778054159268655,0.19573618270268445,0.20570035182861857,-0.08147350977539655,9,0.897804484603224,0.7910176179812116,0.11894222901905624,3.0132166728117853,1.014145730327827,0.008429496747566104,0.0,0.0,0.0,203.91,none_r3,0.19524993509215713,0.19033799494888537,14,0,1.0,1,0.21137555565412508,-0.2778054159268655,9,0.19573618270268445,0.20570035182861857,-0.08147350977539655,-0.08155809415508797,9,0.1963000622254979,-0.008099866590432618,,
B3,DIP,0,molecule,xy,0.1,bytype_shuffled,3,bytype_shuffled,eig,0,"[0.000,3.142]",none,1,1,Z,1,ridge,1,adam,adjoint,100,51,13,107,15,373,113,0.22264109631857543,-0.6351205289263133,0.21321214111897785,0.22342119267049448,0.14981651585425168,9,0.9065170692036816,0.5062665217514649,0.44152566018840844,10.31563816262787,3.0715149672448065,0.04574158321995049,0.6696931996685901,1.0270752083506667,0.0,287.65,xy_shuffled_r3,0.22447620895946221,0.21362415392159786,14,0,1.0,1,0.22264109631857543,-0.6351205289263133,9,0.21321214111897785,0.22342119267049448,0.14981651585425168,-0.6317507761324068,9,0.22429431096575395,0.08191693286032908,,
B3,DIP,0,,,,,,,,,,,,,,,,,,,,51,,373,,373,113,0.20911103350160928,-0.3140568625821487,0.1946124019234162,0.20985189603723392,0.22739083116441605,9,,,,,,,,,,,krr_res,,,,,,,,,,,,,,,,,,
B3,DIP,0,,,,,,,,,,,,,,,,,,,,51,,0,,373,113,0.1883152570404992,-0.014879756903176222,0.18087722658812658,0.18805326077820447,nan,9,,,,,,,,,,,composition,,,,,,,,,,,,,,,,,,
B3,DIP,0,,,,,,,,,,,,,,,,,,,,51,,106,,373,113,0.1771186346015385,-0.07087757064594258,0.17469636284237036,0.17287827915176898,0.41304654323522244,9,0.9520573019981384,0.5053218603134155,,,,,,,,,C3_eigfeat,,,,,,,,,,,,,,,,,30,eig
B3,DIP,0,,,,,,,,,,,,,,,,,,,,51,,106,,373,113,0.17083537306362268,0.06519514277368965,0.15713894901901632,0.16841378907004909,0.3903611670398205,9,0.8678802251815796,0.3885040283203125,,,,,,,,,C3_msgpass,,,,,,,,,,,,,,,,,18,atom
B3,DIP,0,molecule,zz,0.1,bytype,3,bytype,eig,0,"[0.000,3.142]",none,1,1,Z,1,ridge,1,adam,adjoint,100,52,13,108,16,345,141,0.22436713307615813,-0.17864769872844977,0.21168890721146272,0.22595539705170398,0.20003965468903986,8,0.8922237238113133,0.46754705394747026,0.4759755412574675,11.336699913137643,4.05761771352768,0.5617577123165638,0.7876968187602555,0.6385436187937261,0.0,254.59,zz_bytype_r3,0.22816636258148001,0.2154859105207893,15,0,1.0,1,0.22436713307615813,-0.17864769872844977,8,0.21168890721146272,0.22595539705170398,0.20003965468903986,-0.20901139379076716,8,0.22971794485830596,0.20419190229399625,,
B3,DIP,0,molecule,xy,0.1,bytype,3,bytype,eig,0,"[0.000,3.142]",none,1,1,Z,1,ridge,1,adam,adjoint,100,52,13,108,16,345,141,0.23549623896731958,-0.14090192017282654,0.21000599601478567,0.23496590062479486,0.18337842878191,8,0.9188959896129056,0.5353435248104139,0.417405744652414,8.101596968160635,2.899713639572953,0.08978639366457739,0.2648625178155539,0.7314282108182354,0.0,263.16,xy_bytype_r3,0.23810041705548296,0.21302837944510472,15,0,1.0,1,0.23549623896731958,-0.14090192017282654,8,0.21000599601478567,0.23496590062479486,0.18337842878191,-0.18118558372012616,8,0.23803314570649273,0.14174336903094495,,
B3,DIP,0,molecule,none,0.0,fixed,3,fixed,eig,0,"[0.000,3.142]",none,1,1,Z,1,ridge,1,adam,adjoint,100,52,13,92,16,345,141,0.2116795207082002,0.01969308760330657,0.20014130586760762,0.21229622225479822,0.2358700578147066,8,0.9098266666778536,0.8330958584256829,0.08433563343702162,2.6456502526211305,1.1051493726636468,0.009711532941225476,0.0,0.0,0.0,187.96,none_r3,0.20930645645202164,0.1989527939657637,15,0,1.0,1,0.2116795207082002,0.01969308760330657,8,0.20014130586760762,0.21229622225479822,0.2358700578147066,0.05230872821178523,8,0.2103072125653245,0.23578177033617215,,
B3,DIP,0,molecule,xy,0.1,bytype_shuffled,3,bytype_shuffled,eig,0,"[0.000,3.142]",none,1,1,Z,1,ridge,1,adam,adjoint,100,52,13,108,16,345,141,0.23293647488534336,-0.22986225340818423,0.21168938067248083,0.23362153001500327,0.19231050144373374,8,0.9188959896129056,0.5905639647101658,0.35731141349420087,9.837324092892661,3.5209629609033506,0.040767225892667465,0.051058710670642604,1.242747517630457,0.0,264.84,xy_shuffled_r3,0.2360439784500892,0.21361504078763754,15,0,1.0,1,0.23293647488534336,-0.22986225340818423,8,0.21168938067248083,0.23362153001500327,0.19231050144373374,-0.2554984709229393,8,0.23681381016679945,0.18847226223650865,,
B3,DIP,0,,,,,,,,,,,,,,,,,,,,52,,345,,345,141,0.21529223865916966,-0.12584202465655636,0.20324092043484918,0.21356860260587318,0.2523537953820305,8,,,,,,,,,,,krr_res,,,,,,,,,,,,,,,,,,
B3,DIP,0,,,,,,,,,,,,,,,,,,,,52,,0,,345,141,0.21089199796484734,-0.004832873962618667,0.20696858691921705,0.21330106624960898,nan,8,,,,,,,,,,,composition,,,,,,,,,,,,,,,,,,
B3,DIP,0,,,,,,,,,,,,,,,,,,,,52,,107,,345,141,0.18641821987391125,0.13379011133176255,0.1750381405014088,0.1857476561925182,0.40775820277003166,8,0.9549993872642517,0.47638827562332153,,,,,,,,,C3_eigfeat,,,,,,,,,,,,,,,,,30,eig
B3,DIP,0,,,,,,,,,,,,,,,,,,,,52,,107,,345,141,0.18685801524107273,0.08874265046032959,0.18365770581999866,0.1867115997945357,0.36183912860299133,8,0.8934808373451233,0.37074407935142517,,,,,,,,,C3_msgpass,,,,,,,,,,,,,,,,,18,atom
B3,DIP,0,molecule,zz,0.1,bytype,3,bytype,eig,0,"[0.000,3.142]",none,1,1,Z,1,ridge,1,adam,adjoint,100,53,13,107,15,381,105,0.19925100777005536,-0.0759297727168855,0.190535202068254,0.19769072678225014,0.2824543246587793,8,0.8920440815934731,0.47702764772208706,0.4652420686767355,11.363587759497246,3.317221712623187,0.04998623275935569,0.27364642275798295,0.523775790892428,0.0,282.32,zz_bytype_r3,0.1917425366571095,0.18248148888502588,14,0,1.0,1,0.19925100777005536,-0.0759297727168855,8,0.190535202068254,0.19769072678225014,0.2824543246587793,0.013538740630589019,8,0.1898409623064737,0.3363582163125281,,
B3,DIP,0,molecule,xy,0.1,bytype,3,bytype,eig,0,"[0.000,3.142]",none,1,1,Z,1,ridge,1,adam,adjoint,100,53,13,107,15,381,105,0.22720188448085235,-0.351809424956836,0.19154225007048178,0.22960780309882717,0.27550764483945517,8,0.8720260491186406,0.5044377840003181,0.4215335831880768,7.619573072503758,2.2242810784739957,0.34371567890235,0.17110600454845998,0.27089144194041825,0.0,296.56,xy_bytype_r3,0.21870704011950998,0.1850593024514991,14,0,1.0,1,0.22720188448085235,-0.351809424956836,8,0.19154225007048178,0.22960780309882717,0.27550764483945517,-0.2705787857152002,8,0.22080371366847087,0.2794859338263107,,
B3,DIP,0,molecule,none,0.0,fixed,3,fixed,eig,0,"[0.000,3.142]",none,1,1,Z,1,ridge,1,adam,adjoint,100,53,13,92,15,381,105,0.20671118151124396,0.07778699668172084,0.17762067853986382,0.20926365717413195,0.25980114973547297,8,0.9108148357047994,0.9064061312310878,0.004840395984876605,3.738039725933831,1.2302918556571345,0.11072114398985583,0.0,0.0,0.0,209.73,none_r3,0.21069157932466648,0.1759437021267341,14,0,1.0,1,0.20671118151124396,0.07778699668172084,8,0.17762067853986382,0.20926365717413195,0.25980114973547297,0.05249000115715119,8,0.21299123120885927,0.1441189022285538,,
B3,DIP,0,molecule,xy,0.1,bytype_shuffled,3,bytype_shuffled,eig,0,"[0.000,3.142]",none,1,1,Z,1,ridge,1,adam,adjoint,100,53,13,107,15,381,105,0.22110919347715555,-0.21396902667129458,0.1979012490644701,0.21944343380982717,0.052001696190731014,8,0.8720260491186406,0.6161872298805495,0.29338437710280346,6.613108948462262,1.93047733304541,0.2711391091808539,0.20945058260977129,0.20473425770378958,0.0,294.14,xy_shuffled_r3,0.2201474056504087,0.1927215093769909,14,0,1.0,1,0.22110919347715555,-0.21396902667129458,8,0.1979012490644701,0.21944343380982717,0.052001696190731014,-0.169052701215757,8,0.2187514312149949,0.05313671194596377,,
B3,DIP,0,,,,,,,,,,,,,,,,,,,,53,,381,,381,105,0.22161034062494075,-0.2279078228123148,0.17660044714674514,0.21443388652326204,0.3477028967605781,8,,,,,,,,,,,krr_res,,,,,,,,,,,,,,,,,,
B3,DIP,0,,,,,,,,,,,,,,,,,,,,53,,0,,381,105,0.21548950473690784,-0.003455579326818947,0.1769315067022755,0.2180637378385954,nan,8,,,,,,,,,,,composition,,,,,,,,,,,,,,,,,,
B3,DIP,0,,,,,,,,,,,,,,,,,,,,53,,106,,381,105,0.19429802494998763,0.1840273681312733,0.158256836070304,0.19157271953488827,0.29033356706115127,8,0.9614816904067993,0.5363802313804626,,,,,,,,,C3_eigfeat,,,,,,,,,,,,,,,,,30,eig
B3,DIP,0,,,,,,,,,,,,,,,,,,,,53,,106,,381,105,0.17293376936950428,0.30226073467954406,0.1573125761016415,0.17595853025528935,0.5145801132103561,8,0.9084731340408325,0.4762880802154541,,,,,,,,,C3_msgpass,,,,,,,,,,,,,,,,,18,atom
B3,DIP,0,molecule,zz,0.1,bytype,3,bytype,eig,0,"[0.000,3.142]",none,1,1,Z,1,ridge,1,adam,adjoint,100,54,13,108,16,363,123,0.1897764162267165,0.12150571267131338,0.16180323616634587,0.1909764982672348,0.46659663409757285,8,0.901343092546485,0.47697553251726693,0.47081689929002496,9.759199064627461,3.4020673838514774,0.4392303932568113,0.6628607759535763,0.7431212918520113,0.0,266.41,zz_bytype_r3,0.18699871673759974,0.15936216798470576,15,0,1.0,1,0.1897764162267165,0.12150571267131338,8,0.16180323616634587,0.1909764982672348,0.46659663409757285,0.1543639863276306,8,0.18823453748298102,0.4901513365306858,,
B3,DIP,0,molecule,xy,0.1,bytype,3,bytype,eig,0,"[0.000,3.142]",none,1,1,Z,1,ridge,1,adam,adjoint,100,54,13,108,16,363,123,0.21212426908499132,-0.23250943224162146,0.185571653683837,0.21486310258850588,0.3907363035284394,8,0.861042203709152,0.4029211351613315,0.532054139244686,11.263098180927798,3.9263282477079056,0.06432529756158437,0.5295022428323521,0.7902888496804615,0.0,276.76,xy_bytype_r3,0.205019521460915,0.1806902058644976,15,0,1.0,1,0.21212426908499132,-0.23250943224162146,8,0.185571653683837,0.21486310258850588,0.3907363035284394,-0.12304047903098247,8,0.20654751959501091,0.3856766811187266,,
B3,DIP,0,molecule,none,0.0,fixed,3,fixed,eig,0,"[0.000,3.142]",none,1,1,Z,1,ridge,1,adam,adjoint,100,54,13,92,16,363,123,0.22137523786782073,-0.08384107935459317,0.20445051277263393,0.22171630594185962,0.13396721434481854,8,0.9045777987557023,0.8729186811547549,0.034998778042636375,2.1096416385635823,0.8545874028012466,0.0021240238710588423,0.0,0.0,0.0,197.05,none_r3,0.22081069412375431,0.19893304352897836,15,0,1.0,1,0.22137523786782073,-0.08384107935459317,8,0.20445051277263393,0.22171630594185962,0.13396721434481854,-0.06827771507333313,8,0.22098361153472262,0.19053617180669083,,
B3,DIP,0,molecule,xy,0.1,bytype_shuffled,3,bytype_shuffled,eig,0,"[0.000,3.142]",none,1,1,Z,1,ridge,1,adam,adjoint,100,54,13,108,16,363,123,0.24461939218352302,-0.6258667165043414,0.20403440781073376,0.23805662714875359,0.1488745768759321,8,0.861042203709152,0.4958294498763495,0.4241519779861641,10.629511057931172,3.7054590891119075,0.11026108505693824,0.5213833683499476,0.8381868767915259,0.0,280.97,xy_shuffled_r3,0.24548961460483845,0.20812810548249816,15,0,1.0,1,0.24461939218352302,-0.6258667165043414,8,0.20403440781073376,0.23805662714875359,0.1488745768759321,-0.6116637073935216,8,0.2393426620496301,0.14167061332150013,,
B3,DIP,0,,,,,,,,,,,,,,,,,,,,54,,363,,363,123,0.2194693587750228,-0.3610038544653935,0.1927691592204776,0.22164538941398565,0.3772822068295808,8,,,,,,,,,,,krr_res,,,,,,,,,,,,,,,,,,
B3,DIP,0,,,,,,,,,,,,,,,,,,,,54,,0,,363,123,0.21587654323725056,-0.04009322828227191,0.2031915919573539,0.2158653951915853,nan,8,,,,,,,,,,,composition,,,,,,,,,,,,,,,,,,
B3,DIP,0,,,,,,,,,,,,,,,,,,,,54,,107,,363,123,0.1903530316267307,0.1254422888965374,0.17350780157290663,0.19217509530214402,0.5162527816425868,8,0.9544023871421814,0.5237083435058594,,,,,,,,,C3_eigfeat,,,,,,,,,,,,,,,,,30,eig
B3,DIP,0,,,,,,,,,,,,,,,,,,,,54,,107,,363,123,0.16034396515377272,0.35556822648181496,0.15717762866296894,0.1614611115880013,0.4081499855434863,8,0.8912304639816284,0.4173528850078583,,,,,,,,,C3_msgpass,,,,,,,,,,,,,,,,,18,atom
B3,DIP,0,molecule,zz,0.1,bytype,3,bytype,eig,0,"[0.000,3.142]",none,1,1,Z,1,ridge,1,adam,adjoint,100,55,13,107,15,370,116,0.17296372666534787,0.12554396452529337,0.17545657400400172,0.1736369029484102,0.32988584252638353,9,0.9111049815535746,0.47579298795337627,0.4777846707170058,9.963872721881904,2.8475960960958173,0.22637690033069885,0.5888726311062373,0.29488765050390736,0.0,271.77,zz_bytype_r3,0.1700850612887068,0.17124060178867892,14,0,1.0,1,0.17296372666534787,0.12554396452529337,9,0.17545657400400172,0.1736369029484102,0.32988584252638353,0.21704320455535586,9,0.17065869932879033,0.34403538633618475,,
B3,DIP,0,molecule,xy,0.1,bytype,3,bytype,eig,0,"[0.000,3.142]",none,1,1,Z,1,ridge,1,adam,adjoint,100,55,13,107,15,370,116,0.20566664312723543,-0.20513333811479195,0.19587651435523262,0.20753663832954158,0.17299493162496257,9,0.9366419442812218,0.47719154034635175,0.4905293925177053,7.419089643013818,2.1203171993189436,1.1036528558905838,0.39452729796437697,0.3831389740811453,0.0,279.65,xy_bytype_r3,0.20398903726823434,0.19165628334063448,14,0,1.0,1,0.20566664312723543,-0.20513333811479195,9,0.19587651435523262,0.20753663832954158,0.17299493162496257,-0.2049825822813427,9,0.20526347856959434,0.20813961150648452,,
B3,DIP,0,molecule,none,0.0,fixed,3,fixed,eig,0,"[0.000,3.142]",none,1,1,Z,1,ridge,1,adam,adjoint,100,55,13,92,15,370,116,0.20389267872730757,-0.0385779469543841,0.18211284665941885,0.2045519001422408,0.1306708316668395,9,0.9142124795637362,0.8618283823581412,0.0572996960516146,2.7649640661510824,0.8885563451138615,0.003278199852657791,0.0,0.0,0.0,201.46,none_r3,0.20886532044219025,0.18489856576193384,14,0,1.0,1,0.20389267872730757,-0.0385779469543841,9,0.18211284665941885,0.2045519001422408,0.1306708316668395,-0.0551847999195465,9,0.20908767825906446,0.10310134210655637,,
B3,DIP,0,molecule,xy,0.1,bytype_shuffled,3,bytype_shuffled,eig,0,"[0.000,3.142]",none,1,1,Z,1,ridge,1,adam,adjoint,100,55,13,107,15,370,116,0.19249690935638755,-0.10314823429706843,0.18217645361290433,0.19407996018028384,0.11438764081138207,9,0.9366419442812218,0.5269113153768908,0.4374463810915044,6.2722611488636995,1.7925626771579541,0.45811481660042,0.32542760594072173,0.2763241171892721,0.0,285.18,xy_shuffled_r3,0.18548863285783615,0.1750619614450858,14,0,1.0,1,0.19249690935638755,-0.10314823429706843,9,0.18217645361290433,0.19407996018028384,0.11438764081138207,0.016675830358512167,9,0.18661260444126668,0.13207305838477423,,
B3,DIP,0,,,,,,,,,,,,,,,,,,,,55,,370,,370,116,0.21233253397164145,-0.2782962803145368,0.19775226077880445,0.21124442278244893,0.05529992069017651,9,,,,,,,,,,,krr_res,,,,,,,,,,,,,,,,,,
B3,DIP,0,,,,,,,,,,,,,,,,,,,,55,,0,,370,116,0.20128997311276797,-0.0005028013348966631,0.17483262748778006,0.20044943480322427,nan,9,,,,,,,,,,,composition,,,,,,,,,,,,,,,,,,
B3,DIP,0,,,,,,,,,,,,,,,,,,,,55,,106,,370,116,0.1619383993143955,0.2867565977445482,0.1576804833974313,0.16209473709374295,0.256828204294393,9,0.9621068835258484,0.5822635293006897,,,,,,,,,C3_eigfeat,,,,,,,,,,,,,,,,,30,eig
B3,DIP,0,,,,,,,,,,,,,,,,,,,,55,,106,,370,116,0.1609057692931673,0.24325272920147156,0.151348881853175,0.1631557704095689,0.27361243807768776,9,0.9008053541183472,0.40563535690307617,,,,,,,,,C3_msgpass,,,,,,,,,,,,,,,,,18,atom
B3,DIP,0,molecule,zz,0.1,bytype,3,bytype,eig,0,"[0.000,3.142]",none,1,1,Z,1,ridge,1,adam,adjoint,100,56,13,107,15,367,119,0.1996260400900718,-0.08112712976046477,0.1960646929716627,0.19877396078113455,0.1718901028213309,8,0.9405329529816671,0.4838104415710408,0.4855996910716734,7.533030555365876,2.341832760743228,1.063553141700954,0.4092869304150115,0.5981174004370398,0.0,269.68,zz_bytype_r3,0.19232145589868962,0.19084650534928915,14,0,1.0,1,0.1996260400900718,-0.08112712976046477,8,0.1960646929716627,0.19877396078113455,0.1718901028213309,-0.02527035338707373,8,0.191320173346074,0.18753499087248135,,
B3,DIP,0,molecule,xy,0.1,bytype,3,bytype,eig,0,"[0.000,3.142]",none,1,1,Z,1,ridge,1,adam,adjoint,100,56,13,107,15,367,119,0.18253436559480077,0.07175290949149293,0.1757749359820159,0.1796530116704717,0.13935133664825006,8,0.9401268636344305,0.4559753788723538,0.5149852679354343,8.791562788737584,2.7330792840248614,0.4656389533475845,0.1956837772890339,0.5969746459257139,0.0,278.86,xy_bytype_r3,0.1759050108521488,0.17083880221416556,14,0,1.0,1,0.18253436559480077,0.07175290949149293,8,0.1757749359820159,0.1796530116704717,0.13935133664825006,0.13556153248228286,8,0.17332995020055098,0.14574535183794596,,
B3,DIP,0,molecule,none,0.0,fixed,3,fixed,eig,0,"[0.000,3.142]",none,1,1,Z,1,ridge,1,adam,adjoint,100,56,13,92,15,367,119,0.1961718756573842,-0.031968059608320054,0.1718799565754931,0.19624131232577655,-0.0981400160050061,8,0.9151765353982146,0.8252028577457539,0.0983129201551383,2.8298248605867045,1.0001409496694187,0.14259868875993065,0.0,0.0,0.0,200.07,none_r3,0.1907742654545974,0.16522023697616858,14,0,1.0,1,0.1961718756573842,-0.031968059608320054,8,0.1718799565754931,0.19624131232577655,-0.0981400160050061,0.03224138677328792,8,0.19071326465940375,-0.09088108014861697,,
B3,DIP,0,molecule,xy,0.1,bytype_shuffled,3,bytype_shuffled,eig,0,"[0.000,3.142]",none,1,1,Z,1,ridge,1,adam,adjoint,100,56,13,107,15,367,119,0.22248457405253635,-0.36781325155799527,0.18594927324936497,0.22298835980590534,0.12046829812245566,8,0.9401268636344305,0.5918247755682807,0.3704841352151676,6.067408292806739,1.8862070727668574,0.2627184471328247,0.3096081737034757,0.3621049593313115,0.0,283.15,xy_shuffled_r3,0.20777634903138026,0.17478725481549096,14,0,1.0,1,0.22248457405253635,-0.36781325155799527,8,0.18594927324936497,0.22298835980590534,0.12046829812245566,-0.15904779638860123,8,0.20766804282444304,0.12553898374531108,,
B3,DIP,0,,,,,,,,,,,,,,,,,,,,56,,367,,367,119,0.21778089073495605,-0.29519796556090006,0.16146713976125343,0.21242738656048643,0.2966415334978545,8,,,,,,,,,,,krr_res,,,,,,,,,,,,,,,,,,
B3,DIP,0,,,,,,,,,,,,,,,,,,,,56,,0,,367,119,0.20437224548347951,-0.008117871139210253,0.1608277318719941,0.20112832382786808,nan,8,,,,,,,,,,,composition,,,,,,,,,,,,,,,,,,
B3,DIP,0,,,,,,,,,,,,,,,,,,,,56,,106,,367,119,0.17660843665341583,0.17463144352521143,0.16136375747380569,0.1733420864521754,0.1823972231131351,8,0.9807880520820618,0.5769729614257812,,,,,,,,,C3_eigfeat,,,,,,,,,,,,,,,,,30,eig
B3,DIP,0,,,,,,,,,,,,,,,,,,,,56,,106,,367,119,0.15866033975678867,0.3136949290171165,0.14630475396190787,0.1586204495417334,0.30949036419519055,8,0.9311455488204956,0.4334593415260315,,,,,,,,,C3_msgpass,,,,,,,,,,,,,,,,,18,atom
B3,DIP,0,molecule,zz,0.1,bytype,3,bytype,eig,0,"[0.000,3.142]",none,1,1,Z,1,ridge,1,adam,adjoint,100,57,13,108,16,361,125,0.23540146619558538,-0.295321518966426,0.19569882280020637,0.23667875990378603,0.28476674713007777,9,0.9144129639967583,0.47964098215577217,0.4754656801240708,9.243748570664044,3.3269699023513852,0.25759362123623575,0.5708645336810798,0.6580242457003896,0.0,264.04,zz_bytype_r3,0.22773216981959618,0.18748190756989935,15,0,1.0,1,0.23540146619558538,-0.295321518966426,9,0.19569882280020637,0.23667875990378603,0.28476674713007777,-0.23952825580617665,9,0.22911916354592604,0.29807597784889633,,
B3,DIP,0,molecule,xy,0.1,bytype,3,bytype,eig,0,"[0.000,3.142]",none,1,1,Z,1,ridge,1,adam,adjoint,100,57,13,108,16,361,125,0.2787208992334711,-1.0808836551938081,0.26101865428212556,0.28006758874441845,0.21099290392814365,9,0.9131514683334344,0.4467388374846176,0.5107724698729912,8.179307520978554,2.9438608954307717,0.4557967721504629,0.005234312593372564,0.4039590527510027,0.0,271.52,xy_bytype_r3,0.2649829166601665,0.2498666557345992,15,0,1.0,1,0.2787208992334711,-1.0808836551938081,9,0.26101865428212556,0.28006758874441845,0.21099290392814365,-0.8348588832573487,9,0.26664951372768525,0.21649791195628032,,
B3,DIP,0,molecule,none,0.0,fixed,3,fixed,eig,0,"[0.000,3.142]",none,1,1,Z,1,ridge,1,adam,adjoint,100,57,13,92,16,361,125,0.22610172589262725,-0.14677464755637226,0.21016612412584842,0.22404080519451625,0.23358346167429433,9,0.9120671636203876,0.8309746771812035,0.08891065227838384,3.1716331521294485,1.3334993763861605,0.05082538051358261,0.0,0.0,0.0,194.65,none_r3,0.21550431916393362,0.20387435751696495,15,0,1.0,1,0.22610172589262725,-0.14677464755637226,9,0.21016612412584842,0.22404080519451625,0.23358346167429433,-0.020311982330818212,9,0.21737892369906578,0.2673016358466317,,
B3,DIP,0,molecule,xy,0.1,bytype_shuffled,3,bytype_shuffled,eig,0,"[0.000,3.142]",none,1,1,Z,1,ridge,1,adam,adjoint,100,57,13,108,16,361,125,0.2504724546908234,-0.8239514162919181,0.21799809501882106,0.23670319368002463,0.14413836793988183,9,0.9131514683334344,0.5831258027370254,0.36141393519163806,10.484755428521416,3.773627709315788,0.02511735085924532,0.2963918868725827,0.8670196624399473,0.0,276.23,xy_shuffled_r3,0.2603985783930366,0.22478915007015673,15,0,1.0,1,0.2504724546908234,-0.8239514162919181,9,0.21799809501882106,0.23670319368002463,0.14413836793988183,-1.387456434272273,9,0.2405645136287589,0.14982942485045092,,
B3,DIP,0,,,,,,,,,,,,,,,,,,,,57,,361,,361,125,0.23767002677933904,-0.3313070795030282,0.2075011660096062,0.24017222890708267,0.28856145256481674,9,,,,,,,,,,,krr_res,,,,,,,,,,,,,,,,,,
B3,DIP,0,,,,,,,,,,,,,,,,,,,,57,,0,,361,125,0.22149844842105262,-0.017378873916020776,0.20799265416130575,0.2214069516474112,nan,9,,,,,,,,,,,composition,,,,,,,,,,,,,,,,,,
B3,DIP,0,,,,,,,,,,,,,,,,,,,,57,,107,,361,125,0.18679295565399212,0.14234098881071422,0.17687372012201527,0.18395441729452364,0.4517001081340863,9,0.9453975558280945,0.523209273815155,,,,,,,,,C3_eigfeat,,,,,,,,,,,,,,,,,30,eig
B3,DIP,0,,,,,,,,,,,,,,,,,,,,57,,107,,361,125,0.1765056242312611,0.10290493624702424,0.17830652533551383,0.17660995075635907,0.5063542655363839,9,0.8878365159034729,0.3782997131347656,,,,,,,,,C3_msgpass,,,,,,,,,,,,,,,,,18,atom
B3,DIP,0,molecule,zz,0.1,bytype,3,bytype,eig,0,"[0.000,3.142]",none,1,1,Z,1,ridge,1,adam,adjoint,100,58,13,108,16,378,108,0.2258799830729185,-0.6415233842893282,0.1983367925585817,0.2258799830729185,0.33804353054353053,9,0.8855324283583533,0.4596436283291396,0.4809409417323642,9.718824078503944,3.248284333479545,0.1823449988817838,0.08174151334573801,0.5257644765120526,0.0,279.04,zz_bytype_r3,0.21169669526563267,0.1891710782447456,15,0,1.0,1,0.2258799830729185,-0.6415233842893282,9,0.1983367925585817,0.2258799830729185,0.33804353054353053,-0.18570598996428989,9,0.21169669526563276,0.2895011624178291,,
B3,DIP,0,molecule,xy,0.1,bytype,3,bytype,eig,0,"[0.000,3.142]",none,1,1,Z,1,ridge,1,adam,adjoint,100,58,13,108,16,378,108,0.2200534972302183,-0.28526508755621616,0.19529596366132598,0.22005349723021833,0.23293971460638124,9,0.9076264541622029,0.44839429092636485,0.5059704475667125,11.014664393198442,3.6813879434341032,0.030435421527280928,-0.09464377480386854,0.8848988425480782,0.0,287.66,xy_bytype_r3,0.20936921090083627,0.1871106105919612,15,0,1.0,1,0.2200534972302183,-0.28526508755621616,9,0.19529596366132598,0.22005349723021833,0.23293971460638124,-0.1711907572870277,9,0.20936921090083635,0.27335217251883914,,
B3,DIP,0,molecule,none,0.0,fixed,3,fixed,eig,0,"[0.000,3.142]",none,1,1,Z,1,ridge,1,adam,adjoint,100,58,13,92,16,378,108,0.19434354438585438,0.030537481909686526,0.16142223985400486,0.19434354438585438,0.41810385602052264,9,0.9245442847804846,0.8804956214095941,0.04764364898037192,4.148420389098334,1.6004789359773366,0.048021453600500884,0.0,0.0,0.0,208.35,none_r3,0.19905208970336322,0.1609565360713368,15,0,1.0,1,0.19434354438585438,0.030537481909686526,9,0.16142223985400486,0.19434354438585438,0.41810385602052264,-0.005019149356130015,9,0.19905208970336327,0.42860469777136434,,
B3,DIP,0,molecule,xy,0.1,bytype_shuffled,3,bytype_shuffled,eig,0,"[0.000,3.142]",none,1,1,Z,1,ridge,1,adam,adjoint,100,58,13,108,16,378,108,0.26268651788273895,-1.059682049995999,0.2179212483556158,0.26268651788273895,0.1404832050665384,9,0.9076264541622029,0.49348212500942534,0.45629380595242697,9.906325508211559,3.3109521986147286,0.8140721991479666,0.6392642587623556,0.9528557193624806,0.0,294.28,xy_shuffled_r3,0.2543924001621341,0.21130181149653493,15,0,1.0,1,0.26268651788273895,-1.059682049995999,9,0.2179212483556158,0.26268651788273895,0.1404832050665384,-0.8801957884611651,9,0.25439240016213405,0.14092993426326758,,
B3,DIP,0,,,,,,,,,,,,,,,,,,,,58,,378,,378,108,0.23949071763096472,-0.9107197917621355,0.2164039763660062,0.23949071763096474,0.30393177809844474,9,,,,,,,,,,,krr_res,,,,,,,,,,,,,,,,,,
B3,DIP,0,,,,,,,,,,,,,,,,,,,,58,,0,,378,108,0.19973755335097007,-0.034719060988186445,0.17339592059630615,0.19973755335097002,nan,9,,,,,,,,,,,composition,,,,,,,,,,,,,,,,,,
B3,DIP,0,,,,,,,,,,,,,,,,,,,,58,,107,,378,108,0.18612074803159367,0.024676223883217885,0.1704160183520328,0.18612074803159362,0.32591350008016673,9,0.9377691149711609,0.5430974960327148,,,,,,,,,C3_eigfeat,,,,,,,,,,,,,,,,,30,eig
B3,DIP,0,,,,,,,,,,,,,,,,,,,,58,,107,,378,108,0.18841660759238987,0.041279896199297395,0.16784144259770095,0.18841660759238987,0.3921083705146645,9,0.8799399137496948,0.39094671607017517,,,,,,,,,C3_msgpass,,,,,,,,,,,,,,,,,18,atom
B3,DIP,0,molecule,zz,0.1,bytype,3,bytype,eig,0,"[0.000,3.142]",none,1,1,Z,1,ridge,1,adam,adjoint,100,59,13,107,15,341,145,0.24064683774773576,-0.31479711383311804,0.23283616999892903,0.23800058337753507,0.06128171819618793,8,0.9229465741443712,0.4378192340610664,0.5256288431787592,10.698325337729296,3.5911674419379,0.09295427118300277,0.06914577096068594,0.6893327453196055,0.0,253.46,zz_bytype_r3,0.23593110091421496,0.2273447298362115,14,0,1.0,1,0.24064683774773576,-0.31479711383311804,8,0.23283616999892903,0.23800058337753507,0.06128171819618793,-0.2470388655585518,8,0.2331008516984244,0.0776884822146818,,
B3,DIP,0,molecule,xy,0.1,bytype,3,bytype,eig,0,"[0.000,3.142]",none,1,1,Z,1,ridge,1,adam,adjoint,100,59,13,107,15,341,145,0.2524754612169786,-0.545201932610965,0.2327423542019205,0.2540080340323668,-0.020167874433491283,8,0.9259727716995948,0.4129337388861491,0.5540541239369039,10.523945707065426,3.5326324439444514,0.03825856259302398,0.43005545093550945,0.49107324207816894,0.0,261.41,xy_bytype_r3,0.2381740889990931,0.22319447948690646,14,0,1.0,1,0.2524754612169786,-0.545201932610965,8,0.2327423542019205,0.2540080340323668,-0.020167874433491283,-0.3424695740487822,8,0.23931000347498213,-0.007277825978333558,,
B3,DIP,0,molecule,none,0.0,fixed,3,fixed,eig,0,"[0.000,3.142]",none,1,1,Z,1,ridge,1,adam,adjoint,100,59,13,92,15,341,145,0.21645759545392151,0.024102580468737922,0.2014185414398767,0.2150333948168096,0.19202269964859892,8,0.9163660929591292,0.8467477928760797,0.0759721476143209,3.057664383212991,1.1797601521684273,0.005217378261298619,0.0,0.0,0.0,186.94,none_r3,0.21093117824288002,0.19890877305956495,14,0,1.0,1,0.21645759545392151,0.024102580468737922,8,0.2014185414398767,0.2150333948168096,0.19202269964859892,0.06660766791767903,8,0.21062350686619638,0.19368153935177396,,
B3,DIP,0,molecule,xy,0.1,bytype_shuffled,3,bytype_shuffled,eig,0,"[0.000,3.142]",none,1,1,Z,1,ridge,1,adam,adjoint,100,59,13,107,15,341,145,0.2590860865481124,-0.9417365998409786,0.2315005912305111,0.2467373808041953,0.050130875735749925,8,0.9259727716995948,0.5784208523826638,0.37533708326974885,8.307538231571842,2.788638396951885,0.07548504056842886,0.46176866261425753,0.874957683033094,0.0,264.21,xy_shuffled_r3,0.24566462471808206,0.21890116769778137,14,0,1.0,1,0.2590860865481124,-0.9417365998409786,8,0.2315005912305111,0.2467373808041953,0.050130875735749925,-0.522028044372741,8,0.23473559329102087,0.09847505768575773,,
B3,DIP,0,,,,,,,,,,,,,,,,,,,,59,,341,,341,145,0.254749851811613,-0.5509644614193012,0.23006309139868378,0.25363074838792604,-0.01876897953742289,8,,,,,,,,,,,krr_res,,,,,,,,,,,,,,,,,,
B3,DIP,0,,,,,,,,,,,,,,,,,,,,59,,0,,341,145,0.21865918355748815,-0.0018707599310117118,0.20032018546099292,0.2170131516607392,nan,8,,,,,,,,,,,composition,,,,,,,,,,,,,,,,,,
B3,DIP,0,,,,,,,,,,,,,,,,,,,,59,,106,,341,145,0.1968108395894171,0.07135577315091635,0.19036722972476777,0.1973128640348236,0.3182352334507607,8,0.9496186971664429,0.4964617192745209,,,,,,,,,C3_eigfeat,,,,,,,,,,,,,,,,,30,eig
B3,DIP,0,,,,,,,,,,,,,,,,,,,,59,,106,,341,145,0.1916791008149002,0.19501769319620843,0.17484609843776713,0.19209555094745548,0.4632475012114015,8,0.9069536328315735,0.3779086172580719,,,,,,,,,C3_msgpass,,,,,,,,,,,,,,,,,18,atom
B3,DIP,0,molecule,zz,0.1,bytype,3,bytype,eig,0,"[0.000,3.142]",none,1,1,Z,1,ridge,1,adam,adjoint,100,60,13,108,16,368,118,0.19080020853903765,-0.1498574322951376,0.18959805926876244,0.19080020853903765,0.1602703275249192,7,0.8711968274159461,0.47895993481981236,0.45022764116295766,9.34926259729503,3.0974078955061963,0.05021751904907208,0.403977681942579,0.46856556428924584,0.0,267.75,zz_bytype_r3,0.18872798630239712,0.1867488714669005,15,0,1.0,1,0.19080020853903765,-0.1498574322951376,7,0.18959805926876244,0.19080020853903765,0.1602703275249192,-0.11485854282284991,7,0.1887279863023971,0.15541298767870884,,
B3,DIP,0,molecule,xy,0.1,bytype,3,bytype,eig,0,"[0.000,3.142]",none,1,1,Z,1,ridge,1,adam,adjoint,100,60,13,108,16,368,118,0.18323944354372815,-0.007863252648899088,0.17072683311982906,0.18323944354372812,0.31610572401278964,7,0.8656040555201031,0.4865791800439472,0.4378732667194087,11.602442584286873,3.843885749676672,0.05037834945235224,-0.23975280575993727,0.8095944458764582,0.0,276.53,xy_bytype_r3,0.18162014350452474,0.17167562511652032,15,0,1.0,1,0.18323944354372815,-0.007863252648899088,7,0.17072683311982906,0.18323944354372812,0.31610572401278964,0.021171311004632654,7,0.18162014350452474,0.2885670915551103,,
B3,DIP,0,molecule,none,0.0,fixed,3,fixed,eig,0,"[0.000,3.142]",none,1,1,Z,1,ridge,1,adam,adjoint,100,60,13,92,16,368,118,0.1994962770345407,-0.0558481575070604,0.17491034911296974,0.1994962770345407,0.07305587285007059,7,0.9060954760849163,0.8365117898805624,0.07679509283614687,3.069889754532001,1.172422897012655,0.001903489028340814,0.0,0.0,0.0,200.23,none_r3,0.18817347914246677,0.16727078350551955,15,0,1.0,1,0.1994962770345407,-0.0558481575070604,7,0.17491034911296974,0.1994962770345407,0.07305587285007059,0.02583783256599237,7,0.18817347914246677,0.23318573957058356,,
B3,DIP,0,molecule,xy,0.1,bytype_shuffled,3,bytype_shuffled,eig,0,"[0.000,3.142]",none,1,1,Z,1,ridge,1,adam,adjoint,100,60,13,108,16,368,118,0.21704810778366534,-0.3404707112147911,0.19589051241916416,0.2170481077836653,0.07957691169698583,7,0.8656040555201031,0.5481325524087499,0.36676295713586815,12.456370259311388,4.1267917323985,0.13419306500470507,0.7165135239782471,1.7907205560334984,0.0,282.05,xy_shuffled_r3,0.21409834731072774,0.19231583763637572,15,0,1.0,1,0.21704810778366534,-0.3404707112147911,7,0.19589051241916416,0.2170481077836653,0.07957691169698583,-0.2962482171107004,7,0.21409834731072774,0.09539650563501241,,
B3,DIP,0,,,,,,,,,,,,,,,,,,,,60,,368,,368,118,0.2123161678765837,-0.289564632905011,0.18086789632661468,0.21231616787658372,0.41113458251641094,7,,,,,,,,,,,krr_res,,,,,,,,,,,,,,,,,,
B3,DIP,0,,,,,,,,,,,,,,,,,,,,60,,0,,368,118,0.19344405305821663,-0.03068039505415454,0.16982419138325033,0.1934440530582167,nan,7,,,,,,,,,,,composition,,,,,,,,,,,,,,,,,,
B3,DIP,0,,,,,,,,,,,,,,,,,,,,60,,107,,368,118,0.17953948939292963,0.06904522307112737,0.1703241824073563,0.17953948939292963,0.33402354266086437,7,0.960417628288269,0.5449755191802979,,,,,,,,,C3_eigfeat,,,,,,,,,,,,,,,,,30,eig
B3,DIP,0,,,,,,,,,,,,,,,,,,,,60,,107,,368,118,0.23621234374217542,-2.151504511902879,0.22036142651186386,0.23621234374217542,0.3154310732601213,7,0.8920250535011292,0.39337965846061707,,,,,,,,,C3_msgpass,,,,,,,,,,,,,,,,,18,atom
B3,DIP,0,molecule,zz,0.1,bytype,3,bytype,eig,0,"[0.000,3.142]",none,1,1,Z,1,ridge,1,adam,adjoint,100,61,13,108,16,385,101,0.20450206178637406,0.07235501653844378,0.1845744974383556,0.20160579590595717,0.3532083811988118,8,0.8777298687283247,0.5249758378802227,0.4018936160383606,7.271528859783809,2.426938829158506,0.12914572723563825,0.4409241905811554,0.4889533581036505,0.0,282.57,zz_bytype_r3,0.20278363658853357,0.1836021415927982,15,0,1.0,1,0.20450206178637406,0.07235501653844378,8,0.1845744974383556,0.20160579590595717,0.3532083811988118,0.08924234988753554,8,0.2002348810482838,0.37528124011377595,,
B3,DIP,0,molecule,xy,0.1,bytype,3,bytype,eig,0,"[0.000,3.142]",none,1,1,Z,1,ridge,1,adam,adjoint,100,61,13,108,16,385,101,0.20707945436526035,0.0005291259086789291,0.19822012745260814,0.20635124335279423,0.3126099755286358,8,0.9062267085620047,0.4095038882542262,0.5481220268777726,10.545183144454422,3.5195506924832753,0.10047789691406164,0.38250012826170066,1.0561332693465275,0.0,290.49,xy_bytype_r3,0.20385733597412523,0.19541874952506175,15,0,1.0,1,0.20707945436526035,0.0005291259086789291,8,0.19822012745260814,0.20635124335279423,0.3126099755286358,0.043880338672123265,8,0.20376559882843343,0.341252288381475,,
B3,DIP,0,molecule,none,0.0,fixed,3,fixed,eig,0,"[0.000,3.142]",none,1,1,Z,1,ridge,1,adam,adjoint,100,61,13,92,16,385,101,0.21991374926604842,-0.009849674075601778,0.20365549354921883,0.22050910486821473,0.24778510520137315,8,0.9028093486880164,0.8274761319271452,0.08344310664299967,3.0537095046624154,1.1762349331721016,0.0007480771183573223,0.0,0.0,0.0,208.93,none_r3,0.2221813982578598,0.20549470751308926,15,0,1.0,1,0.21991374926604842,-0.009849674075601778,8,0.20365549354921883,0.22050910486821473,0.24778510520137315,-0.005312105431512615,8,0.22257264937685844,0.23138020937063997,,
B3,DIP,0,molecule,xy,0.1,bytype_shuffled,3,bytype_shuffled,eig,0,"[0.000,3.142]",none,1,1,Z,1,ridge,1,adam,adjoint,100,61,13,108,16,385,101,0.27465773820186357,-0.5693827592091363,0.2466406685466492,0.2629900875613801,0.09203422839786472,8,0.9062267085620047,0.49595507185320725,0.4527251656043267,12.35605077767054,4.123944219383095,0.024744541960037798,0.8312867983427578,1.2623240681378676,0.0,296.51,xy_shuffled_r3,0.28247238097776256,0.2480670937822497,15,0,1.0,1,0.27465773820186357,-0.5693827592091363,8,0.2466406685466492,0.2629900875613801,0.09203422839786472,-0.7809449798386219,8,0.26503904494652725,0.0835589361905151,,
B3,DIP,0,,,,,,,,,,,,,,,,,,,,61,,385,,385,101,0.20552292744084638,0.018165050046732967,0.19491037408534911,0.20494280329079395,0.3106323678094013,8,,,,,,,,,,,krr_res,,,,,,,,,,,,,,,,,,
B3,DIP,0,,,,,,,,,,,,,,,,,,,,61,,0,,385,101,0.22647433069306935,-0.051956386917125785,0.21591808981927404,0.2278328101010101,nan,8,,,,,,,,,,,composition,,,,,,,,,,,,,,,,,,
B3,DIP,0,,,,,,,,,,,,,,,,,,,,61,,107,,385,101,0.2272392199277511,-0.1585481546715144,0.21651230452092096,0.22770786839390153,0.2737085526559211,8,0.9531089067459106,0.49651774764060974,,,,,,,,,C3_eigfeat,,,,,,,,,,,,,,,,,30,eig
B3,DIP,0,,,,,,,,,,,,,,,,,,,,61,,107,,385,101,0.1897497667456591,-0.03324306483790984,0.18281884340119284,0.19054186080307525,0.5461022056286685,8,0.9124874472618103,0.40852609276771545,,,,,,,,,C3_msgpass,,,,,,,,,,,,,,,,,18,atom
A1,DIP,0,molecule,zz,0.1,bytype,3,bytype,eig,0,"[0.000,3.142]",none,1,1,Z,1,ridge,1,adam,adjoint,100,42,11,103,25,530,160,0.23341396978562315,0.35747129185497506,0.19188832801572095,0.22777645937743599,0.21120395176824408,28,0.8735839991777539,0.4665569935005278,0.46592772539370375,9.663059904489161,3.986727745855432,0.17353619165633635,0.3575664748192017,0.777526857753572,0.0,247.9,zz_bytype_r3,0.2309350184143776,0.1892352947397385,24,0,1.0,1,0.23341396978562315,0.35747129185497506,28,0.19188832801572095,0.22777645937743599,0.21120395176824408,0.3751251612688159,28,0.22588158810025746,0.23856251159673916,,
A1,DIP,0,molecule,xy,0.1,bytype,3,bytype,eig,0,"[0.000,3.142]",none,1,1,Z,1,ridge,1,adam,adjoint,100,42,11,103,25,530,160,0.2376123617808093,0.2907135178110307,0.1853741747209666,0.21966941963825304,0.2117845562803935,28,0.8852769183212944,0.505477867745955,0.4290172292027369,9.568381472188594,3.947665881733964,0.11609580025345223,0.054162751374043056,1.238634578112719,0.0,244.85,xy_bytype_r3,0.23064705212650338,0.18241146105454178,24,0,1.0,1,0.2376123617808093,0.2907135178110307,28,0.1853741747209666,0.21966941963825304,0.2117845562803935,0.35729278940884257,28,0.21998050669633173,0.23202128327012694,,
A1,DIP,0,molecule,none,0.0,fixed,3,fixed,eig,0,"[0.000,3.142]",none,1,1,Z,1,ridge,1,adam,adjoint,100,42,11,78,25,530,160,0.2939592261716141,-0.9419385904540869,0.19333592537166597,0.2658951153208646,0.07825880050671907,28,0.8914230536890931,0.8113206334638211,0.08985904043402698,2.572261535630321,1.3370681695199262,0.0022719175653923666,0.0,0.0,0.0,190.35,none_r3,0.2557167053796732,0.18804980170320137,24,0,1.0,1,0.2939592261716141,-0.9419385904540869,28,0.19333592537166597,0.2658951153208646,0.07825880050671907,0.27400333722097625,28,0.2606486919163771,0.11531977632810189,,
A1,DIP,0,molecule,xy,0.1,bytype_shuffled,3,bytype_shuffled,eig,0,"[0.000,3.142]",none,1,1,Z,1,ridge,1,adam,adjoint,100,42,11,103,25,530,160,0.29541687195228283,-0.41505387768329416,0.20593377346547123,0.25910958574021686,-0.015464944142094934,28,0.8852769183212944,0.5600310872781783,0.36739445512694857,10.608533041630094,4.376805425809544,0.028579779389742935,0.5475787286240748,1.3724518558429644,0.0,252.83,xy_shuffled_r3,0.2850226789174979,0.20640872946950942,24,0,1.0,1,0.29541687195228283,-0.41505387768329416,28,0.20593377346547123,0.25910958574021686,-0.015464944142094934,-0.06041713394109283,28,0.25950479617192396,-0.02208873457717121,,
A1,DIP,0,,,,,,,,,,,,,,,,,,,,42,,530,,530,160,0.27595317605349623,0.030491877290148017,0.1987469345357432,0.24985579270051214,0.10123656279993007,28,,,,,,,,,,,krr_res,,,,,,,,,,,,,,,,,,
A1,DIP,0,,,,,,,,,,,,,,,,,,,,42,,0,,530,160,0.30480645938679246,-0.00598341093406618,0.19455086678333486,0.30167263248269305,nan,28,,,,,,,,,,,composition,,,,,,,,,,,,,,,,,,
A1,DIP,0,,,,,,,,,,,,,,,,,,,,42,,101,,530,160,0.23180202026522884,0.3419069451405644,0.1813861720667168,0.22429337722953055,0.014783689945577064,28,0.8195205926895142,0.5430493950843811,,,,,,,,,C3_eigfeat,,,,,,,,,,,,,,,,,25,eig
A1,DIP,0,,,,,,,,,,,,,,,,,,,,42,,103,,530,160,0.2224956534687367,0.418347506734683,0.17081420737937877,0.2237850026993706,0.3620186598779781,28,0.7968989610671997,0.5270098447799683,,,,,,,,,C3_msgpass,,,,,,,,,,,,,,,,,11,atom
A1,DIP,0,molecule,zz,0.1,bytype,3,bytype,eig,0,"[0.000,3.142]",none,1,1,Z,1,ridge,1,adam,adjoint,100,43,11,103,25,520,170,0.2478554897049459,0.23891930253839833,0.20931217842494276,0.2515172339977487,0.2697107351712615,27,0.7852834356258663,0.41646058635089434,0.46966844395619056,8.944150324055924,3.2563499449157134,0.030060742151276704,0.2090296702223232,0.8771923228970979,0.0,242.86,zz_bytype_r3,0.24619240234416756,0.2079178239381955,24,0,1.0,1,0.2478554897049459,0.23891930253839833,27,0.20931217842494276,0.2515172339977487,0.2697107351712615,0.2609002720428404,27,0.24941717951678566,0.22437544180965233,,
A1,DIP,0,molecule,xy,0.1,bytype,3,bytype,eig,0,"[0.000,3.142]",none,1,1,Z,1,ridge,1,adam,adjoint,100,43,11,103,25,520,170,0.2502051158257118,0.13426787466658419,0.21526176842298328,0.251221769214227,0.15680989332305126,27,0.8730406294895441,0.4440962909832254,0.49132230965827683,9.873806403033432,3.594815356596784,0.04171760385306878,0.0757162705596868,0.6182379420232987,0.0,239.67,xy_bytype_r3,0.24862447751747477,0.2152408742040358,24,0,1.0,1,0.2502051158257118,0.13426787466658419,27,0.21526176842298328,0.251221769214227,0.15680989332305126,0.1425271420638844,27,0.2490001878587994,0.15550727780990942,,
A1,DIP,0,molecule,none,0.0,fixed,3,fixed,eig,0,"[0.000,3.142]",none,1,1,Z,1,ridge,1,adam,adjoint,100,43,11,78,25,520,170,0.2755781010269286,0.13022980056772915,0.22605727940743744,0.28154607281677274,0.17425173510699826,27,0.8802997470300093,0.6957860092294289,0.2096033066272032,2.776004447585794,1.2356031144920683,0.035684802580922555,0.0,0.0,0.0,186.91,none_r3,0.27778523469153604,0.2257658298361703,24,0,1.0,1,0.2755781010269286,0.13022980056772915,27,0.22605727940743744,0.28154607281677274,0.17425173510699826,0.13368449033422358,27,0.2814149864843776,0.1309363954758692,,
A1,DIP,0,molecule,xy,0.1,bytype_shuffled,3,bytype_shuffled,eig,0,"[0.000,3.142]",none,1,1,Z,1,ridge,1,adam,adjoint,100,43,11,103,25,520,170,0.2614424876479844,0.07959975732891655,0.22339403598124177,0.26423992796467854,0.20377642825011247,27,0.8730406294895441,0.5262061295227431,0.39727188890348747,6.806525470702779,2.4780921651079137,0.189720793206014,0.3160209977403731,0.5827104382603374,0.0,247.17,xy_shuffled_r3,0.2577099377917531,0.22207260197696704,24,0,1.0,1,0.2614424876479844,0.07959975732891655,27,0.22339403598124177,0.26423992796467854,0.20377642825011247,0.11162875578603826,27,0.2615796899939777,0.20275247413405312,,
A1,DIP,0,,,,,,,,,,,,,,,,,,,,43,,520,,520,170,0.27363210130630367,0.13558281735168287,0.22648653497043567,0.2767019206163845,0.16155508964719495,27,,,,,,,,,,,krr_res,,,,,,,,,,,,,,,,,,
A1,DIP,0,,,,,,,,,,,,,,,,,,,,43,,0,,520,170,0.29709987807692306,-0.0038652854735645725,0.22826297781757718,0.2921006301025641,nan,27,,,,,,,,,,,composition,,,,,,,,,,,,,,,,,,
A1,DIP,0,,,,,,,,,,,,,,,,,,,,43,,101,,520,170,0.22299630797856,0.36228393481949994,0.19391907743519615,0.2326640403416891,0.3256681768523874,27,0.7800576090812683,0.4553261697292328,,,,,,,,,C3_eigfeat,,,,,,,,,,,,,,,,,25,eig
A1,DIP,0,,,,,,,,,,,,,,,,,,,,43,,103,,520,170,0.23254268122522387,0.2952399157969613,0.20212074865717067,0.23621906189354802,0.2845086341456301,27,0.8225826025009155,0.4741770923137665,,,,,,,,,C3_msgpass,,,,,,,,,,,,,,,,,11,atom
A1,DIP,0,molecule,zz,0.1,bytype,3,bytype,eig,0,"[0.000,3.142]",none,1,1,Z,1,ridge,1,adam,adjoint,100,44,11,103,25,523,167,0.26378116566897375,0.16515365411637917,0.21605637662582558,0.25971767168165066,0.32450956512187146,27,0.870597769706005,0.4053173135193407,0.5344379142434357,9.429287934504536,3.442520071226108,0.0343734182545174,0.2423951192543338,0.9836871201671163,0.0,242.46,zz_bytype_r3,0.2608838075039847,0.21264855815997008,24,0,1.0,1,0.26378116566897375,0.16515365411637917,27,0.21605637662582558,0.25971767168165066,0.32450956512187146,0.19583374057487712,27,0.25802210911283063,0.3382106977488353,,
A1,DIP,0,molecule,xy,0.1,bytype,3,bytype,eig,0,"[0.000,3.142]",none,1,1,Z,1,ridge,1,adam,adjoint,100,44,11,103,25,523,167,0.26798006601515323,0.23759176355769274,0.21473221676945137,0.2710180792342081,0.23383612609579213,27,0.8697016377301655,0.4946460163339774,0.43124630922283397,7.722381063035304,2.81934881953017,0.09965363253353496,0.27548425714317754,0.5052511695204945,0.0,242.37,xy_bytype_r3,0.263496563685807,0.21367669179211168,24,0,1.0,1,0.26798006601515323,0.23759176355769274,27,0.21473221676945137,0.2710180792342081,0.23383612609579213,0.2603795030868261,27,0.2678841862454153,0.23235234417722758,,
A1,DIP,0,molecule,none,0.0,fixed,3,fixed,eig,0,"[0.000,3.142]",none,1,1,Z,1,ridge,1,adam,adjoint,100,44,11,78,25,523,167,0.26566359658458605,0.249585939121037,0.2110440409311288,0.26184763470745576,0.3628867062596565,27,0.8887038382167846,0.7420001692720566,0.16507599341428977,1.9377842486329127,0.8654433088629537,0.0026910879978792345,0.0,0.0,0.0,185.48,none_r3,0.2697053881752403,0.21128556724561195,24,0,1.0,1,0.26566359658458605,0.249585939121037,27,0.2110440409311288,0.26184763470745576,0.3628867062596565,0.23251817514317508,27,0.26428817302442,0.3719010366294856,,
A1,DIP,0,molecule,xy,0.1,bytype_shuffled,3,bytype_shuffled,eig,0,"[0.000,3.142]",none,1,1,Z,1,ridge,1,adam,adjoint,100,44,11,103,25,523,167,0.29539189397054005,0.03289055589236922,0.22686461622967288,0.29099767989983305,0.3219392445810379,27,0.8697016377301655,0.5584494271165161,0.35788389616695054,8.319288786148189,3.0372726788670583,0.02701987139970175,0.48113717671402234,1.0749977482904336,0.0,246.92,xy_shuffled_r3,0.2779524897068246,0.21517386849612197,24,0,1.0,1,0.29539189397054005,0.03289055589236922,27,0.22686461622967288,0.29099767989983305,0.3219392445810379,0.1722930904144443,27,0.27495329432229293,0.2902993593004124,,
A1,DIP,0,,,,,,,,,,,,,,,,,,,,44,,523,,523,167,0.2807794248054251,0.15035271197603362,0.22332597747526997,0.27821413686609053,0.22050967019373818,27,,,,,,,,,,,krr_res,,,,,,,,,,,,,,,,,,
A1,DIP,0,,,,,,,,,,,,,,,,,,,,44,,0,,523,167,0.31460933092133136,-0.0028590337055356407,0.22298695305718247,0.3167542486784389,nan,27,,,,,,,,,,,composition,,,,,,,,,,,,,,,,,,
A1,DIP,0,,,,,,,,,,,,,,,,,,,,44,,101,,523,167,0.24293507946341034,0.37649361541460324,0.20339167197985888,0.24649958486337673,0.3129042580374008,27,0.800104558467865,0.5207552909851074,,,,,,,,,C3_eigfeat,,,,,,,,,,,,,,,,,25,eig
A1,DIP,0,,,,,,,,,,,,,,,,,,,,44,,103,,523,167,0.24990287565532912,0.328660783921941,0.20579562112881425,0.2480314135808068,0.3211832685741,27,0.76534104347229,0.45801976323127747,,,,,,,,,C3_msgpass,,,,,,,,,,,,,,,,,11,atom
A1,DIP,0,molecule,zz,0.1,bytype,3,bytype,eig,0,"[0.000,3.142]",none,1,1,Z,1,ridge,1,adam,adjoint,100,45,11,103,25,516,174,0.25343974855182033,0.09430564414986098,0.20548820366277368,0.23891188322834206,0.16645654787969777,30,0.8107399792912624,0.4221124952898015,0.479349105666645,9.898719422264458,3.6942015422909953,2.2959886288122218,0.4261345147335078,0.6339030302303116,0.0,239.03,zz_bytype_r3,0.249645203374724,0.2066945852495148,24,0,1.0,1,0.25343974855182033,0.09430564414986098,30,0.20548820366277368,0.23891188322834206,0.16645654787969777,0.13256354526330805,30,0.23880446651155243,0.144018018666975,,
A1,DIP,0,molecule,xy,0.1,bytype,3,bytype,eig,0,"[0.000,3.142]",none,1,1,Z,1,ridge,1,adam,adjoint,100,45,11,103,25,516,174,0.27200622698706645,0.1604098434250968,0.2128282885850353,0.27324409499816305,0.16747596489531974,30,0.8041350620374994,0.46562192744676467,0.4209655200620375,9.005657036758675,3.3609107092892034,0.01702924647368359,0.4425285036921997,0.6633261332126584,0.0,238.66,xy_bytype_r3,0.2699090172229407,0.21165611337005627,24,0,1.0,1,0.27200622698706645,0.1604098434250968,30,0.2128282885850353,0.27324409499816305,0.16747596489531974,0.17877136093523327,30,0.26968313642999564,0.20370973112908594,,
A1,DIP,0,molecule,none,0.0,fixed,3,fixed,eig,0,"[0.000,3.142]",none,1,1,Z,1,ridge,1,adam,adjoint,100,45,11,78,25,516,174,0.3178143121727967,-0.814429766300496,0.21898313825225474,0.2858346727148736,0.11822253015801405,30,0.8320022047906991,0.7352456566223201,0.11629361991020125,3.1317500203640756,1.436893158581349,0.016355818526328957,0.0,0.0,0.0,183.5,none_r3,0.2835486096404728,0.2135808724947208,24,0,1.0,1,0.3178143121727967,-0.814429766300496,30,0.21898313825225474,0.2858346727148736,0.11822253015801405,0.13529603812005264,30,0.2854008441805346,-0.007986971914865658,,
A1,DIP,0,molecule,xy,0.1,bytype_shuffled,3,bytype_shuffled,eig,0,"[0.000,3.142]",none,1,1,Z,1,ridge,1,adam,adjoint,100,45,11,103,25,516,174,0.27944920909503024,0.09012194392215311,0.22005202117170383,0.27075802865134846,0.2448320875835107,30,0.8041350620374994,0.5458303549964488,0.32122055017295714,10.8314982716951,4.042314557438444,0.02122561796042075,0.15145117117206575,1.1601460985124556,0.0,244.09,xy_shuffled_r3,0.2779814569456823,0.21767855484731288,24,0,1.0,1,0.27944920909503024,0.09012194392215311,30,0.22005202117170383,0.27075802865134846,0.2448320875835107,0.11569886707843768,30,0.26999006982269186,0.2524351486590576,,
A1,DIP,0,,,,,,,,,,,,,,,,,,,,45,,516,,516,174,0.29226018884751026,0.024326077518356137,0.2165350016088194,0.29438689773555465,0.060474863529892,30,,,,,,,,,,,krr_res,,,,,,,,,,,,,,,,,,
A1,DIP,0,,,,,,,,,,,,,,,,,,,,45,,0,,516,174,0.3042451791633253,-0.003867779601517629,0.21182908355114416,0.3048009725122607,nan,30,,,,,,,,,,,composition,,,,,,,,,,,,,,,,,,
A1,DIP,0,,,,,,,,,,,,,,,,,,,,45,,101,,516,174,0.23465900014328164,0.337778819446653,0.19170060632077882,0.23606733049925996,0.36885315822697223,30,0.7841996550559998,0.4636342227458954,,,,,,,,,C3_eigfeat,,,,,,,,,,,,,,,,,25,eig
A1,DIP,0,,,,,,,,,,,,,,,,,,,,45,,103,,516,174,0.23541866916247195,0.31656244421400115,0.18306144102249364,0.23764623658890077,0.3135888587272571,30,0.7731297612190247,0.4846034646034241,,,,,,,,,C3_msgpass,,,,,,,,,,,,,,,,,11,atom
A1,DIP,0,molecule,zz,0.1,bytype,3,bytype,eig,0,"[0.000,3.142]",none,1,1,Z,1,ridge,1,adam,adjoint,100,46,11,103,25,503,187,0.22589458992647535,0.18529321899863538,0.18392319452043213,0.2237534151577272,0.27264061474587786,26,0.8671797526067904,0.4598393019547073,0.4697301216127281,9.083136594251885,3.1020281135560994,0.13960053970247144,0.3281695065883822,0.6178023944674496,0.0,234.8,zz_bytype_r3,0.2233080691026181,0.18419907632153934,24,0,1.0,1,0.22589458992647535,0.18529321899863538,26,0.18392319452043213,0.2237534151577272,0.27264061474587786,0.2101205339589175,26,0.22151480786913505,0.269200195515985,,
A1,DIP,0,molecule,xy,0.1,bytype,3,bytype,eig,0,"[0.000,3.142]",none,1,1,Z,1,ridge,1,adam,adjoint,100,46,11,103,25,503,187,0.2165546498375901,0.25964867973973904,0.17624664771147394,0.21525024694502368,0.22963284279073756,26,0.867760821749015,0.4871725742149648,0.43858657592648137,10.488976738775772,3.5821437218844636,0.03501416367264696,-0.12989854880533508,0.8915868118899728,0.0,233.7,xy_bytype_r3,0.21796195968119486,0.1786373396247539,24,0,1.0,1,0.2165546498375901,0.25964867973973904,26,0.17624664771147394,0.21525024694502368,0.22963284279073756,0.24899608060095313,26,0.21559611171788795,0.20023903971272392,,
A1,DIP,0,molecule,none,0.0,fixed,3,fixed,eig,0,"[0.000,3.142]",none,1,1,Z,1,ridge,1,adam,adjoint,100,46,11,78,25,503,187,0.23740328150351928,0.12962505040946848,0.18536853923943664,0.2323545863884867,0.2051747959642696,26,0.8805648461498956,0.7696756364031738,0.12592963508770993,3.7710666643750113,1.553075478098745,0.014679045896369182,0.0,0.0,0.0,180.94,none_r3,0.2303964871104077,0.1860419386066953,24,0,1.0,1,0.23740328150351928,0.12962505040946848,26,0.18536853923943664,0.2323545863884867,0.2051747959642696,0.22510076618563513,26,0.22992108875938896,0.12568980726875464,,
A1,DIP,0,molecule,xy,0.1,bytype_shuffled,3,bytype_shuffled,eig,0,"[0.000,3.142]",none,1,1,Z,1,ridge,1,adam,adjoint,100,46,11,103,25,503,187,0.24891621681780687,-0.03875073129872875,0.2017539788402208,0.23833952865227215,0.26219204771836346,26,0.867760821749015,0.5321748107760493,0.3867263911460942,9.79834692577213,3.34628322658452,0.2967525251930188,0.34176208923577456,0.6606206404740111,0.0,238.83,xy_shuffled_r3,0.23032707843394834,0.19911178500920718,24,0,1.0,1,0.24891621681780687,-0.03875073129872875,26,0.2017539788402208,0.23833952865227215,0.26219204771836346,0.1858057445591782,26,0.23152392564912067,0.2266675332464806,,
A1,DIP,0,,,,,,,,,,,,,,,,,,,,46,,503,,503,187,0.24617628978273712,0.08008294638704905,0.19519242907051637,0.23747467429861366,0.1263329263329263,26,,,,,,,,,,,krr_res,,,,,,,,,,,,,,,,,,
A1,DIP,0,,,,,,,,,,,,,,,,,,,,46,,0,,503,187,0.2614857803340385,-0.013811574695031359,0.19116798324584489,0.26084635973508064,nan,26,,,,,,,,,,,composition,,,,,,,,,,,,,,,,,,
A1,DIP,0,,,,,,,,,,,,,,,,,,,,46,,101,,503,187,0.19534967692012176,0.45445466389281164,0.16025418912381667,0.19973113773465798,0.33319531345847136,26,0.7970449924468994,0.5232179164886475,,,,,,,,,C3_eigfeat,,,,,,,,,,,,,,,,,25,eig
A1,DIP,0,,,,,,,,,,,,,,,,,,,,46,,103,,503,187,0.19836499952209732,0.40322437675164724,0.1594955521716605,0.20117029289166494,0.3962635390476285,26,0.765188992023468,0.4840604066848755,,,,,,,,,C3_msgpass,,,,,,,,,,,,,,,,,11,atom
A1,DIP,0,molecule,zz,0.1,bytype,3,bytype,eig,0,"[0.000,3.142]",none,1,1,Z,1,ridge,1,adam,adjoint,100,47,11,103,25,505,185,0.22828573643190528,0.1437043676553431,0.19958645507803807,0.227390099066798,0.1450223984160636,26,0.8092339382163001,0.44895192560634123,0.4452136713446379,8.941268778040337,3.0828787448416515,0.09577401643387956,0.26961440634714795,0.7065503264843986,0.0,237.99,zz_bytype_r3,0.2254289187619877,0.19844387601068855,24,0,1.0,1,0.22828573643190528,0.1437043676553431,26,0.19958645507803807,0.227390099066798,0.1450223984160636,0.1724996075582116,26,0.22434996414080716,0.15068916464670035,,
A1,DIP,0,molecule,xy,0.1,bytype,3,bytype,eig,0,"[0.000,3.142]",none,1,1,Z,1,ridge,1,adam,adjoint,100,47,11,103,25,505,185,0.2357993400062767,0.08192254737132498,0.20928605421740953,0.23542439079649327,0.13018366944576484,26,0.8604536256253702,0.42400817477783603,0.5072271623358312,8.703800243437646,3.001001472603362,0.016528863539363992,0.0538483016370604,0.714553181478378,0.0,234.2,xy_bytype_r3,0.23241922504255244,0.20461520099431427,24,0,1.0,1,0.2357993400062767,0.08192254737132498,26,0.20928605421740953,0.23542439079649327,0.13018366944576484,0.11624184612646538,26,0.2301756295929737,0.14026226123337157,,
A1,DIP,0,molecule,none,0.0,fixed,3,fixed,eig,0,"[0.000,3.142]",none,1,1,Z,1,ridge,1,adam,adjoint,100,47,11,78,25,505,185,0.26875305239959935,-0.9159196951353845,0.1994849744484633,0.24485500871636787,0.1639658809690136,26,0.8267861850757617,0.7258509182091958,0.12208146276333445,2.7152330997682177,1.1312064037867038,0.003394113139196038,0.0,0.0,0.0,181.46,none_r3,0.24433816172008152,0.19797735879412712,24,0,1.0,1,0.26875305239959935,-0.9159196951353845,26,0.1994849744484633,0.24485500871636787,0.1639658809690136,0.18685975778969677,26,0.24386463980286485,0.18513926032199615,,
A1,DIP,0,molecule,xy,0.1,bytype_shuffled,3,bytype_shuffled,eig,0,"[0.000,3.142]",none,1,1,Z,1,ridge,1,adam,adjoint,100,47,11,103,25,505,185,0.2729967239916046,-0.31898821054745685,0.22608927662126216,0.2573440342828208,0.08490126302517534,26,0.8604536256253702,0.5276171259641554,0.38681515162343827,9.04210378325532,3.117645856985371,0.08596007567224236,0.46476146210487906,1.2076981222452463,0.0,240.03,xy_shuffled_r3,0.25382622259257065,0.2138638367533538,24,0,1.0,1,0.2729967239916046,-0.31898821054745685,26,0.22608927662126216,0.2573440342828208,0.08490126302517534,0.0026547809820705037,26,0.24594660225851805,0.08781698635509984,,
A1,DIP,0,,,,,,,,,,,,,,,,,,,,47,,505,,505,185,0.2540108390796499,0.049106308079277405,0.21560026805923052,0.24776101336593231,0.1028380599560551,26,,,,,,,,,,,krr_res,,,,,,,,,,,,,,,,,,
A1,DIP,0,,,,,,,,,,,,,,,,,,,,47,,0,,505,185,0.26992500765319777,-0.01827025035167118,0.19958623762663952,0.25454353183884426,nan,26,,,,,,,,,,,composition,,,,,,,,,,,,,,,,,,
A1,DIP,0,,,,,,,,,,,,,,,,,,,,47,,101,,505,185,0.23228899349651744,0.1959285197108105,0.19540748749903608,0.23794805267379177,0.17205088680897943,26,0.7708285450935364,0.4891541004180908,,,,,,,,,C3_eigfeat,,,,,,,,,,,,,,,,,25,eig
A1,DIP,0,,,,,,,,,,,,,,,,,,,,47,,103,,505,185,0.2449491675026447,-0.008461794556068103,0.18376611482700164,0.23645712631990792,0.2297320603006863,26,0.748595654964447,0.4568184018135071,,,,,,,,,C3_msgpass,,,,,,,,,,,,,,,,,11,atom
A1,DIP,0,molecule,zz,0.1,bytype,3,bytype,eig,0,"[0.000,3.142]",none,1,1,Z,1,ridge,1,adam,adjoint,100,48,11,103,25,528,162,0.24867330327472859,0.07472550139140854,0.2092307560420353,0.2495117279256272,0.17968223941266454,27,0.8784233064993819,0.45117482308552526,0.48638108785670897,10.777609053734341,3.7899614357439853,0.111493901662289,0.3430859790466242,0.5607277962411177,0.0,247.66,zz_bytype_r3,0.24849140132915276,0.21030925424816038,24,0,1.0,1,0.24867330327472859,0.07472550139140854,27,0.2092307560420353,0.2495117279256272,0.17968223941266454,0.06261184510903806,27,0.24906993116601522,0.15487570494022107,,
A1,DIP,0,molecule,xy,0.1,bytype,3,bytype,eig,0,"[0.000,3.142]",none,1,1,Z,1,ridge,1,adam,adjoint,100,48,11,103,25,528,162,0.24671772921971544,0.04231770142221314,0.20065780128229355,0.2403446456993684,0.22104759756372658,27,0.8957676389428908,0.4673989841802511,0.4782140324561894,9.979521508551166,3.5093128240239504,0.09209044044228669,0.4730760674241047,1.0276173946986318,0.0,245.63,xy_bytype_r3,0.24437637267289797,0.19869603769120417,24,0,1.0,1,0.24671772921971544,0.04231770142221314,27,0.20065780128229355,0.2403446456993684,0.22104759756372658,0.06236507264044877,27,0.23898504717925662,0.20863870162820686,,
A1,DIP,0,molecule,none,0.0,fixed,3,fixed,eig,0,"[0.000,3.142]",none,1,1,Z,1,ridge,1,adam,adjoint,100,48,11,78,25,528,162,0.24250296621952414,0.1610618711190298,0.19985029206993973,0.24510415161244845,0.14997804729487274,27,0.8985295006558295,0.740311187730848,0.17608583002505668,2.687516081438279,1.1466856341911806,0.022214667141786826,0.0,0.0,0.0,186.84,none_r3,0.24036289420733348,0.19765264513496716,24,0,1.0,1,0.24250296621952414,0.1610618711190298,27,0.19985029206993973,0.24510415161244845,0.14997804729487274,0.16112418956958463,27,0.24355828158445447,0.1964007249702467,,
A1,DIP,0,molecule,xy,0.1,bytype_shuffled,3,bytype_shuffled,eig,0,"[0.000,3.142]",none,1,1,Z,1,ridge,1,adam,adjoint,100,48,11,103,25,528,162,0.2522468650256043,0.08989644837984356,0.1846969158459062,0.248433009655573,0.26160639621538206,27,0.8957676389428908,0.5229046444398926,0.4162496816060687,11.127422278840687,3.9129737500946256,0.04124206007131676,0.6883041642624335,1.2746103370527069,0.0,246.3,xy_shuffled_r3,0.2503624760123682,0.18321284027343077,24,0,1.0,1,0.2522468650256043,0.08989644837984356,27,0.1846969158459062,0.248433009655573,0.26160639621538206,0.08039247919562309,27,0.24435470808557877,0.30118774585186536,,
A1,DIP,0,,,,,,,,,,,,,,,,,,,,48,,528,,528,162,0.2591240425798096,0.04577679260990519,0.2177067457926098,0.25907916567716666,0.03544613774772888,27,,,,,,,,,,,krr_res,,,,,,,,,,,,,,,,,,
A1,DIP,0,,,,,,,,,,,,,,,,,,,,48,,0,,528,162,0.26111823559670777,-0.00036463541684716994,0.20279668192939246,0.2609867989510489,nan,27,,,,,,,,,,,composition,,,,,,,,,,,,,,,,,,
A1,DIP,0,,,,,,,,,,,,,,,,,,,,48,,101,,528,162,0.19908797237467624,0.37860300458143814,0.16996155909419366,0.20277788383554962,0.41074914629308396,27,0.7865179777145386,0.5079755783081055,,,,,,,,,C3_eigfeat,,,,,,,,,,,,,,,,,25,eig
A1,DIP,0,,,,,,,,,,,,,,,,,,,,48,,103,,528,162,0.210726312832177,0.37323628969658396,0.1814895734797837,0.20918876258525657,0.4334691087766269,27,0.7872729897499084,0.4734137952327728,,,,,,,,,C3_msgpass,,,,,,,,,,,,,,,,,11,atom
A1,DIP,0,molecule,zz,0.1,bytype,3,bytype,eig,0,"[0.000,3.142]",none,1,1,Z,1,ridge,1,adam,adjoint,100,49,11,103,25,527,163,0.27352444208081844,-0.2393924104600489,0.23115402037139793,0.2633638483232339,0.2124438692882602,28,0.7788926044597949,0.38284082863400093,0.5084805961156581,10.058417832006041,3.540191463475352,0.04677509574442616,0.22718230911268233,0.6800114167532666,0.0,246.86,zz_bytype_r3,0.2660025058982584,0.22547388973872984,24,0,1.0,1,0.27352444208081844,-0.2393924104600489,28,0.23115402037139793,0.2633638483232339,0.2124438692882602,-0.16723353080687753,28,0.25631657113270956,0.20336450626620386,,
A1,DIP,0,molecule,xy,0.1,bytype,3,bytype,eig,0,"[0.000,3.142]",none,1,1,Z,1,ridge,1,adam,adjoint,100,49,11,103,25,527,163,0.25411820628587845,0.1252447718998777,0.23190156969318731,0.2577514654638001,0.08208752655009434,28,0.7813745189097848,0.4132570821739776,0.4711152306955494,10.252004080713839,3.608326670877536,0.011132366600969865,0.526923817555624,0.7557212491929813,0.0,246.25,xy_bytype_r3,0.25559794052412993,0.2286589347535593,24,0,1.0,1,0.25411820628587845,0.1252447718998777,28,0.23190156969318731,0.2577514654638001,0.08208752655009434,0.11563986783379165,28,0.2577950155870194,0.125633913049501,,
A1,DIP,0,molecule,none,0.0,fixed,3,fixed,eig,0,"[0.000,3.142]",none,1,1,Z,1,ridge,1,adam,adjoint,100,49,11,78,25,527,163,0.2986892421185076,-1.672337734673472,0.21023238117150933,0.26284431113029955,0.1520188211785444,28,0.7974531450225163,0.7229007533804899,0.09348811539256194,2.381223333959512,1.0170920504210168,0.0010324272943620762,0.0,0.0,0.0,189.67,none_r3,0.26198164245877353,0.2085923659072396,24,0,1.0,1,0.2986892421185076,-1.672337734673472,28,0.21023238117150933,0.26284431113029955,0.1520188211785444,0.14127235113815517,28,0.26104402090145046,0.15829265501123294,,
A1,DIP,0,molecule,xy,0.1,bytype_shuffled,3,bytype_shuffled,eig,0,"[0.000,3.142]",none,1,1,Z,1,ridge,1,adam,adjoint,100,49,11,103,25,527,163,0.3043137497984449,-0.9348795271525541,0.22811474247842173,0.2783783759915072,0.1206840186430645,28,0.7813745189097848,0.5312335377837504,0.3201294322664174,8.922763565061985,3.1404831188387203,0.11931605313462776,0.2396111857097562,1.0718726986653018,0.0,250.19,xy_shuffled_r3,0.27752606419931397,0.22182795989636372,24,0,1.0,1,0.3043137497984449,-0.9348795271525541,28,0.22811474247842173,0.2783783759915072,0.1206840186430645,-0.013570212709981266,28,0.2696640119558542,0.14072368887233724,,
A1,DIP,0,,,,,,,,,,,,,,,,,,,,49,,527,,527,163,0.2639105108029465,0.07402801183011398,0.21793540795405827,0.257410149261152,0.07061085848305082,28,,,,,,,,,,,krr_res,,,,,,,,,,,,,,,,,,
A1,DIP,0,,,,,,,,,,,,,,,,,,,,49,,0,,527,163,0.2912043028602693,-0.004468522403082931,0.20582122143013806,0.28655184809546247,nan,28,,,,,,,,,,,composition,,,,,,,,,,,,,,,,,,
A1,DIP,0,,,,,,,,,,,,,,,,,,,,49,,101,,527,163,0.23729504215272576,0.23082068117649546,0.20248045388217412,0.23564249759128852,0.26349748751051555,28,0.7788378000259399,0.46052902936935425,,,,,,,,,C3_eigfeat,,,,,,,,,,,,,,,,,25,eig
A1,DIP,0,,,,,,,,,,,,,,,,,,,,49,,103,,527,163,0.23738321847193386,0.04348691133470206,0.19119419208854027,0.2214754066862398,0.2666140866010062,28,0.7662691473960876,0.41498440504074097,,,,,,,,,C3_msgpass,,,,,,,,,,,,,,,,,11,atom
A1,DIP,0,molecule,zz,0.1,bytype,3,bytype,eig,0,"[0.000,3.142]",none,1,1,Z,1,ridge,1,adam,adjoint,100,50,11,103,25,519,171,0.24062503851614228,0.07717288167504754,0.21697530442877674,0.23650843966940147,0.2578335879806468,26,0.8357309396115788,0.4406543328988444,0.47273181832463146,7.093028322986924,2.3235373780271864,0.035129440109306895,0.2503291572764377,0.501216556208013,0.0,245.95,zz_bytype_r3,0.2392596455749302,0.21137019356553435,24,0,1.0,1,0.24062503851614228,0.07717288167504754,26,0.21697530442877674,0.23650843966940147,0.2578335879806468,0.08704103107228556,26,0.23446134972225355,0.24280530393975774,,
A1,DIP,0,molecule,xy,0.1,bytype,3,bytype,eig,0,"[0.000,3.142]",none,1,1,Z,1,ridge,1,adam,adjoint,100,50,11,103,25,519,171,0.26033065611904466,-0.2296362314702738,0.20926136096051054,0.25105162602837305,0.31369229509985813,26,0.8311135338063981,0.43397480544828404,0.4778393230336021,7.654982375869793,2.507622537024178,0.1577521519283072,0.3426560316209807,0.7979956388084107,0.0,242.98,xy_bytype_r3,0.2564405131434667,0.2109965451605188,24,0,1.0,1,0.26033065611904466,-0.2296362314702738,26,0.20926136096051054,0.25105162602837305,0.31369229509985813,-0.12544797867129964,26,0.2514914214393505,0.24842800756666306,,
A1,DIP,0,molecule,none,0.0,fixed,3,fixed,eig,0,"[0.000,3.142]",none,1,1,Z,1,ridge,1,adam,adjoint,100,50,11,78,25,519,171,0.26699477091913515,-1.6614341981317486,0.21012682029483606,0.23192501803831725,0.27613727309105457,26,0.8548058211675483,0.7402806755447329,0.133977966442004,2.2245211556824427,0.8714435672035917,0.0017487814072797902,0.0,0.0,0.0,187.16,none_r3,0.23210959225908107,0.21072627947430933,24,0,1.0,1,0.26699477091913515,-1.6614341981317486,26,0.21012682029483606,0.23192501803831725,0.27613727309105457,0.21325433479969724,26,0.23078083907629693,0.20882762195787405,,
A1,DIP,0,molecule,xy,0.1,bytype_shuffled,3,bytype_shuffled,eig,0,"[0.000,3.142]",none,1,1,Z,1,ridge,1,adam,adjoint,100,50,11,103,25,519,171,0.2769167883061668,-0.4010406575255603,0.22394502907261277,0.25985272046321906,0.2584147295281749,26,0.8311135338063981,0.5292138783554438,0.36324718966889025,8.666733132001447,2.8390523004583117,0.10524344452156575,0.321812125797456,1.0834378308102794,0.0,246.6,xy_shuffled_r3,0.2689987373130617,0.22110721228498817,24,0,1.0,1,0.2769167883061668,-0.4010406575255603,26,0.22394502907261277,0.25985272046321906,0.2584147295281749,-0.22999070093914065,26,0.25653665948487164,0.2656217032267453,,
A1,DIP,0,,,,,,,,,,,,,,,,,,,,50,,519,,519,171,0.26227785138224713,0.015075176610036212,0.21733052899097172,0.2492752472261654,0.1930667721634108,26,,,,,,,,,,,krr_res,,,,,,,,,,,,,,,,,,
A1,DIP,0,,,,,,,,,,,,,,,,,,,,50,,0,,519,171,0.27429339314245793,-0.02160355255328894,0.21554492796326047,0.26822581175086957,nan,26,,,,,,,,,,,composition,,,,,,,,,,,,,,,,,,
A1,DIP,0,,,,,,,,,,,,,,,,,,,,50,,101,,519,171,0.22317468019354697,0.16088380866147467,0.19588703937090313,0.22217697943370066,0.2759581105169341,26,0.8095194697380066,0.4784557819366455,,,,,,,,,C3_eigfeat,,,,,,,,,,,,,,,,,25,eig
A1,DIP,0,,,,,,,,,,,,,,,,,,,,50,,103,,519,171,0.24404149644236167,0.015936444865292776,0.19318949022670975,0.23154030143637686,0.4007390292212498,26,0.6863350868225098,0.44041475653648376,,,,,,,,,C3_msgpass,,,,,,,,,,,,,,,,,11,atom
A1,DIP,0,molecule,zz,0.1,bytype,3,bytype,eig,0,"[0.000,3.142]",none,1,1,Z,1,ridge,1,adam,adjoint,100,51,11,102,24,514,176,0.2451016087929167,0.23821232458286,0.22128350509251746,0.2508455564479061,0.24991792456129952,20,0.8222738793194676,0.4720865198275896,0.42587678910790766,7.549100069976106,2.4980559167092715,0.10636178108621769,0.22137750012493188,0.4519142739793948,0.0,240.54,zz_bytype_r3,0.24374038791542968,0.2207280368501984,23,0,1.0,1,0.2451016087929167,0.23821232458286,20,0.22128350509251746,0.2508455564479061,0.24991792456129952,0.24410157751364037,20,0.24990004455722056,0.23821215083804728,,
A1,DIP,0,molecule,xy,0.1,bytype,3,bytype,eig,0,"[0.000,3.142]",none,1,1,Z,1,ridge,1,adam,adjoint,100,51,11,102,24,514,176,0.2286256303999169,0.22274859904719657,0.19850726707382066,0.2223551972512668,0.39552957381953735,20,0.8630177609047455,0.4696626097022646,0.45579033134857694,7.9020653792564675,2.614854882290306,0.03642188629225514,0.16185502563675105,0.5234321752130757,0.0,240.2,xy_bytype_r3,0.22712685416726952,0.19894555259953464,23,0,1.0,1,0.2286256303999169,0.22274859904719657,20,0.19850726707382066,0.2223551972512668,0.39552957381953735,0.25588255956768435,20,0.22247733750295956,0.4072385138718368,,
A1,DIP,0,molecule,none,0.0,fixed,3,fixed,eig,0,"[0.000,3.142]",none,1,1,Z,1,ridge,1,adam,adjoint,100,51,11,78,24,514,176,0.27355210100302274,0.14428487290147873,0.21708072577762424,0.2713186904016114,0.1444915797092777,20,0.8846642142233142,0.7446476546517209,0.1582708527376345,2.642577918982054,1.0436342107432484,0.004884388487030851,0.0,0.0,0.0,186.68,none_r3,0.27125978068021017,0.2183822778315236,23,0,1.0,1,0.27355210100302274,0.14428487290147873,20,0.21708072577762424,0.2713186904016114,0.1444915797092777,0.14913713377458082,20,0.26984653597010766,0.13448022020297365,,
A1,DIP,0,molecule,xy,0.1,bytype_shuffled,3,bytype_shuffled,eig,0,"[0.000,3.142]",none,1,1,Z,1,ridge,1,adam,adjoint,100,51,11,102,24,514,176,0.2717306025600365,0.11961193643598977,0.23327893367965324,0.2678270373554494,0.19162547303345595,20,0.8630177609047455,0.5257541421793757,0.3907956869529535,9.19314110132528,3.04208187842733,0.3307728292174651,0.5471948147755676,0.8695244971213594,0.0,245.67,xy_shuffled_r3,0.26996752591870826,0.23032955669604846,23,0,1.0,1,0.2717306025600365,0.11961193643598977,20,0.23327893367965324,0.2678270373554494,0.19162547303345595,0.1326834562684589,20,0.26655481097726963,0.17724175691364233,,
A1,DIP,0,,,,,,,,,,,,,,,,,,,,51,,514,,514,176,0.27069885506012786,0.15395274726101693,0.23616720542360156,0.2714446401389269,0.11062924821644499,20,,,,,,,,,,,krr_res,,,,,,,,,,,,,,,,,,
A1,DIP,0,,,,,,,,,,,,,,,,,,,,51,,0,,514,176,0.3083376211973824,-0.035104378057658314,0.22021509523650895,0.30284445819614886,nan,20,,,,,,,,,,,composition,,,,,,,,,,,,,,,,,,
A1,DIP,0,,,,,,,,,,,,,,,,,,,,51,,100,,514,176,0.2252076000874266,0.3549156601593555,0.20519248001530865,0.2273914352773811,0.1992266153423421,20,0.7927981615066528,0.5152786374092102,,,,,,,,,C3_eigfeat,,,,,,,,,,,,,,,,,25,eig
A1,DIP,0,,,,,,,,,,,,,,,,,,,,51,,102,,514,176,0.23683859672400834,0.3044509711579816,0.19885045795596562,0.2365979358515271,0.34985165951587016,20,0.7198246717453003,0.4648529589176178,,,,,,,,,C3_msgpass,,,,,,,,,,,,,,,,,11,atom
A1,DIP,0,molecule,zz,0.1,bytype,3,bytype,eig,0,"[0.000,3.142]",none,1,1,Z,1,ridge,1,adam,adjoint,100,52,11,103,25,526,164,0.26448131704760175,-0.2199363450753935,0.23806536280637802,0.26718076766296117,0.0932014939058534,23,0.8703310683994686,0.3823713928799056,0.5606598376603017,8.768415201445624,3.0985152656070616,0.08093176371610897,0.2946707463404562,0.4619571723356762,0.0,245.88,zz_bytype_r3,0.2597791882405751,0.23671696856480995,24,0,1.0,1,0.26448131704760175,-0.2199363450753935,23,0.23806536280637802,0.26718076766296117,0.0932014939058534,-0.09125379163561931,23,0.26667487535153384,0.08794064762397157,,
A1,DIP,0,molecule,xy,0.1,bytype,3,bytype,eig,0,"[0.000,3.142]",none,1,1,Z,1,ridge,1,adam,adjoint,100,52,11,103,25,526,164,0.25186452648976154,0.11372113187285304,0.21832458737841107,0.251301336633197,0.24063677033091294,23,0.8742043704088648,0.43549398186257593,0.5018396194257234,11.118632074458905,3.9290168660922156,0.0310129888790394,0.4801993845203768,1.1886486574875692,0.0,243.72,xy_bytype_r3,0.24810998300395282,0.21380852192828437,24,0,1.0,1,0.25186452648976154,0.11372113187285304,23,0.21832458737841107,0.251301336633197,0.24063677033091294,0.1446732869849352,23,0.24934371590942445,0.23494647764403354,,
A1,DIP,0,molecule,none,0.0,fixed,3,fixed,eig,0,"[0.000,3.142]",none,1,1,Z,1,ridge,1,adam,adjoint,100,52,11,78,25,526,164,0.2628364037160781,-0.08148002602339788,0.20869590589498468,0.24554456765024374,0.05060004260447675,23,0.8849346942612136,0.8177473940324027,0.0759234558939992,2.4890728876736854,1.0683283009593951,0.0005961028643369506,0.0,0.0,0.0,186.99,none_r3,0.24638633733727502,0.20954267913835872,24,0,1.0,1,0.2628364037160781,-0.08148002602339788,23,0.20869590589498468,0.24554456765024374,0.05060004260447675,0.11120449060119597,23,0.2398299307438716,0.1313393080626841,,
A1,DIP,0,molecule,xy,0.1,bytype_shuffled,3,bytype_shuffled,eig,0,"[0.000,3.142]",none,1,1,Z,1,ridge,1,adam,adjoint,100,52,11,103,25,526,164,0.2516200913718953,-0.2109957532174671,0.20754480024989871,0.2381136308297949,0.36363392519681087,23,0.8742043704088648,0.559117577563803,0.3604269247678274,9.338456462112763,3.2999520711898795,0.03039021285185903,0.4592122285124167,0.9253938335535913,0.0,244.7,xy_shuffled_r3,0.24673975982043905,0.2010883056501063,24,0,1.0,1,0.2516200913718953,-0.2109957532174671,23,0.20754480024989871,0.2381136308297949,0.36363392519681087,-0.09294604922997052,23,0.23505743052490816,0.3406626104326746,,
A1,DIP,0,,,,,,,,,,,,,,,,,,,,52,,526,,526,164,0.2655639880080584,-0.10735790725474192,0.22057657986836066,0.2650018506944001,-0.04840501913048274,23,,,,,,,,,,,krr_res,,,,,,,,,,,,,,,,,,
A1,DIP,0,,,,,,,,,,,,,,,,,,,,52,,0,,526,164,0.26636316034498747,-0.0005111409550482282,0.20804173326810177,0.262627645444004,nan,23,,,,,,,,,,,composition,,,,,,,,,,,,,,,,,,
A1,DIP,0,,,,,,,,,,,,,,,,,,,,52,,101,,526,164,0.20730100752797737,0.33807416847188254,0.17961346152111415,0.21169712180911407,0.3684862052707985,23,0.8031632304191589,0.49874600768089294,,,,,,,,,C3_eigfeat,,,,,,,,,,,,,,,,,25,eig
A1,DIP,0,,,,,,,,,,,,,,,,,,,,52,,103,,526,164,0.22075588605570304,0.23015496610475839,0.19554947611312656,0.22560416447398904,0.23454308326516662,23,0.7663328051567078,0.493791401386261,,,,,,,,,C3_msgpass,,,,,,,,,,,,,,,,,11,atom
A1,DIP,0,molecule,zz,0.1,bytype,3,bytype,eig,0,"[0.000,3.142]",none,1,1,Z,1,ridge,1,adam,adjoint,100,53,11,102,24,518,172,0.2672786250084887,-0.1922539536304264,0.21507227926936467,0.2485508818651924,0.06212003070458951,32,0.8182165796280455,0.44660490818769477,0.4541727467919097,9.107899861673916,2.6957531032480624,0.01830549846467402,0.39894581829587766,0.3732069917210024,0.0,241.31,zz_bytype_r3,0.263454974848643,0.21095438737964392,23,0,1.0,1,0.2672786250084887,-0.1922539536304264,32,0.21507227926936467,0.2485508818651924,0.06212003070458951,-0.11636956961092904,32,0.2472449310381946,0.06938959324988736,,
A1,DIP,0,molecule,xy,0.1,bytype,3,bytype,eig,0,"[0.000,3.142]",none,1,1,Z,1,ridge,1,adam,adjoint,100,53,11,102,24,518,172,0.2444783283871667,-0.13885425212396152,0.1842951918381376,0.2330156286969032,0.1844089366515837,32,0.8177193947967621,0.44744404328122905,0.45281468664145136,9.855466431706859,2.9170176023815033,0.01202926014266893,0.2945106950563537,1.139767104410365,0.0,241.69,xy_bytype_r3,0.24145345723962147,0.18410868599308094,23,0,1.0,1,0.2444783283871667,-0.13885425212396152,32,0.1842951918381376,0.2330156286969032,0.1844089366515837,-0.11268503809577157,32,0.23244031201690002,0.18600982350982348,,
A1,DIP,0,molecule,none,0.0,fixed,3,fixed,eig,0,"[0.000,3.142]",none,1,1,Z,1,ridge,1,adam,adjoint,100,53,11,78,24,518,172,0.2620725077196551,-0.10914304736662417,0.18344685715888098,0.24599294666085675,0.11287348680731032,32,0.8511115931992428,0.7798378520570762,0.08374194607578513,3.0045910205829296,1.0401142101008611,0.010687075937175997,0.0,0.0,0.0,186.87,none_r3,0.2575983882925401,0.1905405798237172,23,0,1.0,1,0.2620725077196551,-0.10914304736662417,32,0.18344685715888098,0.24599294666085675,0.11287348680731032,0.032232794474432835,32,0.25699043133876187,0.11802239427239428,,
A1,DIP,0,molecule,xy,0.1,bytype_shuffled,3,bytype_shuffled,eig,0,"[0.000,3.142]",none,1,1,Z,1,ridge,1,adam,adjoint,100,53,11,102,24,518,172,0.33167812910443883,-1.3358896936803806,0.24814813469515412,0.28769137591946253,0.053965030067971244,32,0.8177193947967621,0.4936438811952622,0.3963162860800757,10.520009810740444,3.1137089256810877,0.19472665070994918,0.5884431873891028,1.1637011446208148,0.0,246.41,xy_shuffled_r3,0.3024625157703563,0.22809495866290366,23,0,1.0,1,0.33167812910443883,-1.3358896936803806,32,0.24814813469515412,0.28769137591946253,0.053965030067971244,-0.6996893007712519,32,0.27221383571700525,0.06763223908444498,,
A1,DIP,0,,,,,,,,,,,,,,,,,,,,53,,518,,518,172,0.28309172918498354,-0.2323955824057713,0.21184202731774865,0.2680816109912501,0.13766269882078705,32,,,,,,,,,,,krr_res,,,,,,,,,,,,,,,,,,
A1,DIP,0,,,,,,,,,,,,,,,,,,,,53,,0,,518,172,0.2701463800844034,-0.05102741704146885,0.18970605799174783,0.2651000049140049,nan,32,,,,,,,,,,,composition,,,,,,,,,,,,,,,,,,
A1,DIP,0,,,,,,,,,,,,,,,,,,,,53,,100,,518,172,0.23013301349576648,0.13844358850428673,0.18334978288754356,0.22811320267743446,0.24232384037531096,32,0.7721002697944641,0.49081459641456604,,,,,,,,,C3_eigfeat,,,,,,,,,,,,,,,,,25,eig
A1,DIP,0,,,,,,,,,,,,,,,,,,,,53,,102,,518,172,0.2248292996216005,0.1914858196252156,0.17654482571272162,0.2200557874701438,0.26187325418202567,32,0.765019416809082,0.44621381163597107,,,,,,,,,C3_msgpass,,,,,,,,,,,,,,,,,11,atom
A1,DIP,0,molecule,zz,0.1,bytype,3,bytype,eig,0,"[0.000,3.142]",none,1,1,Z,1,ridge,1,adam,adjoint,100,54,11,103,25,526,164,0.2651749127979582,-0.1919277940923425,0.207751175260525,0.245050299508009,0.2777952206523635,24,0.8281505256991593,0.4733292967457489,0.4284501644841141,9.66495253622238,3.344706065129041,0.6060342831082268,0.0903927365359293,0.6207234067602025,0.0,246.89,zz_bytype_r3,0.2624903952557921,0.205874947023923,24,0,1.0,1,0.2651749127979582,-0.1919277940923425,24,0.207751175260525,0.245050299508009,0.2777952206523635,-0.12592270992389976,24,0.24431723265908556,0.2711532231940395,,
A1,DIP,0,molecule,xy,0.1,bytype,3,bytype,eig,0,"[0.000,3.142]",none,1,1,Z,1,ridge,1,adam,adjoint,100,54,11,103,25,526,164,0.2485054924939594,-0.10172126224462597,0.20418156906089502,0.23709602997398121,0.30205701328150314,24,0.792056887073749,0.39026846675886906,0.5072721756126453,9.20412410586903,3.185229270989585,0.14580158451823197,0.3305456484792328,0.5232089616394389,0.0,247.69,xy_bytype_r3,0.24860602515589245,0.20492875288883147,24,0,1.0,1,0.2485054924939594,-0.10172126224462597,24,0.20418156906089502,0.23709602997398121,0.30205701328150314,0.024480318944340107,24,0.24136482063808243,0.21543569808875931,,
A1,DIP,0,molecule,none,0.0,fixed,3,fixed,eig,0,"[0.000,3.142]",none,1,1,Z,1,ridge,1,adam,adjoint,100,54,11,78,25,526,164,0.27916127061858736,-1.078237900706061,0.19371322060333887,0.25087013008775394,0.2372529964366699,24,0.8354466863437006,0.7746033672379014,0.07282729119685374,1.987795192154807,0.8318433361250946,0.002079464889129249,0.0,0.0,0.0,190.04,none_r3,0.2423294116973903,0.19140004209064795,24,0,1.0,1,0.27916127061858736,-1.078237900706061,24,0.19371322060333887,0.25087013008775394,0.2372529964366699,0.22986516415259073,24,0.24099657482371853,0.3257319777727941,,
A1,DIP,0,molecule,xy,0.1,bytype_shuffled,3,bytype_shuffled,eig,0,"[0.000,3.142]",none,1,1,Z,1,ridge,1,adam,adjoint,100,54,11,103,25,526,164,0.27605237121325704,-0.5317050321422192,0.21936378602675477,0.25436899906543853,0.35228875432957063,24,0.792056887073749,0.5210846091984168,0.3421121415614959,8.953257063746685,3.098412857335934,0.4228210970495203,0.20955423953519234,0.8146255670821697,0.0,251.5,xy_shuffled_r3,0.2672502811479971,0.21592149037842998,24,0,1.0,1,0.27605237121325704,-0.5317050321422192,24,0.21936378602675477,0.25436899906543853,0.35228875432957063,-0.26387908658539505,24,0.25081362887868053,0.34864568538037927,,
A1,DIP,0,,,,,,,,,,,,,,,,,,,,54,,526,,526,164,0.26658397625594216,0.07078435549294626,0.21090227318563312,0.26276697093124524,0.1894470608756323,24,,,,,,,,,,,krr_res,,,,,,,,,,,,,,,,,,
A1,DIP,0,,,,,,,,,,,,,,,,,,,,54,,0,,526,164,0.28440023045534635,-0.012671801472500688,0.21803455379615092,0.27713833742606675,nan,24,,,,,,,,,,,composition,,,,,,,,,,,,,,,,,,
A1,DIP,0,,,,,,,,,,,,,,,,,,,,54,,101,,526,164,0.25231913750408697,-0.014527632951879532,0.204085855082639,0.24377381101224416,0.25110139293812767,24,0.7789387702941895,0.454110324382782,,,,,,,,,C3_eigfeat,,,,,,,,,,,,,,,,,25,eig
A1,DIP,0,,,,,,,,,,,,,,,,,,,,54,,103,,526,164,0.23538539443195083,0.11589644023624723,0.18684989000617208,0.22804966436705099,0.35511318629990923,24,0.7893033623695374,0.4595719277858734,,,,,,,,,C3_msgpass,,,,,,,,,,,,,,,,,11,atom
A1,DIP,0,molecule,zz,0.1,bytype,3,bytype,eig,0,"[0.000,3.142]",none,1,1,Z,1,ridge,1,adam,adjoint,100,55,11,103,25,537,153,0.2400267937207476,0.1604177283524877,0.18450763426527808,0.23911652384410909,0.17820217068273733,31,0.8244125785088674,0.45727787692914734,0.44532884522912597,8.391826090888792,2.4335529276746755,0.02863098946598171,0.31699791034727903,0.7234445180883432,0.0,251.68,zz_bytype_r3,0.23712880480966342,0.18229534532451647,24,0,1.0,1,0.2400267937207476,0.1604177283524877,31,0.18450763426527808,0.23911652384410909,0.17820217068273733,0.1986459100163016,31,0.2367940253905017,0.1784617065303971,,
A1,DIP,0,molecule,xy,0.1,bytype,3,bytype,eig,0,"[0.000,3.142]",none,1,1,Z,1,ridge,1,adam,adjoint,100,55,11,103,25,537,153,0.225444429414945,0.22384437342260144,0.20017536400959368,0.23311177135736807,0.2052011641460825,31,0.8366160398312817,0.42070579939685243,0.49713395468523996,10.49429155203519,3.0432487105583044,0.05128944133170879,0.43623490152854116,0.9547651940695009,0.0,250.98,xy_bytype_r3,0.22377251869748863,0.19805657373098356,24,0,1.0,1,0.225444429414945,0.22384437342260144,31,0.20017536400959368,0.23311177135736807,0.2052011641460825,0.2501543880979704,31,0.2304257489632876,0.1914894621233575,,
A1,DIP,0,molecule,none,0.0,fixed,3,fixed,eig,0,"[0.000,3.142]",none,1,1,Z,1,ridge,1,adam,adjoint,100,55,11,78,25,537,153,0.256049495307043,0.14659916178309362,0.1884272869221247,0.24632116666297357,0.09800766198186961,31,0.8479186730491906,0.7640145000894711,0.098953090227383,2.7288272081221896,0.9255330327482407,0.01510990776857,0.0,0.0,0.0,192.49,none_r3,0.2548407529541099,0.1887928193254498,24,0,1.0,1,0.256049495307043,0.14659916178309362,31,0.1884272869221247,0.24632116666297357,0.09800766198186961,0.16018348377749336,31,0.24613808961489303,0.12161227232278748,,
A1,DIP,0,molecule,xy,0.1,bytype_shuffled,3,bytype_shuffled,eig,0,"[0.000,3.142]",none,1,1,Z,1,ridge,1,adam,adjoint,100,55,11,103,25,537,153,0.24727157967198263,0.1471385185438303,0.18863030354001112,0.22995418959604919,0.22921411654400495,31,0.8366160398312817,0.5737397341935211,0.3142138007427807,10.697121625693148,3.102067579565457,0.08167807288392075,0.4580938075264723,1.2259375307943752,0.0,252.29,xy_shuffled_r3,0.24166188916204506,0.1852199824773925,24,0,1.0,1,0.24727157967198263,0.1471385185438303,31,0.18863030354001112,0.22995418959604919,0.22921411654400495,0.18298897325360775,31,0.22670327076657237,0.22967628550852373,,
A1,DIP,0,,,,,,,,,,,,,,,,,,,,55,,537,,537,153,0.2660210333076798,0.024029284080126057,0.1973102860383936,0.25903718103886164,0.07676915521983124,31,,,,,,,,,,,krr_res,,,,,,,,,,,,,,,,,,
A1,DIP,0,,,,,,,,,,,,,,,,,,,,55,,0,,537,153,0.2741846890373778,-0.00867698131315664,0.1841896895037816,0.26371969735683454,nan,31,,,,,,,,,,,composition,,,,,,,,,,,,,,,,,,
A1,DIP,0,,,,,,,,,,,,,,,,,,,,55,,101,,537,153,0.2071682615187588,0.41939420022026686,0.1683263348209263,0.21091214445337797,0.22982206892601795,31,0.7899691462516785,0.5297608971595764,,,,,,,,,C3_eigfeat,,,,,,,,,,,,,,,,,25,eig
A1,DIP,0,,,,,,,,,,,,,,,,,,,,55,,103,,537,153,0.20568055605315647,0.4297966502369348,0.17570868745811116,0.20467076761272576,0.30090944578976686,31,0.8071023225784302,0.521756112575531,,,,,,,,,C3_msgpass,,,,,,,,,,,,,,,,,11,atom
A1,DIP,0,molecule,zz,0.1,bytype,3,bytype,eig,0,"[0.000,3.142]",none,1,1,Z,1,ridge,1,adam,adjoint,100,56,11,103,25,518,172,0.2222965698406158,0.28509922667576904,0.17813451174113007,0.22204120774854066,0.35060905660453173,29,0.8668574042398337,0.459009678147876,0.4704899838164367,10.513440133060675,3.4561551906765553,0.06498225786300141,0.39719781844856195,1.4021342243413837,0.0,243.24,zz_bytype_r3,0.22214547383122626,0.1771481087373297,24,0,1.0,1,0.2222965698406158,0.28509922667576904,29,0.17813451174113007,0.22204120774854066,0.35060905660453173,0.2957960817648758,29,0.22284966675623705,0.3623611933566685,,
A1,DIP,0,molecule,xy,0.1,bytype,3,bytype,eig,0,"[0.000,3.142]",none,1,1,Z,1,ridge,1,adam,adjoint,100,56,11,103,25,518,172,0.2261567966648529,0.2544980069285263,0.1755336220449252,0.22898386626679293,0.2673636569564172,29,0.8489602719760934,0.499230494246075,0.4119506993136031,8.702042757191375,2.860682123464061,0.014107757051826661,0.15242331011036797,0.7329133438056167,0.0,242.01,xy_bytype_r3,0.22703720852413842,0.17480541766052207,24,0,1.0,1,0.2261567966648529,0.2544980069285263,29,0.1755336220449252,0.22898386626679293,0.2673636569564172,0.26418509728189743,29,0.22872522686999924,0.3136262179248605,,
A1,DIP,0,molecule,none,0.0,fixed,3,fixed,eig,0,"[0.000,3.142]",none,1,1,Z,1,ridge,1,adam,adjoint,100,56,11,78,25,518,172,0.2694529357817117,0.13115055828782118,0.19292972759459023,0.27704423078448387,0.0456464224563772,29,0.8671106902870537,0.7982793938829993,0.07938005744257177,2.7304292624089372,1.0741488729156408,0.00406615167689324,0.0,0.0,0.0,186.16,none_r3,0.2571261294222968,0.1904386164972598,24,0,1.0,1,0.2694529357817117,0.13115055828782118,29,0.19292972759459023,0.27704423078448387,0.0456464224563772,0.18155114678700135,29,0.2658787044448658,0.26879956393531057,,
A1,DIP,0,molecule,xy,0.1,bytype_shuffled,3,bytype_shuffled,eig,0,"[0.000,3.142]",none,1,1,Z,1,ridge,1,adam,adjoint,100,56,11,103,25,518,172,0.30443118616476944,-0.9430561421096122,0.2505779155739474,0.31250588493400583,0.17553144442284713,29,0.8489602719760934,0.48604439352082485,0.42748275795111434,11.936120530221348,3.9238426628160106,1.9264718456318766,0.41096098166169914,2.005155620628963,0.0,245.74,xy_shuffled_r3,0.29289430806885397,0.2366307422576086,24,0,1.0,1,0.30443118616476944,-0.9430561421096122,29,0.2505779155739474,0.31250588493400583,0.17553144442284713,-0.4891655180794905,29,0.30126272160280965,0.16933486322626592,,
A1,DIP,0,,,,,,,,,,,,,,,,,,,,56,,518,,518,172,0.25676356692594654,0.14055005084745142,0.19208615569866408,0.25570565836466796,0.23804955728032653,29,,,,,,,,,,,krr_res,,,,,,,,,,,,,,,,,,
A1,DIP,0,,,,,,,,,,,,,,,,,,,,56,,0,,518,172,0.2848333180389693,-0.00016724066995310594,0.19577558094814543,0.2766984822744823,nan,29,,,,,,,,,,,composition,,,,,,,,,,,,,,,,,,
A1,DIP,0,,,,,,,,,,,,,,,,,,,,56,,101,,518,172,0.20761370945480787,0.4103458717838132,0.1524447776750689,0.20648090318196646,0.4159431694499568,29,0.7928465008735657,0.5170735120773315,,,,,,,,,C3_eigfeat,,,,,,,,,,,,,,,,,25,eig
A1,DIP,0,,,,,,,,,,,,,,,,,,,,56,,103,,518,172,0.20937168934062225,0.4141720027175676,0.16257886845876385,0.2091026759338383,0.3951602860438829,29,0.7853636145591736,0.49575746059417725,,,,,,,,,C3_msgpass,,,,,,,,,,,,,,,,,11,atom
A1,DIP,0,molecule,zz,0.1,bytype,3,bytype,eig,0,"[0.000,3.142]",none,1,1,Z,1,ridge,1,adam,adjoint,100,57,11,102,24,524,166,0.24715231798961737,-0.08782355045616796,0.19210999194589343,0.23394750362810435,0.07972821536908227,30,0.8711380434386947,0.45781569724101867,0.47446251407658,10.158792336996914,3.763496733611061,0.14645683282249342,0.25736226269640144,0.9054916648527342,0.0,244.43,zz_bytype_r3,0.2385338687712192,0.189754694254576,23,0,1.0,1,0.24715231798961737,-0.08782355045616796,30,0.19210999194589343,0.23394750362810435,0.07972821536908227,0.014725911976585349,30,0.22917839905397658,0.08256619266526388,,
A1,DIP,0,molecule,xy,0.1,bytype,3,bytype,eig,0,"[0.000,3.142]",none,1,1,Z,1,ridge,1,adam,adjoint,100,57,11,102,24,524,166,0.23592789943566034,0.10863690594665154,0.1726865905638762,0.224660762408371,0.25464222499207023,30,0.801806302713589,0.43087761827429105,0.4626163241470507,8.47526143164356,3.1398041869925106,0.26248821899457897,0.17920880017978033,0.40003903458203793,0.0,243.14,xy_bytype_r3,0.23108266625150098,0.1700384274771088,23,0,1.0,1,0.23592789943566034,0.10863690594665154,30,0.1726865905638762,0.224660762408371,0.25464222499207023,0.15664929286650342,30,0.22073679575090663,0.2254444511456896,,
A1,DIP,0,molecule,none,0.0,fixed,3,fixed,eig,0,"[0.000,3.142]",none,1,1,Z,1,ridge,1,adam,adjoint,100,57,11,78,24,524,166,0.267302145086847,-1.064024716949553,0.18514955109577405,0.2360426547902691,-0.07629464257792432,30,0.8051863843404787,0.7305584790883269,0.09268401292363987,2.4687604375080006,1.1173904315472447,0.0006933529277770719,0.0,0.0,0.0,186.91,none_r3,0.23629126755264324,0.18446055770922304,23,0,1.0,1,0.267302145086847,-1.064024716949553,30,0.18514955109577405,0.2360426547902691,-0.07629464257792432,0.16306196992443966,30,0.23444068942140345,-0.07047854484696589,,
A1,DIP,0,molecule,xy,0.1,bytype_shuffled,3,bytype_shuffled,eig,0,"[0.000,3.142]",none,1,1,Z,1,ridge,1,adam,adjoint,100,57,11,102,24,524,166,0.27044190614525715,-1.787996586965427,0.22934190841236884,0.2572624000884479,0.10637346932393373,30,0.801806302713589,0.5123217835949418,0.3610404634372812,11.80186639074909,4.372201354125569,0.14625316714102454,-0.09080800091103114,2.3134701686607273,0.0,248.37,xy_shuffled_r3,0.2574893737820084,0.21058749659606993,23,0,1.0,1,0.27044190614525715,-1.787996586965427,30,0.22934190841236884,0.2572624000884479,0.10637346932393373,-0.8053190253809437,30,0.24424280726213446,0.08128378879462471,,
A1,DIP,0,,,,,,,,,,,,,,,,,,,,57,,524,,524,166,0.2393322346745393,0.161664992085215,0.18505777635103945,0.23129848455631344,0.13538705274773385,30,,,,,,,,,,,krr_res,,,,,,,,,,,,,,,,,,
A1,DIP,0,,,,,,,,,,,,,,,,,,,,57,,0,,524,166,0.2716958146785615,-0.003917594338339159,0.17089959226143792,0.25785213637301424,nan,30,,,,,,,,,,,composition,,,,,,,,,,,,,,,,,,
A1,DIP,0,,,,,,,,,,,,,,,,,,,,57,,100,,524,166,0.21992349766422079,0.31286297456649703,0.16884213354314215,0.22059311585464,0.21028458847653894,30,0.7554133534431458,0.4931027889251709,,,,,,,,,C3_eigfeat,,,,,,,,,,,,,,,,,25,eig
A1,DIP,0,,,,,,,,,,,,,,,,,,,,57,,102,,524,166,0.2233445246664583,0.17041188361431492,0.16558997397154623,0.21418738285824282,0.24486080440153057,30,0.7345253825187683,0.40627747774124146,,,,,,,,,C3_msgpass,,,,,,,,,,,,,,,,,11,atom
A1,DIP,0,molecule,zz,0.1,bytype,3,bytype,eig,0,"[0.000,3.142]",none,1,1,Z,1,ridge,1,adam,adjoint,100,58,11,103,25,523,167,0.23458450770174097,0.24138918240363372,0.18167785027738087,0.23430216400257148,0.2952982425324763,26,0.86890880828652,0.44619163288356134,0.4864919901509031,9.501308852295814,3.160753929974989,0.19997102495074315,0.1137013101967543,0.942359349649201,0.0,245.18,zz_bytype_r3,0.22997782416697748,0.17898371828682821,24,0,1.0,1,0.23458450770174097,0.24138918240363372,26,0.18167785027738087,0.23430216400257148,0.2952982425324763,0.2720183850686191,26,0.230300284481821,0.29589615099729355,,
A1,DIP,0,molecule,xy,0.1,bytype,3,bytype,eig,0,"[0.000,3.142]",none,1,1,Z,1,ridge,1,adam,adjoint,100,58,11,103,25,523,167,0.22892323152315106,0.22185602884820266,0.18540911258372197,0.23267376896577133,0.29964306737616303,26,0.8380058701221953,0.4173214350104446,0.5020065492505534,8.74380197156107,2.9087578221243424,0.3157991151700904,0.3887560583405804,0.5300898623333402,0.0,243.77,xy_bytype_r3,0.22901693559688213,0.18500110822265367,24,0,1.0,1,0.22892323152315106,0.22185602884820266,26,0.18540911258372197,0.23267376896577133,0.29964306737616303,0.2284855709442437,26,0.23272143557654407,0.2994573780314375,,
A1,DIP,0,molecule,none,0.0,fixed,3,fixed,eig,0,"[0.000,3.142]",none,1,1,Z,1,ridge,1,adam,adjoint,100,58,11,78,25,523,167,0.24413601174893962,0.13861227340249582,0.1833065377594059,0.24206339527854984,0.12993147781433514,26,0.8713189695526415,0.7296384963378194,0.16260460080143174,3.4337230013516753,1.370186440860297,0.004490040417826198,0.0,0.0,0.0,188.98,none_r3,0.24208294837661581,0.18389222957011556,24,0,1.0,1,0.24413601174893962,0.13861227340249582,26,0.1833065377594059,0.24206339527854984,0.12993147781433514,0.18753283330892545,26,0.24281139593016965,0.11682321673444995,,
A1,DIP,0,molecule,xy,0.1,bytype_shuffled,3,bytype_shuffled,eig,0,"[0.000,3.142]",none,1,1,Z,1,ridge,1,adam,adjoint,100,58,11,103,25,523,167,0.252454754838428,0.01484561318926847,0.19850971916777652,0.2533337573025736,0.22636322307222279,26,0.8380058701221953,0.5010020037949406,0.4021497680894692,10.25231490084054,3.410587437786827,0.1538741348811684,0.15999824291236334,1.7488571660194794,0.0,248.54,xy_shuffled_r3,0.24639117126085472,0.19413559246448556,24,0,1.0,1,0.252454754838428,0.01484561318926847,26,0.19850971916777652,0.2533337573025736,0.22636322307222279,0.08466599453520451,26,0.2487332190370819,0.2505153163533704,,
A1,DIP,0,,,,,,,,,,,,,,,,,,,,58,,523,,523,167,0.2595416919965029,0.0037613903217135203,0.20166379962566855,0.24840625452212198,0.014122064757981041,26,,,,,,,,,,,krr_res,,,,,,,,,,,,,,,,,,
A1,DIP,0,,,,,,,,,,,,,,,,,,,,58,,0,,523,167,0.2801954016326811,-0.023677837763117937,0.18510298436659434,0.2840845024417343,nan,26,,,,,,,,,,,composition,,,,,,,,,,,,,,,,,,
A1,DIP,0,,,,,,,,,,,,,,,,,,,,58,,101,,523,167,0.23677281953891313,0.23407847920365477,0.18141596009281333,0.23215051733878977,0.3553705409452045,26,0.787692666053772,0.484249085187912,,,,,,,,,C3_eigfeat,,,,,,,,,,,,,,,,,25,eig
A1,DIP,0,,,,,,,,,,,,,,,,,,,,58,,103,,523,167,0.21560364131145643,0.3604692810752347,0.16444970978060794,0.2131753025916369,0.3519750449626054,26,0.7722549438476562,0.4744119346141815,,,,,,,,,C3_msgpass,,,,,,,,,,,,,,,,,11,atom
A1,DIP,0,molecule,zz,0.1,bytype,3,bytype,eig,0,"[0.000,3.142]",none,1,1,Z,1,ridge,1,adam,adjoint,100,59,11,103,25,511,179,0.24130182906317757,-0.03550385109878618,0.18038431819925904,0.22780927082723249,0.4011863853506608,33,0.8829322955371645,0.42117615950951126,0.5229802311701904,10.893181725528208,3.5542419788527555,0.023828857306642033,0.40651584240562644,0.7869522007245409,0.0,242.57,zz_bytype_r3,0.22138268823151322,0.17905512892659417,24,0,1.0,1,0.24130182906317757,-0.03550385109878618,33,0.18038431819925904,0.22780927082723249,0.4011863853506608,0.2481759928845133,33,0.2253466482255962,0.41630142932151537,,
A1,DIP,0,molecule,xy,0.1,bytype,3,bytype,eig,0,"[0.000,3.142]",none,1,1,Z,1,ridge,1,adam,adjoint,100,59,11,103,25,511,179,0.23342708675404536,0.14402045025553478,0.15737016237080242,0.2173862973032541,0.539833125387286,33,0.8362634990473957,0.47202544445229877,0.43555417043791544,8.852519126321933,2.888411842394436,0.08305235261518322,0.39786553306205086,1.066194991647077,0.0,240.7,xy_bytype_r3,0.22919132035320236,0.1552836176464445,24,0,1.0,1,0.23342708675404536,0.14402045025553478,33,0.15737016237080242,0.2173862973032541,0.539833125387286,0.22544235657380718,33,0.21708150006304497,0.5869099725000013,,
A1,DIP,0,molecule,none,0.0,fixed,3,fixed,eig,0,"[0.000,3.142]",none,1,1,Z,1,ridge,1,adam,adjoint,100,59,11,78,25,511,179,0.2561809664943409,0.1610918939857925,0.18230210694082766,0.24749848828595802,0.43411604536066517,33,0.8550726974032259,0.7151818976535668,0.1636010600905562,2.1992296801039726,0.8574530903692678,0.18795917565141176,0.0,0.0,0.0,184.71,none_r3,0.255682010145401,0.18222661847118227,24,0,1.0,1,0.2561809664943409,0.1610918939857925,33,0.18230210694082766,0.24749848828595802,0.43411604536066517,0.17227659853725996,33,0.24664910947479537,0.44143880390293583,,
A1,DIP,0,molecule,xy,0.1,bytype_shuffled,3,bytype_shuffled,eig,0,"[0.000,3.142]",none,1,1,Z,1,ridge,1,adam,adjoint,100,59,11,103,25,511,179,0.2629167286262466,0.040587053816276586,0.2077928797064867,0.2661650747873055,0.18412251008197925,33,0.8362634990473957,0.5914902651105243,0.29269869391130604,10.022178981242213,3.2700500324187467,0.0145819682973656,0.6570225996315319,1.722521170142177,0.0,242.73,xy_shuffled_r3,0.2612837421262736,0.20872993062444029,24,0,1.0,1,0.2629167286262466,0.040587053816276586,33,0.2077928797064867,0.2661650747873055,0.18412251008197925,0.04243821869366382,33,0.26479671959638873,0.18206495202549725,,
A1,DIP,0,,,,,,,,,,,,,,,,,,,,59,,511,,511,179,0.2838096889807953,-0.06345019024533194,0.17775934442296604,0.28428099808464513,0.38955759687467006,33,,,,,,,,,,,krr_res,,,,,,,,,,,,,,,,,,
A1,DIP,0,,,,,,,,,,,,,,,,,,,,59,,0,,511,179,0.2806192351069762,-0.0008449009376696459,0.1937308507707023,0.27612971485815463,nan,33,,,,,,,,,,,composition,,,,,,,,,,,,,,,,,,
A1,DIP,0,,,,,,,,,,,,,,,,,,,,59,,101,,511,179,0.21007101026952746,0.3820457091229622,0.17006901341191064,0.20744426661512275,0.32632253268013667,33,0.8004801273345947,0.5312183499336243,,,,,,,,,C3_eigfeat,,,,,,,,,,,,,,,,,25,eig
A1,DIP,0,,,,,,,,,,,,,,,,,,,,59,,103,,511,179,0.21687720767840554,0.3616547467402512,0.1664635534835008,0.22006652939376964,0.5390243911957284,33,0.7318422198295593,0.4516238570213318,,,,,,,,,C3_msgpass,,,,,,,,,,,,,,,,,11,atom
A1,DIP,0,molecule,zz,0.1,bytype,3,bytype,eig,0,"[0.000,3.142]",none,1,1,Z,1,ridge,1,adam,adjoint,100,60,11,103,25,514,176,0.2686422963544166,0.07391316703931661,0.2399353187981818,0.2748017023388196,0.06297160534335751,23,0.8049426680305193,0.41260236940384154,0.48741396649606133,10.339199812134696,3.515761346477537,0.17585175635355152,0.29374334690444115,0.5784002517153046,0.0,245.45,zz_bytype_r3,0.26711052511557126,0.2385024223325102,24,0,1.0,1,0.2686422963544166,0.07391316703931661,23,0.2399353187981818,0.2748017023388196,0.06297160534335751,0.08535111678310536,23,0.27384290663814126,0.0616357493272883,,
A1,DIP,0,molecule,xy,0.1,bytype,3,bytype,eig,0,"[0.000,3.142]",none,1,1,Z,1,ridge,1,adam,adjoint,100,60,11,103,25,514,176,0.257733980735259,0.20881592918121716,0.2229279251236345,0.25926129272980997,0.32277470198023167,23,0.7381032777986862,0.44694046092771644,0.39447435830298927,11.355520161760143,3.8613528686239635,0.14873888571338664,0.19867580712553187,1.1255683383515478,0.0,240.16,xy_bytype_r3,0.2532215808700251,0.21719846186759986,24,0,1.0,1,0.257733980735259,0.20881592918121716,23,0.2229279251236345,0.25926129272980997,0.32277470198023167,0.23783022738807247,23,0.25500349104452813,0.3246145926026006,,
A1,DIP,0,molecule,none,0.0,fixed,3,fixed,eig,0,"[0.000,3.142]",none,1,1,Z,1,ridge,1,adam,adjoint,100,60,11,78,25,514,176,0.2820596629912004,0.017502426397088544,0.21859298165834062,0.275352755617671,0.30248814310273336,23,0.8031893047381847,0.7190646182430337,0.10473830515282213,2.1183544492451003,0.8678885577203747,0.004470126461563697,0.0,0.0,0.0,185.53,none_r3,0.2746771715050817,0.21942968857789977,24,0,1.0,1,0.2820596629912004,0.017502426397088544,23,0.21859298165834062,0.275352755617671,0.30248814310273336,0.09648836215311074,23,0.2749218733102629,0.26984595184961613,,
A1,DIP,0,molecule,xy,0.1,bytype_shuffled,3,bytype_shuffled,eig,0,"[0.000,3.142]",none,1,1,Z,1,ridge,1,adam,adjoint,100,60,11,103,25,514,176,0.28418535826574465,0.05020917672040626,0.22317382984768552,0.28498266007444556,0.13945396708554603,23,0.7381032777986862,0.5247899485804896,0.28900200776018875,11.134650338928497,3.786247870188449,0.016853947028313512,0.40965003647176057,1.7024250506743002,0.0,242.92,xy_shuffled_r3,0.27903993709604186,0.21819531081771978,24,0,1.0,1,0.28418535826574465,0.05020917672040626,23,0.22317382984768552,0.28498266007444556,0.13945396708554603,0.08980531181623463,23,0.28052392569593326,0.14940987560074837,,
A1,DIP,0,,,,,,,,,,,,,,,,,,,,60,,514,,514,176,0.2856446058801931,0.05450759857598242,0.23981793367669121,0.28388541611118445,0.2525526688501373,23,,,,,,,,,,,krr_res,,,,,,,,,,,,,,,,,,
A1,DIP,0,,,,,,,,,,,,,,,,,,,,60,,0,,514,176,0.2904048675716307,-0.00010171109539003353,0.22480733287429872,0.2970965452958196,nan,23,,,,,,,,,,,composition,,,,,,,,,,,,,,,,,,
A1,DIP,0,,,,,,,,,,,,,,,,,,,,60,,101,,514,176,0.23026867167456383,0.32790119955767083,0.19411780892707992,0.23753953571670847,0.31868414729840444,23,0.7826141119003296,0.5014849901199341,,,,,,,,,C3_eigfeat,,,,,,,,,,,,,,,,,25,eig
A1,DIP,0,,,,,,,,,,,,,,,,,,,,60,,103,,514,176,0.2447333499443656,0.2287398863968103,0.2031020925438453,0.24504823387884117,0.3430714680894793,23,0.7404890060424805,0.48291876912117004,,,,,,,,,C3_msgpass,,,,,,,,,,,,,,,,,11,atom
A1,DIP,0,molecule,zz,0.1,bytype,3,bytype,eig,0,"[0.000,3.142]",none,1,1,Z,1,ridge,1,adam,adjoint,100,61,11,103,25,521,169,0.2301576978927874,0.17891014764181867,0.1780135944754471,0.22905779752641434,0.18243974640078534,29,0.8617192978912289,0.4459995502742846,0.4824305880514455,11.210888358640368,3.9164094924949286,0.08771507192835214,0.02073932675837406,0.7693951281278633,0.0,244.93,zz_bytype_r3,0.22666377547981276,0.17698980061217132,24,0,1.0,1,0.2301576978927874,0.17891014764181867,29,0.1780135944754471,0.22905779752641434,0.18243974640078534,0.20453957316184534,29,0.22540421582394413,0.23632125450307262,,
A1,DIP,0,molecule,xy,0.1,bytype,3,bytype,eig,0,"[0.000,3.142]",none,1,1,Z,1,ridge,1,adam,adjoint,100,61,11,103,25,521,169,0.2283611385309901,0.2065199789913159,0.1904551607447355,0.2330714714997975,0.29119073567125514,29,0.8747835566361031,0.4358824504933842,0.5017253728802029,9.817423934883909,3.429616909956391,0.04656483930739524,0.011870301325445039,0.5614821006854526,0.0,241.61,xy_bytype_r3,0.22988061645686522,0.19088105082718487,24,0,1.0,1,0.2283611385309901,0.2065199789913159,29,0.1904551607447355,0.2330714714997975,0.29119073567125514,0.20638990915910704,29,0.2343566235649946,0.2750711409802319,,
A1,DIP,0,molecule,none,0.0,fixed,3,fixed,eig,0,"[0.000,3.142]",none,1,1,Z,1,ridge,1,adam,adjoint,100,61,11,78,25,521,169,0.26008835890416493,-0.8677166207547591,0.18667834437952183,0.22808130155311368,0.19509981360630713,29,0.8812955428157032,0.75504781677865,0.14325242770852661,2.607421948034835,1.103650842934455,0.006507365737754144,0.0,0.0,0.0,186.13,none_r3,0.23170797568101353,0.18385461767135522,24,0,1.0,1,0.26008835890416493,-0.8677166207547591,29,0.18667834437952183,0.22808130155311368,0.19509981360630713,0.1939095249525753,29,0.22913114288859893,0.25116896090922064,,
A1,DIP,0,molecule,xy,0.1,bytype_shuffled,3,bytype_shuffled,eig,0,"[0.000,3.142]",none,1,1,Z,1,ridge,1,adam,adjoint,100,61,11,103,25,521,169,0.25213368009182335,-0.19766445178587744,0.18001964015264832,0.2398948865715944,0.297638184326496,29,0.8747835566361031,0.5356962270335064,0.3876242609160656,9.64079679677015,3.367914020924604,0.22956323161147818,0.45903625427313194,0.9968256475740781,0.0,246.85,xy_shuffled_r3,0.23311474240824973,0.175650089263243,24,0,1.0,1,0.25213368009182335,-0.19766445178587744,29,0.18001964015264832,0.2398948865715944,0.297638184326496,0.08664333982500438,29,0.22145546969922583,0.3415109781992899,,
A1,DIP,0,,,,,,,,,,,,,,,,,,,,61,,521,,521,169,0.23054846647247598,0.1522071698939379,0.1863855239446639,0.22297286599522143,0.2575269968127111,29,,,,,,,,,,,krr_res,,,,,,,,,,,,,,,,,,
A1,DIP,0,,,,,,,,,,,,,,,,,,,,61,,0,,521,169,0.2594008400549694,-0.0018777928885038708,0.19489175947191206,0.2511576427218965,nan,29,,,,,,,,,,,composition,,,,,,,,,,,,,,,,,,
A1,DIP,0,,,,,,,,,,,,,,,,,,,,61,,101,,521,169,0.19418308466709858,0.4102615004866268,0.16464609472970404,0.1972363839764856,0.36818635909545,29,0.7999368906021118,0.48407843708992004,,,,,,,,,C3_eigfeat,,,,,,,,,,,,,,,,,25,eig
A1,DIP,0,,,,,,,,,,,,,,,,,,,,61,,103,,521,169,0.19467867299355873,0.3863868816341971,0.15282731679455458,0.18885472141159526,0.4753698740681721,29,0.7793003916740417,0.5010585784912109,,,,,,,,,C3_msgpass,,,,,,,,,,,,,,,,,11,atom
B1,DIP,0,molecule,zz,0.1,bytype,3,bytype,eig,0,"[0.000,3.142]",none,1,1,Z,1,ridge,1,adam,adjoint,100,42,13,107,15,536,196,0.13470514129562636,0.6106871228331738,0.11725522173517793,0.13439814081884402,0.5616913598273451,23,0.7841651052080529,0.2693015853362968,0.6565754028740589,8.687363224350488,3.5564952871862716,0.020546571965929416,0.17569087473394632,0.5999726342352213,0.0,382.47,zz_bytype_r3,0.1408639153463954,0.12213028905479607,14,0,1.0,1,0.13470514129562636,0.6106871228331738,23,0.11725522173517793,0.13439814081884402,0.5616913598273451,0.5761619613465407,23,0.14077460146261453,0.5406312125156761,,
B1,DIP,0,molecule,xy,0.1,bytype,3,bytype,eig,0,"[0.000,3.142]",none,1,1,Z,1,ridge,1,adam,adjoint,100,42,13,107,15,536,196,0.17201090736907973,0.34043010298756926,0.14508134643928433,0.17059570114055,0.3049607138159405,23,0.682987936976513,0.27197674319240267,0.6017839723547628,7.26442870606209,2.9739641120096154,0.06213876457430835,0.0975046637541717,0.7475246415805671,0.0,392.93,xy_bytype_r3,0.16513246159177442,0.1403043390942737,14,0,1.0,1,0.17201090736907973,0.34043010298756926,23,0.14508134643928433,0.17059570114055,0.3049607138159405,0.3906661043928753,23,0.16453679190582501,0.3303156688808376,,
B1,DIP,0,molecule,none,0.0,fixed,3,fixed,eig,0,"[0.000,3.142]",none,1,1,Z,1,ridge,1,adam,adjoint,100,42,13,92,15,536,196,0.2295110676170027,-0.08096964356059821,0.1921463708995796,0.23006410315981876,0.06876317829078427,23,0.867146992243896,0.6340076281890843,0.268857951581568,3.153845756032789,1.534436648579445,0.009959347015348438,0.0,0.0,0.0,282.19,none_r3,0.2416477075206885,0.20656742498472447,14,0,1.0,1,0.2295110676170027,-0.08096964356059821,23,0.1921463708995796,0.23006410315981876,0.06876317829078427,-0.29153765509486873,23,0.24273633843521625,0.05116516920280491,,
B1,DIP,0,molecule,xy,0.1,bytype_shuffled,3,bytype_shuffled,eig,0,"[0.000,3.142]",none,1,1,Z,1,ridge,1,adam,adjoint,100,42,13,107,15,536,196,0.18337114235714463,0.3377158279977043,0.14290081076624425,0.18214453352380633,0.43726876581068613,23,0.682987936976513,0.3153524324456318,0.5382752529398241,5.8488689746731675,2.394452080176531,0.11562429673592689,0.38684800519043344,0.39569853745462935,0.0,398.96,xy_shuffled_r3,0.17813919382973348,0.13915351179237556,14,0,1.0,1,0.18337114235714463,0.3377158279977043,23,0.14290081076624425,0.18214453352380633,0.43726876581068613,0.38069392098597965,23,0.17698865055956015,0.4029525649869873,,
B1,DIP,0,,,,,,,,,,,,,,,,,,,,42,,536,,536,196,0.2022442176424974,0.14584481472618327,0.14339691136576713,0.19487452135753489,0.4265021234182341,23,,,,,,,,,,,krr_res,,,,,,,,,,,,,,,,,,
B1,DIP,0,,,,,,,,,,,,,,,,,,,,42,,0,,536,196,0.24941277040816326,-0.005897275010070535,0.17350711037883212,0.247122887377628,nan,23,,,,,,,,,,,composition,,,,,,,,,,,,,,,,,,
B1,DIP,0,,,,,,,,,,,,,,,,,,,,42,,106,,536,196,0.15522782217517986,0.3945245479079018,0.11000656074794993,0.15065264103775997,0.4014186452575614,23,0.7867134213447571,0.32854190468788147,,,,,,,,,C3_eigfeat,,,,,,,,,,,,,,,,,30,eig
B1,DIP,0,,,,,,,,,,,,,,,,,,,,42,,106,,536,196,0.15261703031960644,0.4474505853370687,0.12100117413605721,0.15236767100889523,0.5663050591160117,23,0.736884593963623,0.25281399488449097,,,,,,,,,C3_msgpass,,,,,,,,,,,,,,,,,18,atom
B1,DIP,0,molecule,zz,0.1,bytype,3,bytype,eig,0,"[0.000,3.142]",none,1,1,Z,1,ridge,1,adam,adjoint,100,43,13,107,15,551,181,0.1628709417960733,0.3575366182310028,0.13913089609402432,0.1628245904047296,0.27920627189112796,21,0.7466613130140384,0.25295566725965385,0.661217659398274,8.00030444367163,2.7959920798097158,0.17659911017848678,0.35848910154366925,0.4285703448732289,0.0,393.23,zz_bytype_r3,0.16258913312159248,0.13823806796586496,14,0,1.0,1,0.1628709417960733,0.3575366182310028,21,0.13913089609402432,0.1628245904047296,0.27920627189112796,0.35934850225175385,21,0.1630374462311934,0.24205595631848936,,
B1,DIP,0,molecule,xy,0.1,bytype,3,bytype,eig,0,"[0.000,3.142]",none,1,1,Z,1,ridge,1,adam,adjoint,100,43,13,107,15,551,181,0.18445094634888762,0.3477474816623334,0.1500589581536392,0.18573194925802533,0.3103964195507462,21,0.8299845138708577,0.2785150927896861,0.6644333862438523,7.967944021690542,2.7846825747533184,0.026058723316659472,0.37966640061973117,0.5556325491777842,0.0,405.87,xy_bytype_r3,0.1778689469292173,0.14515608115039227,14,0,1.0,1,0.18445094634888762,0.3477474816623334,21,0.1500589581536392,0.18573194925802533,0.3103964195507462,0.3822172447886808,21,0.17931105516478174,0.3130755942634184,,
B1,DIP,0,molecule,none,0.0,fixed,3,fixed,eig,0,"[0.000,3.142]",none,1,1,Z,1,ridge,1,adam,adjoint,100,43,13,92,15,551,181,0.21849003902313985,0.11300845214243349,0.1592490210216022,0.21681433303941572,0.3250607426375553,21,0.848803489351408,0.6041369802140324,0.2882487079834361,3.0539741010934014,1.2344032472359323,0.009888770824428383,0.0,0.0,0.0,294.08,none_r3,0.20097003476506053,0.14884164735377656,14,0,1.0,1,0.21849003902313985,0.11300845214243349,21,0.1592490210216022,0.21681433303941572,0.3250607426375553,0.2530295233557187,21,0.20023006015612235,0.27385341454375023,,
B1,DIP,0,molecule,xy,0.1,bytype_shuffled,3,bytype_shuffled,eig,0,"[0.000,3.142]",none,1,1,Z,1,ridge,1,adam,adjoint,100,43,13,107,15,551,181,0.18640831103990887,0.367030330669015,0.1392402161795763,0.1827588436996572,0.4657036152090622,21,0.8299845138708577,0.3115665391978787,0.6246116234810168,7.987645105083734,2.7915678218734588,0.030048239809918643,0.5733758824307867,0.5926155171502042,0.0,410.95,xy_shuffled_r3,0.1703336325784039,0.13508627654394603,14,0,1.0,1,0.18640831103990887,0.367030330669015,21,0.1392402161795763,0.1827588436996572,0.4657036152090622,0.4473537373986253,21,0.17152835260573696,0.43851485025732395,,
B1,DIP,0,,,,,,,,,,,,,,,,,,,,43,,551,,551,181,0.21562042649995106,-0.17709659349480145,0.16603899065371738,0.210125956714868,0.27432152146102373,21,,,,,,,,,,,krr_res,,,,,,,,,,,,,,,,,,
B1,DIP,0,,,,,,,,,,,,,,,,,,,,43,,0,,551,181,0.2534085168403004,-0.0007303612307996143,0.1796485623238196,0.25194649465031865,nan,21,,,,,,,,,,,composition,,,,,,,,,,,,,,,,,,
B1,DIP,0,,,,,,,,,,,,,,,,,,,,43,,106,,551,181,0.15151011678864915,0.3724164792983604,0.12341919402450308,0.1505303792439106,0.5065697968491603,21,0.7276114821434021,0.2892211675643921,,,,,,,,,C3_eigfeat,,,,,,,,,,,,,,,,,30,eig
B1,DIP,0,,,,,,,,,,,,,,,,,,,,43,,106,,551,181,0.173182771069448,0.33850495508499834,0.13988688372373126,0.17366356491512114,0.295958638421749,21,0.5955477952957153,0.26204660534858704,,,,,,,,,C3_msgpass,,,,,,,,,,,,,,,,,18,atom
B1,DIP,0,molecule,zz,0.1,bytype,3,bytype,eig,0,"[0.000,3.142]",none,1,1,Z,1,ridge,1,adam,adjoint,100,44,13,107,15,545,187,0.15968354941412127,0.34007209311185016,0.14033005729327847,0.157070609972792,0.34960384153661467,22,0.668843913412013,0.23874641007047565,0.6430461498071434,7.6041292843907105,2.708978801048671,0.10488338129988697,0.22481761123233002,0.7546548517397523,0.0,387.76,zz_bytype_r3,0.1535274765001527,0.13765295759343663,14,0,1.0,1,0.15968354941412127,0.34007209311185016,22,0.14033005729327847,0.157070609972792,0.34960384153661467,0.4186479929833029,22,0.15345308487034445,0.36314655092806347,,
B1,DIP,0,molecule,xy,0.1,bytype,3,bytype,eig,0,"[0.000,3.142]",none,1,1,Z,1,ridge,1,adam,adjoint,100,44,13,107,15,545,187,0.18930308452049613,-0.39012727772113265,0.1383770817403494,0.16744886272019963,0.34872564410379536,22,0.6380377952641688,0.2329013656957226,0.6349724617813687,7.9441635994860365,2.830116372067251,0.03646416146906744,0.4334324113735091,0.35253529545913276,0.0,400.49,xy_bytype_r3,0.17717897023745519,0.13750529632302255,14,0,1.0,1,0.18930308452049613,-0.39012727772113265,22,0.1383770817403494,0.16744886272019963,0.34872564410379536,0.05661563826301541,22,0.16318647309111733,0.32571465509280634,,
B1,DIP,0,molecule,none,0.0,fixed,3,fixed,eig,0,"[0.000,3.142]",none,1,1,Z,1,ridge,1,adam,adjoint,100,44,13,92,15,545,187,0.2537722893993373,-4.484007472336585,0.17107560177456674,0.2023856246146425,0.20135303352110076,22,0.7164242116273706,0.6057454734063459,0.15448771331948138,3.000523890749595,1.240033896900979,0.1044205566896049,0.0,0.0,0.0,290.26,none_r3,0.20424174523976804,0.1673446217282699,14,0,1.0,1,0.2537722893993373,-4.484007472336585,22,0.17107560177456674,0.2023856246146425,0.20135303352110076,0.17314532325002707,22,0.19800717889824493,0.2207631360236402,,
B1,DIP,0,molecule,xy,0.1,bytype_shuffled,3,bytype_shuffled,eig,0,"[0.000,3.142]",none,1,1,Z,1,ridge,1,adam,adjoint,100,44,13,107,15,545,187,0.20143988134017918,0.16824063110269138,0.15897681567603755,0.1974864023622094,0.3960073875704128,22,0.6380377952641688,0.3327445624020969,0.47848769324969287,6.59793437762135,2.3505208408773974,0.2630403875093833,0.4438041209356615,0.5365829298420189,0.0,405.94,xy_shuffled_r3,0.1981650087533118,0.16121907247202866,14,0,1.0,1,0.20143988134017918,0.16824063110269138,22,0.15897681567603755,0.1974864023622094,0.3960073875704128,0.18839840528232898,22,0.19573676133131987,0.36212503462923634,,
B1,DIP,0,,,,,,,,,,,,,,,,,,,,44,,545,,545,187,0.20409687264281925,0.2131955348576624,0.16587628344474972,0.1873117044460868,0.33072804506417947,22,,,,,,,,,,,krr_res,,,,,,,,,,,,,,,,,,
B1,DIP,0,,,,,,,,,,,,,,,,,,,,44,,0,,545,187,0.245904019261149,-0.0025188666681734695,0.18404146392342782,0.23582898741500274,nan,22,,,,,,,,,,,composition,,,,,,,,,,,,,,,,,,
B1,DIP,0,,,,,,,,,,,,,,,,,,,,44,,106,,545,187,0.14210667547932138,0.4911107396242441,0.12603356567790394,0.14245692844179855,0.44204986610028624,22,0.7240809798240662,0.3076537549495697,,,,,,,,,C3_eigfeat,,,,,,,,,,,,,,,,,30,eig
B1,DIP,0,,,,,,,,,,,,,,,,,,,,44,,106,,545,187,0.14308887186518435,0.3943138800920817,0.11524815169571333,0.13368414424453046,0.5969258780050944,22,0.6754909157752991,0.27425915002822876,,,,,,,,,C3_msgpass,,,,,,,,,,,,,,,,,18,atom
B1,DIP,0,molecule,zz,0.1,bytype,3,bytype,eig,0,"[0.000,3.142]",none,1,1,Z,1,ridge,1,adam,adjoint,100,45,13,107,15,535,197,0.1434195861195936,0.4606159582656729,0.12357736757686519,0.1347384926430075,0.4772048528991633,21,0.7411615795540802,0.2644793872696691,0.6431555620721826,7.301837939380794,2.666626822707521,0.05168781672250538,0.1717447369207459,0.4204907669371402,0.0,382.09,zz_bytype_r3,0.14277430303179253,0.12456504687424234,14,0,1.0,1,0.1434195861195936,0.4606159582656729,21,0.12357736757686519,0.1347384926430075,0.4772048528991633,0.47863966988368334,21,0.13620910457963994,0.4635792033959826,,
B1,DIP,0,molecule,xy,0.1,bytype,3,bytype,eig,0,"[0.000,3.142]",none,1,1,Z,1,ridge,1,adam,adjoint,100,45,13,107,15,535,197,0.16875756979471812,0.2884136485268397,0.13993142922941024,0.15323285264921785,0.46147792580290165,21,0.6967226064308532,0.2918058050690136,0.5811736229374465,6.891538125716608,2.5167855775919663,0.04629747455850756,0.3030249812902082,0.48420998841475676,0.0,392.88,xy_bytype_r3,0.16446988206695387,0.13982770459571292,14,0,1.0,1,0.16875756979471812,0.2884136485268397,21,0.13993142922941024,0.15323285264921785,0.46147792580290165,0.3814616921354548,21,0.1536290011184431,0.44933715272191643,,
B1,DIP,0,molecule,none,0.0,fixed,3,fixed,eig,0,"[0.000,3.142]",none,1,1,Z,1,ridge,1,adam,adjoint,100,45,13,92,15,535,197,0.206943295699505,0.1530981816425836,0.17003625659137941,0.2015016753726565,0.19400994537445837,21,0.8448812995625672,0.6808126248195575,0.19419139094208307,3.5707277102728705,1.518856353619465,0.012350285732702337,0.0,0.0,0.0,284.23,none_r3,0.19097052741000503,0.16256181710002948,14,0,1.0,1,0.206943295699505,0.1530981816425836,21,0.17003625659137941,0.2015016753726565,0.19400994537445837,0.2863229522469074,21,0.18929749500197093,0.19476567897975805,,
B1,DIP,0,molecule,xy,0.1,bytype_shuffled,3,bytype_shuffled,eig,0,"[0.000,3.142]",none,1,1,Z,1,ridge,1,adam,adjoint,100,45,13,107,15,535,197,0.19545961148596067,0.12864691297145703,0.16441144464214558,0.18552425074905451,0.36101866418163425,21,0.6967226064308532,0.33222973451853177,0.5231535026250017,7.473865925180567,2.729451339630301,0.12258270457807947,0.48019879961465756,0.4682127831767294,0.0,401.48,xy_shuffled_r3,0.1861044119804785,0.15612934186454072,14,0,1.0,1,0.19545961148596067,0.12864691297145703,21,0.16441144464214558,0.18552425074905451,0.36101866418163425,0.25249478291047045,21,0.17661077152512766,0.35135359765060825,,
B1,DIP,0,,,,,,,,,,,,,,,,,,,,45,,535,,535,197,0.22558070365120061,-0.12744559973099046,0.1797854986601204,0.20312010691975804,0.21109441667300874,21,,,,,,,,,,,krr_res,,,,,,,,,,,,,,,,,,
B1,DIP,0,,,,,,,,,,,,,,,,,,,,45,,0,,535,197,0.23539921642392905,-0.0015733838198312977,0.17883043017559694,0.22384742122465656,nan,21,,,,,,,,,,,composition,,,,,,,,,,,,,,,,,,
B1,DIP,0,,,,,,,,,,,,,,,,,,,,45,,106,,535,197,0.16542056165230695,0.35796831368674964,0.13209501725454087,0.1518593452603476,0.4279928461124218,21,0.7150084972381592,0.3012147843837738,,,,,,,,,C3_eigfeat,,,,,,,,,,,,,,,,,30,eig
B1,DIP,0,,,,,,,,,,,,,,,,,,,,45,,106,,535,197,0.14135038178474527,0.5671183241024013,0.11531249344799707,0.1396914362516133,0.4075505165346502,21,0.7348880767822266,0.2904800772666931,,,,,,,,,C3_msgpass,,,,,,,,,,,,,,,,,18,atom
B1,DIP,0,molecule,zz,0.1,bytype,3,bytype,eig,0,"[0.000,3.142]",none,1,1,Z,1,ridge,1,adam,adjoint,100,46,13,106,14,548,184,0.14462785216617818,0.340003285096368,0.10635098667228073,0.12797793263374382,0.4664893070465825,22,0.7831420943523306,0.28953013487011386,0.6302968044265845,9.10135004876421,3.019048983206158,0.12580769284505605,0.18485419155866742,0.6854916934356333,0.0,391.23,zz_bytype_r3,0.13674980505037473,0.10712451567530473,13,0,1.0,1,0.14462785216617818,0.340003285096368,22,0.10635098667228073,0.12797793263374382,0.4664893070465825,0.4810599297917466,22,0.12379852931221552,0.44314946605968264,,
B1,DIP,0,molecule,xy,0.1,bytype,3,bytype,eig,0,"[0.000,3.142]",none,1,1,Z,1,ridge,1,adam,adjoint,100,46,13,106,14,548,184,0.16836027846131665,0.4141766217388767,0.14027165271973258,0.16490159521641687,0.5062284350210048,22,0.6151649527927103,0.3074420442126874,0.5002282837847479,7.316901813208226,2.427121785342714,0.04676454383997755,0.39025903818948404,0.8363048325412706,0.0,405.07,xy_bytype_r3,0.16627308947024147,0.1392957052209479,13,0,1.0,1,0.16836027846131665,0.4141766217388767,22,0.14027165271973258,0.16490159521641687,0.5062284350210048,0.4515862330879178,22,0.16250164805147413,0.5376601039139738,,
B1,DIP,0,molecule,none,0.0,fixed,3,fixed,eig,0,"[0.000,3.142]",none,1,1,Z,1,ridge,1,adam,adjoint,100,46,13,92,14,548,184,0.22114516652309799,0.058550743563013485,0.1771892502930786,0.21429405265316917,0.17094846444691644,22,0.8144090983425984,0.694186989559179,0.14761881839002425,3.603635571521922,1.3647675782071131,0.02274182490822208,0.0,0.0,0.0,290.3,none_r3,0.19206246337224894,0.16344263992239463,13,0,1.0,1,0.22114516652309799,0.058550743563013485,22,0.1771892502930786,0.21429405265316917,0.17094846444691644,0.3087621885051507,22,0.1903136179330779,0.31877808007838965,,
B1,DIP,0,molecule,xy,0.1,bytype_shuffled,3,bytype_shuffled,eig,0,"[0.000,3.142]",none,1,1,Z,1,ridge,1,adam,adjoint,100,46,13,106,14,548,184,0.18049348987890082,0.3299329148166926,0.13443033923272737,0.1700793810362693,0.44984579690462034,22,0.6151649527927103,0.3375148796995898,0.45134247624584545,7.210115075268018,2.3916990853178905,0.07243727937179638,0.6319953741015746,0.472419461947369,0.0,408.9,xy_shuffled_r3,0.17519919217840502,0.13046026706058064,13,0,1.0,1,0.18049348987890082,0.3299329148166926,22,0.13443033923272737,0.1700793810362693,0.44984579690462034,0.3685049201049182,22,0.1653475124118505,0.4392935696341269,,
B1,DIP,0,,,,,,,,,,,,,,,,,,,,46,,548,,548,184,0.21179468807091392,0.11003059136453197,0.16769245070954322,0.19614840301671635,0.3797576978691529,22,,,,,,,,,,,krr_res,,,,,,,,,,,,,,,,,,
B1,DIP,0,,,,,,,,,,,,,,,,,,,,46,,0,,548,184,0.2502166847429388,-0.00015911115996147807,0.18964965232989878,0.24546613562655709,nan,22,,,,,,,,,,,composition,,,,,,,,,,,,,,,,,,
B1,DIP,0,,,,,,,,,,,,,,,,,,,,46,,105,,548,184,0.13426274285514647,0.5866578294482763,0.11477708211177876,0.13142828262273756,0.43718870855093767,22,0.7482112646102905,0.3355512320995331,,,,,,,,,C3_eigfeat,,,,,,,,,,,,,,,,,30,eig
B1,DIP,0,,,,,,,,,,,,,,,,,,,,46,,105,,548,184,0.11316853061929777,0.6114903444187336,0.10408060361609665,0.1139166885330167,0.40216516956856846,22,0.6516567468643188,0.29186365008354187,,,,,,,,,C3_msgpass,,,,,,,,,,,,,,,,,18,atom
B1,DIP,0,molecule,zz,0.1,bytype,3,bytype,eig,0,"[0.000,3.142]",none,1,1,Z,1,ridge,1,adam,adjoint,100,47,13,107,15,565,167,0.1537526682917947,0.4437667112398149,0.12743009965016436,0.14393310354697428,0.2657089735361216,19,0.7558455805392471,0.26684132181770187,0.6469631778129499,7.36218815125586,2.573663266938887,0.008460178148054685,0.20807327908079817,0.44157555028207224,0.0,402.35,zz_bytype_r3,0.1511393127030797,0.1297299733034283,14,0,1.0,1,0.1537526682917947,0.4437667112398149,19,0.12743009965016436,0.14393310354697428,0.2657089735361216,0.4593453127927485,19,0.14395619655218087,0.29855211102567847,,
B1,DIP,0,molecule,xy,0.1,bytype,3,bytype,eig,0,"[0.000,3.142]",none,1,1,Z,1,ridge,1,adam,adjoint,100,47,13,107,15,565,167,0.18468786804646242,0.01209150140205617,0.1447316307170374,0.17026622712237022,0.36238742966624254,19,0.7208539705706765,0.2935838358649849,0.5927277259323908,7.668829495519347,2.680858512108093,0.025489720343717846,0.38289545663846614,0.6468146858410283,0.0,415.57,xy_bytype_r3,0.18411661529077583,0.14556342555177282,14,0,1.0,1,0.18468786804646242,0.01209150140205617,19,0.1447316307170374,0.17026622712237022,0.36238742966624254,0.022609322833843537,19,0.1673195018299896,0.3601059865454992,,
B1,DIP,0,molecule,none,0.0,fixed,3,fixed,eig,0,"[0.000,3.142]",none,1,1,Z,1,ridge,1,adam,adjoint,100,47,13,92,15,565,167,0.1869094850569846,0.2692862865657928,0.15933331981402615,0.1843145505988891,0.19146884440675627,19,0.7879311576593044,0.6490959763362981,0.17620217194537904,3.4259465571709042,1.3851785088925876,0.08900207634993106,0.0,0.0,0.0,302.03,none_r3,0.18887610455288778,0.15987302148526877,14,0,1.0,1,0.1869094850569846,0.2692862865657928,19,0.15933331981402615,0.1843145505988891,0.19146884440675627,0.25284098828128465,19,0.18308983624505637,0.19882280889170537,,
B1,DIP,0,molecule,xy,0.1,bytype_shuffled,3,bytype_shuffled,eig,0,"[0.000,3.142]",none,1,1,Z,1,ridge,1,adam,adjoint,100,47,13,107,15,565,167,0.18556853714048047,0.2150007221693927,0.15007218288811036,0.1776291825378676,0.354310082130189,19,0.7208539705706765,0.33185254447042045,0.539639707876335,7.40444559911837,2.588435565484364,0.0261604769291302,0.5559247246515914,0.4294327941878422,0.0,423.02,xy_shuffled_r3,0.18194290452440076,0.14653584879846127,14,0,1.0,1,0.18556853714048047,0.2150007221693927,19,0.15007218288811036,0.1776291825378676,0.354310082130189,0.2690869026470425,19,0.17454671638695604,0.35167798227248975,,
B1,DIP,0,,,,,,,,,,,,,,,,,,,,47,,565,,565,167,0.19537831999447303,0.17006631637029757,0.15503348068888967,0.1808080308934285,0.2354073518182572,19,,,,,,,,,,,krr_res,,,,,,,,,,,,,,,,,,
B1,DIP,0,,,,,,,,,,,,,,,,,,,,47,,0,,565,167,0.25284457638704894,-0.08753246940950632,0.16364029442489914,0.2456184472519795,nan,19,,,,,,,,,,,composition,,,,,,,,,,,,,,,,,,
B1,DIP,0,,,,,,,,,,,,,,,,,,,,47,,106,,565,167,0.15872750041308947,0.34129422702795154,0.12688310189832377,0.1409135467888585,0.29046157940191136,19,0.7613675594329834,0.295719176530838,,,,,,,,,C3_eigfeat,,,,,,,,,,,,,,,,,30,eig
B1,DIP,0,,,,,,,,,,,,,,,,,,,,47,,106,,565,167,0.1569882304731495,0.38584486755304515,0.1246828597170446,0.14631641831783657,0.12088278733080798,19,0.7442975044250488,0.30817604064941406,,,,,,,,,C3_msgpass,,,,,,,,,,,,,,,,,18,atom
B1,DIP,0,molecule,zz,0.1,bytype,3,bytype,eig,0,"[0.000,3.142]",none,1,1,Z,1,ridge,1,adam,adjoint,100,48,13,107,15,541,191,0.15717786988177423,0.37987277481843185,0.1409519949690133,0.1482297948292373,0.42690841092674325,16,0.7608962644100514,0.2745681788770075,0.6391516272065161,8.173181721013274,2.7922099492982744,0.0929272247315795,0.3238092976383438,0.26324086584092976,0.0,388.89,zz_bytype_r3,0.14854098055266843,0.1367340284697059,14,0,1.0,1,0.15717786988177423,0.37987277481843185,16,0.1409519949690133,0.1482297948292373,0.42690841092674325,0.50938470482723,16,0.14286937768413505,0.41959713359772494,,
B1,DIP,0,molecule,xy,0.1,bytype,3,bytype,eig,0,"[0.000,3.142]",none,1,1,Z,1,ridge,1,adam,adjoint,100,48,13,107,15,541,191,0.1711119480746615,0.40813494048302246,0.14233132641113652,0.16911601234778828,0.3852363140506251,16,0.752610420813778,0.2732623010604108,0.6369140082262754,7.997139904934847,2.7320686570665167,0.017883952952554058,0.46979447170064664,0.6511072351983916,0.0,400.52,xy_bytype_r3,0.16150459210728996,0.13965221554140314,14,0,1.0,1,0.1711119480746615,0.40813494048302246,16,0.14233132641113652,0.16911601234778828,0.3852363140506251,0.45462998572159696,16,0.15946086396491607,0.3941781311532938,,
B1,DIP,0,molecule,none,0.0,fixed,3,fixed,eig,0,"[0.000,3.142]",none,1,1,Z,1,ridge,1,adam,adjoint,100,48,13,92,15,541,191,0.22286131905482282,0.2108515916496876,0.17626931907184318,0.22140047395748472,0.4054870764953556,16,0.846000969539366,0.6602027442456716,0.2196193999574948,4.559008195366148,1.7949989615266955,0.007226676525201882,0.0,0.0,0.0,289.82,none_r3,0.21991698673431692,0.17477075540657883,14,0,1.0,1,0.22286131905482282,0.2108515916496876,16,0.17626931907184318,0.22140047395748472,0.4054870764953556,0.23321634102918132,16,0.21855962471116314,0.40822902211134027,,
B1,DIP,0,molecule,xy,0.1,bytype_shuffled,3,bytype_shuffled,eig,0,"[0.000,3.142]",none,1,1,Z,1,ridge,1,adam,adjoint,100,48,13,107,15,541,191,0.18314141266341633,0.3298014117150523,0.1460093484480669,0.17649556930733806,0.2966326153641352,16,0.752610420813778,0.39241299076164865,0.47859745240127993,7.362190472953416,2.5151504259789004,0.01897162019572715,0.43994009476783835,0.3695789024769504,0.0,408.22,xy_shuffled_r3,0.168388271258771,0.1427171897805832,14,0,1.0,1,0.18314141266341633,0.3298014117150523,16,0.1460093484480669,0.17649556930733806,0.2966326153641352,0.4472177485827634,16,0.16887290857292134,0.34191880955630216,,
B1,DIP,0,,,,,,,,,,,,,,,,,,,,48,,541,,541,191,0.2202630064786679,0.12961360842259284,0.16927627813305757,0.21924927726627677,0.3360637686776067,16,,,,,,,,,,,krr_res,,,,,,,,,,,,,,,,,,
B1,DIP,0,,,,,,,,,,,,,,,,,,,,48,,0,,541,191,0.26139713186749375,-0.02200262083635751,0.18831573805364754,0.2548280568755322,nan,16,,,,,,,,,,,composition,,,,,,,,,,,,,,,,,,
B1,DIP,0,,,,,,,,,,,,,,,,,,,,48,,106,,541,191,0.1611095978928017,0.5345467175264933,0.13313994750591052,0.15461843285534096,0.4378187897259452,16,0.7578866481781006,0.33174246549606323,,,,,,,,,C3_eigfeat,,,,,,,,,,,,,,,,,30,eig
B1,DIP,0,,,,,,,,,,,,,,,,,,,,48,,106,,541,191,0.12531834128875077,0.6971150728551456,0.10191272423670232,0.12383248835624927,0.5488761768652615,16,0.7106449007987976,0.34076860547065735,,,,,,,,,C3_msgpass,,,,,,,,,,,,,,,,,18,atom
B1,DIP,0,molecule,zz,0.1,bytype,3,bytype,eig,0,"[0.000,3.142]",none,1,1,Z,1,ridge,1,adam,adjoint,100,49,13,107,15,556,176,0.1313726432727945,0.6468271144844069,0.12141893310775098,0.1338259267555689,0.31386084585955437,21,0.8285494654450319,0.30525294638965833,0.6315815058480542,7.658681571881346,2.6252391187933397,0.02328665511009735,0.3223428687949182,0.6178097697045095,0.0,402.22,zz_bytype_r3,0.13394082078498917,0.12238430759989795,14,0,1.0,1,0.1313726432727945,0.6468271144844069,21,0.12141893310775098,0.1338259267555689,0.31386084585955437,0.6298190986989722,21,0.135104430451464,0.28207673824399687,,
B1,DIP,0,molecule,xy,0.1,bytype,3,bytype,eig,0,"[0.000,3.142]",none,1,1,Z,1,ridge,1,adam,adjoint,100,49,13,107,15,556,176,0.17814910629418626,0.33131742443866985,0.14660469909887347,0.1804001221939779,0.32044282270307456,21,0.8460710554165978,0.3008692471056154,0.6443924594991965,7.629158849226698,2.615119334378902,0.011964613757637382,0.5777683930878793,0.39192943098297106,0.0,413.76,xy_bytype_r3,0.1740306662677676,0.14414499282594903,14,0,1.0,1,0.17814910629418626,0.33131742443866985,21,0.14660469909887347,0.1804001221939779,0.32044282270307456,0.38900787804143155,21,0.17634641959502104,0.3160270522718053,,
B1,DIP,0,molecule,none,0.0,fixed,3,fixed,eig,0,"[0.000,3.142]",none,1,1,Z,1,ridge,1,adam,adjoint,100,49,13,92,15,556,176,0.20961952932036257,0.2214190901094064,0.15567398563547194,0.1979492731345718,0.12983649651392626,21,0.8851711205919789,0.7241729481250659,0.18188367053733254,3.802492515617483,1.5029443021347033,0.20551319764688233,0.0,0.0,0.0,297.55,none_r3,0.1974042987794739,0.1587784877918262,14,0,1.0,1,0.20961952932036257,0.2214190901094064,21,0.15567398563547194,0.1979492731345718,0.12983649651392626,0.32858929580403684,21,0.19589408315593543,0.13811100641904647,,
B1,DIP,0,molecule,xy,0.1,bytype_shuffled,3,bytype_shuffled,eig,0,"[0.000,3.142]",none,1,1,Z,1,ridge,1,adam,adjoint,100,49,13,107,15,556,176,0.16737090612634556,0.46056875915387985,0.1433856660765764,0.17030289155152983,0.420658235317583,21,0.8460710554165978,0.3289366181228892,0.6112186842735995,8.210716515118772,2.814465386307652,0.03477202162083767,0.6371813521575086,0.5625351829986603,0.0,417.74,xy_shuffled_r3,0.15750004001354825,0.1370795483823212,14,0,1.0,1,0.16737090612634556,0.46056875915387985,21,0.1433856660765764,0.17030289155152983,0.420658235317583,0.5177341587058514,21,0.16169242874224968,0.39020997837594545,,
B1,DIP,0,,,,,,,,,,,,,,,,,,,,49,,556,,556,176,0.2005390327710759,0.13658769107887603,0.16559761394663353,0.18663736649855897,0.29293667800287104,21,,,,,,,,,,,krr_res,,,,,,,,,,,,,,,,,,
B1,DIP,0,,,,,,,,,,,,,,,,,,,,49,,0,,556,176,0.25462440839601047,-0.00677804626483236,0.15633949217082715,0.24864009740259743,nan,21,,,,,,,,,,,composition,,,,,,,,,,,,,,,,,,
B1,DIP,0,,,,,,,,,,,,,,,,,,,,49,,106,,556,176,0.1504599525160362,0.5494838377964968,0.12421522973879714,0.14958374580282816,0.38908702426622993,21,0.7633413672447205,0.33813804388046265,,,,,,,,,C3_eigfeat,,,,,,,,,,,,,,,,,30,eig
B1,DIP,0,,,,,,,,,,,,,,,,,,,,49,,106,,556,176,0.1295647754687794,0.527056828273679,0.1079656793434919,0.13219829216321502,0.5526423212579192,21,0.6790725588798523,0.2769521176815033,,,,,,,,,C3_msgpass,,,,,,,,,,,,,,,,,18,atom
B1,DIP,0,molecule,zz,0.1,bytype,3,bytype,eig,0,"[0.000,3.142]",none,1,1,Z,1,ridge,1,adam,adjoint,100,50,13,107,15,549,183,0.16014520184278078,0.3485829804434596,0.13397558335183957,0.15148249798300253,0.4060253727554485,24,0.7146701906551148,0.2827991774477355,0.6042941469427979,8.594255036893156,2.805239381135627,0.13970513091279418,0.3323618122068598,0.4681570437903178,0.0,398.18,zz_bytype_r3,0.1583780098078853,0.13469831659665615,14,0,1.0,1,0.16014520184278078,0.3485829804434596,24,0.13397558335183957,0.15148249798300253,0.4060253727554485,0.3869425998288014,24,0.1500210160853248,0.3798735911891068,,
B1,DIP,0,molecule,xy,0.1,bytype,3,bytype,eig,0,"[0.000,3.142]",none,1,1,Z,1,ridge,1,adam,adjoint,100,50,13,107,15,549,183,0.17101192587486957,-1.2933895929109536,0.11618583120230104,0.13837728140795016,0.4631126349456073,24,0.6027968932464776,0.29970317219077647,0.5028123476604733,6.79205156353238,2.216984537104529,0.5284354275327747,0.4335586419391016,0.2984312276219332,0.0,404.37,xy_bytype_r3,0.14926734115072654,0.11593845120157012,14,0,1.0,1,0.17101192587486957,-1.2933895929109536,24,0.11618583120230104,0.13837728140795016,0.4631126349456073,0.3888810625953226,24,0.13766976821654234,0.44102813205473423,,
B1,DIP,0,molecule,none,0.0,fixed,3,fixed,eig,0,"[0.000,3.142]",none,1,1,Z,1,ridge,1,adam,adjoint,100,50,13,92,15,549,183,0.2601027411320202,-6.704810640831385,0.1469335570111431,0.19997026183635797,0.393052781395245,24,0.7351679716679353,0.6958558413071483,0.05347367115517348,2.4696755784231845,0.9227789713330786,0.001074748404673148,0.0,0.0,0.0,291.55,none_r3,0.19964512186651776,0.14987090764026623,14,0,1.0,1,0.2601027411320202,-6.704810640831385,24,0.1469335570111431,0.19997026183635797,0.393052781395245,0.32691836793855,24,0.19555007100161959,0.33259659089426624,,
B1,DIP,0,molecule,xy,0.1,bytype_shuffled,3,bytype_shuffled,eig,0,"[0.000,3.142]",none,1,1,Z,1,ridge,1,adam,adjoint,100,50,13,107,15,549,183,0.21063071795960958,-1.65070097331974,0.13645349981012414,0.17380334288105034,0.4362580079612248,24,0.6027968932464776,0.34744284809949083,0.4236153968407648,7.653968385436231,2.4983216630902643,0.08287522884641675,0.4606680584689793,0.28758263767242065,0.0,408.04,xy_shuffled_r3,0.20045035921456641,0.1332851067648749,14,0,1.0,1,0.21063071795960958,-1.65070097331974,24,0.13645349981012414,0.17380334288105034,0.4362580079612248,-1.4675032176567715,24,0.16679103417090685,0.4321667913956932,,
B1,DIP,0,,,,,,,,,,,,,,,,,,,,50,,549,,549,183,0.22672991614663618,-0.1851865647291675,0.18196365379319313,0.21395354567012861,0.15698865020409752,24,,,,,,,,,,,krr_res,,,,,,,,,,,,,,,,,,
B1,DIP,0,,,,,,,,,,,,,,,,,,,,50,,0,,549,183,0.25045286544835615,-0.017255210240725294,0.1684594852847411,0.24447714667360568,nan,24,,,,,,,,,,,composition,,,,,,,,,,,,,,,,,,
B1,DIP,0,,,,,,,,,,,,,,,,,,,,50,,106,,549,183,0.1859464323197968,-2.257595045210479,0.12658943821165036,0.15018109228631277,0.4968675524267845,24,0.7791929244995117,0.3129831850528717,,,,,,,,,C3_eigfeat,,,,,,,,,,,,,,,,,30,eig
B1,DIP,0,,,,,,,,,,,,,,,,,,,,50,,106,,549,183,0.13952087079366868,0.5438822551599792,0.10499707958342841,0.1309197028731106,0.5219793161733852,24,0.642754852771759,0.2727598249912262,,,,,,,,,C3_msgpass,,,,,,,,,,,,,,,,,18,atom
B1,DIP,0,molecule,zz,0.1,bytype,3,bytype,eig,0,"[0.000,3.142]",none,1,1,Z,1,ridge,1,adam,adjoint,100,51,13,106,14,537,195,0.1644992581795879,-0.2834244778583255,0.11671643839681849,0.14739725051792316,0.3975137113428455,25,0.6847036938650896,0.26698498795909936,0.6100722248889975,8.701516670702107,2.6010759371178933,0.07777876187847667,0.09044358528222245,0.4019882297497492,0.0,384.9,zz_bytype_r3,0.1648006558900782,0.11648477087152817,13,0,1.0,1,0.1644992581795879,-0.2834244778583255,25,0.11671643839681849,0.14739725051792316,0.3975137113428455,-0.32256198559093097,25,0.14778005060872684,0.3856597689516447,,
B1,DIP,0,molecule,xy,0.1,bytype,3,bytype,eig,0,"[0.000,3.142]",none,1,1,Z,1,ridge,1,adam,adjoint,100,51,13,106,14,537,195,0.17785632167906,-1.6025489749334665,0.11899955763207379,0.15312877131571,0.37624358085151294,25,0.7518978340172415,0.25665827148791154,0.6586527319587595,7.976263034147268,2.3842815719813353,0.0437173781845331,0.5920523313244676,0.48899751040432443,0.0,396.2,xy_bytype_r3,0.15869048861489846,0.11497427155223809,13,0,1.0,1,0.17785632167906,-1.6025489749334665,25,0.11899955763207379,0.15312877131571,0.37624358085151294,-0.06668680490537504,25,0.1467895845251657,0.40036532647427275,,
B1,DIP,0,molecule,none,0.0,fixed,3,fixed,eig,0,"[0.000,3.142]",none,1,1,Z,1,ridge,1,adam,adjoint,100,51,13,92,14,537,195,0.2213063160182239,-7.273150625614049,0.1343858667226671,0.1687771543475565,0.31015698486847204,25,0.7671302569225367,0.6420189013498285,0.16309010685435868,2.890212940385277,0.9727468786686381,0.006740173672213778,0.0,0.0,0.0,286.54,none_r3,0.17418713109972703,0.13482753704977965,13,0,1.0,1,0.2213063160182239,-7.273150625614049,25,0.1343858667226671,0.1687771543475565,0.31015698486847204,0.24684330269168808,25,0.173305749059781,0.2916480391309579,,
B1,DIP,0,molecule,xy,0.1,bytype_shuffled,3,bytype_shuffled,eig,0,"[0.000,3.142]",none,1,1,Z,1,ridge,1,adam,adjoint,100,51,13,106,14,537,195,0.18766721039975712,-0.6026632356466499,0.1261429435893107,0.1698430087918425,0.4420146213028139,25,0.7518978340172415,0.33950543640535613,0.5484686601749527,6.893437737844129,2.0606011230545636,0.11814903366817724,0.6597234309313263,0.5113215542247507,0.0,403.29,xy_shuffled_r3,0.17279646962494993,0.12777498077851224,13,0,1.0,1,0.18766721039975712,-0.6026632356466499,25,0.1261429435893107,0.1698430087918425,0.4420146213028139,0.11638726675779987,25,0.1640604069403861,0.3973499349217295,,
B1,DIP,0,,,,,,,,,,,,,,,,,,,,51,,537,,537,195,0.19649555722341133,0.02332187458901014,0.13846286110354397,0.19701775413927838,0.1883165282594129,25,,,,,,,,,,,krr_res,,,,,,,,,,,,,,,,,,
B1,DIP,0,,,,,,,,,,,,,,,,,,,,51,,0,,537,195,0.22434370398701242,-0.0141707527035142,0.1403826946081817,0.21824772041874282,nan,25,,,,,,,,,,,composition,,,,,,,,,,,,,,,,,,
B1,DIP,0,,,,,,,,,,,,,,,,,,,,51,,105,,537,195,0.1444849157547313,0.3387555462120636,0.11175816242039964,0.13829501514274414,0.4419591314232075,25,0.7762253284454346,0.2891372740268707,,,,,,,,,C3_eigfeat,,,,,,,,,,,,,,,,,30,eig
B1,DIP,0,,,,,,,,,,,,,,,,,,,,51,,105,,537,195,0.1559367106098703,-0.035812010537753736,0.12272824089333291,0.14434366743368315,0.3982893606136997,25,0.6102364659309387,0.2805970311164856,,,,,,,,,C3_msgpass,,,,,,,,,,,,,,,,,18,atom
B1,DIP,0,molecule,zz,0.1,bytype,3,bytype,eig,0,"[0.000,3.142]",none,1,1,Z,1,ridge,1,adam,adjoint,100,52,13,107,15,533,199,0.13924356851970052,0.538248640146737,0.11582613983367483,0.1367305821544807,0.3932718199586317,22,0.7651036849616003,0.26569228607323125,0.6527368887439536,7.159825459692887,2.574339307496477,0.023158753603950446,0.1887088721242584,0.535902424993989,0.0,382.28,zz_bytype_r3,0.1381144524611116,0.11436369756076081,14,0,1.0,1,0.13924356851970052,0.538248640146737,22,0.11582613983367483,0.1367305821544807,0.3932718199586317,0.5627609222465794,22,0.1361739299969023,0.3607043414273372,,
B1,DIP,0,molecule,xy,0.1,bytype,3,bytype,eig,0,"[0.000,3.142]",none,1,1,Z,1,ridge,1,adam,adjoint,100,52,13,107,15,533,199,0.13353651569442115,0.5897256706649485,0.10621100045902726,0.13414129752866735,0.4841819727913903,22,0.8315919819174868,0.31943454145469324,0.6158758761500558,7.980546612214168,2.8694323562479713,0.01990391885662803,0.22278857341757813,0.7450008762194399,0.0,396.15,xy_bytype_r3,0.13560536830606484,0.10665170368379352,14,0,1.0,1,0.13353651569442115,0.5897256706649485,22,0.10621100045902726,0.13414129752866735,0.4841819727913903,0.5670134755851951,22,0.13534576345928462,0.4803193968849509,,
B1,DIP,0,molecule,none,0.0,fixed,3,fixed,eig,0,"[0.000,3.142]",none,1,1,Z,1,ridge,1,adam,adjoint,100,52,13,92,15,533,199,0.1882050181231881,0.22496903959541792,0.14237826081529154,0.18421205218300526,0.261421868265182,22,0.8431192755000022,0.6186456854987858,0.2662417958219433,3.2054417417689094,1.3389872400995246,0.023906218539261743,0.0,0.0,0.0,285.7,none_r3,0.19855763263883772,0.15017049506665267,14,0,1.0,1,0.1882050181231881,0.22496903959541792,22,0.14237826081529154,0.18421205218300526,0.261421868265182,0.13315568082248108,22,0.19485911187146834,0.165635459755962,,
B1,DIP,0,molecule,xy,0.1,bytype_shuffled,3,bytype_shuffled,eig,0,"[0.000,3.142]",none,1,1,Z,1,ridge,1,adam,adjoint,100,52,13,107,15,533,199,0.1740149179394135,0.3740597357380504,0.11711926871497262,0.16813498990590653,0.39294369138697055,22,0.8315919819174868,0.41976170840861526,0.4952311740179028,6.834479762674488,2.4573601686788624,0.0456035904692638,0.28811622655500846,0.2845958067501278,0.0,399.5,xy_shuffled_r3,0.15561882911384545,0.11275166286040277,14,0,1.0,1,0.1740149179394135,0.3740597357380504,22,0.11711926871497262,0.16813498990590653,0.39294369138697055,0.46385944621108366,22,0.15023311155095875,0.4417660507011122,,
B1,DIP,0,,,,,,,,,,,,,,,,,,,,52,,533,,533,199,0.21281274639154615,-0.30300563040004724,0.14211905425291688,0.19376558247296574,0.2738632570128349,22,,,,,,,,,,,krr_res,,,,,,,,,,,,,,,,,,
B1,DIP,0,,,,,,,,,,,,,,,,,,,,52,,0,,533,199,0.23768992090848234,-0.0628195255916919,0.1561157183783537,0.2290213632852083,nan,22,,,,,,,,,,,composition,,,,,,,,,,,,,,,,,,
B1,DIP,0,,,,,,,,,,,,,,,,,,,,52,,106,,533,199,0.14349284840457552,0.49290160582660003,0.11599441087069559,0.14188179591784408,0.5275311293366708,22,0.7726360559463501,0.31084635853767395,,,,,,,,,C3_eigfeat,,,,,,,,,,,,,,,,,30,eig
B1,DIP,0,,,,,,,,,,,,,,,,,,,,52,,106,,533,199,0.13092325515846018,0.48941547609496727,0.09454937103655935,0.1287936713686815,0.5188136885439437,22,0.7100374698638916,0.289157509803772,,,,,,,,,C3_msgpass,,,,,,,,,,,,,,,,,18,atom
B1,DIP,0,molecule,zz,0.1,bytype,3,bytype,eig,0,"[0.000,3.142]",none,1,1,Z,1,ridge,1,adam,adjoint,100,53,13,107,15,535,197,0.13151982716647087,0.5752704961339465,0.11179365655992418,0.12709990868387855,0.46927172869298095,22,0.768260044359583,0.2877341507056571,0.6254729725720533,8.713865663551497,2.543723425364169,0.09473555801265293,0.08573238548991861,0.5509600215624332,0.0,382.89,zz_bytype_r3,0.1310619377613072,0.11048897831586539,14,0,1.0,1,0.13151982716647087,0.5752704961339465,22,0.11179365655992418,0.12709990868387855,0.46927172869298095,0.5721617341677541,22,0.1265826348919284,0.49069625389273475,,
B1,DIP,0,molecule,xy,0.1,bytype,3,bytype,eig,0,"[0.000,3.142]",none,1,1,Z,1,ridge,1,adam,adjoint,100,53,13,107,15,535,197,0.15117532394714875,0.486753019992898,0.12554410811211217,0.1449203239253492,0.3281681825161211,22,0.6339598097251068,0.2981615719693605,0.5296837947840144,7.741391783305048,2.2598420017516,0.2543735865817571,0.37629187029366584,0.3194473695516044,0.0,393.98,xy_bytype_r3,0.14651491245406237,0.12288553922070632,14,0,1.0,1,0.15117532394714875,0.486753019992898,22,0.12554410811211217,0.1449203239253492,0.3281681825161211,0.5088857875804261,22,0.14029088340067894,0.3472132055934023,,
B1,DIP,0,molecule,none,0.0,fixed,3,fixed,eig,0,"[0.000,3.142]",none,1,1,Z,1,ridge,1,adam,adjoint,100,53,13,92,15,535,197,0.20146493500680174,0.17739687686536265,0.1600738278382398,0.20116116273594356,0.20629703936069294,22,0.7391012422102752,0.6716114971195999,0.09131326161602416,3.334573419177132,1.0974999787300306,0.0028063074908402977,0.0,0.0,0.0,282.3,none_r3,0.18307665396427295,0.15225400401191022,14,0,1.0,1,0.20146493500680174,0.17739687686536265,22,0.1600738278382398,0.20116116273594356,0.20629703936069294,0.23473389772601605,22,0.18410823187603081,0.1963020100479131,,
B1,DIP,0,molecule,xy,0.1,bytype_shuffled,3,bytype_shuffled,eig,0,"[0.000,3.142]",none,1,1,Z,1,ridge,1,adam,adjoint,100,53,13,107,15,535,197,0.1951799072730608,0.20288790210086416,0.15031085786857576,0.19321866497338683,0.34019668570556966,22,0.6339598097251068,0.32171491645052624,0.4925310539953219,8.769785976793838,2.560047501984174,0.06740473331359365,0.7285492941004634,0.6850343890402756,0.0,397.5,xy_shuffled_r3,0.18768208791249255,0.14445629607092275,14,0,1.0,1,0.1951799072730608,0.20288790210086416,22,0.15031085786857576,0.19321866497338683,0.34019668570556966,0.2630557971593285,22,0.1854841824787555,0.34298098332771443,,
B1,DIP,0,,,,,,,,,,,,,,,,,,,,53,,535,,535,197,0.1971823757455991,0.03996569556091345,0.15181979620647332,0.17520736955539368,0.3811231663129196,22,,,,,,,,,,,krr_res,,,,,,,,,,,,,,,,,,
B1,DIP,0,,,,,,,,,,,,,,,,,,,,53,,0,,535,197,0.23857011997722852,-0.017977562478589837,0.1745563384590899,0.2371094585056943,nan,22,,,,,,,,,,,composition,,,,,,,,,,,,,,,,,,
B1,DIP,0,,,,,,,,,,,,,,,,,,,,53,,106,,535,197,0.14358003440233788,0.5581799870417705,0.11939482163865167,0.13688590877417176,0.45293201805190764,22,0.791140079498291,0.3089611530303955,,,,,,,,,C3_eigfeat,,,,,,,,,,,,,,,,,30,eig
B1,DIP,0,,,,,,,,,,,,,,,,,,,,53,,106,,535,197,0.12032261878239302,0.6983509676705418,0.10152592242723381,0.1177398436279688,0.47981755282231225,22,0.715730607509613,0.3012043237686157,,,,,,,,,C3_msgpass,,,,,,,,,,,,,,,,,18,atom
B1,DIP,0,molecule,zz,0.1,bytype,3,bytype,eig,0,"[0.000,3.142]",none,1,1,Z,1,ridge,1,adam,adjoint,100,54,13,106,14,532,200,0.1672884201160371,0.44277830406873286,0.13737012701220666,0.16852925572786065,0.31741964902021774,23,0.6946971288535091,0.26262263548248754,0.6219609602879662,7.348846519344413,2.585096869638686,0.05862546333167762,0.025242397444520812,0.6722214777293236,0.0,379.97,zz_bytype_r3,0.16557050347972357,0.13813543451891908,13,0,1.0,1,0.1672884201160371,0.44277830406873286,23,0.13737012701220666,0.16852925572786065,0.31741964902021774,0.45853832280350104,23,0.16740696137938485,0.3312645581464545,,
B1,DIP,0,molecule,xy,0.1,bytype,3,bytype,eig,0,"[0.000,3.142]",none,1,1,Z,1,ridge,1,adam,adjoint,100,54,13,106,14,532,200,0.21222465890704803,0.13226221874995103,0.17554124796873374,0.21084307505258937,0.26255556046006373,23,0.577008998192562,0.2637063109702173,0.542977125493263,6.716931828467547,2.362808829608941,0.044652572882029264,0.31723367236283384,0.3602555935154334,0.0,390.12,xy_bytype_r3,0.20738355818145496,0.17307284154590424,13,0,1.0,1,0.21222465890704803,0.13226221874995103,23,0.17554124796873374,0.21084307505258937,0.26255556046006373,0.18183776556096543,23,0.20539844591960862,0.2924389987040645,,
B1,DIP,0,molecule,none,0.0,fixed,3,fixed,eig,0,"[0.000,3.142]",none,1,1,Z,1,ridge,1,adam,adjoint,100,54,13,92,14,532,200,0.22183879894936148,0.1868439223942745,0.18263051467605249,0.2211048417648003,0.3029154637021199,23,0.8405672630939579,0.6223488463174696,0.2596085124386959,3.2748181742891975,1.3265847180176322,0.0145224126382668,0.0,0.0,0.0,281.68,none_r3,0.19486131464944767,0.16675478756383824,13,0,1.0,1,0.22183879894936148,0.1868439223942745,23,0.18263051467605249,0.2211048417648003,0.3029154637021199,0.31541635494462894,23,0.1926080843097481,0.30647733002510036,,
B1,DIP,0,molecule,xy,0.1,bytype_shuffled,3,bytype_shuffled,eig,0,"[0.000,3.142]",none,1,1,Z,1,ridge,1,adam,adjoint,100,54,13,106,14,532,200,0.1982250630130981,0.2856644983605633,0.15295886305950313,0.19944348731984515,0.36385869529821113,23,0.577008998192562,0.3062489966000269,0.4692474509767972,7.400264101743898,2.6031839845288136,0.02462445033037755,0.5190778603239564,0.41125041165827086,0.0,397.13,xy_shuffled_r3,0.19626600962974905,0.15112892349550094,13,0,1.0,1,0.1982250630130981,0.2856644983605633,23,0.15295886305950313,0.19944348731984515,0.36385869529821113,0.3096960309263068,23,0.19678060624837837,0.3616386196794637,,
B1,DIP,0,,,,,,,,,,,,,,,,,,,,54,,532,,532,200,0.18953229488857445,0.2940491668249765,0.16768901057535182,0.18466198876005094,0.3313855244252812,23,,,,,,,,,,,krr_res,,,,,,,,,,,,,,,,,,
B1,DIP,0,,,,,,,,,,,,,,,,,,,,54,,0,,532,200,0.25663851917293234,-7.014811932237741e-05,0.19536376144060766,0.25630272439789314,nan,23,,,,,,,,,,,composition,,,,,,,,,,,,,,,,,,
B1,DIP,0,,,,,,,,,,,,,,,,,,,,54,,105,,532,200,0.1579067748352293,0.4494111307601424,0.12687223599759342,0.15803053468315187,0.38249789892863034,23,0.6964849233627319,0.32096970081329346,,,,,,,,,C3_eigfeat,,,,,,,,,,,,,,,,,30,eig
B1,DIP,0,,,,,,,,,,,,,,,,,,,,54,,105,,532,200,0.16307419478578947,0.42375294734360747,0.1330022914670506,0.16428414059056487,0.5470173027945746,23,0.727877140045166,0.25833967328071594,,,,,,,,,C3_msgpass,,,,,,,,,,,,,,,,,18,atom
B1,DIP,0,molecule,zz,0.1,bytype,3,bytype,eig,0,"[0.000,3.142]",none,1,1,Z,1,ridge,1,adam,adjoint,100,55,13,107,15,543,189,0.14161947684164408,0.61325840493614,0.1277481156315016,0.14435361653295245,0.41284193881895026,21,0.7371823042486499,0.27007001379573575,0.6336455551914039,8.30228270179122,2.372726797120234,0.02162333820324314,0.3818774664001001,0.3863925252105061,0.0,390.12,zz_bytype_r3,0.13539615418257167,0.126058601115175,14,0,1.0,1,0.14161947684164408,0.61325840493614,21,0.1277481156315016,0.14435361653295245,0.41284193881895026,0.6458217254754066,21,0.13902305896079048,0.401549443532202,,
B1,DIP,0,molecule,xy,0.1,bytype,3,bytype,eig,0,"[0.000,3.142]",none,1,1,Z,1,ridge,1,adam,adjoint,100,55,13,107,15,543,189,0.145579498125447,0.6243852471516553,0.12162541488151737,0.1451160291194037,0.4280798059964726,21,0.8631348416820549,0.30121619066001554,0.6510207025439811,7.834368253298542,2.2390005448861605,0.025034692683782608,-0.31417397862385477,0.5661357984457519,0.0,402.94,xy_bytype_r3,0.1435757813670345,0.12218062486404252,14,0,1.0,1,0.145579498125447,0.6243852471516553,21,0.12162541488151737,0.1451160291194037,0.4280798059964726,0.6282981782622343,21,0.14389248653400283,0.43316175576233046,,
B1,DIP,0,molecule,none,0.0,fixed,3,fixed,eig,0,"[0.000,3.142]",none,1,1,Z,1,ridge,1,adam,adjoint,100,55,13,92,15,543,189,0.22768293889479135,0.13935508212078052,0.1738324274882823,0.2289668424515545,0.22150360335705158,21,0.8700178369631748,0.6245971284628299,0.28208698497147344,3.2289109819794795,1.037651583240838,0.05935965774907039,0.0,0.0,0.0,289.27,none_r3,0.21700035487015912,0.16307338412454583,14,0,1.0,1,0.22768293889479135,0.13935508212078052,21,0.1738324274882823,0.2289668424515545,0.22150360335705158,0.2308935149028727,21,0.21539585176290263,0.3367165359119382,,
B1,DIP,0,molecule,xy,0.1,bytype_shuffled,3,bytype_shuffled,eig,0,"[0.000,3.142]",none,1,1,Z,1,ridge,1,adam,adjoint,100,55,13,107,15,543,189,0.18675404714411986,0.43463910335576783,0.1355703879485868,0.18585441716377232,0.3786607522958097,21,0.8631348416820549,0.32570398351139235,0.622649940909964,6.931192539442627,1.980880062152927,0.019640495151932145,0.4400754899221455,0.3000747919102051,0.0,405.73,xy_shuffled_r3,0.1854903660378329,0.13587006186849837,14,0,1.0,1,0.18675404714411986,0.43463910335576783,21,0.1355703879485868,0.18585441716377232,0.3786607522958097,0.44154199556271845,21,0.18599006184550512,0.3797425196132092,,
B1,DIP,0,,,,,,,,,,,,,,,,,,,,55,,543,,543,189,0.2103254699391345,0.21462098454781275,0.16050524761926038,0.20490974328129608,0.3114505412637596,21,,,,,,,,,,,krr_res,,,,,,,,,,,,,,,,,,
B1,DIP,0,,,,,,,,,,,,,,,,,,,,55,,0,,543,189,0.2707890452512497,-0.009778087402921853,0.18183756027690887,0.27014679427051363,nan,21,,,,,,,,,,,composition,,,,,,,,,,,,,,,,,,
B1,DIP,0,,,,,,,,,,,,,,,,,,,,55,,106,,543,189,0.15801686315570787,0.5374216960988005,0.15287288549710615,0.15831294002629875,0.2542146354071641,21,0.7490792274475098,0.32859551906585693,,,,,,,,,C3_eigfeat,,,,,,,,,,,,,,,,,30,eig
B1,DIP,0,,,,,,,,,,,,,,,,,,,,55,,106,,543,189,0.13822940691266344,0.6772521183483853,0.12376827630296391,0.1382373241982413,0.5761475660653839,21,0.7419881820678711,0.3514482378959656,,,,,,,,,C3_msgpass,,,,,,,,,,,,,,,,,18,atom
B1,DIP,0,molecule,zz,0.1,bytype,3,bytype,eig,0,"[0.000,3.142]",none,1,1,Z,1,ridge,1,adam,adjoint,100,56,13,107,15,550,182,0.12489642401951845,0.6360922461557224,0.10907100176229631,0.12306562163094655,0.44776811242838443,19,0.7813167351772846,0.2473112026004566,0.6834686991001921,8.565295818625673,2.6627384830168603,0.04192590043275223,0.24504060626856056,0.5034734913387967,0.0,396.82,zz_bytype_r3,0.1266062743398128,0.10926135786143852,14,0,1.0,1,0.12489642401951845,0.6360922461557224,19,0.10907100176229631,0.12306562163094655,0.44776811242838443,0.6246458767676684,19,0.12456545744083414,0.4672540680792008,,
B1,DIP,0,molecule,xy,0.1,bytype,3,bytype,eig,0,"[0.000,3.142]",none,1,1,Z,1,ridge,1,adam,adjoint,100,56,13,107,15,550,182,0.14194999617805687,0.5857326621350606,0.12215135615067882,0.13654933369954017,0.36910265455709945,19,0.7649706115406866,0.28570749146316077,0.6265118069206181,8.115529545279411,2.522917280134654,0.12362440531316347,0.5031459053235906,0.29865616956532165,0.0,408.98,xy_bytype_r3,0.14134106072979533,0.1221724148798051,14,0,1.0,1,0.14194999617805687,0.5857326621350606,19,0.12215135615067882,0.13654933369954017,0.36910265455709945,0.5921855427337476,19,0.13623819291882366,0.36154849975200487,,
B1,DIP,0,molecule,none,0.0,fixed,3,fixed,eig,0,"[0.000,3.142]",none,1,1,Z,1,ridge,1,adam,adjoint,100,56,13,92,15,550,182,0.2005732536134022,0.18016690920672795,0.141435860890663,0.19867448151556494,0.281708532541958,19,0.8702327228215158,0.656419424475775,0.24569668864266989,4.8707843366608845,1.721474335727247,0.034153229984117114,0.0,0.0,0.0,293.41,none_r3,0.18913230863145888,0.13760251698723194,14,0,1.0,1,0.2005732536134022,0.18016690920672795,19,0.141435860890663,0.19867448151556494,0.281708532541958,0.24490045840905794,19,0.1863156512477289,0.29289422568806694,,
B1,DIP,0,molecule,xy,0.1,bytype_shuffled,3,bytype_shuffled,eig,0,"[0.000,3.142]",none,1,1,Z,1,ridge,1,adam,adjoint,100,56,13,107,15,550,182,0.15646794174456574,0.4271402558230811,0.13271023954323743,0.14771790003692398,0.3276342519279825,19,0.7649706115406866,0.33877087868063316,0.5571452372551505,6.85676248416428,2.1315977547194658,0.1253365284363907,0.571517136282628,0.3687862315840374,0.0,410.84,xy_shuffled_r3,0.15395478017816713,0.1291436996634726,14,0,1.0,1,0.15646794174456574,0.4271402558230811,19,0.13271023954323743,0.14771790003692398,0.3276342519279825,0.44418357229445493,19,0.14515558057334566,0.3526140604383085,,
B1,DIP,0,,,,,,,,,,,,,,,,,,,,56,,550,,550,182,0.22211620996670745,-0.036663606477017385,0.15839172820404304,0.20982359386542546,0.31408097237790955,19,,,,,,,,,,,krr_res,,,,,,,,,,,,,,,,,,
B1,DIP,0,,,,,,,,,,,,,,,,,,,,56,,0,,550,182,0.23544765842157847,-0.015752749800712618,0.15975291277404263,0.22336576454545454,nan,19,,,,,,,,,,,composition,,,,,,,,,,,,,,,,,,
B1,DIP,0,,,,,,,,,,,,,,,,,,,,56,,106,,550,182,0.13687309471862308,0.5473132114910026,0.11472787375725342,0.1266443251782168,0.4258076252216013,19,0.7583151459693909,0.3296445608139038,,,,,,,,,C3_eigfeat,,,,,,,,,,,,,,,,,30,eig
B1,DIP,0,,,,,,,,,,,,,,,,,,,,56,,106,,550,182,0.13513466383935066,0.5796115452204779,0.10772010488349607,0.13004278301559044,0.41912588290779673,19,0.7804077863693237,0.2785424590110779,,,,,,,,,C3_msgpass,,,,,,,,,,,,,,,,,18,atom
B1,DIP,0,molecule,zz,0.1,bytype,3,bytype,eig,0,"[0.000,3.142]",none,1,1,Z,1,ridge,1,adam,adjoint,100,57,13,107,15,563,169,0.15414457463248996,0.3012628975236936,0.12994855168808878,0.14676550495619395,0.3696713291309033,21,0.8592667529381398,0.2811149533138222,0.6728432092215952,6.845034368776445,2.474949389470414,0.013701162524715831,0.1494057030168732,0.4091074848332481,0.0,399.57,zz_bytype_r3,0.14742534758689216,0.12664561465525712,14,0,1.0,1,0.15414457463248996,0.3012628975236936,21,0.12994855168808878,0.14676550495619395,0.3696713291309033,0.42331023887058006,21,0.14363743470954524,0.37356327513964505,,
B1,DIP,0,molecule,xy,0.1,bytype,3,bytype,eig,0,"[0.000,3.142]",none,1,1,Z,1,ridge,1,adam,adjoint,100,57,13,107,15,563,169,0.15061314109950596,0.293345689676505,0.12387711592743045,0.14376631247517346,0.3828888550179163,21,0.6480876000833704,0.24782296854372893,0.6176088409779036,7.90185166971923,2.857061325340453,0.17680007402529563,0.20950591332283167,0.6144825802989231,0.0,412.52,xy_bytype_r3,0.14612431086464095,0.12533196524433726,14,0,1.0,1,0.15061314109950596,0.293345689676505,21,0.12387711592743045,0.14376631247517346,0.3828888550179163,0.3756898605031801,21,0.14071730773992486,0.39430104138304545,,
B1,DIP,0,molecule,none,0.0,fixed,3,fixed,eig,0,"[0.000,3.142]",none,1,1,Z,1,ridge,1,adam,adjoint,100,57,13,92,15,563,169,0.20217140486803042,0.05092326753951315,0.13797406679814408,0.18534521274984836,0.3648493273739398,21,0.8684613404242911,0.7152556184818367,0.17641052607776989,3.1242163191888843,1.3135631750275651,0.03222821556463236,0.0,0.0,0.0,301.16,none_r3,0.1992133754135724,0.14136429428498082,14,0,1.0,1,0.20217140486803042,0.05092326753951315,21,0.13797406679814408,0.18534521274984836,0.3648493273739398,0.17973648451011526,21,0.18807018129211828,0.34957578796422906,,
B1,DIP,0,molecule,xy,0.1,bytype_shuffled,3,bytype_shuffled,eig,0,"[0.000,3.142]",none,1,1,Z,1,ridge,1,adam,adjoint,100,57,13,107,15,563,169,0.16622648819377253,0.3421351502740241,0.14502923309017027,0.16295983966538855,0.36588731615385295,21,0.6480876000833704,0.34355917760178684,0.46988774733910793,7.643561979241106,2.7636718874917134,0.040256100869199674,0.5943135867498016,0.664222482670039,0.0,422.43,xy_shuffled_r3,0.17017359069057222,0.14615365773887556,14,0,1.0,1,0.16622648819377253,0.3421351502740241,21,0.14502923309017027,0.16295983966538855,0.36588731615385295,0.33240666873871116,21,0.16612129543575446,0.33807464689511063,,
B1,DIP,0,,,,,,,,,,,,,,,,,,,,57,,563,,563,169,0.21426330659159862,-0.03753875369567994,0.18134570958920823,0.21237223940528388,0.062762344354683,21,,,,,,,,,,,krr_res,,,,,,,,,,,,,,,,,,
B1,DIP,0,,,,,,,,,,,,,,,,,,,,57,,0,,563,169,0.23570505702754685,-0.00014616578521819967,0.1559739195814466,0.229504917129572,nan,21,,,,,,,,,,,composition,,,,,,,,,,,,,,,,,,
B1,DIP,0,,,,,,,,,,,,,,,,,,,,57,,106,,563,169,0.15039442872965483,0.4427065818719337,0.13161978626906923,0.14851963674646634,0.2961887863693739,21,0.7669842839241028,0.2959165871143341,,,,,,,,,C3_eigfeat,,,,,,,,,,,,,,,,,30,eig
B1,DIP,0,,,,,,,,,,,,,,,,,,,,57,,106,,563,169,0.13050634523478882,0.5842554528602142,0.1011714090120827,0.12368977723737229,0.4582022388076672,21,0.6762726306915283,0.3146531581878662,,,,,,,,,C3_msgpass,,,,,,,,,,,,,,,,,18,atom
B1,DIP,0,molecule,zz,0.1,bytype,3,bytype,eig,0,"[0.000,3.142]",none,1,1,Z,1,ridge,1,adam,adjoint,100,58,13,107,15,539,193,0.1466516507340679,0.5496573222311677,0.12062542075666849,0.14132279380347504,0.5360647772681028,20,0.7055816331735174,0.2636641863965185,0.6263165394333926,9.412585858596753,3.159343671215465,0.07553610787538091,0.35234860336587703,0.5805361182050037,0.0,387.75,zz_bytype_r3,0.1426788655252507,0.12011989585328046,14,0,1.0,1,0.1466516507340679,0.5496573222311677,20,0.12062542075666849,0.14132279380347504,0.5360647772681028,0.5842732893758199,20,0.13868856804421556,0.4962284881304188,,
B1,DIP,0,molecule,xy,0.1,bytype,3,bytype,eig,0,"[0.000,3.142]",none,1,1,Z,1,ridge,1,adam,adjoint,100,58,13,107,15,539,193,0.17764391517415667,-0.01941425681803932,0.12613788368755754,0.15826055901979247,0.4743896693521689,20,0.7890322101585556,0.30148406701608005,0.6179065149247874,6.644871860125293,2.2303577542563127,0.10410556749316371,0.18372134346045457,0.4267453080837231,0.0,398.17,xy_bytype_r3,0.1726550537520738,0.12632870859604567,14,0,1.0,1,0.17764391517415667,-0.01941425681803932,20,0.12613788368755754,0.15826055901979247,0.4743896693521689,0.22302176490893855,20,0.15630168215974527,0.49007851870798536,,
B1,DIP,0,molecule,none,0.0,fixed,3,fixed,eig,0,"[0.000,3.142]",none,1,1,Z,1,ridge,1,adam,adjoint,100,58,13,92,15,539,193,0.19860317533432603,0.3397994700806215,0.14831157035441211,0.19598507916467575,0.43605435622038047,20,0.7585012080781918,0.672155719255327,0.11383698259576619,3.9635940752274244,1.5291721265367868,0.19474403567085544,0.0,0.0,0.0,287.45,none_r3,0.19942242888996248,0.1491766375607706,14,0,1.0,1,0.19860317533432603,0.3397994700806215,20,0.14831157035441211,0.19598507916467575,0.43605435622038047,0.3467356024038758,20,0.19653736423176627,0.4281191388221108,,
B1,DIP,0,molecule,xy,0.1,bytype_shuffled,3,bytype_shuffled,eig,0,"[0.000,3.142]",none,1,1,Z,1,ridge,1,adam,adjoint,100,58,13,107,15,539,193,0.20247415315887296,0.1771296078233665,0.1587409718470353,0.19681197123882557,0.2533543482488588,20,0.7890322101585556,0.3471977931978971,0.5599700636706226,7.852306274731926,2.6356342992464605,0.23542238463144272,0.505845210343273,0.4235755308600302,0.0,401.71,xy_shuffled_r3,0.1992945576641167,0.15575551670783475,14,0,1.0,1,0.20247415315887296,0.1771296078233665,20,0.1587409718470353,0.19681197123882557,0.2533543482488588,0.21203067288967137,20,0.19350454544745768,0.24308733224993884,,
B1,DIP,0,,,,,,,,,,,,,,,,,,,,58,,539,,539,193,0.21843725055156885,0.03323721059624307,0.14533398092848332,0.19234243296226525,0.32212687973656146,20,,,,,,,,,,,krr_res,,,,,,,,,,,,,,,,,,
B1,DIP,0,,,,,,,,,,,,,,,,,,,,58,,0,,539,193,0.27024858458861645,-0.07847285493460499,0.1733317292813513,0.26594846837578007,nan,20,,,,,,,,,,,composition,,,,,,,,,,,,,,,,,,
B1,DIP,0,,,,,,,,,,,,,,,,,,,,58,,106,,539,193,0.1419540556658805,0.614862471414233,0.12216583745743848,0.13634523071024007,0.5017615746089705,20,0.7941147089004517,0.32888704538345337,,,,,,,,,C3_eigfeat,,,,,,,,,,,,,,,,,30,eig
B1,DIP,0,,,,,,,,,,,,,,,,,,,,58,,106,,539,193,0.15851921935083363,0.505718047870076,0.13047500797056255,0.15398404527678974,0.4667415799990401,20,0.6776926517486572,0.32363203167915344,,,,,,,,,C3_msgpass,,,,,,,,,,,,,,,,,18,atom
B1,DIP,0,molecule,zz,0.1,bytype,3,bytype,eig,0,"[0.000,3.142]",none,1,1,Z,1,ridge,1,adam,adjoint,100,59,13,107,15,550,182,0.1702183160416165,0.41573008410669354,0.13384509277977952,0.16308628009376325,0.5182726587138352,22,0.7675123478230172,0.2628182642278383,0.6575712886270825,8.05339591269572,2.7033290057756916,0.09367790538872409,0.3572888136025915,0.40439686599873753,0.0,394.35,zz_bytype_r3,0.1633354193507572,0.13199749656479223,14,0,1.0,1,0.1702183160416165,0.41573008410669354,22,0.13384509277977952,0.16308628009376325,0.5182726587138352,0.4813813249956638,22,0.1601841683548819,0.5286755891167656,,
B1,DIP,0,molecule,xy,0.1,bytype,3,bytype,eig,0,"[0.000,3.142]",none,1,1,Z,1,ridge,1,adam,adjoint,100,59,13,107,15,550,182,0.16830430868181523,0.1696788272962424,0.12462902081755833,0.150072613303387,0.6510333294156825,22,0.8012386962864275,0.24032019653204512,0.700064166089483,6.994548304759248,2.3478996338360307,0.0716309393876845,0.25543228442201976,0.4029638408792818,0.0,407.61,xy_bytype_r3,0.15272588361591924,0.12125148075116333,14,0,1.0,1,0.16830430868181523,0.1696788272962424,22,0.12462902081755833,0.150072613303387,0.6510333294156825,0.5380509891166199,22,0.1440937484619452,0.6323019137725021,,
B1,DIP,0,molecule,none,0.0,fixed,3,fixed,eig,0,"[0.000,3.142]",none,1,1,Z,1,ridge,1,adam,adjoint,100,59,13,92,15,550,182,0.22708062532796344,-0.19043516140846006,0.17996374594382974,0.21275463593178592,0.28790831717302307,22,0.7892834075514626,0.6471451875488935,0.18008514893720415,3.032626761731949,1.1700997105939435,0.005103594889713212,0.0,0.0,0.0,292.88,none_r3,0.2145391349720722,0.1786987459992637,14,0,1.0,1,0.22708062532796344,-0.19043516140846006,22,0.17996374594382974,0.21275463593178592,0.28790831717302307,0.12827744912290484,22,0.20795654206332417,0.28432680065033006,,
B1,DIP,0,molecule,xy,0.1,bytype_shuffled,3,bytype_shuffled,eig,0,"[0.000,3.142]",none,1,1,Z,1,ridge,1,adam,adjoint,100,59,13,107,15,550,182,0.16768780312746207,0.5162531812169677,0.12345420402408258,0.16484033964992154,0.5607751562163327,22,0.8012386962864275,0.361492300151595,0.5488331981130772,7.8616369089044635,2.638960175199469,0.06850298128106311,0.5201804790537383,0.7542312673464419,0.0,410.99,xy_shuffled_r3,0.16578759078453853,0.12332135429983027,14,0,1.0,1,0.16768780312746207,0.5162531812169677,22,0.12345420402408258,0.16484033964992154,0.5607751562163327,0.5227002910233316,22,0.16207056914374046,0.543266684296096,,
B1,DIP,0,,,,,,,,,,,,,,,,,,,,59,,550,,550,182,0.2103203567784297,0.10734974407029707,0.17512466314894043,0.19969223935172734,0.45112000744353686,22,,,,,,,,,,,krr_res,,,,,,,,,,,,,,,,,,
B1,DIP,0,,,,,,,,,,,,,,,,,,,,59,,0,,550,182,0.25685882003996,-0.00411157961255415,0.19489255794656576,0.25292574854326394,nan,22,,,,,,,,,,,composition,,,,,,,,,,,,,,,,,,
B1,DIP,0,,,,,,,,,,,,,,,,,,,,59,,106,,550,182,0.15408644701950022,0.4762311806589906,0.1355061375727565,0.1562347422331671,0.4925869228810406,22,0.7860096096992493,0.2896825671195984,,,,,,,,,C3_eigfeat,,,,,,,,,,,,,,,,,30,eig
B1,DIP,0,,,,,,,,,,,,,,,,,,,,59,,106,,550,182,0.1605171433835661,0.4235396527873704,0.12153591224498583,0.15821366008532597,0.5741504638977848,22,0.7710570096969604,0.28835606575012207,,,,,,,,,C3_msgpass,,,,,,,,,,,,,,,,,18,atom
B1,DIP,0,molecule,zz,0.1,bytype,3,bytype,eig,0,"[0.000,3.142]",none,1,1,Z,1,ridge,1,adam,adjoint,100,60,13,106,14,546,186,0.14092639699356338,0.5486322197708918,0.12339027518963883,0.138779470838707,0.458735865631538,20,0.7840972119223223,0.2774984620083333,0.6460917628720965,9.17629585981277,3.066348586115483,0.028174354798578324,0.29048833273171887,0.4873159715806812,0.0,390.41,zz_bytype_r3,0.13307944019634224,0.11752108268133125,13,0,1.0,1,0.14092639699356338,0.5486322197708918,20,0.12339027518963883,0.138779470838707,0.458735865631538,0.5878740542597254,20,0.13092150175017236,0.46203044610973004,,
B1,DIP,0,molecule,xy,0.1,bytype,3,bytype,eig,0,"[0.000,3.142]",none,1,1,Z,1,ridge,1,adam,adjoint,100,60,13,106,14,546,186,0.15792202353740661,0.45860571874798084,0.14123195647267575,0.1618607104360616,0.3063395511353786,20,0.8048996862318923,0.2595900978475462,0.6774876394065856,7.52480609448236,2.5144872049798903,0.06206051504638824,0.45605285564564596,0.2447867584243154,0.0,402.56,xy_bytype_r3,0.1542776544216259,0.1384525285539675,13,0,1.0,1,0.15792202353740661,0.45860571874798084,20,0.14123195647267575,0.1618607104360616,0.3063395511353786,0.48856139818867617,20,0.1576339957335043,0.283272642039417,,
B1,DIP,0,molecule,none,0.0,fixed,3,fixed,eig,0,"[0.000,3.142]",none,1,1,Z,1,ridge,1,adam,adjoint,100,60,13,92,14,546,186,0.22022135755604272,-0.04009014598194449,0.1800208383688482,0.21560345447117643,0.20638511440186774,20,0.8326756255417394,0.7090107746817228,0.14851503642797292,3.3581293023192065,1.2825045848489696,0.005220887315628578,0.0,0.0,0.0,290.7,none_r3,0.1841841864947465,0.15457985616970676,13,0,1.0,1,0.22022135755604272,-0.04009014598194449,20,0.1800208383688482,0.21560345447117643,0.20638511440186774,0.3204639262433291,20,0.1826498783052142,0.2477547082606226,,
B1,DIP,0,molecule,xy,0.1,bytype_shuffled,3,bytype_shuffled,eig,0,"[0.000,3.142]",none,1,1,Z,1,ridge,1,adam,adjoint,100,60,13,106,14,546,186,0.1555968202022563,0.45769208022289987,0.13319725681985656,0.15565819269230463,0.4163328352442982,20,0.8048996862318923,0.3392600702475322,0.5785063952058853,7.97460236023964,2.664791005621842,0.2844592873000822,0.6148885677117063,0.4875632743477758,0.0,408.11,xy_shuffled_r3,0.15221897878792462,0.1306541902035382,13,0,1.0,1,0.1555968202022563,0.45769208022289987,20,0.13319725681985656,0.15565819269230463,0.4163328352442982,0.48246841317268485,20,0.1511819030761243,0.41967547357285573,,
B1,DIP,0,,,,,,,,,,,,,,,,,,,,60,,546,,546,186,0.19857801962460034,0.13976297853384656,0.15027648546331346,0.1955780114093167,0.44821364828261584,20,,,,,,,,,,,krr_res,,,,,,,,,,,,,,,,,,
B1,DIP,0,,,,,,,,,,,,,,,,,,,,60,,0,,546,186,0.2440718407775021,-0.0026873034857162192,0.18500817366319697,0.24055304976273728,nan,20,,,,,,,,,,,composition,,,,,,,,,,,,,,,,,,
B1,DIP,0,,,,,,,,,,,,,,,,,,,,60,,105,,546,186,0.13006267784257514,0.5573708072710375,0.11478009197592998,0.12708875763627817,0.5158956995809348,20,0.7554302215576172,0.33073189854621887,,,,,,,,,C3_eigfeat,,,,,,,,,,,,,,,,,30,eig
B1,DIP,0,,,,,,,,,,,,,,,,,,,,60,,105,,546,186,0.17307195860970404,0.23270088610662676,0.13411901877113083,0.16631471180786894,0.36575752217658125,20,0.6974387764930725,0.28110429644584656,,,,,,,,,C3_msgpass,,,,,,,,,,,,,,,,,18,atom
B1,DIP,0,molecule,zz,0.1,bytype,3,bytype,eig,0,"[0.000,3.142]",none,1,1,Z,1,ridge,1,adam,adjoint,100,61,13,107,15,546,186,0.1522545114921431,0.4779008992957988,0.13312217263423673,0.15146139222882396,0.32241891464024597,24,0.8357858690426843,0.24567884335183662,0.7060504939701372,7.647886093459412,2.563418566311657,0.034425242339472285,0.2984206525197282,0.566306084514353,0.0,391.09,zz_bytype_r3,0.14704655473639036,0.13257803389870518,14,0,1.0,1,0.1522545114921431,0.4779008992957988,24,0.13312217263423673,0.15146139222882396,0.32241891464024597,0.5046540725050344,24,0.14778780659479038,0.34799209598570385,,
B1,DIP,0,molecule,xy,0.1,bytype,3,bytype,eig,0,"[0.000,3.142]",none,1,1,Z,1,ridge,1,adam,adjoint,100,61,13,107,15,546,186,0.15315015408687985,0.43240097590546467,0.13496578860438385,0.15592382124217852,0.4259289396440729,24,0.7344177496696627,0.27069020420976714,0.6314220287683376,7.956174863042705,2.6667508003535634,0.018852953024706333,0.15419909159577155,0.5219664464139823,0.0,403.07,xy_bytype_r3,0.14733324763175587,0.13343707963335127,14,0,1.0,1,0.15315015408687985,0.43240097590546467,24,0.13496578860438385,0.15592382124217852,0.4259289396440729,0.4763572227825008,24,0.15001444584154072,0.41482550385635,,
B1,DIP,0,molecule,none,0.0,fixed,3,fixed,eig,0,"[0.000,3.142]",none,1,1,Z,1,ridge,1,adam,adjoint,100,61,13,92,15,546,186,0.20665260297177243,0.2551925742211173,0.1793594475377181,0.2087470536197583,0.1864865058049094,24,0.8525200026484057,0.6622699522117815,0.2231619784234982,3.3620827689705752,1.2950148647215074,0.004691099987054364,0.0,0.0,0.0,290.41,none_r3,0.19982146166160966,0.1667867817706198,14,0,1.0,1,0.20665260297177243,0.2551925742211173,24,0.1793594475377181,0.2087470536197583,0.1864865058049094,0.20700054170231896,24,0.19934721336378952,0.12561035293270498,,
B1,DIP,0,molecule,xy,0.1,bytype_shuffled,3,bytype_shuffled,eig,0,"[0.000,3.142]",none,1,1,Z,1,ridge,1,adam,adjoint,100,61,13,107,15,546,186,0.17394811521307463,0.44291582511698446,0.1462002700222858,0.1784799869211296,0.3555524238510458,24,0.7344177496696627,0.36961413033461216,0.49672494911668097,7.454133545539854,2.4984765846270784,0.035422597209912636,0.6109536798469146,0.6216447717460761,0.0,408.36,xy_shuffled_r3,0.1779942041368031,0.1513477749528577,14,0,1.0,1,0.17394811521307463,0.44291582511698446,24,0.1462002700222858,0.1784799869211296,0.3555524238510458,0.4412486242286747,24,0.18249106276241525,0.3246539103733231,,
B1,DIP,0,,,,,,,,,,,,,,,,,,,,61,,546,,546,186,0.1975547791045388,0.2691114301792027,0.16194445269753588,0.19863757793979195,0.36295374956804244,24,,,,,,,,,,,krr_res,,,,,,,,,,,,,,,,,,
B1,DIP,0,,,,,,,,,,,,,,,,,,,,61,,0,,546,186,0.24919940671156804,-0.0005772960460663779,0.18559050468549085,0.24918455090954245,nan,24,,,,,,,,,,,composition,,,,,,,,,,,,,,,,,,
B1,DIP,0,,,,,,,,,,,,,,,,,,,,61,,106,,546,186,0.15118341368264235,0.48894658195440466,0.13067440137920017,0.14703956412948016,0.5070633045926397,24,0.7639784812927246,0.2938030958175659,,,,,,,,,C3_eigfeat,,,,,,,,,,,,,,,,,30,eig
B1,DIP,0,,,,,,,,,,,,,,,,,,,,61,,106,,546,186,0.13948886612156422,0.6380571793349155,0.1153360649463312,0.14110940190370108,0.35329188903310677,24,0.7342689037322998,0.290113240480423,,,,,,,,,C3_msgpass,,,,,,,,,,,,,,,,,18,atom
B4,DIP,0,molecule,zz,0.1,bytype,3,bytype,eig,0,"[0.000,3.142]",none,1,1,Z,1,ridge,1,adam,adjoint,100,42,13,115,23,617,221,0.23415480781084638,0.16739674577654617,0.23286019522298443,0.23533112883384086,0.38511412561378877,8,0.854661209393859,0.421575219996154,0.5067341124617758,10.470983580975139,4.130630486419061,0.06350545583101602,0.5398976413158032,0.6951592144554802,0.0,443.7,zz_bytype_r3,0.23175760154818545,0.23021838642464493,22,0,1.0,1,0.23415480781084638,0.16739674577654617,8,0.23286019522298443,0.23533112883384086,0.38511412561378877,0.18259979371860835,8,0.23303214551746962,0.39568318731413954,,
B4,DIP,0,molecule,xy,0.1,bytype,3,bytype,eig,0,"[0.000,3.142]",none,1,1,Z,1,ridge,1,adam,adjoint,100,42,13,115,23,617,221,0.26706817077204337,-0.01076858967145089,0.26161140494857443,0.2678543909795918,0.20930978711609735,8,0.8440437969020015,0.46504300053072306,0.449029775187463,8.623003414372324,3.401632760901045,0.01829802902019779,0.004388922255810353,0.5209361020624333,0.0,455.34,xy_bytype_r3,0.26547724409816975,0.26156569366294286,22,0,1.0,1,0.26706817077204337,-0.01076858967145089,8,0.26161140494857443,0.2678543909795918,0.20930978711609735,-0.0006128122685462589,8,0.26626296484047307,0.2120412143515131,,
B4,DIP,0,molecule,none,0.0,fixed,3,fixed,eig,0,"[0.000,3.142]",none,1,1,Z,1,ridge,1,adam,adjoint,100,42,13,92,23,617,221,0.265786463795855,0.0533547671958724,0.26078512054021286,0.2653800471440854,0.1869668752120351,8,0.8618880803964291,0.8134188895239696,0.05623606124146174,2.842590728560889,1.3830021276318327,0.008569427343486912,0.0,0.0,0.0,328.37,none_r3,0.26332082260568873,0.25332154189977196,22,0,1.0,1,0.265786463795855,0.0533547671958724,8,0.26078512054021286,0.2653800471440854,0.1869668752120351,0.09600289940812934,8,0.26358705066106597,0.1979944741811607,,
B4,DIP,0,molecule,xy,0.1,bytype_shuffled,3,bytype_shuffled,eig,0,"[0.000,3.142]",none,1,1,Z,1,ridge,1,adam,adjoint,100,42,13,115,23,617,221,0.2719052467580402,-0.05564480905733382,0.2658610559970116,0.273833531612349,0.22756329219822088,8,0.8440437969020015,0.5420971948070279,0.35773807378627226,10.11174470029879,3.9889166673729806,0.32030958197239323,0.341765653424626,0.6746368145935095,0.0,461.21,xy_shuffled_r3,0.2699668496958594,0.26374893688717754,22,0,1.0,1,0.2719052467580402,-0.05564480905733382,8,0.2658610559970116,0.273833531612349,0.22756329219822088,-0.03745263177814162,8,0.2713919673404979,0.2348691341263842,,
B4,DIP,0,,,,,,,,,,,,,,,,,,,,42,,617,,617,221,0.2923729382776028,-0.20918755897220143,0.28601834395241194,0.29595749154686496,0.16292281480301046,8,,,,,,,,,,,krr_res,,,,,,,,,,,,,,,,,,
B4,DIP,0,,,,,,,,,,,,,,,,,,,,42,,0,,617,221,0.2746492282757761,-0.023392010913454442,0.25705234540037014,0.2744818748664939,nan,8,,,,,,,,,,,composition,,,,,,,,,,,,,,,,,,
B4,DIP,0,,,,,,,,,,,,,,,,,,,,42,,114,,617,221,0.22397944812249412,0.2283155519951815,0.22464588162263432,0.22583804284419343,0.39757569374475754,8,0.882594883441925,0.5900520086288452,,,,,,,,,C3_eigfeat,,,,,,,,,,,,,,,,,30,eig
B4,DIP,0,,,,,,,,,,,,,,,,,,,,42,,115,,617,221,0.21696506622215633,0.28211124826026845,0.20937277872848858,0.21796615049909743,0.4892723637560443,8,0.8125446438789368,0.4807043969631195,,,,,,,,,C3_msgpass,,,,,,,,,,,,,,,,,13,atom
B4,DIP,0,molecule,zz,0.1,bytype,3,bytype,eig,0,"[0.000,3.142]",none,1,1,Z,1,ridge,1,adam,adjoint,100,43,13,114,22,637,201,0.23476002574197935,0.17942598061210446,0.23209262721764387,0.23585264933912287,0.23361045865814284,10,0.9128453913053627,0.5299008376290049,0.4195064764787274,10.253005777263764,3.4837547687656416,0.015987741858587992,0.36950860202850444,0.8973769223788647,0.0,457.58,zz_bytype_r3,0.2406122846139787,0.2386590316489829,21,0,1.0,1,0.23476002574197935,0.17942598061210446,10,0.23209262721764387,0.23585264933912287,0.23361045865814284,0.14555730566430614,10,0.2421914920556596,0.192029367197939,,
B4,DIP,0,molecule,xy,0.1,bytype,3,bytype,eig,0,"[0.000,3.142]",none,1,1,Z,1,ridge,1,adam,adjoint,100,43,13,114,22,637,201,0.24099296411060797,0.1268535257526805,0.2235201616298302,0.23961478603848957,0.23071179606508482,10,0.8772918358126819,0.4863415928145726,0.4456330573690468,11.018981816166232,3.744017245570646,0.029525323163598318,0.20539875137077698,1.0091832718304066,0.0,472.04,xy_bytype_r3,0.23684004305693765,0.2208165557672251,21,0,1.0,1,0.24099296411060797,0.1268535257526805,10,0.2235201616298302,0.23961478603848957,0.23071179606508482,0.17248785006090306,10,0.23547981739695487,0.23348618585922884,,
B4,DIP,0,molecule,none,0.0,fixed,3,fixed,eig,0,"[0.000,3.142]",none,1,1,Z,1,ridge,1,adam,adjoint,100,43,13,92,22,637,201,0.26792669347039416,0.0740735660492351,0.23045437013857245,0.266145403219601,0.14994452188599228,10,0.9159138351176904,0.8403873696468351,0.08246022996382679,2.7297483479973215,1.1033525869451246,0.000924888404306187,0.0,0.0,0.0,338.32,none_r3,0.26576184517113216,0.22814077664209545,21,0,1.0,1,0.26792669347039416,0.0740735660492351,10,0.23045437013857245,0.266145403219601,0.14994452188599228,0.042180993955894475,10,0.26216342660325,0.230845262633636,,
B4,DIP,0,molecule,xy,0.1,bytype_shuffled,3,bytype_shuffled,eig,0,"[0.000,3.142]",none,1,1,Z,1,ridge,1,adam,adjoint,100,43,13,114,22,637,201,0.24419933723275639,0.15169636032797118,0.21842408503066357,0.24457879189691517,0.2926461075988855,10,0.8772918358126819,0.5472487512578882,0.37620672059378885,8.416599310990314,2.8597826455411557,0.1640810687782611,0.2919351688382693,0.8376601032059142,0.0,473.97,xy_shuffled_r3,0.23636043537651302,0.21276981461204034,21,0,1.0,1,0.24419933723275639,0.15169636032797118,10,0.21842408503066357,0.24457879189691517,0.2926461075988855,0.2136416668540796,10,0.23625167878852255,0.30026373046215404,,
B4,DIP,0,,,,,,,,,,,,,,,,,,,,43,,637,,637,201,0.3203872339116439,-0.4703567564350428,0.29344012296931254,0.3150578342452433,-0.03808818010915312,10,,,,,,,,,,,krr_res,,,,,,,,,,,,,,,,,,
B4,DIP,0,,,,,,,,,,,,,,,,,,,,43,,0,,637,201,0.26874414222451315,-0.009640134897732633,0.23404518902749297,0.2658632980328709,nan,10,,,,,,,,,,,composition,,,,,,,,,,,,,,,,,,
B4,DIP,0,,,,,,,,,,,,,,,,,,,,43,,113,,637,201,0.23237442602210953,0.2295150278180138,0.20226537629632585,0.2344453135729517,0.3560667716546378,10,0.8754920363426208,0.5638082027435303,,,,,,,,,C3_eigfeat,,,,,,,,,,,,,,,,,30,eig
B4,DIP,0,,,,,,,,,,,,,,,,,,,,43,,114,,637,201,0.22130403614189295,0.3371391936791327,0.2001558631911938,0.22363187780576665,0.42708134983526597,10,0.9088832139968872,0.541135847568512,,,,,,,,,C3_msgpass,,,,,,,,,,,,,,,,,13,atom
B4,DIP,0,molecule,zz,0.1,bytype,3,bytype,eig,0,"[0.000,3.142]",none,1,1,Z,1,ridge,1,adam,adjoint,100,44,13,115,23,638,200,0.2327245525736924,0.08791680006416647,0.21587703347109358,0.2311884086280359,0.43784484975683213,9,0.9007371687238654,0.5121766226486583,0.4313806064267414,8.95042718802167,3.0871053936072967,0.3366122005172728,-0.1270827022102857,0.6226399744238799,0.0,457.69,zz_bytype_r3,0.23263760298872133,0.2126596426206805,22,0,1.0,1,0.2327245525736924,0.08791680006416647,9,0.21587703347109358,0.2311884086280359,0.43784484975683213,0.1017092614890791,9,0.23050232872266835,0.4371095546122024,,
B4,DIP,0,molecule,xy,0.1,bytype,3,bytype,eig,0,"[0.000,3.142]",none,1,1,Z,1,ridge,1,adam,adjoint,100,44,13,115,23,638,200,0.24411374927561716,0.10521871650257608,0.22464898442494344,0.2437383373406458,0.3703607866542599,9,0.9052104469243606,0.5230517993726531,0.42217657656313,9.564257608977064,3.298822573523318,0.29375046417851897,0.3484395537083647,0.9461718432293943,0.0,473.14,xy_bytype_r3,0.24187201377942158,0.22159352116871373,22,0,1.0,1,0.24411374927561716,0.10521871650257608,9,0.22464898442494344,0.2437383373406458,0.3703607866542599,0.12399646836816847,9,0.2419372801204296,0.36099253844753615,,
B4,DIP,0,molecule,none,0.0,fixed,3,fixed,eig,0,"[0.000,3.142]",none,1,1,Z,1,ridge,1,adam,adjoint,100,44,13,92,23,638,200,0.26525514035115383,0.031529240748878196,0.23901985052676022,0.2632840638753125,0.27271878592236004,9,0.9029955403695465,0.8314347444322564,0.07924822741428406,2.8337982161077475,1.1711307667919482,0.0025264643227214797,0.0,0.0,0.0,336.84,none_r3,0.2654273447841109,0.23802942112661196,22,0,1.0,1,0.26525514035115383,0.031529240748878196,9,0.23901985052676022,0.2632840638753125,0.27271878592236004,0.04077117830007082,9,0.2631287219887717,0.30355315514987063,,
B4,DIP,0,molecule,xy,0.1,bytype_shuffled,3,bytype_shuffled,eig,0,"[0.000,3.142]",none,1,1,Z,1,ridge,1,adam,adjoint,100,44,13,115,23,638,200,0.24520826620328304,-0.004890015438645312,0.21064589863568187,0.23592363546364434,0.49450083710839476,9,0.9052104469243606,0.6056856851613873,0.33088964315499286,8.933039578054998,3.0811082067264417,0.17260883565234314,0.42067924078574753,0.9171340170212979,0.0,471.47,xy_shuffled_r3,0.2392314364269877,0.20574465985741314,22,0,1.0,1,0.24520826620328304,-0.004890015438645312,9,0.21064589863568187,0.23592363546364434,0.49450083710839476,0.14083892844720203,9,0.23387768266556355,0.514002938581842,,
B4,DIP,0,,,,,,,,,,,,,,,,,,,,44,,638,,638,200,0.24947190910773576,0.03877894970481277,0.2242195430039867,0.24859189952664743,0.3557914335852198,9,,,,,,,,,,,krr_res,,,,,,,,,,,,,,,,,,
B4,DIP,0,,,,,,,,,,,,,,,,,,,,44,,0,,638,200,0.2749123488244514,-0.07577485425984998,0.24941093806796927,0.27407664053023745,nan,9,,,,,,,,,,,composition,,,,,,,,,,,,,,,,,,
B4,DIP,0,,,,,,,,,,,,,,,,,,,,44,,114,,638,200,0.24562990111378968,0.13078595811176352,0.22229782811907217,0.24629868191658075,0.4233537683929983,9,0.8617451190948486,0.5592328906059265,,,,,,,,,C3_eigfeat,,,,,,,,,,,,,,,,,30,eig
B4,DIP,0,,,,,,,,,,,,,,,,,,,,44,,115,,638,200,0.23997819869904533,0.17623189855374122,0.22387851840507533,0.24076384199400214,0.47734905816976003,9,0.8594050407409668,0.5213824510574341,,,,,,,,,C3_msgpass,,,,,,,,,,,,,,,,,13,atom
B4,DIP,0,molecule,zz,0.1,bytype,3,bytype,eig,0,"[0.000,3.142]",none,1,1,Z,1,ridge,1,adam,adjoint,100,45,13,115,23,615,223,0.2682999911844683,-0.14929343920496607,0.2556551453127436,0.2715058468647743,0.22958675712995183,10,0.8709888408022393,0.49654348153912775,0.4299083314525846,10.436616027980023,3.687179252572999,0.03746756467647223,-0.3639761549582449,0.6588330761731844,0.0,444.17,zz_bytype_r3,0.2674606355162862,0.25919489727735706,22,0,1.0,1,0.2682999911844683,-0.14929343920496607,10,0.2556551453127436,0.2715058468647743,0.22958675712995183,-0.1928648174553691,10,0.2703323021622463,0.23204232664388605,,
B4,DIP,0,molecule,xy,0.1,bytype,3,bytype,eig,0,"[0.000,3.142]",none,1,1,Z,1,ridge,1,adam,adjoint,100,45,13,115,23,615,223,0.23891039091435357,0.10570018945507498,0.21122438135537405,0.24142900849989196,0.31824012982971445,10,0.8826523333442521,0.4676011172843491,0.4702318233129563,9.67266827564593,3.4172821618968343,0.016539671699985745,0.4928057387358737,0.7892818250576318,0.0,459.84,xy_bytype_r3,0.22820413768750228,0.20746980591319225,22,0,1.0,1,0.23891039091435357,0.10570018945507498,10,0.21122438135537405,0.24142900849989196,0.31824012982971445,0.18613911521826065,10,0.23022472495772311,0.29810356624792816,,
B4,DIP,0,molecule,none,0.0,fixed,3,fixed,eig,0,"[0.000,3.142]",none,1,1,Z,1,ridge,1,adam,adjoint,100,45,13,92,23,615,223,0.2625622092425473,0.03797381568402847,0.24400428446938585,0.2624723768711656,0.14079735621382924,10,0.8638728854208216,0.8143011551185615,0.05738313024851113,3.3626222647053763,1.4303359443724537,0.0016525232868954025,0.0,0.0,0.0,327.29,none_r3,0.25233264942990397,0.23741358498027593,22,0,1.0,1,0.2625622092425473,0.03797381568402847,10,0.24400428446938585,0.2624723768711656,0.14079735621382924,0.08104389700151715,10,0.25382544069816315,0.19375487095340274,,
B4,DIP,0,molecule,xy,0.1,bytype_shuffled,3,bytype_shuffled,eig,0,"[0.000,3.142]",none,1,1,Z,1,ridge,1,adam,adjoint,100,45,13,115,23,615,223,0.2646332701002851,-0.05513302624221894,0.2376747164379246,0.26522345141790316,0.17130327820250532,10,0.8826523333442521,0.49944113875369167,0.43415870565778064,10.679703898557399,3.773060399349128,0.034209262503616576,0.3631441322631609,1.177888288645616,0.0,456.97,xy_shuffled_r3,0.26148236253392865,0.23871123770664368,22,0,1.0,1,0.2646332701002851,-0.05513302624221894,10,0.2376747164379246,0.26522345141790316,0.17130327820250532,-0.03164247328091285,10,0.26298074276668804,0.1505209930513775,,
B4,DIP,0,,,,,,,,,,,,,,,,,,,,45,,615,,615,223,0.266378847851774,-0.06901610536981129,0.251062862445597,0.26747609224861624,0.13742060107198206,10,,,,,,,,,,,krr_res,,,,,,,,,,,,,,,,,,
B4,DIP,0,,,,,,,,,,,,,,,,,,,,45,,0,,615,223,0.2622249683036203,-0.0015293181429369973,0.23998279927182806,0.2639236504214904,nan,10,,,,,,,,,,,composition,,,,,,,,,,,,,,,,,,
B4,DIP,0,,,,,,,,,,,,,,,,,,,,45,,114,,615,223,0.2356927504929818,0.1718108589142553,0.2260728231947864,0.23572286098378017,0.26909622177615206,10,0.8788607120513916,0.5138818025588989,,,,,,,,,C3_eigfeat,,,,,,,,,,,,,,,,,30,eig
B4,DIP,0,,,,,,,,,,,,,,,,,,,,45,,115,,615,223,0.2673828690902569,-0.07491038445073994,0.23923064533881283,0.27194282156644045,0.25859282258660815,10,0.8108026385307312,0.4501887261867523,,,,,,,,,C3_msgpass,,,,,,,,,,,,,,,,,13,atom
B4,DIP,0,molecule,zz,0.1,bytype,3,bytype,eig,0,"[0.000,3.142]",none,1,1,Z,1,ridge,1,adam,adjoint,100,46,13,113,21,637,201,0.22872054736862002,0.08704722509730312,0.20326004909879722,0.224528648133824,0.29639993913397295,9,0.8668847738754859,0.46825871020095416,0.4598374267117858,13.861151712665546,4.4731671580118615,0.07458202774015299,0.5048976123054782,0.9034555904132276,0.0,461.56,zz_bytype_r3,0.22028170826585225,0.197388808695346,20,0,1.0,1,0.22872054736862002,0.08704722509730312,9,0.20326004909879722,0.224528648133824,0.29639993913397295,0.1526989178015482,9,0.21713755723505251,0.30516747639283354,,
B4,DIP,0,molecule,xy,0.1,bytype,3,bytype,eig,0,"[0.000,3.142]",none,1,1,Z,1,ridge,1,adam,adjoint,100,46,13,113,21,637,201,0.23860175030158323,0.045838537097011245,0.22339378486851896,0.23596668106387791,0.2762055324798802,9,0.8532367101880498,0.45960685003201956,0.46133722969945334,11.429055905807372,3.6882993985431036,0.3088272512667089,0.5336119056525321,1.168261023197125,0.0,475.15,xy_bytype_r3,0.233798900316819,0.21900018355743317,20,0,1.0,1,0.23860175030158323,0.045838537097011245,9,0.22339378486851896,0.23596668106387791,0.2762055324798802,0.08543202157345764,9,0.2310329705939451,0.26814047450335965,,
B4,DIP,0,molecule,none,0.0,fixed,3,fixed,eig,0,"[0.000,3.142]",none,1,1,Z,1,ridge,1,adam,adjoint,100,46,13,92,21,637,201,0.2589835962184151,-0.011242887988119676,0.22513419055207387,0.2560153166825912,0.18309304525807893,9,0.8677004658326716,0.8288886218024489,0.04472954153940395,3.1202599025387276,1.1817037172729654,0.0017023048800996045,0.0,0.0,0.0,339.21,none_r3,0.2567432339081109,0.2236945349223563,20,0,1.0,1,0.2589835962184151,-0.011242887988119676,9,0.22513419055207387,0.2560153166825912,0.18309304525807893,0.0059980650334854335,9,0.2559393257443423,0.17872989252991617,,
B4,DIP,0,molecule,xy,0.1,bytype_shuffled,3,bytype_shuffled,eig,0,"[0.000,3.142]",none,1,1,Z,1,ridge,1,adam,adjoint,100,46,13,113,21,637,201,0.2281927147300964,0.09642141644026603,0.2118067872673312,0.22587095456774636,0.3656352134689993,9,0.8532367101880498,0.5063837411040127,0.4065143528665007,10.181996496129383,3.285857717570512,0.0778810195909697,0.5883281701915771,0.6718063591772826,0.0,471.78,xy_shuffled_r3,0.23039794248268833,0.21017119085062258,20,0,1.0,1,0.2281927147300964,0.09642141644026603,9,0.2118067872673312,0.22587095456774636,0.3656352134689993,0.07486826454547979,9,0.22785865891417084,0.35948289677483397,,
B4,DIP,0,,,,,,,,,,,,,,,,,,,,46,,637,,637,201,0.25951176943218385,-0.17140342083871207,0.24777062634746114,0.2584490225871936,0.21781666345472278,9,,,,,,,,,,,krr_res,,,,,,,,,,,,,,,,,,
B4,DIP,0,,,,,,,,,,,,,,,,,,,,46,,0,,637,201,0.25700868536438687,-0.07196966746413391,0.22374508146935254,0.25709783126011043,nan,9,,,,,,,,,,,composition,,,,,,,,,,,,,,,,,,
B4,DIP,0,,,,,,,,,,,,,,,,,,,,46,,112,,637,201,0.22326165292510688,0.1278631458756403,0.21333786824218612,0.22318070854172328,0.2822879363901676,9,0.8928562998771667,0.5499261617660522,,,,,,,,,C3_eigfeat,,,,,,,,,,,,,,,,,30,eig
B4,DIP,0,,,,,,,,,,,,,,,,,,,,46,,113,,637,201,0.22767045025421515,0.12098184892422925,0.20764090033580532,0.22701100753009368,0.34766107379052524,9,0.8767507672309875,0.4577864706516266,,,,,,,,,C3_msgpass,,,,,,,,,,,,,,,,,13,atom
B4,DIP,0,molecule,zz,0.1,bytype,3,bytype,eig,0,"[0.000,3.142]",none,1,1,Z,1,ridge,1,adam,adjoint,100,47,13,115,23,642,196,0.1995761477158138,0.2841949993290088,0.17137492261444046,0.1921474667663293,0.4754211619103632,10,0.8931226261204503,0.4987813972069584,0.4415308910338919,11.260833297918769,3.8135189403422394,0.05822200656586189,-0.20149082527187098,0.47422382363291304,0.0,459.62,zz_bytype_r3,0.19677617040335654,0.16671776243276817,22,0,1.0,1,0.1995761477158138,0.2841949993290088,10,0.17137492261444046,0.1921474667663293,0.4754211619103632,0.3074298543300519,10,0.1886895565518345,0.4980654465807989,,
B4,DIP,0,molecule,xy,0.1,bytype,3,bytype,eig,0,"[0.000,3.142]",none,1,1,Z,1,ridge,1,adam,adjoint,100,47,13,115,23,642,196,0.23311547077278644,0.05696051603996388,0.21719082965278452,0.2334460451990712,0.2946244253805262,10,0.8642714292853637,0.48244047996572775,0.44179517728054346,12.122858193416679,4.105446560533135,0.14918075553501964,-0.085544113426846,0.9272750445064432,0.0,472.73,xy_bytype_r3,0.22298552991515308,0.2078491602982786,22,0,1.0,1,0.23311547077278644,0.05696051603996388,10,0.21719082965278452,0.2334460451990712,0.2946244253805262,0.12734627268270737,10,0.2232411752437539,0.3111777113333138,,
B4,DIP,0,molecule,none,0.0,fixed,3,fixed,eig,0,"[0.000,3.142]",none,1,1,Z,1,ridge,1,adam,adjoint,100,47,13,92,23,642,196,0.23435960738878223,0.07939447757964702,0.2190368161457109,0.23145554334485754,-0.003438632684895537,10,0.8997241743423385,0.8346186288645182,0.07236167187061503,3.369582736247152,1.3623894921581514,0.00879755802070086,0.0,0.0,0.0,337.76,none_r3,0.2343096946712633,0.21677641558237382,22,0,1.0,1,0.23435960738878223,0.07939447757964702,10,0.2190368161457109,0.23145554334485754,-0.003438632684895537,0.08978316439439371,10,0.23087090613323263,-0.013564838811584953,,
B4,DIP,0,molecule,xy,0.1,bytype_shuffled,3,bytype_shuffled,eig,0,"[0.000,3.142]",none,1,1,Z,1,ridge,1,adam,adjoint,100,47,13,115,23,642,196,0.24658691081954096,-0.4792550237629851,0.22676711325350662,0.23946070509739809,0.18984971403302003,10,0.8642714292853637,0.5858904182471325,0.32209905546503476,7.3950128519229406,2.5043458888690355,0.02628037843011944,0.022941236494107498,0.9948130085531361,0.0,474.12,xy_shuffled_r3,0.23704106064678365,0.21561082551662647,22,0,1.0,1,0.24658691081954096,-0.4792550237629851,10,0.22676711325350662,0.23946070509739809,0.18984971403302003,-0.07276747809778317,10,0.22997338860860012,0.19799937647896337,,
B4,DIP,0,,,,,,,,,,,,,,,,,,,,47,,642,,642,196,0.2507135555861805,-0.335981233249417,0.2114668356333041,0.24121164540558965,0.2528282200810751,10,,,,,,,,,,,krr_res,,,,,,,,,,,,,,,,,,
B4,DIP,0,,,,,,,,,,,,,,,,,,,,47,,0,,642,196,0.2380467673882637,-0.019526830373268966,0.20925038489081196,0.23375282405278008,nan,10,,,,,,,,,,,composition,,,,,,,,,,,,,,,,,,
B4,DIP,0,,,,,,,,,,,,,,,,,,,,47,,114,,642,196,0.19614967391243462,0.27898636170587554,0.174936142236422,0.19493428525831136,0.43611144318115935,10,0.8910185694694519,0.5583462119102478,,,,,,,,,C3_eigfeat,,,,,,,,,,,,,,,,,30,eig
B4,DIP,0,,,,,,,,,,,,,,,,,,,,47,,115,,642,196,0.2131476436657663,0.2255364799549221,0.19387205161455384,0.2111572097168929,0.38771486269352917,10,0.8631789684295654,0.4985356330871582,,,,,,,,,C3_msgpass,,,,,,,,,,,,,,,,,13,atom
B4,DIP,0,molecule,zz,0.1,bytype,3,bytype,eig,0,"[0.000,3.142]",none,1,1,Z,1,ridge,1,adam,adjoint,100,48,13,112,20,609,229,0.24205137240062957,0.06282555319869143,0.22635703886837327,0.24151804093259302,0.26628932562082297,13,0.8886588394114616,0.49372179023854035,0.44441919852446304,10.283780397249577,3.4427852870040914,0.05236899880655115,0.3602237820332269,0.9587300815450642,0.0,434.47,zz_bytype_r3,0.24160120394058304,0.2250875618733382,19,0,1.0,1,0.24205137240062957,0.06282555319869143,13,0.22635703886837327,0.24151804093259302,0.26628932562082297,0.06990376948670862,13,0.24132296483001303,0.2739625435921185,,
B4,DIP,0,molecule,xy,0.1,bytype,3,bytype,eig,0,"[0.000,3.142]",none,1,1,Z,1,ridge,1,adam,adjoint,100,48,13,112,20,609,229,0.2310418060565562,0.1569464086201594,0.20430399849116437,0.2278397504185598,0.423338322320888,13,0.8633437068148925,0.48448392238060783,0.43882845434989093,10.390844308090344,3.4786279482408378,0.3214198246435048,0.48759348090563037,1.3918836927820257,0.0,445.08,xy_bytype_r3,0.22722423193005015,0.20030200130284626,19,0,1.0,1,0.2310418060565562,0.1569464086201594,13,0.20430399849116437,0.2278397504185598,0.423338322320888,0.18536187764699386,13,0.22415006862798983,0.42264469635182544,,
B4,DIP,0,molecule,none,0.0,fixed,3,fixed,eig,0,"[0.000,3.142]",none,1,1,Z,1,ridge,1,adam,adjoint,100,48,13,92,20,609,229,0.24071559542995266,0.10623546299981101,0.21466244209492288,0.24205121528906404,0.2928346517600786,13,0.8918253478795293,0.8383927505293868,0.059913745978613236,3.1137340080838367,1.2259572853283631,0.005751671698793441,0.0,0.0,0.0,314.68,none_r3,0.23892407345746278,0.21460542926375736,19,0,1.0,1,0.24071559542995266,0.10623546299981101,13,0.21466244209492288,0.24205121528906404,0.2928346517600786,0.11894138301090418,13,0.24062029853544223,0.32913335699326096,,
B4,DIP,0,molecule,xy,0.1,bytype_shuffled,3,bytype_shuffled,eig,0,"[0.000,3.142]",none,1,1,Z,1,ridge,1,adam,adjoint,100,48,13,112,20,609,229,0.2418886227554725,-0.006950508411901257,0.21108094772331196,0.24255805679704817,0.4077794270485295,13,0.8633437068148925,0.5695915130653302,0.34024941796737396,9.224790590333775,3.088258606590717,0.08913339533917813,0.5460497970750364,1.995938155782276,0.0,442.29,xy_shuffled_r3,0.2386122272608549,0.21075653715042314,19,0,1.0,1,0.2418886227554725,-0.006950508411901257,13,0.21108094772331196,0.24255805679704817,0.4077794270485295,0.042745131556951144,13,0.23916433797281508,0.39839632691776217,,
B4,DIP,0,,,,,,,,,,,,,,,,,,,,48,,609,,609,229,0.3071213033148421,-0.4630996520960444,0.2794888175662455,0.30300712734879354,0.03680734243803567,13,,,,,,,,,,,krr_res,,,,,,,,,,,,,,,,,,
B4,DIP,0,,,,,,,,,,,,,,,,,,,,48,,0,,609,229,0.25010104516674914,-6.217412752707041e-05,0.22923133720146224,0.2520760675911258,nan,13,,,,,,,,,,,composition,,,,,,,,,,,,,,,,,,
B4,DIP,0,,,,,,,,,,,,,,,,,,,,48,,111,,609,229,0.23676741966464024,0.16822383389606865,0.21374614448395382,0.2370039996440631,0.3945614920088375,13,0.8843562006950378,0.5355440378189087,,,,,,,,,C3_eigfeat,,,,,,,,,,,,,,,,,30,eig
B4,DIP,0,,,,,,,,,,,,,,,,,,,,48,,112,,609,229,0.25814811724196546,-1.2389490778499872,0.2046696654128896,0.2587143997973298,0.42242320014869567,13,0.8491618633270264,0.503527045249939,,,,,,,,,C3_msgpass,,,,,,,,,,,,,,,,,13,atom
B4,DIP,0,molecule,zz,0.1,bytype,3,bytype,eig,0,"[0.000,3.142]",none,1,1,Z,1,ridge,1,adam,adjoint,100,49,13,114,22,613,225,0.20841534650713356,0.32105059084695087,0.19016583962118308,0.2090833406238015,0.5116363479679105,10,0.9002797783830244,0.4883138983577151,0.4575976156714677,10.458860476776325,3.4873673591611016,0.12519030785289376,0.31187476816338244,0.6868414503110896,0.0,443.14,zz_bytype_r3,0.21256612277196976,0.19310416738474107,21,0,1.0,1,0.20841534650713356,0.32105059084695087,10,0.19016583962118308,0.2090833406238015,0.5116363479679105,0.3126093733709284,10,0.21388258563596776,0.4879446976010756,,
B4,DIP,0,molecule,xy,0.1,bytype,3,bytype,eig,0,"[0.000,3.142]",none,1,1,Z,1,ridge,1,adam,adjoint,100,49,13,114,22,613,225,0.2152618304182568,0.18130149952499686,0.2082971418688186,0.2104932286373585,0.4149325590349543,10,0.8257761843523368,0.488069672841917,0.40895646775680006,8.712044022052929,2.9049147391864323,0.04544332523855853,0.3105964396168948,0.6164021615920882,0.0,451.21,xy_bytype_r3,0.21476960862050548,0.20890629749407702,21,0,1.0,1,0.2152618304182568,0.18130149952499686,10,0.2082971418688186,0.2104932286373585,0.4149325590349543,0.18591014033704456,10,0.21047134730669628,0.4117885394825756,,
B4,DIP,0,molecule,none,0.0,fixed,3,fixed,eig,0,"[0.000,3.142]",none,1,1,Z,1,ridge,1,adam,adjoint,100,49,13,92,22,613,225,0.2553604160210711,-0.0972363881566023,0.24288326443305333,0.24714482384564995,0.2101958168268066,10,0.8867387763130014,0.8359249845398532,0.057304127360290245,3.3667484632322777,1.3307154185717118,0.016595018689243984,0.0,0.0,0.0,318.24,none_r3,0.2531058556184099,0.24198390147987434,21,0,1.0,1,0.2553604160210711,-0.0972363881566023,10,0.24288326443305333,0.24714482384564995,0.2101958168268066,0.033641841563957886,10,0.2500573996691146,0.17756434035394886,,
B4,DIP,0,molecule,xy,0.1,bytype_shuffled,3,bytype_shuffled,eig,0,"[0.000,3.142]",none,1,1,Z,1,ridge,1,adam,adjoint,100,49,13,114,22,613,225,0.24376146884917624,0.1217744126713669,0.2288431573545169,0.24286041076863357,0.36874311224990447,10,0.8257761843523368,0.6087069755905765,0.26286687951894555,11.93997658534327,3.981225746851929,0.01389246477325635,1.0015403249856014,2.68672616765244,0.0,446.42,xy_shuffled_r3,0.24435057460128135,0.22841283711706042,21,0,1.0,1,0.24376146884917624,0.1217744126713669,10,0.2288431573545169,0.24286041076863357,0.36874311224990447,0.12355064362684276,10,0.2436068951887829,0.34977738932673463,,
B4,DIP,0,,,,,,,,,,,,,,,,,,,,49,,613,,613,225,0.26746425032349064,-0.0833740515588659,0.23978030598032546,0.26660751499157626,0.25294213149442496,10,,,,,,,,,,,krr_res,,,,,,,,,,,,,,,,,,
B4,DIP,0,,,,,,,,,,,,,,,,,,,,49,,0,,613,225,0.26251853891607757,-0.06687279676456481,0.24263526783146133,0.26000528646298526,nan,10,,,,,,,,,,,composition,,,,,,,,,,,,,,,,,,
B4,DIP,0,,,,,,,,,,,,,,,,,,,,49,,113,,613,225,0.23358560970105674,0.1702919149550126,0.2288079244340394,0.23439371737917739,0.27217725274065396,10,0.9025074243545532,0.5469837784767151,,,,,,,,,C3_eigfeat,,,,,,,,,,,,,,,,,30,eig
B4,DIP,0,,,,,,,,,,,,,,,,,,,,49,,114,,613,225,0.21616258305752958,0.25074209627430544,0.21137634818472828,0.21811578524012787,0.40314378225210984,10,0.8766972422599792,0.5141971707344055,,,,,,,,,C3_msgpass,,,,,,,,,,,,,,,,,13,atom
B4,DIP,0,molecule,zz,0.1,bytype,3,bytype,eig,0,"[0.000,3.142]",none,1,1,Z,1,ridge,1,adam,adjoint,100,50,13,114,22,618,220,0.20947354898710313,0.22998221671790275,0.1995267013467674,0.21141110640811828,0.45390988262580323,9,0.8637796906320204,0.461825031640066,0.46534395674184875,10.02032050926698,3.185719108561386,0.10735313754642302,0.05244150884269712,0.569001263784744,0.0,441.62,zz_bytype_r3,0.20770083176817855,0.19696128315290778,21,0,1.0,1,0.20947354898710313,0.22998221671790275,9,0.1995267013467674,0.21141110640811828,0.45390988262580323,0.24112830451645417,9,0.20927815737551264,0.47132267369934927,,
B4,DIP,0,molecule,xy,0.1,bytype,3,bytype,eig,0,"[0.000,3.142]",none,1,1,Z,1,ridge,1,adam,adjoint,100,50,13,114,22,618,220,0.23303044609376503,0.09777108015260871,0.2165704327846783,0.23165386943649935,0.3840790260632736,9,0.833466197340132,0.4688343373475323,0.43748848022422665,11.15469988555994,3.546367657883966,0.02936887009871543,0.5937708843774592,0.5822964224483014,0.0,451.71,xy_bytype_r3,0.2282849993792385,0.21112420954703198,21,0,1.0,1,0.23303044609376503,0.09777108015260871,9,0.2165704327846783,0.23165386943649935,0.3840790260632736,0.13472524660581608,9,0.22652561306626165,0.3943206734997852,,
B4,DIP,0,molecule,none,0.0,fixed,3,fixed,eig,0,"[0.000,3.142]",none,1,1,Z,1,ridge,1,adam,adjoint,100,50,13,92,22,618,220,0.2579811843804224,-0.12027468314097689,0.23716162417814332,0.2481402528796886,0.2149152379781142,9,0.8530898654680266,0.8231569702899024,0.0350876225234515,2.9432107088742674,1.0997124375686385,0.0005041803633476838,0.0,0.0,0.0,320.35,none_r3,0.2531698859241785,0.23341255844052475,21,0,1.0,1,0.2579811843804224,-0.12027468314097689,9,0.23716162417814332,0.2481402528796886,0.2149152379781142,0.02987643406013729,9,0.24818326137841046,0.23891722241520047,,
B4,DIP,0,molecule,xy,0.1,bytype_shuffled,3,bytype_shuffled,eig,0,"[0.000,3.142]",none,1,1,Z,1,ridge,1,adam,adjoint,100,50,13,114,22,618,220,0.23945691888749812,0.01902864334127219,0.23149207315584752,0.23981482266472667,0.3619476269280492,9,0.833466197340132,0.5363417646435268,0.3564924812125893,11.278053511345426,3.585584966592976,0.17309004362126695,0.6247501107836019,1.0456143715487745,0.0,452.64,xy_shuffled_r3,0.23748555327642676,0.2294108234863805,21,0,1.0,1,0.23945691888749812,0.01902864334127219,9,0.23149207315584752,0.23981482266472667,0.3619476269280492,0.08089099846746617,9,0.23884787289414586,0.3593128398944755,,
B4,DIP,0,,,,,,,,,,,,,,,,,,,,50,,618,,618,220,0.2623814451848508,-0.2671727562264228,0.25655365516962225,0.2613114015619458,0.1817585077236977,9,,,,,,,,,,,krr_res,,,,,,,,,,,,,,,,,,
B4,DIP,0,,,,,,,,,,,,,,,,,,,,50,,0,,618,220,0.24490569127684614,-0.008510889641933916,0.2347998062732662,0.24079351502220211,nan,9,,,,,,,,,,,composition,,,,,,,,,,,,,,,,,,
B4,DIP,0,,,,,,,,,,,,,,,,,,,,50,,113,,618,220,0.2256220460994367,0.13592051348124,0.21254568535462556,0.2237174093073315,0.4111801168382738,9,0.8572849035263062,0.5748804807662964,,,,,,,,,C3_eigfeat,,,,,,,,,,,,,,,,,30,eig
B4,DIP,0,,,,,,,,,,,,,,,,,,,,50,,114,,618,220,0.21190441107494234,0.27760014859112225,0.20985615714022848,0.21157770359624206,0.4849434598909746,9,0.8255717754364014,0.48849600553512573,,,,,,,,,C3_msgpass,,,,,,,,,,,,,,,,,13,atom
B4,DIP,0,molecule,zz,0.1,bytype,3,bytype,eig,0,"[0.000,3.142]",none,1,1,Z,1,ridge,1,adam,adjoint,100,51,13,113,21,645,193,0.2730839265616332,-0.0019139495249320682,0.2388872171611811,0.2695509507110314,0.3090002714349002,11,0.895615489269653,0.50301822406796,0.43835470679704747,9.5939402511076,2.7975200892095717,0.12026632449158237,0.06170251635139733,0.5763215048964537,0.0,467.17,zz_bytype_r3,0.2713303536050367,0.23569759594288178,20,0,1.0,1,0.2730839265616332,-0.0019139495249320682,11,0.2388872171611811,0.2695509507110314,0.3090002714349002,0.00985584124159522,11,0.26788784037957103,0.2952913872984398,,
B4,DIP,0,molecule,xy,0.1,bytype,3,bytype,eig,0,"[0.000,3.142]",none,1,1,Z,1,ridge,1,adam,adjoint,100,51,13,113,21,645,193,0.24400881006241135,0.19712254856337108,0.22729370181807673,0.24634454222033703,0.38185156410088567,11,0.9464453502958501,0.49760468806165903,0.474238329866471,11.28737482041674,3.2913127440947587,0.016133301198575912,0.2740627781865709,1.09364594160705,0.0,473.11,xy_bytype_r3,0.2397267443402401,0.22372789885409217,20,0,1.0,1,0.24400881006241135,0.19712254856337108,11,0.22729370181807673,0.24634454222033703,0.38185156410088567,0.2226689505523871,11,0.24163997001872523,0.38425191471688996,,
B4,DIP,0,molecule,none,0.0,fixed,3,fixed,eig,0,"[0.000,3.142]",none,1,1,Z,1,ridge,1,adam,adjoint,100,51,13,92,21,645,193,0.2990668369196634,-0.12181210465943781,0.2695984559379922,0.30195067092086,0.16211205221231392,11,0.9023537348166608,0.846714141792385,0.06166051170119064,2.813586202280142,0.9469569379785264,0.0006850184127145649,0.0,0.0,0.0,335.24,none_r3,0.28171218383209856,0.2589769968755299,20,0,1.0,1,0.2990668369196634,-0.12181210465943781,11,0.2695984559379922,0.30195067092086,0.16211205221231392,0.10848650149431216,11,0.28260492084467287,0.2383834416004791,,
B4,DIP,0,molecule,xy,0.1,bytype_shuffled,3,bytype_shuffled,eig,0,"[0.000,3.142]",none,1,1,Z,1,ridge,1,adam,adjoint,100,51,13,113,21,645,193,0.2882802870754073,-0.11581902799275468,0.25871260188024525,0.2874266632173689,0.15767191703443895,11,0.9464453502958501,0.566081548975881,0.4018867029153568,7.275334227350211,2.1214321878204854,0.02361682265521926,0.22941103448696615,0.29807155888373044,0.0,472.88,xy_shuffled_r3,0.2847302114448338,0.25463502712597846,20,0,1.0,1,0.2882802870754073,-0.11581902799275468,11,0.25871260188024525,0.2874266632173689,0.15767191703443895,-0.07023670673144977,11,0.28414334478746034,0.13675674259923687,,
B4,DIP,0,,,,,,,,,,,,,,,,,,,,51,,645,,645,193,0.31291141625312524,-0.3256155361006674,0.28528923712576465,0.3142751345906781,0.23374046545262142,11,,,,,,,,,,,krr_res,,,,,,,,,,,,,,,,,,
B4,DIP,0,,,,,,,,,,,,,,,,,,,,51,,0,,645,193,0.2933647229786721,-0.0019160586807653868,0.26347177185421194,0.2936365003711034,nan,11,,,,,,,,,,,composition,,,,,,,,,,,,,,,,,,
B4,DIP,0,,,,,,,,,,,,,,,,,,,,51,,112,,645,193,0.25606428593515507,0.07640182449219468,0.23289186137144796,0.255152258508265,0.21890579511127248,11,0.9027180075645447,0.5771811008453369,,,,,,,,,C3_eigfeat,,,,,,,,,,,,,,,,,30,eig
B4,DIP,0,,,,,,,,,,,,,,,,,,,,51,,113,,645,193,0.24528364688915935,0.176722551806203,0.21916974689156624,0.24777878332830988,0.4212428177466621,11,0.8713813424110413,0.4658564031124115,,,,,,,,,C3_msgpass,,,,,,,,,,,,,,,,,13,atom
B4,DIP,0,molecule,zz,0.1,bytype,3,bytype,eig,0,"[0.000,3.142]",none,1,1,Z,1,ridge,1,adam,adjoint,100,52,13,115,23,618,220,0.24885263122932877,0.06538147550375495,0.23399379462014538,0.2482347062999487,0.17327120351944525,11,0.9124009978143504,0.4641783069359562,0.4912562480226438,11.642950310383688,4.051817283743719,0.1148616464553541,0.38161407321686014,0.7246552583256144,0.0,442.55,zz_bytype_r3,0.24679237243709604,0.2329416164105932,22,0,1.0,1,0.24885263122932877,0.06538147550375495,11,0.23399379462014538,0.2482347062999487,0.17327120351944525,0.08945778467193144,11,0.24692728843768671,0.17671175851826457,,
B4,DIP,0,molecule,xy,0.1,bytype,3,bytype,eig,0,"[0.000,3.142]",none,1,1,Z,1,ridge,1,adam,adjoint,100,52,13,115,23,618,220,0.21132933097038378,0.2520677131720872,0.20165593283278974,0.20903653353646795,0.43345939324641153,11,0.893392947176246,0.47812209406720635,0.46482441396206386,9.474217006887734,3.29708494798011,0.3955010430336661,0.4081955136608851,0.8089822885745113,0.0,451.52,xy_bytype_r3,0.20900954222859366,0.19897881347923108,22,0,1.0,1,0.21132933097038378,0.2520677131720872,11,0.20165593283278974,0.20903653353646795,0.43345939324641153,0.2789917736568285,11,0.20611276935567285,0.442021461963738,,
B4,DIP,0,molecule,none,0.0,fixed,3,fixed,eig,0,"[0.000,3.142]",none,1,1,Z,1,ridge,1,adam,adjoint,100,52,13,92,23,618,220,0.2382962441941652,0.07798957514793481,0.21556060101699717,0.2331425351903953,0.2094003202190725,11,0.9084310302268266,0.8376141791783679,0.07795512118380236,3.4813925972589677,1.454258302300091,0.0106294014189544,0.0,0.0,0.0,320.06,none_r3,0.24260085544427054,0.21940994313643744,22,0,1.0,1,0.2382962441941652,0.07798957514793481,11,0.21556060101699717,0.2331425351903953,0.2094003202190725,0.04679936356069192,11,0.23806982589914222,0.3886585895035972,,
B4,DIP,0,molecule,xy,0.1,bytype_shuffled,3,bytype_shuffled,eig,0,"[0.000,3.142]",none,1,1,Z,1,ridge,1,adam,adjoint,100,52,13,115,23,618,220,0.24352691801275644,0.014416020887566883,0.23082213818911357,0.23875500729831606,0.3197855253882628,11,0.893392947176246,0.5310986052832265,0.40552630624421876,10.561788610722546,3.675566458615497,0.2722215993667961,0.20989245558903147,0.8824429382629901,0.0,452.4,xy_shuffled_r3,0.2390794592323946,0.22720668785396447,22,0,1.0,1,0.24352691801275644,0.014416020887566883,11,0.23082213818911357,0.23875500729831606,0.3197855253882628,0.050628358597276435,11,0.2341952052698214,0.33932090908356766,,
B4,DIP,0,,,,,,,,,,,,,,,,,,,,52,,618,,618,220,0.23991128258950542,0.043125582738058,0.2160942348838981,0.2388940810121214,0.3650362364377265,11,,,,,,,,,,,krr_res,,,,,,,,,,,,,,,,,,
B4,DIP,0,,,,,,,,,,,,,,,,,,,,52,,0,,618,220,0.2512366627831715,-0.04373408253772415,0.230246205868825,0.24665762996885876,nan,11,,,,,,,,,,,composition,,,,,,,,,,,,,,,,,,
B4,DIP,0,,,,,,,,,,,,,,,,,,,,52,,114,,618,220,0.22545822418009462,0.18766691107465827,0.2135792406871099,0.22645510172862857,0.23912810504818238,11,0.922184407711029,0.6500687003135681,,,,,,,,,C3_eigfeat,,,,,,,,,,,,,,,,,30,eig
B4,DIP,0,,,,,,,,,,,,,,,,,,,,52,,115,,618,220,0.2102147689994516,0.2886203624733167,0.2030877135408702,0.21377894947753667,0.3835619916344736,11,0.8617935180664062,0.4691537320613861,,,,,,,,,C3_msgpass,,,,,,,,,,,,,,,,,13,atom
B4,DIP,0,molecule,zz,0.1,bytype,3,bytype,eig,0,"[0.000,3.142]",none,1,1,Z,1,ridge,1,adam,adjoint,100,53,13,115,23,615,223,0.20906640793825607,0.2913658618250504,0.19205261926174233,0.2084108654585726,0.4870369466236228,11,0.898726747579059,0.48593729454522,0.45930473767003005,11.16098054044754,3.1726088223125064,0.026949250511462786,0.3489664166994017,0.9512234415795331,0.0,441.23,zz_bytype_r3,0.20892006097249427,0.1932342581119322,22,0,1.0,1,0.20906640793825607,0.2913658618250504,11,0.19205261926174233,0.2084108654585726,0.4870369466236228,0.30175134118400826,11,0.20859138574871008,0.4774308386560681,,
B4,DIP,0,molecule,xy,0.1,bytype,3,bytype,eig,0,"[0.000,3.142]",none,1,1,Z,1,ridge,1,adam,adjoint,100,53,13,115,23,615,223,0.22308337565366987,0.2730400601295724,0.19213654065658958,0.22204619267931963,0.53661675472848,11,0.8889848126823839,0.47846255728555714,0.46178770383954576,12.689680634980826,3.607155535211962,0.057239578293168086,0.3547899847448757,1.3836361471495355,0.0,451.11,xy_bytype_r3,0.22408525639386287,0.1908999646168456,22,0,1.0,1,0.22308337565366987,0.2730400601295724,11,0.19213654065658958,0.22204619267931963,0.53661675472848,0.2542472183318567,11,0.22354643544254593,0.5407397650870145,,
B4,DIP,0,molecule,none,0.0,fixed,3,fixed,eig,0,"[0.000,3.142]",none,1,1,Z,1,ridge,1,adam,adjoint,100,53,13,92,23,615,223,0.25859211073940697,0.09215420058909685,0.2458903731991621,0.2601216955125378,0.16689672964878133,11,0.8993584759409633,0.8389247964591782,0.0671964306763838,2.7688609883608017,0.9113084325437579,0.0023274851352453147,0.0,0.0,0.0,319.55,none_r3,0.2537995551110634,0.2419160475059323,22,0,1.0,1,0.25859211073940697,0.09215420058909685,11,0.2458903731991621,0.2601216955125378,0.16689672964878133,0.11511527988330317,11,0.2554789723585796,0.22337321842975294,,
B4,DIP,0,molecule,xy,0.1,bytype_shuffled,3,bytype_shuffled,eig,0,"[0.000,3.142]",none,1,1,Z,1,ridge,1,adam,adjoint,100,53,13,115,23,615,223,0.2596592018209245,0.04630772365163649,0.2500647244962431,0.2590081608398973,0.26268931257965983,11,0.8889848126823839,0.5455265080702039,0.38634890013007533,11.028677383601853,3.1350004633419615,0.17431016131746913,0.7361454298716411,0.8859161647627981,0.0,449.24,xy_shuffled_r3,0.25787994936664127,0.24670487026387877,22,0,1.0,1,0.2596592018209245,0.04630772365163649,11,0.2500647244962431,0.2590081608398973,0.26268931257965983,0.06590776180230973,11,0.2581987654376723,0.25621685738751115,,
B4,DIP,0,,,,,,,,,,,,,,,,,,,,53,,615,,615,223,0.2692244671080356,0.012419115394114777,0.257346525886542,0.26797968462278876,0.21176380825163285,11,,,,,,,,,,,krr_res,,,,,,,,,,,,,,,,,,
B4,DIP,0,,,,,,,,,,,,,,,,,,,,53,,0,,615,223,0.2622133221043421,-4.155072759193246e-05,0.2520718950597799,0.26407418927270715,nan,11,,,,,,,,,,,composition,,,,,,,,,,,,,,,,,,
B4,DIP,0,,,,,,,,,,,,,,,,,,,,53,,114,,615,223,0.1928170918015313,0.435801547513887,0.1878082930320312,0.1924654398804259,0.6284775619307881,11,0.8983333706855774,0.5658348798751831,,,,,,,,,C3_eigfeat,,,,,,,,,,,,,,,,,30,eig
B4,DIP,0,,,,,,,,,,,,,,,,,,,,53,,115,,615,223,0.23219459885683846,0.2294773161155771,0.22407344830051917,0.23287725892050434,0.43524161125288363,11,0.9215251803398132,0.5183244943618774,,,,,,,,,C3_msgpass,,,,,,,,,,,,,,,,,13,atom
B4,DIP,0,molecule,zz,0.1,bytype,3,bytype,eig,0,"[0.000,3.142]",none,1,1,Z,1,ridge,1,adam,adjoint,100,54,13,114,22,619,219,0.2341707608588057,0.1449952802724137,0.23061807437350468,0.233729894034991,0.3297019117196275,9,0.889728352615869,0.4518949608635064,0.49209783015804676,10.263927400869758,3.493924563890197,0.29716366072693595,0.24065169786006618,0.44819896555851363,0.0,446.28,zz_bytype_r3,0.23202247810298185,0.2284490104307416,21,0,1.0,1,0.2341707608588057,0.1449952802724137,9,0.23061807437350468,0.233729894034991,0.3297019117196275,0.16396927540309092,9,0.2313679361022382,0.3354386508380577,,
B4,DIP,0,molecule,xy,0.1,bytype,3,bytype,eig,0,"[0.000,3.142]",none,1,1,Z,1,ridge,1,adam,adjoint,100,54,13,114,22,619,219,0.2425457741497145,0.07717440514678497,0.2357162065094754,0.2412927836775542,0.27423796754016805,9,0.8556018076158602,0.5151416308657512,0.39791895449450193,8.756695444844492,2.980850518355669,0.673300468079176,-0.015522082607493236,0.48868365451698104,0.0,452.35,xy_bytype_r3,0.2370684207325977,0.23120421902394694,21,0,1.0,1,0.2425457741497145,0.07717440514678497,9,0.2357162065094754,0.2412927836775542,0.27423796754016805,0.12023123871823127,9,0.23496373790985003,0.29025223431544406,,
B4,DIP,0,molecule,none,0.0,fixed,3,fixed,eig,0,"[0.000,3.142]",none,1,1,Z,1,ridge,1,adam,adjoint,100,54,13,92,22,619,219,0.2666194611390906,0.066744055424101,0.25716207376465305,0.2674248056921855,0.1383215246815186,9,0.8975067206695331,0.8245308093687299,0.08130959871405052,3.2374154933833257,1.311433395940525,0.003855366784597497,0.0,0.0,0.0,324.19,none_r3,0.26108523006258283,0.24902330656849345,21,0,1.0,1,0.2666194611390906,0.066744055424101,9,0.25716207376465305,0.2674248056921855,0.1383215246815186,0.09760377280430133,9,0.2605310075856009,0.18107181491228214,,
B4,DIP,0,molecule,xy,0.1,bytype_shuffled,3,bytype_shuffled,eig,0,"[0.000,3.142]",none,1,1,Z,1,ridge,1,adam,adjoint,100,54,13,114,22,619,219,0.28053812468475614,-0.12602246478941748,0.2601245365222997,0.2693978492925549,0.16484298121099544,9,0.8556018076158602,0.5520150747526845,0.35482245381075345,12.615098278091596,4.294282298409298,0.11528657202843777,0.25398079250056305,1.1182198615796046,0.0,457.11,xy_shuffled_r3,0.2739499591529783,0.2581657778121664,21,0,1.0,1,0.28053812468475614,-0.12602246478941748,9,0.2601245365222997,0.2693978492925549,0.16484298121099544,-0.055443806126918016,9,0.26570445102559703,0.16907392727410359,,
B4,DIP,0,,,,,,,,,,,,,,,,,,,,54,,619,,619,219,0.26594024712776787,-0.09109277693871576,0.26108534422597496,0.2692128136637345,0.1483481358545741,9,,,,,,,,,,,krr_res,,,,,,,,,,,,,,,,,,
B4,DIP,0,,,,,,,,,,,,,,,,,,,,54,,0,,619,219,0.2634762739283422,-0.01070486736930798,0.25085766009694044,0.26054583490566036,nan,9,,,,,,,,,,,composition,,,,,,,,,,,,,,,,,,
B4,DIP,0,,,,,,,,,,,,,,,,,,,,54,,113,,619,219,0.2601686856591106,0.005313481515223595,0.2538585547732251,0.2633943121640573,0.23595205199103025,9,0.8456950187683105,0.5582616329193115,,,,,,,,,C3_eigfeat,,,,,,,,,,,,,,,,,30,eig
B4,DIP,0,,,,,,,,,,,,,,,,,,,,54,,114,,619,219,0.2563130759485571,0.04338889989241612,0.24660325632589425,0.2595163031309362,0.2563274748004105,9,0.886831521987915,0.47678667306900024,,,,,,,,,C3_msgpass,,,,,,,,,,,,,,,,,13,atom
B4,DIP,0,molecule,zz,0.1,bytype,3,bytype,eig,0,"[0.000,3.142]",none,1,1,Z,1,ridge,1,adam,adjoint,100,55,13,115,23,616,222,0.2518853858057829,0.148111623901531,0.24624614795290192,0.25400611620145497,0.21431291563469174,10,0.8988937521236665,0.46024671392340855,0.48798541225138087,9.834901942980814,2.738511032423825,0.01758612334364163,0.3096523610415109,0.7204735365014829,0.0,442.56,zz_bytype_r3,0.2507414677670677,0.24654340270860658,22,0,1.0,1,0.2518853858057829,0.148111623901531,10,0.24624614795290192,0.25400611620145497,0.21431291563469174,0.14592458807616748,10,0.2531676565728761,0.2257254196264155,,
B4,DIP,0,molecule,xy,0.1,bytype,3,bytype,eig,0,"[0.000,3.142]",none,1,1,Z,1,ridge,1,adam,adjoint,100,55,13,115,23,616,222,0.25468715053276103,0.10722083433107277,0.25198254177332985,0.2572094929128721,0.24274940286030006,10,0.8839393168852809,0.47185630946924356,0.466189250262208,9.117211792836098,2.5386714808525026,0.03286262109457316,0.13450363192467932,0.4020791983084993,0.0,450.19,xy_bytype_r3,0.25357735701631107,0.25082163603684887,22,0,1.0,1,0.25468715053276103,0.10722083433107277,10,0.25198254177332985,0.2572094929128721,0.24274940286030006,0.12721078356040805,10,0.2563096292271802,0.23548912668220887,,
B4,DIP,0,molecule,none,0.0,fixed,3,fixed,eig,0,"[0.000,3.142]",none,1,1,Z,1,ridge,1,adam,adjoint,100,55,13,92,23,616,222,0.2805381499036651,-0.019727847205945004,0.2646436435695837,0.2804474151121339,0.0875379527333656,10,0.8673724614844932,0.7953625418675023,0.08302075845680773,3.240552435512294,1.0413927122954842,0.0032612570060044366,0.0,0.0,0.0,319.21,none_r3,0.274378351281504,0.25557305572509503,22,0,1.0,1,0.2805381499036651,-0.019727847205945004,10,0.2646436435695837,0.2804474151121339,0.0875379527333656,0.016589955098154086,10,0.2719152266552425,0.12844881822114543,,
B4,DIP,0,molecule,xy,0.1,bytype_shuffled,3,bytype_shuffled,eig,0,"[0.000,3.142]",none,1,1,Z,1,ridge,1,adam,adjoint,100,55,13,115,23,616,222,0.2970135596111639,-0.25818412953704906,0.2775369895441729,0.2991116724441961,0.19375954817602736,10,0.8839393168852809,0.5503714962708114,0.37736506821515275,12.032714436231277,3.3504880297400907,0.1433638419173929,0.15064165846059194,1.901750205648458,0.0,448.71,xy_shuffled_r3,0.2812621944762856,0.2687922440881418,22,0,1.0,1,0.2970135596111639,-0.25818412953704906,10,0.2775369895441729,0.2991116724441961,0.19375954817602736,-0.13614452137791688,10,0.2838120168439301,0.21778491489071608,,
B4,DIP,0,,,,,,,,,,,,,,,,,,,,55,,616,,616,222,0.29939258561975046,-0.2382337067439999,0.27645022644214784,0.30074466530592003,0.17634980346645981,10,,,,,,,,,,,krr_res,,,,,,,,,,,,,,,,,,
B4,DIP,0,,,,,,,,,,,,,,,,,,,,55,,0,,616,222,0.2620309942669942,-0.005091588195113239,0.24673469497912032,0.25880528684101284,nan,10,,,,,,,,,,,composition,,,,,,,,,,,,,,,,,,
B4,DIP,0,,,,,,,,,,,,,,,,,,,,55,,114,,616,222,0.23331162009598566,0.24390891706890283,0.22913628078322537,0.2351869434114887,0.33352707717170965,10,0.8778344392776489,0.5179941058158875,,,,,,,,,C3_eigfeat,,,,,,,,,,,,,,,,,30,eig
B4,DIP,0,,,,,,,,,,,,,,,,,,,,55,,115,,616,222,0.24277740709382709,-0.033889948882860566,0.21520980553762017,0.24456917738345063,0.33915872767973315,10,0.8233562707901001,0.4812973737716675,,,,,,,,,C3_msgpass,,,,,,,,,,,,,,,,,13,atom
B4,DIP,0,molecule,zz,0.1,bytype,3,bytype,eig,0,"[0.000,3.142]",none,1,1,Z,1,ridge,1,adam,adjoint,100,56,13,115,23,620,218,0.23419030453609896,0.049524664424896336,0.22176056534308147,0.23377072805083318,0.2970081386138536,10,0.936382055057619,0.4845762757330687,0.4825015354408399,11.958616291242983,3.613956790646585,0.195194604839005,0.24894949100685168,1.0021372869419918,0.0,448.57,zz_bytype_r3,0.23227197389246235,0.2187902032792072,22,0,1.0,1,0.23419030453609896,0.049524664424896336,10,0.22176056534308147,0.23377072805083318,0.2970081386138536,0.07759172353552979,10,0.2314075327480858,0.2871516649579938,,
B4,DIP,0,molecule,xy,0.1,bytype,3,bytype,eig,0,"[0.000,3.142]",none,1,1,Z,1,ridge,1,adam,adjoint,100,56,13,115,23,620,218,0.2186700350526519,0.09109898477995115,0.22392538752565422,0.2189914664350331,0.29887869425653957,10,0.8848841494877266,0.4597914405961883,0.4803936302143407,10.17103221067493,3.073739472063386,0.11763797467593386,0.4566142443749969,0.6585007938573847,0.0,456.24,xy_bytype_r3,0.21330058779298017,0.2185785502236262,22,0,1.0,1,0.2186700350526519,0.09109898477995115,10,0.22392538752565422,0.2189914664350331,0.29887869425653957,0.13090640907946105,10,0.21362325633453255,0.3144015981566395,,
B4,DIP,0,molecule,none,0.0,fixed,3,fixed,eig,0,"[0.000,3.142]",none,1,1,Z,1,ridge,1,adam,adjoint,100,56,13,92,23,620,218,0.24852792178941266,0.009866515953036337,0.22303527495481745,0.24700825363185178,0.20417661164908985,10,0.8836013441764421,0.8202701593581979,0.07167393444525802,3.2031305202175027,1.1320778345770972,0.004307329839170194,0.0,0.0,0.0,321.21,none_r3,0.2480787718120377,0.21680096014093683,22,0,1.0,1,0.24852792178941266,0.009866515953036337,10,0.22303527495481745,0.24700825363185178,0.20417661164908985,-0.0076624282678983135,10,0.24342491649290002,0.23671874256593298,,
B4,DIP,0,molecule,xy,0.1,bytype_shuffled,3,bytype_shuffled,eig,0,"[0.000,3.142]",none,1,1,Z,1,ridge,1,adam,adjoint,100,56,13,115,23,620,218,0.2551419041854945,-0.10243486947843694,0.24589174037157224,0.256084687111401,0.23086138563312983,10,0.8848841494877266,0.5333174821822734,0.39730248022747466,10.014076386557868,3.0263065958354933,0.25493947348207224,0.6806630910543083,1.3905367536902025,0.0,457.16,xy_shuffled_r3,0.25397857980446414,0.24560666684138616,22,0,1.0,1,0.2551419041854945,-0.10243486947843694,10,0.24589174037157224,0.256084687111401,0.23086138563312983,-0.0785322099755088,10,0.2546632876709188,0.2141172120535127,,
B4,DIP,0,,,,,,,,,,,,,,,,,,,,56,,620,,620,218,0.2625663569583128,-0.1641194327746316,0.2497088816699653,0.2626510584943989,0.18046092631095678,10,,,,,,,,,,,krr_res,,,,,,,,,,,,,,,,,,
B4,DIP,0,,,,,,,,,,,,,,,,,,,,56,,0,,620,218,0.25056149730689553,-0.08633692358823186,0.2242048564785502,0.24676522167621345,nan,10,,,,,,,,,,,composition,,,,,,,,,,,,,,,,,,
B4,DIP,0,,,,,,,,,,,,,,,,,,,,56,,114,,620,218,0.23081323736290593,0.1522334517397449,0.2003303749623057,0.23129044126908777,0.4167918727785825,10,0.8861113786697388,0.5911197662353516,,,,,,,,,C3_eigfeat,,,,,,,,,,,,,,,,,30,eig
B4,DIP,0,,,,,,,,,,,,,,,,,,,,56,,115,,620,218,0.22321409077568302,0.17150478275686576,0.20037567241480153,0.22412572754908605,0.37555388628098113,10,0.8183600902557373,0.4818307161331177,,,,,,,,,C3_msgpass,,,,,,,,,,,,,,,,,13,atom
B4,DIP,0,molecule,zz,0.1,bytype,3,bytype,eig,0,"[0.000,3.142]",none,1,1,Z,1,ridge,1,adam,adjoint,100,57,13,113,21,643,195,0.23762634817733055,0.06577066435244994,0.22089607050843893,0.23312327406929437,0.2644015298124618,12,0.8900921364645226,0.4549679131245327,0.4888530136535288,11.579195917925151,4.081944539636207,0.016627314971141078,0.07321010143765022,0.9694650115996118,0.0,465.48,zz_bytype_r3,0.2406088557001549,0.2253549090800729,20,0,1.0,1,0.23762634817733055,0.06577066435244994,12,0.22089607050843893,0.23312327406929437,0.2644015298124618,0.044049969411139034,12,0.23629981558770063,0.24505521821553342,,
B4,DIP,0,molecule,xy,0.1,bytype,3,bytype,eig,0,"[0.000,3.142]",none,1,1,Z,1,ridge,1,adam,adjoint,100,57,13,113,21,643,195,0.22790012646580948,0.19601873688830174,0.21402740420202346,0.22827808379511316,0.39201690362636127,12,0.890490728986293,0.46563762595571423,0.4770999733082211,10.296819669703604,3.6298761264846755,0.1261415122687034,-0.017095741711304662,0.6393346753902928,0.0,471.43,xy_bytype_r3,0.2263814830877471,0.21212008904030766,20,0,1.0,1,0.22790012646580948,0.19601873688830174,12,0.21402740420202346,0.22827808379511316,0.39201690362636127,0.2083195126473405,12,0.2261115334597311,0.40360421547209363,,
B4,DIP,0,molecule,none,0.0,fixed,3,fixed,eig,0,"[0.000,3.142]",none,1,1,Z,1,ridge,1,adam,adjoint,100,57,13,92,21,643,195,0.2546587476883004,0.1166334647335111,0.227710825788341,0.256055631608641,0.33256820755375877,12,0.8770894131282972,0.8413889429099036,0.040703341853211374,2.420822915007652,1.0178244748566292,0.000858491007146813,0.0,0.0,0.0,332.99,none_r3,0.2586216203330414,0.23108520744476027,20,0,1.0,1,0.2546587476883004,0.1166334647335111,12,0.227710825788341,0.256055631608641,0.33256820755375877,0.08984201563117944,12,0.26005827779176177,0.24512499121893172,,
B4,DIP,0,molecule,xy,0.1,bytype_shuffled,3,bytype_shuffled,eig,0,"[0.000,3.142]",none,1,1,Z,1,ridge,1,adam,adjoint,100,57,13,113,21,643,195,0.2667983592438533,-0.057624596746337575,0.22635642494624797,0.26698879068158426,0.37307009864987545,12,0.890490728986293,0.5349643484100444,0.3992477057913549,9.39447685291555,3.311778621271382,0.09144767123394637,0.6926982316718194,0.9333161091955483,0.0,470.55,xy_shuffled_r3,0.26040360273518354,0.21901646959422097,20,0,1.0,1,0.2667983592438533,-0.057624596746337575,12,0.22635642494624797,0.26698879068158426,0.37307009864987545,-0.003422371100378907,12,0.2607128982908934,0.3825399650157571,,
B4,DIP,0,,,,,,,,,,,,,,,,,,,,57,,643,,643,195,0.2938294245431927,-0.5294457946295086,0.2557913771028732,0.2738725964138458,0.061673558882782364,12,,,,,,,,,,,krr_res,,,,,,,,,,,,,,,,,,
B4,DIP,0,,,,,,,,,,,,,,,,,,,,57,,0,,643,195,0.26425017882521834,-0.0036236101486151195,0.24167092237487464,0.2648246635507899,nan,12,,,,,,,,,,,composition,,,,,,,,,,,,,,,,,,
B4,DIP,0,,,,,,,,,,,,,,,,,,,,57,,112,,643,195,0.22438599760013198,0.22127213877230056,0.21307823811010362,0.22538201637436386,0.38092288545869374,12,0.8663720488548279,0.5511090755462646,,,,,,,,,C3_eigfeat,,,,,,,,,,,,,,,,,30,eig
B4,DIP,0,,,,,,,,,,,,,,,,,,,,57,,113,,643,195,0.2254480945891689,-0.028335019145179885,0.21233965936486165,0.2269424534183452,0.4192698084396124,12,0.8339268565177917,0.5243459343910217,,,,,,,,,C3_msgpass,,,,,,,,,,,,,,,,,13,atom
B4,DIP,0,molecule,zz,0.1,bytype,3,bytype,eig,0,"[0.000,3.142]",none,1,1,Z,1,ridge,1,adam,adjoint,100,58,13,114,22,623,215,0.2483095779175779,-0.12641272559401395,0.2432745930822757,0.24945701607253667,0.2805857379710752,13,0.8341495857581376,0.43224878982068965,0.48180902178614693,10.871283842724175,3.5515134967248816,0.12557721089244628,0.006599300668367312,0.686284272312155,0.0,449.19,zz_bytype_r3,0.24032868808140745,0.2362360308130209,21,0,1.0,1,0.2483095779175779,-0.12641272559401395,13,0.2432745930822757,0.24945701607253667,0.2805857379710752,-0.021804449526140912,13,0.24168915490395512,0.29590492926753464,,
B4,DIP,0,molecule,xy,0.1,bytype,3,bytype,eig,0,"[0.000,3.142]",none,1,1,Z,1,ridge,1,adam,adjoint,100,58,13,114,22,623,215,0.2489870432185236,-0.050479484952002496,0.22773600127424215,0.24964968496823034,0.3047279046852511,13,0.8060004463271868,0.4445232504664369,0.4484826249265032,12.196085689612158,3.9843098166239037,0.07906877175521641,0.7935187277423116,1.2033429252466683,0.0,455.99,xy_bytype_r3,0.24350227645438946,0.22236289046654614,21,0,1.0,1,0.2489870432185236,-0.050479484952002496,13,0.22773600127424215,0.24964968496823034,0.3047279046852511,-0.022732187547847005,13,0.24444743503199678,0.32753321986059847,,
B4,DIP,0,molecule,none,0.0,fixed,3,fixed,eig,0,"[0.000,3.142]",none,1,1,Z,1,ridge,1,adam,adjoint,100,58,13,92,22,623,215,0.27135211117692315,-0.07900969363100607,0.24386860293528248,0.27241745603692147,0.08965144474478075,13,0.8311535370953671,0.7971290635959174,0.04093644793759172,1.9335937404993064,0.7459890180222072,0.0008329412054035798,0.0,0.0,0.0,322.8,none_r3,0.2730297252026068,0.23835980654587455,21,0,1.0,1,0.27135211117692315,-0.07900969363100607,13,0.24386860293528248,0.27241745603692147,0.08965144474478075,-0.0775547599565547,13,0.27345015393512156,0.1733721721703456,,
B4,DIP,0,molecule,xy,0.1,bytype_shuffled,3,bytype_shuffled,eig,0,"[0.000,3.142]",none,1,1,Z,1,ridge,1,adam,adjoint,100,58,13,114,22,623,215,0.24633951377977756,0.0026661534500111994,0.22401786560221287,0.24659824205008568,0.3417410877943797,13,0.8060004463271868,0.5117111735867684,0.36512296498276997,10.91822154928373,3.5668474628657014,0.4965005590187684,0.8053960579617482,1.4625461040583134,0.0,454.5,xy_shuffled_r3,0.2418435483586275,0.21951803615975132,21,0,1.0,1,0.24633951377977756,0.0026661534500111994,13,0.22401786560221287,0.24659824205008568,0.3417410877943797,0.03159035410268174,13,0.24207782003773506,0.34647579639927095,,
B4,DIP,0,,,,,,,,,,,,,,,,,,,,58,,623,,623,215,0.2601006797003171,-0.0742504689237451,0.23584163369587396,0.2627341787955893,0.3170161293655874,13,,,,,,,,,,,krr_res,,,,,,,,,,,,,,,,,,
B4,DIP,0,,,,,,,,,,,,,,,,,,,,58,,0,,623,215,0.2589499977005487,-0.005824927160923643,0.2366214225547238,0.2589453153865956,nan,13,,,,,,,,,,,composition,,,,,,,,,,,,,,,,,,
B4,DIP,0,,,,,,,,,,,,,,,,,,,,58,,113,,623,215,0.23570591267212126,0.10302126561165703,0.2190155975428144,0.23664725340523887,0.2732124418821528,13,0.874210774898529,0.5595267415046692,,,,,,,,,C3_eigfeat,,,,,,,,,,,,,,,,,30,eig
B4,DIP,0,,,,,,,,,,,,,,,,,,,,58,,114,,623,215,0.22653757146899475,0.12609518053335944,0.21677648023206705,0.22864941347616125,0.32679865892419424,13,0.8038105964660645,0.4757857024669647,,,,,,,,,C3_msgpass,,,,,,,,,,,,,,,,,13,atom
B4,DIP,0,molecule,zz,0.1,bytype,3,bytype,eig,0,"[0.000,3.142]",none,1,1,Z,1,ridge,1,adam,adjoint,100,59,13,113,21,633,205,0.21309827993102218,0.23173155253541888,0.20713527273157809,0.20984262625134759,0.4148937016984402,12,0.8657129784861799,0.48269523212254123,0.44243040809368334,10.03270993998996,3.289385726085744,0.24608282725531033,0.48819813068355744,1.0312164432437319,0.0,455.18,zz_bytype_r3,0.21543699489223703,0.20962800355084166,20,0,1.0,1,0.21309827993102218,0.23173155253541888,12,0.20713527273157809,0.20984262625134759,0.4148937016984402,0.20704782907984576,12,0.21244211086924228,0.39024542912747356,,
B4,DIP,0,molecule,xy,0.1,bytype,3,bytype,eig,0,"[0.000,3.142]",none,1,1,Z,1,ridge,1,adam,adjoint,100,59,13,113,21,633,205,0.20939840383574745,0.29803535213094823,0.1994185576030057,0.2104810354860088,0.4786155905369502,12,0.8612929084714807,0.4511651566037592,0.4761768590380791,9.438378281603681,3.09452450859313,0.21787196349662508,0.3431613397614511,0.5122939023527642,0.0,461.14,xy_bytype_r3,0.20876480722725335,0.19860399082798183,20,0,1.0,1,0.20939840383574745,0.29803535213094823,12,0.1994185576030057,0.2104810354860088,0.4786155905369502,0.3090497904945434,12,0.20992226864431648,0.46238968828133353,,
B4,DIP,0,molecule,none,0.0,fixed,3,fixed,eig,0,"[0.000,3.142]",none,1,1,Z,1,ridge,1,adam,adjoint,100,59,13,92,21,633,205,0.243131783574773,0.08941934945596963,0.23531754998137985,0.24552950987140965,0.11522575903288161,12,0.87049952040578,0.81769379039244,0.06066141195428219,3.302878544691855,1.2743728565739278,0.006023434083622433,0.0,0.0,0.0,326.47,none_r3,0.24357595948700234,0.22806222953900948,20,0,1.0,1,0.243131783574773,0.08941934945596963,12,0.23531754998137985,0.24552950987140965,0.11522575903288161,0.08893935430982147,12,0.24318860684547725,0.175397479493648,,
B4,DIP,0,molecule,xy,0.1,bytype_shuffled,3,bytype_shuffled,eig,0,"[0.000,3.142]",none,1,1,Z,1,ridge,1,adam,adjoint,100,59,13,113,21,633,205,0.2328167730790731,0.04961626045182532,0.2252919597596819,0.23342837497762897,0.3648557680024804,12,0.8612929084714807,0.5669641081904502,0.34172904175348423,8.267628517395664,2.710675320662959,1.173684394505827,0.42048565742047567,1.3918271887441047,0.0,461.19,xy_shuffled_r3,0.22593674107476813,0.21696960539810578,20,0,1.0,1,0.2328167730790731,0.04961626045182532,12,0.2252919597596819,0.23342837497762897,0.3648557680024804,0.20500808631715817,12,0.22637018088727154,0.363998823113273,,
B4,DIP,0,,,,,,,,,,,,,,,,,,,,59,,633,,633,205,0.24596288393532792,-0.08438877262091449,0.23006970396424947,0.24553542142358875,0.27551692591151494,12,,,,,,,,,,,krr_res,,,,,,,,,,,,,,,,,,
B4,DIP,0,,,,,,,,,,,,,,,,,,,,59,,0,,633,205,0.24861343520980234,-0.0010403547061008656,0.2322463861109592,0.24840522444648794,nan,12,,,,,,,,,,,composition,,,,,,,,,,,,,,,,,,
B4,DIP,0,,,,,,,,,,,,,,,,,,,,59,,112,,633,205,0.21763782784698155,0.2082295256942016,0.21815071275676665,0.2188300764869737,0.32663922559986136,12,0.8920072317123413,0.5386333465576172,,,,,,,,,C3_eigfeat,,,,,,,,,,,,,,,,,30,eig
B4,DIP,0,,,,,,,,,,,,,,,,,,,,59,,113,,633,205,0.22658324760607046,0.08496432881846216,0.22209026500008103,0.2281809757645244,0.34082407778612356,12,0.8909439444541931,0.467803031206131,,,,,,,,,C3_msgpass,,,,,,,,,,,,,,,,,13,atom
B4,DIP,0,molecule,zz,0.1,bytype,3,bytype,eig,0,"[0.000,3.142]",none,1,1,Z,1,ridge,1,adam,adjoint,100,60,13,114,22,625,213,0.24682855253308078,0.1881698614546634,0.21444647480233514,0.24893493547509143,0.40328364591607746,9,0.9265858680520273,0.5237945357084776,0.4347048085142317,9.110901024246775,2.9509405759964684,0.18619568434096764,0.20926365351306372,0.5040761657674352,0.0,446.66,zz_bytype_r3,0.24684128392677215,0.21265413529714655,21,0,1.0,1,0.24682855253308078,0.1881698614546634,9,0.21444647480233514,0.24893493547509143,0.40328364591607746,0.19287552315473655,9,0.24892944633650754,0.41937047306601244,,
B4,DIP,0,molecule,xy,0.1,bytype,3,bytype,eig,0,"[0.000,3.142]",none,1,1,Z,1,ridge,1,adam,adjoint,100,60,13,114,22,625,213,0.2364879400885471,0.27500506972161654,0.19286894265407384,0.23279599655438585,0.5809116246972341,9,0.9220483228788205,0.5055836248388014,0.4516733968342706,12.139689141720792,3.9319383640488246,0.12327360750868352,0.3458621943041036,0.8561906970306205,0.0,453.4,xy_bytype_r3,0.24297985085709556,0.19481474123136994,21,0,1.0,1,0.2364879400885471,0.27500506972161654,9,0.19286894265407384,0.23279599655438585,0.5809116246972341,0.24187549435464406,9,0.2388656014192559,0.559982866516293,,
B4,DIP,0,molecule,none,0.0,fixed,3,fixed,eig,0,"[0.000,3.142]",none,1,1,Z,1,ridge,1,adam,adjoint,100,60,13,92,22,625,213,0.25655808217244935,0.17444267908900424,0.23045653260569698,0.2538583909528206,0.3866795847533647,9,0.9259145396604522,0.8854762449896886,0.04367389530959631,2.837320558939552,1.0836022969732342,0.0015695889861624037,0.0,0.0,0.0,322.2,none_r3,0.2705555497498946,0.23892514478627316,21,0,1.0,1,0.25655808217244935,0.17444267908900424,9,0.23045653260569698,0.2538583909528206,0.3866795847533647,0.07815727441921883,9,0.2662124670710586,0.31971867787788005,,
B4,DIP,0,molecule,xy,0.1,bytype_shuffled,3,bytype_shuffled,eig,0,"[0.000,3.142]",none,1,1,Z,1,ridge,1,adam,adjoint,100,60,13,114,22,625,213,0.26052611463397496,0.1712168963159899,0.2288080139746926,0.2603477573513111,0.36777276782312773,9,0.9220483228788205,0.6129430240997131,0.3352376346328774,11.04067768899529,3.5759782366474155,0.11956871047182066,0.4455145091657256,1.853987144787672,0.0,452.44,xy_shuffled_r3,0.25523791680499464,0.22287844799069953,21,0,1.0,1,0.26052611463397496,0.1712168963159899,9,0.2288080139746926,0.2603477573513111,0.36777276782312773,0.20631493197056927,9,0.25564140758673537,0.3686897252083507,,
B4,DIP,0,,,,,,,,,,,,,,,,,,,,60,,625,,625,213,0.26212284155135984,0.12224730513974835,0.22579497693463466,0.25530903334488325,0.32686895303889507,9,,,,,,,,,,,krr_res,,,,,,,,,,,,,,,,,,
B4,DIP,0,,,,,,,,,,,,,,,,,,,,60,,0,,625,213,0.2797539946215962,-0.008593141194377152,0.24808018485659353,0.2764593502829268,nan,9,,,,,,,,,,,composition,,,,,,,,,,,,,,,,,,
B4,DIP,0,,,,,,,,,,,,,,,,,,,,60,,113,,625,213,0.22128749322617924,0.407670099577612,0.20298744438856367,0.2205475692106128,0.5102482959249729,9,0.9389902353286743,0.6375904083251953,,,,,,,,,C3_eigfeat,,,,,,,,,,,,,,,,,30,eig
B4,DIP,0,,,,,,,,,,,,,,,,,,,,60,,114,,625,213,0.23984610468523593,0.2693230667250017,0.2203033551681686,0.2400212781340489,0.39779742405837837,9,0.8994896411895752,0.5167075395584106,,,,,,,,,C3_msgpass,,,,,,,,,,,,,,,,,13,atom
B4,DIP,0,molecule,zz,0.1,bytype,3,bytype,eig,0,"[0.000,3.142]",none,1,1,Z,1,ridge,1,adam,adjoint,100,61,13,113,21,626,212,0.23828900604796246,0.10483632172057755,0.20985737414724903,0.2355705355194313,0.32976227563781485,12,0.9146796513385129,0.48182845563333754,0.4732270965815789,10.395296020106567,3.4033497926627723,0.741467571386258,0.529228060717729,0.6137285041300723,0.0,443.64,zz_bytype_r3,0.23354265049960157,0.20771139594882648,20,0,1.0,1,0.23828900604796246,0.10483632172057755,12,0.20985737414724903,0.2355705355194313,0.32976227563781485,0.1451562229174861,12,0.23097767876467173,0.33342461024686976,,
B4,DIP,0,molecule,xy,0.1,bytype,3,bytype,eig,0,"[0.000,3.142]",none,1,1,Z,1,ridge,1,adam,adjoint,100,61,13,113,21,626,212,0.24235614328437383,0.04712152169440964,0.23171457818603813,0.243651145069469,0.28969671288837107,12,0.8685133811838832,0.4695988812653981,0.4593072583115748,12.00919078981606,3.9317280532958954,0.14897066572345116,0.1942453161547307,1.0169930724158476,0.0,453.14,xy_bytype_r3,0.23729764895289038,0.22468944052901355,20,0,1.0,1,0.24235614328437383,0.04712152169440964,12,0.23171457818603813,0.243651145069469,0.28969671288837107,0.0889333831714354,12,0.23842946236860696,0.28264259135157216,,
B4,DIP,0,molecule,none,0.0,fixed,3,fixed,eig,0,"[0.000,3.142]",none,1,1,Z,1,ridge,1,adam,adjoint,100,61,13,92,21,626,212,0.2560003290696423,0.05320073534979275,0.2328753165404021,0.25698563586180734,0.2412561639320183,12,0.9085170206247932,0.8372652045931804,0.07842650650904971,3.1807904120512975,1.225184252805089,0.0006613759648388042,0.0,0.0,0.0,323.76,none_r3,0.25094265104590674,0.23318228223786813,20,0,1.0,1,0.2560003290696423,0.05320073534979275,12,0.2328753165404021,0.25698563586180734,0.2412561639320183,0.03859610800053481,12,0.2521022915983676,0.1953159611636464,,
B4,DIP,0,molecule,xy,0.1,bytype_shuffled,3,bytype_shuffled,eig,0,"[0.000,3.142]",none,1,1,Z,1,ridge,1,adam,adjoint,100,61,13,113,21,626,212,0.25852716189038344,0.001231592078122512,0.2493603550520517,0.25693664348282863,0.25614479972096355,12,0.8685133811838832,0.5435802330589364,0.3741256671048933,11.908417102783506,3.8987354279579796,0.15070425152131098,0.6809293940147322,1.4544703267986707,0.0,452.91,xy_shuffled_r3,0.25448490789441286,0.24507736848860742,20,0,1.0,1,0.25852716189038344,0.001231592078122512,12,0.2493603550520517,0.25693664348282863,0.25614479972096355,0.03956209476827799,12,0.253450294245529,0.2532613061786778,,
B4,DIP,0,,,,,,,,,,,,,,,,,,,,61,,626,,626,212,0.27750219364994366,-0.213628434634755,0.25888962755896305,0.2776658438936698,0.2601330012473238,12,,,,,,,,,,,krr_res,,,,,,,,,,,,,,,,,,
B4,DIP,0,,,,,,,,,,,,,,,,,,,,61,,0,,626,212,0.260107098740129,-0.027528758809417075,0.23655338795037914,0.2603424259748995,nan,12,,,,,,,,,,,composition,,,,,,,,,,,,,,,,,,
B4,DIP,0,,,,,,,,,,,,,,,,,,,,61,,112,,626,212,0.2406459205024872,0.13242984677997516,0.21799219911468812,0.2395925435126228,0.3158307006838739,12,0.877275824546814,0.5522444248199463,,,,,,,,,C3_eigfeat,,,,,,,,,,,,,,,,,30,eig
B4,DIP,0,,,,,,,,,,,,,,,,,,,,61,,113,,626,212,0.20344413888391383,0.30604408640060876,0.1971840646402444,0.20410578216543168,0.39189177174383877,12,0.8415185809135437,0.49302253127098083,,,,,,,,,C3_msgpass,,,,,,,,,,,,,,,,,13,atom
