config,target,residual,split,entangler,alpha,alpha_mode,n_rounds,bond_param_mode,encode_source,drop_q0,angle_range,rz_source,canonical,n_reupload,observable,use_cnot,readout,scaler,optimizer,diff_method,epochs,seed,n_qubits,n_params,n_types,n_train,n_test,mae,r2,isomer_mae,isomer_mae_tr,isomer_rho,n_isomer_groups,loss_first,loss_last,loss_drop,param_shift,param_shift_rel,grad_norm_last,alpha_mean,angle_max,comp_r2,time_s,arm,cut_name,cut_lo,cut_hi,scheme,n_types_train,max_types,train_frac,types_from_train
B5,eAT,1,molecule,zz,0.1,bytype,3,bytype,eig,0,"[0.000,3.142]",none,1,1,Z,1,ridge,1,adam,adjoint,100,42,13,109,17,150,54,0.4432667677011538,0.9816238190296385,0.3020181345644569,0.4614128690949377,0.14533333333333331,10,0.5191733065159051,0.06090194598831044,0.8826943811941829,8.451584374838703,3.4249005388830556,0.03742097698541575,0.4890567094220027,0.4235877031807614,0.9625054122237194,102.89,bytype,m06,0.78,0.89,elem_order,16,0,1.0,1
B5,eAT,1,molecule,zz,0.1,bytype_shuffled,3,bytype_shuffled,eig,0,"[0.000,3.142]",none,1,1,Z,1,ridge,1,adam,adjoint,100,42,13,109,17,150,54,0.6963613916428021,0.9605202869124353,0.5287641661091875,0.7253060317698783,-0.24766666666666665,10,0.5191733065159051,0.17436276446721277,0.6641530635745982,6.574289423628976,2.6641498671886326,0.3020334425737865,0.48151098290957994,0.5557491146335289,0.9625054122237194,103.98,shuffled,m06,0.78,0.89,elem_order,16,0,1.0,1
B5,eAT,1,molecule,none,0.0,fixed,3,fixed,eig,0,"[0.000,3.142]",none,1,1,Z,1,ridge,1,adam,adjoint,100,42,13,92,17,150,54,0.48130239274160824,0.9792785961634193,0.2852064853812699,0.48124411888632906,0.28833333333333333,10,0.5209261405157443,0.3763517386752058,0.2775333979158776,2.8069951983385995,1.3656838786355967,0.019731653952862444,0.0,0.0,0.9625054122237194,78.27,none,m06,0.78,0.89,elem_order,16,0,1.0,1
B5,eAT,1,molecule,zz,0.1,bytype,3,bytype,eig,0,"[0.000,3.142]",none,1,1,Z,1,ridge,1,adam,adjoint,100,42,13,111,19,150,54,0.3386021582047373,0.9884079635708181,0.3125310706406607,0.35010010975055933,0.44666666666666666,10,0.5191733065159051,0.02659958881538111,0.9487654922132129,7.479213690692902,3.0021728240995085,0.26829669333971945,0.044942738218904064,1.0679019647174066,0.9625054122237194,107.39,bytype,m03,0.81,0.92,elem_order,18,0,1.0,1
B5,eAT,1,molecule,zz,0.1,bytype_shuffled,3,bytype_shuffled,eig,0,"[0.000,3.142]",none,1,1,Z,1,ridge,1,adam,adjoint,100,42,13,111,19,150,54,0.5606148668312337,0.9740168544516031,0.4196604853547764,0.5881253377291094,0.13233333333333336,10,0.5191733065159051,0.11152044981519765,0.785196102311972,8.558811289936038,3.4355256747399543,0.07484189634124143,0.8022847564835448,0.8354176819374174,0.9625054122237194,108.0,shuffled,m03,0.81,0.92,elem_order,18,0,1.0,1
B5,eAT,1,molecule,none,0.0,fixed,3,fixed,eig,0,"[0.000,3.142]",none,1,1,Z,1,ridge,1,adam,adjoint,100,42,13,92,19,150,54,0.48130239274160824,0.9792785961634193,0.2852064853812699,0.48124411888632906,0.28833333333333333,10,0.5209261405157443,0.3763517386752058,0.2775333979158776,2.8069951983385995,1.3656838786355967,0.019731653952862444,0.0,0.0,0.9625054122237194,80.04,none,m03,0.81,0.92,elem_order,18,0,1.0,1
B5,eAT,1,molecule,zz,0.1,bytype,3,bytype,eig,0,"[0.000,3.142]",none,1,1,Z,1,ridge,1,adam,adjoint,100,42,13,114,22,150,54,0.5313330725104142,0.9705755112930551,0.452594665630465,0.5513875097677925,0.326,10,0.5191733065159051,0.061048608516113656,0.8824118887663894,6.3991859641891224,2.534914807783947,0.20452180183228527,0.195067708139859,0.5008996272962715,0.9625054122237194,108.06,bytype,base,0.84,0.95,elem_order,21,0,1.0,1
B5,eAT,1,molecule,zz,0.1,bytype_shuffled,3,bytype_shuffled,eig,0,"[0.000,3.142]",none,1,1,Z,1,ridge,1,adam,adjoint,100,42,13,114,22,150,54,0.4912027682607645,0.977929628877239,0.3175775585100432,0.49684831341453545,0.35700000000000004,10,0.5191733065159051,0.13346431833424058,0.7429291593785903,7.023291527892749,2.782142258885712,0.19870046312676298,0.3064024653392619,0.5355354114460961,0.9625054122237194,108.98,shuffled,base,0.84,0.95,elem_order,21,0,1.0,1
B5,eAT,1,molecule,none,0.0,fixed,3,fixed,eig,0,"[0.000,3.142]",none,1,1,Z,1,ridge,1,adam,adjoint,100,42,13,92,22,150,54,0.48130239274160824,0.9792785961634193,0.2852064853812699,0.48124411888632906,0.28833333333333333,10,0.5209261405157443,0.3763517386752058,0.2775333979158776,2.8069951983385995,1.3656838786355967,0.019731653952862444,0.0,0.0,0.9625054122237194,80.02,none,base,0.84,0.95,elem_order,21,0,1.0,1
B5,eAT,1,molecule,zz,0.1,bytype,3,bytype,eig,0,"[0.000,3.142]",none,1,1,Z,1,ridge,1,adam,adjoint,100,42,13,114,22,150,54,0.2965231394296076,0.991060630489893,0.22945052458651788,0.30167497294479945,0.5653333333333334,10,0.5191733065159051,0.05064737878603477,0.9024461039302621,9.158413226649305,3.627929776374218,0.044814567597666034,0.4024317785174587,0.728393904844504,0.9625054122237194,108.5,bytype,p03,0.87,0.98,elem_order,21,0,1.0,1
B5,eAT,1,molecule,zz,0.1,bytype_shuffled,3,bytype_shuffled,eig,0,"[0.000,3.142]",none,1,1,Z,1,ridge,1,adam,adjoint,100,42,13,114,22,150,54,0.6059664432582303,0.9668816675678542,0.4476230586621476,0.6286557547919459,0.026999999999999993,10,0.5191733065159051,0.14912737337517692,0.7127599368003942,7.051813295935773,2.7934406103574534,0.20054455045664593,0.3908204479009194,0.4982288685405894,0.9625054122237194,109.21,shuffled,p03,0.87,0.98,elem_order,21,0,1.0,1
B5,eAT,1,molecule,none,0.0,fixed,3,fixed,eig,0,"[0.000,3.142]",none,1,1,Z,1,ridge,1,adam,adjoint,100,42,13,92,22,150,54,0.48130239274160824,0.9792785961634193,0.2852064853812699,0.48124411888632906,0.28833333333333333,10,0.5209261405157443,0.3763517386752058,0.2775333979158776,2.8069951983385995,1.3656838786355967,0.019731653952862444,0.0,0.0,0.9625054122237194,79.9,none,p03,0.87,0.98,elem_order,21,0,1.0,1
B5,eAT,1,molecule,zz,0.1,bytype,3,bytype,eig,0,"[0.000,3.142]",none,1,1,Z,1,ridge,1,adam,adjoint,100,42,13,113,21,150,54,0.3255271207327151,0.9866588763193549,0.18637207924035282,0.3296025222831084,0.4216666666666667,10,0.5191733065159051,0.032146221080056755,0.938081906992127,8.139599092865527,3.238179198687891,0.15955883128274226,0.3524885436909183,0.3715296744534964,0.9625054122237194,108.79,bytype,p06,0.9,1.01,elem_order,20,0,1.0,1
B5,eAT,1,molecule,zz,0.1,bytype_shuffled,3,bytype_shuffled,eig,0,"[0.000,3.142]",none,1,1,Z,1,ridge,1,adam,adjoint,100,42,13,113,21,150,54,0.5891049345523166,0.970516068933312,0.3867087206616867,0.5762316250852827,-0.0206666666666667,10,0.5191733065159051,0.15633121830151916,0.6988843294917554,7.59253131999348,3.020539059145942,0.09262277792457556,0.6223367295598099,0.504881268524194,0.9625054122237194,109.28,shuffled,p06,0.9,1.01,elem_order,20,0,1.0,1
B5,eAT,1,molecule,none,0.0,fixed,3,fixed,eig,0,"[0.000,3.142]",none,1,1,Z,1,ridge,1,adam,adjoint,100,42,13,92,21,150,54,0.48130239274160824,0.9792785961634193,0.2852064853812699,0.48124411888632906,0.28833333333333333,10,0.5209261405157443,0.3763517386752058,0.2775333979158776,2.8069951983385995,1.3656838786355967,0.019731653952862444,0.0,0.0,0.9625054122237194,79.98,none,p06,0.9,1.01,elem_order,20,0,1.0,1
B5,eAT,1,molecule,zz,0.1,bytype,3,bytype,eig,0,"[0.000,3.142]",none,1,1,Z,1,ridge,1,adam,adjoint,100,42,13,104,12,150,54,0.5546369732405351,0.9683939024093812,0.3212061580773572,0.5773689398486277,0.16066666666666662,10,0.5191733065159051,0.08645304961378503,0.8334794017166279,7.070515250910057,2.9438559085607805,0.06476851084787799,0.032541880284819406,0.33803638682075926,0.9625054122237194,108.95,bytype,elem_only,0.84,0.95,elem,11,0,1.0,1
B5,eAT,1,molecule,zz,0.1,bytype_shuffled,3,bytype_shuffled,eig,0,"[0.000,3.142]",none,1,1,Z,1,ridge,1,adam,adjoint,100,42,13,104,12,150,54,0.7402904485270497,0.9578797351265538,0.46665760200637024,0.773339812164551,0.10666666666666667,10,0.5191733065159051,0.17378810170813963,0.6652599439782338,6.464361881035739,2.691479933674245,0.7954820014896558,0.4367638784153846,0.5298186110752711,0.9625054122237194,109.33,shuffled,elem_only,0.84,0.95,elem,11,0,1.0,1
B5,eAT,1,molecule,none,0.0,fixed,3,fixed,eig,0,"[0.000,3.142]",none,1,1,Z,1,ridge,1,adam,adjoint,100,42,13,92,12,150,54,0.48130239274160824,0.9792785961634193,0.2852064853812699,0.48124411888632906,0.28833333333333333,10,0.5209261405157443,0.3763517386752058,0.2775333979158776,2.8069951983385995,1.3656838786355967,0.019731653952862444,0.0,0.0,0.9625054122237194,80.46,none,elem_only,0.84,0.95,elem,11,0,1.0,1
B5,eAT,1,molecule,zz,0.1,bytype,3,bytype,eig,0,"[0.000,3.142]",none,1,1,Z,1,ridge,1,adam,adjoint,100,43,13,110,18,159,45,0.2762161603591982,0.9928653701364472,0.1932862074795308,0.2209408439046488,0.6507142857142858,9,0.3756514265972381,0.047136508191680075,0.8745206197706833,8.45351496990116,2.9167018237139177,0.015534063191681073,0.33718260741018746,0.6312502402051016,0.957994129331869,109.78,bytype,m06,0.78,0.89,elem_order,17,0,1.0,1
B5,eAT,1,molecule,zz,0.1,bytype_shuffled,3,bytype_shuffled,eig,0,"[0.000,3.142]",none,1,1,Z,1,ridge,1,adam,adjoint,100,43,13,110,18,159,45,0.5239586917734624,0.9788808277983777,0.2984716492868035,0.48198144926239583,0.47476190476190483,9,0.3756514265972381,0.16120638732680972,0.5708617726090782,6.495760066163653,2.241220994916992,0.28059554223348615,0.42039559906488994,0.3253936301217298,0.957994129331869,109.98,shuffled,m06,0.78,0.89,elem_order,17,0,1.0,1
B5,eAT,1,molecule,none,0.0,fixed,3,fixed,eig,0,"[0.000,3.142]",none,1,1,Z,1,ridge,1,adam,adjoint,100,43,13,92,18,159,45,0.5689513312581141,0.9635690662173954,0.3256778748661503,0.43086749663150686,0.31059523809523815,9,0.48940938739052514,0.3580281455708503,0.26844855289798303,3.4078024216025873,1.3774191384460777,0.03016581420772872,0.0,0.0,0.957994129331869,83.75,none,m06,0.78,0.89,elem_order,17,0,1.0,1
B5,eAT,1,molecule,zz,0.1,bytype,3,bytype,eig,0,"[0.000,3.142]",none,1,1,Z,1,ridge,1,adam,adjoint,100,43,13,112,20,159,45,0.30171706709837753,0.9939420465402464,0.2023746527217119,0.276953661376961,0.43726190476190474,9,0.3756514265972381,0.019470582290738742,0.9481684856966762,7.354613279252227,2.517614584858301,0.007524541316032138,-0.03425129600125963,0.6959577602258733,0.957994129331869,115.12,bytype,m03,0.81,0.92,elem_order,19,0,1.0,1
B5,eAT,1,molecule,zz,0.1,bytype_shuffled,3,bytype_shuffled,eig,0,"[0.000,3.142]",none,1,1,Z,1,ridge,1,adam,adjoint,100,43,13,112,20,159,45,0.5077282512098795,0.9774488309858519,0.2704219329396997,0.4306820645092955,0.3723809523809524,9,0.3756514265972381,0.18013534089258382,0.5204720969003017,6.208347018823288,2.1252273109375848,0.13979420658669267,0.4581182624854375,0.3291821448653256,0.957994129331869,115.5,shuffled,m03,0.81,0.92,elem_order,19,0,1.0,1
B5,eAT,1,molecule,none,0.0,fixed,3,fixed,eig,0,"[0.000,3.142]",none,1,1,Z,1,ridge,1,adam,adjoint,100,43,13,92,20,159,45,0.5689513312581141,0.9635690662173954,0.3256778748661503,0.43086749663150686,0.31059523809523815,9,0.48940938739052514,0.3580281455708503,0.26844855289798303,3.4078024216025873,1.3774191384460777,0.03016581420772872,0.0,0.0,0.957994129331869,85.22,none,m03,0.81,0.92,elem_order,19,0,1.0,1
B5,eAT,1,molecule,zz,0.1,bytype,3,bytype,eig,0,"[0.000,3.142]",none,1,1,Z,1,ridge,1,adam,adjoint,100,43,13,115,23,159,45,0.21900305961056304,0.9962770092388524,0.1450785239120238,0.21258948516681642,0.6033333333333333,9,0.3756514265972381,0.03349277914116103,0.9108408040811968,8.712384894522081,2.9497190201699626,0.04830634401336562,0.16176027405635504,0.5395274267729538,0.957994129331869,114.43,bytype,base,0.84,0.95,elem_order,22,0,1.0,1
B5,eAT,1,molecule,zz,0.1,bytype_shuffled,3,bytype_shuffled,eig,0,"[0.000,3.142]",none,1,1,Z,1,ridge,1,adam,adjoint,100,43,13,115,23,159,45,0.7115345877039506,0.947604589656255,0.3992541225516543,0.5693884722287483,0.3996428571428572,9,0.3756514265972381,0.14360853335037038,0.617708004861797,7.347738668486567,2.487695937228455,0.039951677097904446,0.36971875503670226,1.0736756978916604,0.957994129331869,115.18,shuffled,base,0.84,0.95,elem_order,22,0,1.0,1
B5,eAT,1,molecule,none,0.0,fixed,3,fixed,eig,0,"[0.000,3.142]",none,1,1,Z,1,ridge,1,adam,adjoint,100,43,13,92,23,159,45,0.5689513312581141,0.9635690662173954,0.3256778748661503,0.43086749663150686,0.31059523809523815,9,0.48940938739052514,0.3580281455708503,0.26844855289798303,3.4078024216025873,1.3774191384460777,0.03016581420772872,0.0,0.0,0.957994129331869,85.22,none,base,0.84,0.95,elem_order,22,0,1.0,1
B5,eAT,1,molecule,zz,0.1,bytype,3,bytype,eig,0,"[0.000,3.142]",none,1,1,Z,1,ridge,1,adam,adjoint,100,43,13,115,23,159,45,0.246721305249679,0.9953528216197436,0.15149631831487778,0.25311839666226843,0.5604761904761906,9,0.3756514265972381,0.026456259395831527,0.9295723175192487,6.955387368812774,2.354859049826492,0.011245306661588364,0.11347932996306874,0.6487136890661004,0.957994129331869,115.39,bytype,p03,0.87,0.98,elem_order,22,0,1.0,1
B5,eAT,1,molecule,zz,0.1,bytype_shuffled,3,bytype_shuffled,eig,0,"[0.000,3.142]",none,1,1,Z,1,ridge,1,adam,adjoint,100,43,13,115,23,159,45,0.4446019564741396,0.9853897030463858,0.3518764352031546,0.4064504469926744,0.2641666666666667,9,0.3756514265972381,0.17950169926800572,0.522158877728789,9.246194699789694,3.130448975838143,0.048470103038245727,0.5807201571668503,1.0978238709766315,0.957994129331869,116.01,shuffled,p03,0.87,0.98,elem_order,22,0,1.0,1
B5,eAT,1,molecule,none,0.0,fixed,3,fixed,eig,0,"[0.000,3.142]",none,1,1,Z,1,ridge,1,adam,adjoint,100,43,13,92,23,159,45,0.5689513312581141,0.9635690662173954,0.3256778748661503,0.43086749663150686,0.31059523809523815,9,0.48940938739052514,0.3580281455708503,0.26844855289798303,3.4078024216025873,1.3774191384460777,0.03016581420772872,0.0,0.0,0.957994129331869,85.25,none,p03,0.87,0.98,elem_order,22,0,1.0,1
B5,eAT,1,molecule,zz,0.1,bytype,3,bytype,eig,0,"[0.000,3.142]",none,1,1,Z,1,ridge,1,adam,adjoint,100,43,13,114,22,159,45,0.3362326570456444,0.9901984109138651,0.24686942398014064,0.322329758081478,0.44678571428571434,9,0.3756514265972381,0.028601879337930156,0.9238605864031598,9.017545274421352,3.063971388954899,0.013624839216461007,0.328375741181157,0.497504546676061,0.957994129331869,115.93,bytype,p06,0.9,1.01,elem_order,21,0,1.0,1
B5,eAT,1,molecule,zz,0.1,bytype_shuffled,3,bytype_shuffled,eig,0,"[0.000,3.142]",none,1,1,Z,1,ridge,1,adam,adjoint,100,43,13,114,22,159,45,0.4368943912092626,0.9833047960673144,0.2887368691316768,0.39244807517688807,0.46047619047619054,9,0.3756514265972381,0.15620125837632012,0.5841856377566901,8.513970442381444,2.892867299026495,0.11102080593603753,0.42799829990559773,0.5702071847522421,0.957994129331869,115.36,shuffled,p06,0.9,1.01,elem_order,21,0,1.0,1
B5,eAT,1,molecule,none,0.0,fixed,3,fixed,eig,0,"[0.000,3.142]",none,1,1,Z,1,ridge,1,adam,adjoint,100,43,13,92,22,159,45,0.5689513312581141,0.9635690662173954,0.3256778748661503,0.43086749663150686,0.31059523809523815,9,0.48940938739052514,0.3580281455708503,0.26844855289798303,3.4078024216025873,1.3774191384460777,0.03016581420772872,0.0,0.0,0.957994129331869,85.53,none,p06,0.9,1.01,elem_order,21,0,1.0,1
B5,eAT,1,molecule,zz,0.1,bytype,3,bytype,eig,0,"[0.000,3.142]",none,1,1,Z,1,ridge,1,adam,adjoint,100,43,13,105,13,159,45,0.25621249744149394,0.99479799782986,0.18822182933486803,0.23289678776119657,0.5721428571428572,9,0.3756514265972381,0.04935321867994926,0.8686196426112226,7.146256822278441,2.521077560800371,0.02293390462818161,0.18764562407204233,0.5929059147498682,0.957994129331869,116.0,bytype,elem_only,0.84,0.95,elem,12,0,1.0,1
B5,eAT,1,molecule,zz,0.1,bytype_shuffled,3,bytype_shuffled,eig,0,"[0.000,3.142]",none,1,1,Z,1,ridge,1,adam,adjoint,100,43,13,105,13,159,45,0.595792316474146,0.9742215166095236,0.3216947217242607,0.5313948437598434,0.1840476190476191,9,0.3756514265972381,0.16232328784855554,0.5678885361386007,7.502741914322233,2.6468394230818495,0.22833132178209767,0.4501547611803544,0.35550055832300914,0.957994129331869,116.14,shuffled,elem_only,0.84,0.95,elem,12,0,1.0,1
B5,eAT,1,molecule,none,0.0,fixed,3,fixed,eig,0,"[0.000,3.142]",none,1,1,Z,1,ridge,1,adam,adjoint,100,43,13,92,13,159,45,0.5689513312581141,0.9635690662173954,0.3256778748661503,0.43086749663150686,0.31059523809523815,9,0.48940938739052514,0.3580281455708503,0.26844855289798303,3.4078024216025873,1.3774191384460777,0.03016581420772872,0.0,0.0,0.957994129331869,85.58,none,elem_only,0.84,0.95,elem,12,0,1.0,1
B5,eAT,1,molecule,zz,0.1,bytype,3,bytype,eig,0,"[0.000,3.142]",none,1,1,Z,1,ridge,1,adam,adjoint,100,44,13,110,18,153,51,0.4855059662993705,0.9776810564352024,0.37631876219194127,0.44330399933428927,0.40154839551797417,7,0.4493649896771724,0.07155323998518179,0.8407681024803774,8.25718707438775,2.9033962451375177,0.0231690731066152,0.11902999302111644,0.6172297485816126,0.9671451656168382,105.03,bytype,m06,0.78,0.89,elem_order,17,0,1.0,1
B5,eAT,1,molecule,zz,0.1,bytype_shuffled,3,bytype_shuffled,eig,0,"[0.000,3.142]",none,1,1,Z,1,ridge,1,adam,adjoint,100,44,13,110,18,153,51,0.5909140778394719,0.9641242713526487,0.44686042639782536,0.5214283967324396,0.296480214719547,7,0.4493649896771724,0.20391356596071877,0.5462183956360018,9.981601802455195,3.509735813494952,0.022390346423333724,0.5508611343212894,0.6388471259198817,0.9671451656168382,106.49,shuffled,m06,0.78,0.89,elem_order,17,0,1.0,1
B5,eAT,1,molecule,none,0.0,fixed,3,fixed,eig,0,"[0.000,3.142]",none,1,1,Z,1,ridge,1,adam,adjoint,100,44,13,92,18,153,51,0.4731305848683512,0.9716476436874023,0.3317235664888566,0.39247763912529793,0.5820296789404341,7,0.4675584958529588,0.39396284815730487,0.15740415017247128,2.320143359732837,0.9588513594603275,0.007635606314662568,0.0,0.0,0.9671451656168382,80.71,none,m06,0.78,0.89,elem_order,17,0,1.0,1
B5,eAT,1,molecule,zz,0.1,bytype,3,bytype,eig,0,"[0.000,3.142]",none,1,1,Z,1,ridge,1,adam,adjoint,100,44,13,112,20,153,51,0.39790003187440676,0.9801889557004483,0.37360623282956906,0.3927721568963403,0.3593127057355083,7,0.4493649896771724,0.041540624508876835,0.9075570516992879,7.51989229025388,2.622982067771767,0.017842295190250084,-0.0007228226940658542,0.6839030591167677,0.9671451656168382,110.01,bytype,m03,0.81,0.92,elem_order,19,0,1.0,1
B5,eAT,1,molecule,zz,0.1,bytype_shuffled,3,bytype_shuffled,eig,0,"[0.000,3.142]",none,1,1,Z,1,ridge,1,adam,adjoint,100,44,13,112,20,153,51,0.5402995455903427,0.9642185285701882,0.41571048291488644,0.44537140810053816,0.4932023152510432,7,0.4493649896771724,0.21085520960458795,0.5307707221337645,7.224216800294468,2.519848741108522,0.12985886833924098,0.38034963708023717,0.4905824218034134,0.9671451656168382,110.11,shuffled,m03,0.81,0.92,elem_order,19,0,1.0,1
B5,eAT,1,molecule,none,0.0,fixed,3,fixed,eig,0,"[0.000,3.142]",none,1,1,Z,1,ridge,1,adam,adjoint,100,44,13,92,20,153,51,0.4731305848683512,0.9716476436874023,0.3317235664888566,0.39247763912529793,0.5820296789404341,7,0.4675584958529588,0.39396284815730487,0.15740415017247128,2.320143359732837,0.9588513594603275,0.007635606314662568,0.0,0.0,0.9671451656168382,81.13,none,m03,0.81,0.92,elem_order,19,0,1.0,1
B5,eAT,1,molecule,zz,0.1,bytype,3,bytype,eig,0,"[0.000,3.142]",none,1,1,Z,1,ridge,1,adam,adjoint,100,44,13,114,22,153,51,0.650098117101181,0.9383527975644343,0.5261204810231056,0.5675407233688814,0.12519426326802827,7,0.4493649896771724,0.03551210421014857,0.9209726947449539,8.110102051854739,2.8074753090499027,0.18161680294980143,0.38470990711045816,0.9318255472672902,0.9671451656168382,111.09,bytype,base,0.84,0.95,elem_order,21,0,1.0,1
B5,eAT,1,molecule,zz,0.1,bytype_shuffled,3,bytype_shuffled,eig,0,"[0.000,3.142]",none,1,1,Z,1,ridge,1,adam,adjoint,100,44,13,114,22,153,51,0.5843220331994612,0.9665423238017864,0.4161475170622396,0.5183868762362472,0.26469293146840595,7,0.4493649896771724,0.18625129946602634,0.5855233412824821,8.383755216891057,2.902205868439981,0.035043533129131804,0.6534965463757638,1.051776304369741,0.9671451656168382,110.48,shuffled,base,0.84,0.95,elem_order,21,0,1.0,1
B5,eAT,1,molecule,none,0.0,fixed,3,fixed,eig,0,"[0.000,3.142]",none,1,1,Z,1,ridge,1,adam,adjoint,100,44,13,92,22,153,51,0.4731305848683512,0.9716476436874023,0.3317235664888566,0.39247763912529793,0.5820296789404341,7,0.4675584958529588,0.39396284815730487,0.15740415017247128,2.320143359732837,0.9588513594603275,0.007635606314662568,0.0,0.0,0.9671451656168382,82.08,none,base,0.84,0.95,elem_order,21,0,1.0,1
B5,eAT,1,molecule,zz,0.1,bytype,3,bytype,eig,0,"[0.000,3.142]",none,1,1,Z,1,ridge,1,adam,adjoint,100,44,13,115,23,153,51,0.36184456046075103,0.9836529300697499,0.25103912477454055,0.3115873029983479,0.6495149026950077,7,0.4493649896771724,0.04613695344048866,0.8973285536248966,6.788890416005968,2.3415664727052317,0.37732526943723743,0.20317126763681959,0.5151170825502075,0.9671451656168382,112.05,bytype,p03,0.87,0.98,elem_order,22,0,1.0,1
B5,eAT,1,molecule,zz,0.1,bytype_shuffled,3,bytype_shuffled,eig,0,"[0.000,3.142]",none,1,1,Z,1,ridge,1,adam,adjoint,100,44,13,115,23,153,51,0.5996203120661829,0.9652721138545078,0.4991557127321582,0.5531044115028941,0.2607144605293751,7,0.4493649896771724,0.15712424581885795,0.6503415944091743,8.687545139339628,2.9964343481565323,0.028630739316088276,0.5118550228054194,0.5652707460835628,0.9671451656168382,110.91,shuffled,p03,0.87,0.98,elem_order,22,0,1.0,1
B5,eAT,1,molecule,none,0.0,fixed,3,fixed,eig,0,"[0.000,3.142]",none,1,1,Z,1,ridge,1,adam,adjoint,100,44,13,92,23,153,51,0.4731305848683512,0.9716476436874023,0.3317235664888566,0.39247763912529793,0.5820296789404341,7,0.4675584958529588,0.39396284815730487,0.15740415017247128,2.320143359732837,0.9588513594603275,0.007635606314662568,0.0,0.0,0.9671451656168382,82.37,none,p03,0.87,0.98,elem_order,22,0,1.0,1
B5,eAT,1,molecule,zz,0.1,bytype,3,bytype,eig,0,"[0.000,3.142]",none,1,1,Z,1,ridge,1,adam,adjoint,100,44,13,114,22,153,51,0.3606019565526113,0.9815632322249042,0.27140367723791486,0.31154292908919523,0.5200454198737952,7,0.4493649896771724,0.04177070114797643,0.9070450477728921,8.16550856744793,2.8266553913095085,0.2651537223309976,0.3520458023724522,0.5246249376401286,0.9671451656168382,112.57,bytype,p06,0.9,1.01,elem_order,21,0,1.0,1
B5,eAT,1,molecule,zz,0.1,bytype_shuffled,3,bytype_shuffled,eig,0,"[0.000,3.142]",none,1,1,Z,1,ridge,1,adam,adjoint,100,44,13,114,22,153,51,0.5521952043142653,0.9548979518824448,0.4103339641394708,0.43051026521773855,0.5106065704834044,7,0.4493649896771724,0.16455636549287295,0.633802433938853,6.7088955057602195,2.3224194175349733,0.11915720992825672,0.4305282749387089,0.35639816977818967,0.9671451656168382,111.66,shuffled,p06,0.9,1.01,elem_order,21,0,1.0,1
B5,eAT,1,molecule,none,0.0,fixed,3,fixed,eig,0,"[0.000,3.142]",none,1,1,Z,1,ridge,1,adam,adjoint,100,44,13,92,22,153,51,0.4731305848683512,0.9716476436874023,0.3317235664888566,0.39247763912529793,0.5820296789404341,7,0.4675584958529588,0.39396284815730487,0.15740415017247128,2.320143359732837,0.9588513594603275,0.007635606314662568,0.0,0.0,0.9671451656168382,82.09,none,p06,0.9,1.01,elem_order,21,0,1.0,1
B5,eAT,1,molecule,zz,0.1,bytype,3,bytype,eig,0,"[0.000,3.142]",none,1,1,Z,1,ridge,1,adam,adjoint,100,44,13,105,13,153,51,0.3616872251561158,0.9885381720120315,0.302740247211851,0.3360146497650332,0.44420881312791394,7,0.4493649896771724,0.049732879998814684,0.8893263134839605,6.619923640098576,2.38103940223202,0.06044377260825411,0.2594386199007439,0.44231932887988257,0.9671451656168382,112.26,bytype,elem_only,0.84,0.95,elem,12,0,1.0,1
B5,eAT,1,molecule,zz,0.1,bytype_shuffled,3,bytype_shuffled,eig,0,"[0.000,3.142]",none,1,1,Z,1,ridge,1,adam,adjoint,100,44,13,105,13,153,51,0.5290345946830581,0.9643583357874216,0.38928029985698087,0.44014907245941676,0.5290003956648188,7,0.4493649896771724,0.19875157769377175,0.5577056907870003,7.237065792084646,2.6030117180086436,0.018166637177520845,0.3893747156679227,0.44385412848223754,0.9671451656168382,111.95,shuffled,elem_only,0.84,0.95,elem,12,0,1.0,1
B5,eAT,1,molecule,none,0.0,fixed,3,fixed,eig,0,"[0.000,3.142]",none,1,1,Z,1,ridge,1,adam,adjoint,100,44,13,92,13,153,51,0.4731305848683512,0.9716476436874023,0.3317235664888566,0.39247763912529793,0.5820296789404341,7,0.4675584958529588,0.39396284815730487,0.15740415017247128,2.320143359732837,0.9588513594603275,0.007635606314662568,0.0,0.0,0.9671451656168382,82.47,none,elem_only,0.84,0.95,elem,12,0,1.0,1
B5,eAT,1,molecule,zz,0.1,bytype,3,bytype,eig,0,"[0.000,3.142]",none,1,1,Z,1,ridge,1,adam,adjoint,100,45,13,110,18,153,51,0.41981693419911936,0.9848379271461248,0.28616148915708,0.40044196141896327,0.5313664596273291,12,0.5486743281599544,0.04488520708903104,0.9181933529867179,9.926214008779839,3.57676158994453,0.02392406931405378,0.3502089029737483,0.9857865439703178,0.9625370453145851,105.16,bytype,m06,0.78,0.89,elem_order,17,0,1.0,1
B5,eAT,1,molecule,zz,0.1,bytype_shuffled,3,bytype_shuffled,eig,0,"[0.000,3.142]",none,1,1,Z,1,ridge,1,adam,adjoint,100,45,13,110,18,153,51,0.6282471156417818,0.9560075773285119,0.48386698599391204,0.5513788185823227,-0.01304347826086959,12,0.5486743281599544,0.13612653147683737,0.7518992150892969,7.455256324912687,2.6863892358710633,0.048848388955001425,0.4513394627698973,0.3841707864406314,0.9625370453145851,106.21,shuffled,m06,0.78,0.89,elem_order,17,0,1.0,1
B5,eAT,1,molecule,none,0.0,fixed,3,fixed,eig,0,"[0.000,3.142]",none,1,1,Z,1,ridge,1,adam,adjoint,100,45,13,92,18,153,51,0.4707280162902139,0.9778465883508888,0.27680034586939223,0.40637146086223075,0.10341614906832296,12,0.4739303188597518,0.39593902431541,0.16456278790515916,3.03744490416342,1.2920174445631767,0.0032224201213643965,0.0,0.0,0.9625370453145851,80.21,none,m06,0.78,0.89,elem_order,17,0,1.0,1
B5,eAT,1,molecule,zz,0.1,bytype,3,bytype,eig,0,"[0.000,3.142]",none,1,1,Z,1,ridge,1,adam,adjoint,100,45,13,112,20,153,51,0.27538899018681734,0.9927215294189159,0.19147460873846325,0.25365708829860284,0.38881987577639743,12,0.5486743281599544,0.0213404118035043,0.961105503377437,10.128051459650015,3.619558674359331,0.018280706859224637,0.11141105717786148,0.6678361027556236,0.9625370453145851,109.65,bytype,m03,0.81,0.92,elem_order,19,0,1.0,1
B5,eAT,1,molecule,zz,0.1,bytype_shuffled,3,bytype_shuffled,eig,0,"[0.000,3.142]",none,1,1,Z,1,ridge,1,adam,adjoint,100,45,13,112,20,153,51,0.6713160450228586,0.9560459643004683,0.4634891146785757,0.6223870877301058,0.14720496894409935,12,0.5486743281599544,0.19063163740915692,0.6525595829342643,7.048179139059831,2.5188752291454155,0.05946541870832254,0.4238390786385505,0.4069684596588486,0.9625370453145851,110.4,shuffled,m03,0.81,0.92,elem_order,19,0,1.0,1
B5,eAT,1,molecule,none,0.0,fixed,3,fixed,eig,0,"[0.000,3.142]",none,1,1,Z,1,ridge,1,adam,adjoint,100,45,13,92,20,153,51,0.4707280162902139,0.9778465883508888,0.27680034586939223,0.40637146086223075,0.10341614906832296,12,0.4739303188597518,0.39593902431541,0.16456278790515916,3.03744490416342,1.2920174445631767,0.0032224201213643965,0.0,0.0,0.9625370453145851,81.18,none,m03,0.81,0.92,elem_order,19,0,1.0,1
B5,eAT,1,molecule,zz,0.1,bytype,3,bytype,eig,0,"[0.000,3.142]",none,1,1,Z,1,ridge,1,adam,adjoint,100,45,13,114,22,153,51,0.38228674590137723,0.9784773520575696,0.2169782839858909,0.2936317297080705,0.3521739130434782,12,0.5486743281599544,0.04524056166500456,0.9175456926940172,6.806009066288585,2.4135011734813414,0.014602045999556517,0.35335220262253364,0.5915156464658218,0.9625370453145851,110.66,bytype,base,0.84,0.95,elem_order,21,0,1.0,1
B5,eAT,1,molecule,zz,0.1,bytype_shuffled,3,bytype_shuffled,eig,0,"[0.000,3.142]",none,1,1,Z,1,ridge,1,adam,adjoint,100,45,13,114,22,153,51,0.7055745497951547,0.9404215224400378,0.5557518336458322,0.6302246540118585,0.2245341614906832,12,0.5486743281599544,0.13053273894547623,0.7620943203535082,10.626667431681224,3.768357354032225,0.11638286449980592,0.8087150013429085,1.380094290749336,0.9625370453145851,110.41,shuffled,base,0.84,0.95,elem_order,21,0,1.0,1
B5,eAT,1,molecule,none,0.0,fixed,3,fixed,eig,0,"[0.000,3.142]",none,1,1,Z,1,ridge,1,adam,adjoint,100,45,13,92,22,153,51,0.4707280162902139,0.9778465883508888,0.27680034586939223,0.40637146086223075,0.10341614906832296,12,0.4739303188597518,0.39593902431541,0.16456278790515916,3.03744490416342,1.2920174445631767,0.0032224201213643965,0.0,0.0,0.9625370453145851,81.52,none,base,0.84,0.95,elem_order,21,0,1.0,1
B5,eAT,1,molecule,zz,0.1,bytype,3,bytype,eig,0,"[0.000,3.142]",none,1,1,Z,1,ridge,1,adam,adjoint,100,45,13,115,23,153,51,0.34626484339433117,0.9841885940025017,0.24016928340437732,0.30469013736923206,0.28322981366459626,12,0.5486743281599544,0.024567801598855247,0.9552233440896599,8.093057276644398,2.859217278888789,0.1873721009080445,0.41302592812288863,1.1459467315014267,0.9625370453145851,110.97,bytype,p03,0.87,0.98,elem_order,22,0,1.0,1
B5,eAT,1,molecule,zz,0.1,bytype_shuffled,3,bytype_shuffled,eig,0,"[0.000,3.142]",none,1,1,Z,1,ridge,1,adam,adjoint,100,45,13,115,23,153,51,0.6680376278792073,0.9559728956732301,0.4952899250226251,0.6551725582490804,0.20186335403726705,12,0.5486743281599544,0.19427392732630344,0.6459212371429432,6.993378715143475,2.4707089764280057,0.08797589556252583,0.24839453946386866,0.8006254452771815,0.9625370453145851,110.81,shuffled,p03,0.87,0.98,elem_order,22,0,1.0,1
B5,eAT,1,molecule,none,0.0,fixed,3,fixed,eig,0,"[0.000,3.142]",none,1,1,Z,1,ridge,1,adam,adjoint,100,45,13,92,23,153,51,0.4707280162902139,0.9778465883508888,0.27680034586939223,0.40637146086223075,0.10341614906832296,12,0.4739303188597518,0.39593902431541,0.16456278790515916,3.03744490416342,1.2920174445631767,0.0032224201213643965,0.0,0.0,0.9625370453145851,81.85,none,p03,0.87,0.98,elem_order,22,0,1.0,1
B5,eAT,1,molecule,zz,0.1,bytype,3,bytype,eig,0,"[0.000,3.142]",none,1,1,Z,1,ridge,1,adam,adjoint,100,45,13,114,22,153,51,0.3926095459159255,0.9864829176112172,0.29175669276629707,0.3683542321850707,0.2428571428571428,12,0.5486743281599544,0.033051335133815786,0.9397614697143616,10.500824443170472,3.7237317595778348,0.01768863004847927,0.44726018891632524,0.4970414498128521,0.9625370453145851,111.88,bytype,p06,0.9,1.01,elem_order,21,0,1.0,1
B5,eAT,1,molecule,zz,0.1,bytype_shuffled,3,bytype_shuffled,eig,0,"[0.000,3.142]",none,1,1,Z,1,ridge,1,adam,adjoint,100,45,13,114,22,153,51,1.057011617821727,0.3605347638395744,0.2802835668289213,0.5843984531325482,0.31987577639751547,12,0.5486743281599544,0.20643320699964676,0.6237600405108338,8.853914076971302,3.1397154788578603,0.029486521584504228,0.38011739520457793,1.1491467183788264,0.9625370453145851,110.53,shuffled,p06,0.9,1.01,elem_order,21,0,1.0,1
B5,eAT,1,molecule,none,0.0,fixed,3,fixed,eig,0,"[0.000,3.142]",none,1,1,Z,1,ridge,1,adam,adjoint,100,45,13,92,22,153,51,0.4707280162902139,0.9778465883508888,0.27680034586939223,0.40637146086223075,0.10341614906832296,12,0.4739303188597518,0.39593902431541,0.16456278790515916,3.03744490416342,1.2920174445631767,0.0032224201213643965,0.0,0.0,0.9625370453145851,81.72,none,p06,0.9,1.01,elem_order,21,0,1.0,1
B5,eAT,1,molecule,zz,0.1,bytype,3,bytype,eig,0,"[0.000,3.142]",none,1,1,Z,1,ridge,1,adam,adjoint,100,45,13,105,13,153,51,0.36833109183055984,0.9836155867374315,0.2408154234081639,0.30984884168588933,0.2888198757763975,12,0.5486743281599544,0.046913942209143945,0.9144958314953873,7.121025441224428,2.626243686983276,0.030869797596674492,0.42372013154268323,0.407773695699108,0.9625370453145851,111.11,bytype,elem_only,0.84,0.95,elem,12,0,1.0,1
B5,eAT,1,molecule,zz,0.1,bytype_shuffled,3,bytype_shuffled,eig,0,"[0.000,3.142]",none,1,1,Z,1,ridge,1,adam,adjoint,100,45,13,105,13,153,51,0.6130117236787002,0.9682852606465489,0.36331710273725365,0.5399965986369931,0.22329192546583854,12,0.5486743281599544,0.21840251174745162,0.6019450873892883,6.268277489061127,2.3117491040834697,0.4341514180173604,0.3053507506456395,0.45192733240848754,0.9625370453145851,111.37,shuffled,elem_only,0.84,0.95,elem,12,0,1.0,1
B5,eAT,1,molecule,none,0.0,fixed,3,fixed,eig,0,"[0.000,3.142]",none,1,1,Z,1,ridge,1,adam,adjoint,100,45,13,92,13,153,51,0.4707280162902139,0.9778465883508888,0.27680034586939223,0.40637146086223075,0.10341614906832296,12,0.4739303188597518,0.39593902431541,0.16456278790515916,3.03744490416342,1.2920174445631767,0.0032224201213643965,0.0,0.0,0.9625370453145851,82.9,none,elem_only,0.84,0.95,elem,12,0,1.0,1
B5,eAT,1,molecule,zz,0.1,bytype,3,bytype,eig,0,"[0.000,3.142]",none,1,1,Z,1,ridge,1,adam,adjoint,100,46,13,110,18,150,54,0.46494976716232095,0.9860612758261067,0.2895116903229929,0.4602389997384228,0.3,11,0.4028317063887779,0.05964670078735934,0.8519314645759448,6.708266479266504,2.188853564590553,0.03956104839293448,0.3570091652501983,0.4520135948190618,0.9557740146845558,103.19,bytype,m06,0.78,0.89,elem_order,17,0,1.0,1
B5,eAT,1,molecule,zz,0.1,bytype_shuffled,3,bytype_shuffled,eig,0,"[0.000,3.142]",none,1,1,Z,1,ridge,1,adam,adjoint,100,46,13,110,18,150,54,0.8425508188130145,0.9430138089120351,0.4444939807226656,0.7393711533332611,0.32767857142857143,11,0.4028317063887779,0.0744456654733675,0.8151941262500348,6.707713323858194,2.1886730744160805,0.781668935646416,0.4802736206212939,0.7956247864537547,0.9557740146845558,104.98,shuffled,m06,0.78,0.89,elem_order,17,0,1.0,1
B5,eAT,1,molecule,none,0.0,fixed,3,fixed,eig,0,"[0.000,3.142]",none,1,1,Z,1,ridge,1,adam,adjoint,100,46,13,92,18,150,54,0.6146288256207726,0.9725302427797167,0.2858532468606789,0.5737971081930727,0.22336309523809528,11,0.48464012049415395,0.31688181898251655,0.3461502554526148,2.7176607069630716,1.0292314935342401,0.003852299123455347,0.0,0.0,0.9557740146845558,78.87,none,m06,0.78,0.89,elem_order,17,0,1.0,1
B5,eAT,1,molecule,zz,0.1,bytype,3,bytype,eig,0,"[0.000,3.142]",none,1,1,Z,1,ridge,1,adam,adjoint,100,46,13,112,20,150,54,0.313533041216075,0.9923618126269668,0.15358789261426406,0.30372480385681283,0.6604166666666668,11,0.4028317063887779,0.026872198639081333,0.9332917488546776,7.53694350551106,2.44096568092353,0.00770839128976782,0.2646324863687485,0.716960985597594,0.9557740146845558,107.25,bytype,m03,0.81,0.92,elem_order,19,0,1.0,1
B5,eAT,1,molecule,zz,0.1,bytype_shuffled,3,bytype_shuffled,eig,0,"[0.000,3.142]",none,1,1,Z,1,ridge,1,adam,adjoint,100,46,13,112,20,150,54,0.6835087866241971,0.960906097769604,0.4448114741971218,0.6006621458241318,0.028124999999999973,11,0.4028317063887779,0.1290778871037433,0.6795736654870741,7.37842598641952,2.3896271212481577,0.15267916328806258,0.3472775233197788,0.47251245364389466,0.9557740146845558,108.22,shuffled,m03,0.81,0.92,elem_order,19,0,1.0,1
B5,eAT,1,molecule,none,0.0,fixed,3,fixed,eig,0,"[0.000,3.142]",none,1,1,Z,1,ridge,1,adam,adjoint,100,46,13,92,20,150,54,0.6146288256207726,0.9725302427797167,0.2858532468606789,0.5737971081930727,0.22336309523809528,11,0.48464012049415395,0.31688181898251655,0.3461502554526148,2.7176607069630716,1.0292314935342401,0.003852299123455347,0.0,0.0,0.9557740146845558,80.1,none,m03,0.81,0.92,elem_order,19,0,1.0,1
B5,eAT,1,molecule,zz,0.1,bytype,3,bytype,eig,0,"[0.000,3.142]",none,1,1,Z,1,ridge,1,adam,adjoint,100,46,13,115,23,150,54,0.570060306053255,0.9727739096238793,0.29689417730579565,0.5030640877193441,0.3916666666666666,11,0.4028317063887779,0.04303868300444557,0.8931596437870548,7.530170283575066,2.4134706225179796,0.011671319595461364,0.20900365465974446,0.759912994413689,0.9557740146845558,108.43,bytype,base,0.84,0.95,elem_order,22,0,1.0,1
B5,eAT,1,molecule,zz,0.1,bytype_shuffled,3,bytype_shuffled,eig,0,"[0.000,3.142]",none,1,1,Z,1,ridge,1,adam,adjoint,100,46,13,115,23,150,54,0.7580578914644808,0.9425068533983721,0.34314628708765643,0.5934995460231663,0.2833333333333334,11,0.4028317063887779,0.15917903952840196,0.6048497747226077,7.04881452961804,2.2591928402891663,1.3310843267573171,0.33357023402053815,0.9450578580298404,0.9557740146845558,108.94,shuffled,base,0.84,0.95,elem_order,22,0,1.0,1
B5,eAT,1,molecule,none,0.0,fixed,3,fixed,eig,0,"[0.000,3.142]",none,1,1,Z,1,ridge,1,adam,adjoint,100,46,13,92,23,150,54,0.6146288256207726,0.9725302427797167,0.2858532468606789,0.5737971081930727,0.22336309523809528,11,0.48464012049415395,0.31688181898251655,0.3461502554526148,2.7176607069630716,1.0292314935342401,0.003852299123455347,0.0,0.0,0.9557740146845558,80.03,none,base,0.84,0.95,elem_order,22,0,1.0,1
B5,eAT,1,molecule,zz,0.1,bytype,3,bytype,eig,0,"[0.000,3.142]",none,1,1,Z,1,ridge,1,adam,adjoint,100,46,13,115,23,150,54,0.41802873533723456,0.9860057764442137,0.26606516017933207,0.4028113372713327,0.453125,11,0.4028317063887779,0.03932750415724893,0.9023723715548511,7.658566561795551,2.454622500079328,0.18860053847276945,0.1909219818993191,0.526034044846721,0.9557740146845558,108.61,bytype,p03,0.87,0.98,elem_order,22,0,1.0,1
B5,eAT,1,molecule,zz,0.1,bytype_shuffled,3,bytype_shuffled,eig,0,"[0.000,3.142]",none,1,1,Z,1,ridge,1,adam,adjoint,100,46,13,115,23,150,54,0.6437221603169063,0.9646022288650039,0.38191568114746755,0.5064110071591245,-0.08883928571428572,11,0.4028317063887779,0.10465191310924789,0.740209344375075,8.098700878980324,2.5956885323846612,0.1617304066141307,0.3649396012892113,0.6974582254586026,0.9557740146845558,108.96,shuffled,p03,0.87,0.98,elem_order,22,0,1.0,1
B5,eAT,1,molecule,none,0.0,fixed,3,fixed,eig,0,"[0.000,3.142]",none,1,1,Z,1,ridge,1,adam,adjoint,100,46,13,92,23,150,54,0.6146288256207726,0.9725302427797167,0.2858532468606789,0.5737971081930727,0.22336309523809528,11,0.48464012049415395,0.31688181898251655,0.3461502554526148,2.7176607069630716,1.0292314935342401,0.003852299123455347,0.0,0.0,0.9557740146845558,79.36,none,p03,0.87,0.98,elem_order,22,0,1.0,1
B5,eAT,1,molecule,zz,0.1,bytype,3,bytype,eig,0,"[0.000,3.142]",none,1,1,Z,1,ridge,1,adam,adjoint,100,46,13,114,22,150,54,0.4294934816523975,0.9865018319389479,0.2672554540453363,0.3993112318589033,0.2552083333333333,11,0.4028317063887779,0.035510603000622434,0.9118475471581904,8.251887865925463,2.653752090840113,0.015165806025871581,0.20927177168489963,0.5808972678784872,0.9557740146845558,109.02,bytype,p06,0.9,1.01,elem_order,21,0,1.0,1
B5,eAT,1,molecule,zz,0.1,bytype_shuffled,3,bytype_shuffled,eig,0,"[0.000,3.142]",none,1,1,Z,1,ridge,1,adam,adjoint,100,46,13,114,22,150,54,0.8191502428998766,0.9412197805733608,0.6203737657840765,0.7312655350200994,-0.016964285714285723,11,0.4028317063887779,0.11700680513637848,0.7095392361606866,8.669595653908132,2.7880841290027387,0.7021172194544254,0.5718818883479767,1.1068320676809877,0.9557740146845558,109.16,shuffled,p06,0.9,1.01,elem_order,21,0,1.0,1
B5,eAT,1,molecule,none,0.0,fixed,3,fixed,eig,0,"[0.000,3.142]",none,1,1,Z,1,ridge,1,adam,adjoint,100,46,13,92,22,150,54,0.6146288256207726,0.9725302427797167,0.2858532468606789,0.5737971081930727,0.22336309523809528,11,0.48464012049415395,0.31688181898251655,0.3461502554526148,2.7176607069630716,1.0292314935342401,0.003852299123455347,0.0,0.0,0.9557740146845558,79.84,none,p06,0.9,1.01,elem_order,21,0,1.0,1
B5,eAT,1,molecule,zz,0.1,bytype,3,bytype,eig,0,"[0.000,3.142]",none,1,1,Z,1,ridge,1,adam,adjoint,100,46,13,105,13,150,54,0.5174263596954063,0.9777805798998667,0.25259617357939623,0.4907763376787397,0.3854166666666667,11,0.4028317063887779,0.07472029962736475,0.8145123672185544,6.2631375178968085,2.086995423150131,0.03182590904841768,0.46462865295957173,0.6520249466451217,0.9557740146845558,108.04,bytype,elem_only,0.84,0.95,elem,12,0,1.0,1
B5,eAT,1,molecule,zz,0.1,bytype_shuffled,3,bytype_shuffled,eig,0,"[0.000,3.142]",none,1,1,Z,1,ridge,1,adam,adjoint,100,46,13,105,13,150,54,0.4604650114710514,0.9803621362655632,0.18154402844584494,0.36788236441213745,0.5720238095238095,11,0.4028317063887779,0.15638598569934956,0.6117833248497587,6.228309354884741,2.075390023045916,0.1906235015483539,0.474034645572536,0.49022696563556933,0.9557740146845558,110.49,shuffled,elem_only,0.84,0.95,elem,12,0,1.0,1
B5,eAT,1,molecule,none,0.0,fixed,3,fixed,eig,0,"[0.000,3.142]",none,1,1,Z,1,ridge,1,adam,adjoint,100,46,13,92,13,150,54,0.6146288256207726,0.9725302427797167,0.2858532468606789,0.5737971081930727,0.22336309523809528,11,0.48464012049415395,0.31688181898251655,0.3461502554526148,2.7176607069630716,1.0292314935342401,0.003852299123455347,0.0,0.0,0.9557740146845558,80.88,none,elem_only,0.84,0.95,elem,12,0,1.0,1
B5,eAT,1,molecule,zz,0.1,bytype,3,bytype,eig,0,"[0.000,3.142]",none,1,1,Z,1,ridge,1,adam,adjoint,100,47,13,109,17,163,41,0.40003775836787636,0.9825494220984935,0.2453398885753838,0.36536863937885883,0.29393939393939394,9,0.4726747690309314,0.04783010990892868,0.8988096825921362,6.930723775028992,2.401831575104897,0.03348647218426923,0.2766426223543775,0.4304566263684995,0.9583282748595388,111.97,bytype,m06,0.78,0.89,elem_order,16,0,1.0,1
B5,eAT,1,molecule,zz,0.1,bytype_shuffled,3,bytype_shuffled,eig,0,"[0.000,3.142]",none,1,1,Z,1,ridge,1,adam,adjoint,100,47,13,109,17,163,41,0.605071425537527,0.9750024069854142,0.37376183484339953,0.5333175563062948,0.36060606060606054,9,0.4726747690309314,0.13390752662738112,0.7167026137191208,8.45660160121635,2.930622169226344,0.03842426645356345,0.7380948120178135,0.7275032373889733,0.9583282748595388,113.94,shuffled,m06,0.78,0.89,elem_order,16,0,1.0,1
B5,eAT,1,molecule,none,0.0,fixed,3,fixed,eig,0,"[0.000,3.142]",none,1,1,Z,1,ridge,1,adam,adjoint,100,47,13,92,17,163,41,0.6694915009871277,0.9550444338293491,0.38301342512738584,0.5545764746622066,0.29999999999999993,9,0.5165330479251765,0.34931844807999307,0.32372488172219654,3.236568521139002,1.3086091925911976,0.0235027673006405,0.0,0.0,0.9583282748595388,85.21,none,m06,0.78,0.89,elem_order,16,0,1.0,1
B5,eAT,1,molecule,zz,0.1,bytype,3,bytype,eig,0,"[0.000,3.142]",none,1,1,Z,1,ridge,1,adam,adjoint,100,47,13,111,19,163,41,0.4029488628214372,0.9833540015297647,0.27940776017187335,0.2947626754799121,0.4121212121212121,9,0.4726747690309314,0.03460117160457001,0.9267970835940563,7.005141062652601,2.4079445387918956,0.01885277254688294,0.182109914939279,0.6846646368737995,0.9583282748595388,116.62,bytype,m03,0.81,0.92,elem_order,18,0,1.0,1
B5,eAT,1,molecule,zz,0.1,bytype_shuffled,3,bytype_shuffled,eig,0,"[0.000,3.142]",none,1,1,Z,1,ridge,1,adam,adjoint,100,47,13,111,19,163,41,0.7327263196810887,0.9561712504413507,0.42069041476488334,0.6311016399863103,0.406060606060606,9,0.4726747690309314,0.1253948611798447,0.7347121754839447,6.767287945937923,2.3261849984335656,0.2669189638179028,0.3834527646531488,0.5782207911364167,0.9583282748595388,118.23,shuffled,m03,0.81,0.92,elem_order,18,0,1.0,1
B5,eAT,1,molecule,none,0.0,fixed,3,fixed,eig,0,"[0.000,3.142]",none,1,1,Z,1,ridge,1,adam,adjoint,100,47,13,92,19,163,41,0.6694915009871277,0.9550444338293491,0.38301342512738584,0.5545764746622066,0.29999999999999993,9,0.5165330479251765,0.34931844807999307,0.32372488172219654,3.236568521139002,1.3086091925911976,0.0235027673006405,0.0,0.0,0.9583282748595388,86.26,none,m03,0.81,0.92,elem_order,18,0,1.0,1
B5,eAT,1,molecule,zz,0.1,bytype,3,bytype,eig,0,"[0.000,3.142]",none,1,1,Z,1,ridge,1,adam,adjoint,100,47,13,114,22,163,41,0.45081167981074904,0.9849918852865741,0.20476469542487613,0.3938657283901666,0.5515151515151515,9,0.4726747690309314,0.05214564090405905,0.8896796606872691,7.828232822228584,2.6605553071262973,0.019894122530828787,0.32691885105710505,0.6058430919111393,0.9583282748595388,117.61,bytype,base,0.84,0.95,elem_order,21,0,1.0,1
B5,eAT,1,molecule,zz,0.1,bytype_shuffled,3,bytype_shuffled,eig,0,"[0.000,3.142]",none,1,1,Z,1,ridge,1,adam,adjoint,100,47,13,114,22,163,41,0.9251380155912178,0.9368805778081127,0.5088013021086137,0.7790571257781724,0.4606060606060606,9,0.4726747690309314,0.1140629178890047,0.7586862566773889,8.920322853216646,3.0317202933738367,0.040865150935276304,0.37085358415563247,0.5837824646093331,0.9583282748595388,118.32,shuffled,base,0.84,0.95,elem_order,21,0,1.0,1
B5,eAT,1,molecule,none,0.0,fixed,3,fixed,eig,0,"[0.000,3.142]",none,1,1,Z,1,ridge,1,adam,adjoint,100,47,13,92,22,163,41,0.6694915009871277,0.9550444338293491,0.38301342512738584,0.5545764746622066,0.29999999999999993,9,0.5165330479251765,0.34931844807999307,0.32372488172219654,3.236568521139002,1.3086091925911976,0.0235027673006405,0.0,0.0,0.9583282748595388,86.45,none,base,0.84,0.95,elem_order,21,0,1.0,1
B5,eAT,1,molecule,zz,0.1,bytype,3,bytype,eig,0,"[0.000,3.142]",none,1,1,Z,1,ridge,1,adam,adjoint,100,47,13,114,22,163,41,0.38002639621452516,0.9783448988431398,0.17358305676823402,0.28070677414862494,0.40606060606060607,9,0.4726747690309314,0.034571332286962825,0.9268602122388713,5.250442354410492,1.7844502824598831,0.09743010147082702,0.15722621867434305,0.42934278722805524,0.9583282748595388,117.66,bytype,p03,0.87,0.98,elem_order,21,0,1.0,1
B5,eAT,1,molecule,zz,0.1,bytype_shuffled,3,bytype_shuffled,eig,0,"[0.000,3.142]",none,1,1,Z,1,ridge,1,adam,adjoint,100,47,13,114,22,163,41,0.8068903393232825,0.9322899058678122,0.4929808690770684,0.6398649146834542,0.4272727272727272,9,0.4726747690309314,0.126960594538361,0.7313996793214642,8.153028076467244,2.770942383880115,0.01799770593383904,0.4118275537669484,0.659295038684049,0.9583282748595388,118.0,shuffled,p03,0.87,0.98,elem_order,21,0,1.0,1
B5,eAT,1,molecule,none,0.0,fixed,3,fixed,eig,0,"[0.000,3.142]",none,1,1,Z,1,ridge,1,adam,adjoint,100,47,13,92,22,163,41,0.6694915009871277,0.9550444338293491,0.38301342512738584,0.5545764746622066,0.29999999999999993,9,0.5165330479251765,0.34931844807999307,0.32372488172219654,3.236568521139002,1.3086091925911976,0.0235027673006405,0.0,0.0,0.9583282748595388,87.64,none,p03,0.87,0.98,elem_order,21,0,1.0,1
B5,eAT,1,molecule,zz,0.1,bytype,3,bytype,eig,0,"[0.000,3.142]",none,1,1,Z,1,ridge,1,adam,adjoint,100,47,13,113,21,163,41,0.5327414922296639,0.9777825993687701,0.33151609943703014,0.478593627234775,0.2393939393939394,9,0.4726747690309314,0.03711042345028764,0.9214884612386426,9.41260882348021,3.2107998599180947,0.044647836180867234,-0.1379609741504289,0.4881777681810387,0.9583282748595388,118.08,bytype,p06,0.9,1.01,elem_order,20,0,1.0,1
B5,eAT,1,molecule,zz,0.1,bytype_shuffled,3,bytype_shuffled,eig,0,"[0.000,3.142]",none,1,1,Z,1,ridge,1,adam,adjoint,100,47,13,113,21,163,41,0.8248928876208564,0.9346708116652241,0.685426408632492,0.7753305330515579,0.31212121212121213,9,0.4726747690309314,0.12368236364923134,0.7383351688036945,10.840058858506183,3.6977271782050627,0.2655932280924187,0.6959145523210943,0.9917783622279961,0.9583282748595388,118.02,shuffled,p06,0.9,1.01,elem_order,20,0,1.0,1
B5,eAT,1,molecule,none,0.0,fixed,3,fixed,eig,0,"[0.000,3.142]",none,1,1,Z,1,ridge,1,adam,adjoint,100,47,13,92,21,163,41,0.6694915009871277,0.9550444338293491,0.38301342512738584,0.5545764746622066,0.29999999999999993,9,0.5165330479251765,0.34931844807999307,0.32372488172219654,3.236568521139002,1.3086091925911976,0.0235027673006405,0.0,0.0,0.9583282748595388,86.72,none,p06,0.9,1.01,elem_order,20,0,1.0,1
B5,eAT,1,molecule,zz,0.1,bytype,3,bytype,eig,0,"[0.000,3.142]",none,1,1,Z,1,ridge,1,adam,adjoint,100,47,13,104,12,163,41,0.4731086919818935,0.9835813565645697,0.35332812379010753,0.4595039217405774,0.43636363636363634,9,0.4726747690309314,0.10860181382703364,0.77023987540167,6.862525322811795,2.4337793863994435,0.5372132349907539,0.4369049039763375,0.46951917559195494,0.9583282748595388,119.16,bytype,elem_only,0.84,0.95,elem,11,0,1.0,1
B5,eAT,1,molecule,zz,0.1,bytype_shuffled,3,bytype_shuffled,eig,0,"[0.000,3.142]",none,1,1,Z,1,ridge,1,adam,adjoint,100,47,13,104,12,163,41,0.4844644242852562,0.9844954890190674,0.3843439424325008,0.4593164997950361,0.3787878787878788,9,0.4726747690309314,0.10030632802178023,0.787789967661218,8.00441129000562,2.8387467122520844,0.07013026590760893,0.6980501132815807,0.4559736671127885,0.9583282748595388,118.8,shuffled,elem_only,0.84,0.95,elem,11,0,1.0,1
B5,eAT,1,molecule,none,0.0,fixed,3,fixed,eig,0,"[0.000,3.142]",none,1,1,Z,1,ridge,1,adam,adjoint,100,47,13,92,12,163,41,0.6694915009871277,0.9550444338293491,0.38301342512738584,0.5545764746622066,0.29999999999999993,9,0.5165330479251765,0.34931844807999307,0.32372488172219654,3.236568521139002,1.3086091925911976,0.0235027673006405,0.0,0.0,0.9583282748595388,86.63,none,elem_only,0.84,0.95,elem,11,0,1.0,1
B5,eAT,1,molecule,zz,0.1,bytype,3,bytype,eig,0,"[0.000,3.142]",none,1,1,Z,1,ridge,1,adam,adjoint,100,48,13,109,17,156,48,0.341344817620816,0.986461567536303,0.28023135533655014,0.3342812918232226,0.45098389982110904,9,0.4085592792613133,0.05311427313748704,0.8699961649787538,7.8786221582223455,2.6687748188576075,0.013277479343888243,0.3388058539975636,0.33330978704123154,0.9630952339677498,108.37,bytype,m06,0.78,0.89,elem_order,16,0,1.0,1
B5,eAT,1,molecule,zz,0.1,bytype_shuffled,3,bytype_shuffled,eig,0,"[0.000,3.142]",none,1,1,Z,1,ridge,1,adam,adjoint,100,48,13,109,17,156,48,0.5743876830247165,0.9756541752367519,0.42156409066026584,0.5403061093224651,0.2936493738819321,9,0.4085592792613133,0.11463345422350309,0.7194202652041986,7.24661358264746,2.4546906125175374,0.10223397491468515,0.5708076589693587,0.4571029218314224,0.9630952339677498,108.74,shuffled,m06,0.78,0.89,elem_order,16,0,1.0,1
B5,eAT,1,molecule,none,0.0,fixed,3,fixed,eig,0,"[0.000,3.142]",none,1,1,Z,1,ridge,1,adam,adjoint,100,48,13,92,17,156,48,0.5449394917735776,0.9731898211687785,0.2987833962678577,0.5649183062975901,0.39132379248658317,9,0.5492852552764061,0.2957399591865105,0.4615913018861374,2.315881138182129,0.9118220586401734,0.00685411317145797,0.0,0.0,0.9630952339677498,82.01,none,m06,0.78,0.89,elem_order,16,0,1.0,1
B5,eAT,1,molecule,zz,0.1,bytype,3,bytype,eig,0,"[0.000,3.142]",none,1,1,Z,1,ridge,1,adam,adjoint,100,48,13,111,19,156,48,0.3387777939865943,0.9874031725000129,0.2947564085762723,0.3436564328031571,0.595438282647585,9,0.4085592792613133,0.04999118811921456,0.8776403066659016,6.9629863249363115,2.3399263832354107,0.021634834625709455,0.35685456231927265,0.6201226255645201,0.9630952339677498,111.8,bytype,m03,0.81,0.92,elem_order,18,0,1.0,1
B5,eAT,1,molecule,zz,0.1,bytype_shuffled,3,bytype_shuffled,eig,0,"[0.000,3.142]",none,1,1,Z,1,ridge,1,adam,adjoint,100,48,13,111,19,156,48,0.5393701396913578,0.9778075115190251,0.433261565508268,0.5194302776803995,0.4401610017889089,9,0.4085592792613133,0.13313363858893587,0.6741387471858544,7.4497426756470215,2.5035018915135767,0.027591210410848797,0.48938346828085655,0.40791334453142963,0.9630952339677498,112.11,shuffled,m03,0.81,0.92,elem_order,18,0,1.0,1
B5,eAT,1,molecule,none,0.0,fixed,3,fixed,eig,0,"[0.000,3.142]",none,1,1,Z,1,ridge,1,adam,adjoint,100,48,13,92,19,156,48,0.5449394917735776,0.9731898211687785,0.2987833962678577,0.5649183062975901,0.39132379248658317,9,0.5492852552764061,0.2957399591865105,0.4615913018861374,2.315881138182129,0.9118220586401734,0.00685411317145797,0.0,0.0,0.9630952339677498,82.61,none,m03,0.81,0.92,elem_order,18,0,1.0,1
B5,eAT,1,molecule,zz,0.1,bytype,3,bytype,eig,0,"[0.000,3.142]",none,1,1,Z,1,ridge,1,adam,adjoint,100,48,13,114,22,156,48,0.4897858504213482,0.9785209788206108,0.29442123106982937,0.5114129197817753,0.3261180679785331,9,0.4085592792613133,0.0338791042681943,0.9170766496126372,6.918046516542636,2.299209477497915,0.010391425907138575,0.12961982777149264,0.5809731556595724,0.9630952339677498,112.27,bytype,base,0.84,0.95,elem_order,21,0,1.0,1
B5,eAT,1,molecule,zz,0.1,bytype_shuffled,3,bytype_shuffled,eig,0,"[0.000,3.142]",none,1,1,Z,1,ridge,1,adam,adjoint,100,48,13,114,22,156,48,0.49970895907652135,0.9822925509475342,0.3939734925615994,0.4960474135360342,0.4291592128801432,9,0.4085592792613133,0.12403270260575362,0.6964144277177886,8.001330204215435,2.6592382971307935,0.18111668978031456,0.5451733097953021,0.4525005773881898,0.9630952339677498,112.96,shuffled,base,0.84,0.95,elem_order,21,0,1.0,1
B5,eAT,1,molecule,none,0.0,fixed,3,fixed,eig,0,"[0.000,3.142]",none,1,1,Z,1,ridge,1,adam,adjoint,100,48,13,92,22,156,48,0.5449394917735776,0.9731898211687785,0.2987833962678577,0.5649183062975901,0.39132379248658317,9,0.5492852552764061,0.2957399591865105,0.4615913018861374,2.315881138182129,0.9118220586401734,0.00685411317145797,0.0,0.0,0.9630952339677498,83.21,none,base,0.84,0.95,elem_order,21,0,1.0,1
B5,eAT,1,molecule,zz,0.1,bytype,3,bytype,eig,0,"[0.000,3.142]",none,1,1,Z,1,ridge,1,adam,adjoint,100,48,13,114,22,156,48,0.4079307793767475,0.9834402731190862,0.318472551150211,0.41871409179279734,0.43676207513416815,9,0.4085592792613133,0.04358464296532971,0.8933211282237133,6.1787616421237725,2.0535085002393547,0.021392025674759483,0.05640827248747102,0.6611488702484356,0.9630952339677498,112.27,bytype,p03,0.87,0.98,elem_order,21,0,1.0,1
B5,eAT,1,molecule,zz,0.1,bytype_shuffled,3,bytype_shuffled,eig,0,"[0.000,3.142]",none,1,1,Z,1,ridge,1,adam,adjoint,100,48,13,114,22,156,48,0.7379846111246168,0.9369607639196602,0.48580831178889977,0.5879463175800904,0.1846153846153846,9,0.4085592792613133,0.10985604122900675,0.7311135817851707,6.861638933490434,2.280462444033158,0.1469680830406167,0.3693892571176308,0.546039469171241,0.9630952339677498,112.5,shuffled,p03,0.87,0.98,elem_order,21,0,1.0,1
B5,eAT,1,molecule,none,0.0,fixed,3,fixed,eig,0,"[0.000,3.142]",none,1,1,Z,1,ridge,1,adam,adjoint,100,48,13,92,22,156,48,0.5449394917735776,0.9731898211687785,0.2987833962678577,0.5649183062975901,0.39132379248658317,9,0.5492852552764061,0.2957399591865105,0.4615913018861374,2.315881138182129,0.9118220586401734,0.00685411317145797,0.0,0.0,0.9630952339677498,82.91,none,p03,0.87,0.98,elem_order,21,0,1.0,1
B5,eAT,1,molecule,zz,0.1,bytype,3,bytype,eig,0,"[0.000,3.142]",none,1,1,Z,1,ridge,1,adam,adjoint,100,48,13,113,21,156,48,0.40157997811190854,0.9789696903796137,0.2949747908803005,0.42374558671264123,0.38291592128801427,9,0.4085592792613133,0.057709979175320836,0.858747598929433,7.227054463050797,2.4105476680344498,0.040621731390513866,0.2232551614849094,0.2669061757496701,0.9630952339677498,112.59,bytype,p06,0.9,1.01,elem_order,20,0,1.0,1
B5,eAT,1,molecule,zz,0.1,bytype_shuffled,3,bytype_shuffled,eig,0,"[0.000,3.142]",none,1,1,Z,1,ridge,1,adam,adjoint,100,48,13,113,21,156,48,0.49595058160204336,0.9822237359270977,0.4062918605745404,0.4949538254773636,0.23059033989266547,9,0.4085592792613133,0.10612125203211566,0.7402549460533956,8.055103634265835,2.6867393044605112,0.035072697541098215,0.6409768895871253,0.5546476974174507,0.9630952339677498,112.94,shuffled,p06,0.9,1.01,elem_order,20,0,1.0,1
B5,eAT,1,molecule,none,0.0,fixed,3,fixed,eig,0,"[0.000,3.142]",none,1,1,Z,1,ridge,1,adam,adjoint,100,48,13,92,21,156,48,0.5449394917735776,0.9731898211687785,0.2987833962678577,0.5649183062975901,0.39132379248658317,9,0.5492852552764061,0.2957399591865105,0.4615913018861374,2.315881138182129,0.9118220586401734,0.00685411317145797,0.0,0.0,0.9630952339677498,82.82,none,p06,0.9,1.01,elem_order,20,0,1.0,1
B5,eAT,1,molecule,zz,0.1,bytype,3,bytype,eig,0,"[0.000,3.142]",none,1,1,Z,1,ridge,1,adam,adjoint,100,48,13,104,12,156,48,0.47702470100069005,0.9812626376141607,0.30741673934198366,0.5001694805754433,0.44042933810375673,9,0.4085592792613133,0.07906362911562477,0.8064818665761943,7.639600419175769,2.646895761735106,0.03975777425203792,0.18508862714602684,0.5237220837107329,0.9630952339677498,112.36,bytype,elem_only,0.84,0.95,elem,11,0,1.0,1
B5,eAT,1,molecule,zz,0.1,bytype_shuffled,3,bytype_shuffled,eig,0,"[0.000,3.142]",none,1,1,Z,1,ridge,1,adam,adjoint,100,48,13,104,12,156,48,0.4409301039815687,0.9833111645486678,0.3333296111068625,0.44422681731630953,0.51824686940966,9,0.4085592792613133,0.13831148547178493,0.6614653185166764,6.30540097495999,2.184635085726466,0.18261198530212405,0.5235723548719724,0.3781612116074991,0.9630952339677498,112.94,shuffled,elem_only,0.84,0.95,elem,11,0,1.0,1
B5,eAT,1,molecule,none,0.0,fixed,3,fixed,eig,0,"[0.000,3.142]",none,1,1,Z,1,ridge,1,adam,adjoint,100,48,13,92,12,156,48,0.5449394917735776,0.9731898211687785,0.2987833962678577,0.5649183062975901,0.39132379248658317,9,0.5492852552764061,0.2957399591865105,0.4615913018861374,2.315881138182129,0.9118220586401734,0.00685411317145797,0.0,0.0,0.9630952339677498,84.7,none,elem_only,0.84,0.95,elem,11,0,1.0,1
B5,eAT,1,molecule,zz,0.1,bytype,3,bytype,eig,0,"[0.000,3.142]",none,1,1,Z,1,ridge,1,adam,adjoint,100,49,13,109,17,157,47,0.34426006569290357,0.9923297278513166,0.24773967164141378,0.3477480188578708,0.5621262458471761,11,0.6339066554432771,0.08171976834624807,0.8710854860971554,6.836466406295562,2.3234798361205486,0.011946251820601283,0.08303745405673331,0.6044682945059344,0.9605883134480587,108.65,bytype,m06,0.78,0.89,elem_order,16,0,1.0,1
B5,eAT,1,molecule,zz,0.1,bytype_shuffled,3,bytype_shuffled,eig,0,"[0.000,3.142]",none,1,1,Z,1,ridge,1,adam,adjoint,100,49,13,109,17,157,47,0.38719976665834627,0.9858978469033254,0.33573682792851334,0.36205265086354504,0.2697674418604651,11,0.6339066554432771,0.11697675044655728,0.8154669154486822,8.538874732558135,2.902069883059457,0.1291739170739863,0.5718174826774189,1.2623037469000702,0.9605883134480587,109.38,shuffled,m06,0.78,0.89,elem_order,16,0,1.0,1
B5,eAT,1,molecule,none,0.0,fixed,3,fixed,eig,0,"[0.000,3.142]",none,1,1,Z,1,ridge,1,adam,adjoint,100,49,13,92,17,157,47,0.5438000403547592,0.9574257963740349,0.2279952525547245,0.35871517897799643,0.431063122923588,11,0.6603205457375628,0.4081762403122995,0.381851370600053,2.1567670057161665,0.852467340556186,0.03839532456191076,0.0,0.0,0.9605883134480587,82.27,none,m06,0.78,0.89,elem_order,16,0,1.0,1
B5,eAT,1,molecule,zz,0.1,bytype,3,bytype,eig,0,"[0.000,3.142]",none,1,1,Z,1,ridge,1,adam,adjoint,100,49,13,111,19,157,47,0.3541277136534935,0.9898177271787048,0.2760265126297544,0.33441393882638,0.4775747508305648,11,0.6339066554432771,0.05648949052337883,0.9108867369693777,7.190008568772665,2.4242095193933433,0.032937015382174646,0.2722239769994042,0.49837453980294805,0.9605883134480587,112.33,bytype,m03,0.81,0.92,elem_order,18,0,1.0,1
B5,eAT,1,molecule,zz,0.1,bytype_shuffled,3,bytype_shuffled,eig,0,"[0.000,3.142]",none,1,1,Z,1,ridge,1,adam,adjoint,100,49,13,111,19,157,47,0.640692091184575,0.964234272688498,0.4600417686282525,0.5485894168832169,0.34833887043189365,11,0.6339066554432771,0.19655814513074604,0.6899257273244793,4.766794752989893,1.6071899089773822,0.029160437403978983,0.1751583845710749,0.4045747816431693,0.9605883134480587,114.05,shuffled,m03,0.81,0.92,elem_order,18,0,1.0,1
B5,eAT,1,molecule,none,0.0,fixed,3,fixed,eig,0,"[0.000,3.142]",none,1,1,Z,1,ridge,1,adam,adjoint,100,49,13,92,19,157,47,0.5438000403547592,0.9574257963740349,0.2279952525547245,0.35871517897799643,0.431063122923588,11,0.6603205457375628,0.4081762403122995,0.381851370600053,2.1567670057161665,0.852467340556186,0.03839532456191076,0.0,0.0,0.9605883134480587,84.09,none,m03,0.81,0.92,elem_order,18,0,1.0,1
B5,eAT,1,molecule,zz,0.1,bytype,3,bytype,eig,0,"[0.000,3.142]",none,1,1,Z,1,ridge,1,adam,adjoint,100,49,13,113,21,157,47,0.489437631207383,0.978518578191604,0.3789614188189033,0.4779248160635256,0.5164451827242524,11,0.6339066554432771,0.04800074827513212,0.9242778919215381,7.370246894441696,2.466378968694576,0.021602260720879365,0.2034674521416807,0.7259737905249496,0.9605883134480587,113.84,bytype,base,0.84,0.95,elem_order,20,0,1.0,1
B5,eAT,1,molecule,zz,0.1,bytype_shuffled,3,bytype_shuffled,eig,0,"[0.000,3.142]",none,1,1,Z,1,ridge,1,adam,adjoint,100,49,13,113,21,157,47,0.5998293853432755,0.9685157386500459,0.49316942204516273,0.5871992795768904,0.27691029900332226,11,0.6339066554432771,0.2101011765343346,0.6685613335493135,5.652238903095043,1.8914648798460538,0.7730240703857331,0.19909082735471206,0.6309342766397465,0.9605883134480587,114.94,shuffled,base,0.84,0.95,elem_order,20,0,1.0,1
B5,eAT,1,molecule,none,0.0,fixed,3,fixed,eig,0,"[0.000,3.142]",none,1,1,Z,1,ridge,1,adam,adjoint,100,49,13,92,21,157,47,0.5438000403547592,0.9574257963740349,0.2279952525547245,0.35871517897799643,0.431063122923588,11,0.6603205457375628,0.4081762403122995,0.381851370600053,2.1567670057161665,0.852467340556186,0.03839532456191076,0.0,0.0,0.9605883134480587,83.73,none,base,0.84,0.95,elem_order,20,0,1.0,1
B5,eAT,1,molecule,zz,0.1,bytype,3,bytype,eig,0,"[0.000,3.142]",none,1,1,Z,1,ridge,1,adam,adjoint,100,49,13,114,22,157,47,0.3175837921756802,0.9924650614064978,0.20852384434236476,0.28823705083540746,0.3164451827242525,11,0.6339066554432771,0.04917752254080855,0.9224215077748005,8.555415058010112,2.8526889027375177,0.13296240855202301,0.1757099003350365,0.5568769572248324,0.9605883134480587,113.63,bytype,p03,0.87,0.98,elem_order,21,0,1.0,1
B5,eAT,1,molecule,zz,0.1,bytype_shuffled,3,bytype_shuffled,eig,0,"[0.000,3.142]",none,1,1,Z,1,ridge,1,adam,adjoint,100,49,13,114,22,157,47,0.45095816306852,0.9830652421555324,0.3519324761227814,0.3688846538181761,0.37093023255813956,11,0.6339066554432771,0.17636037127820003,0.7217881059240889,6.442744993645984,2.1482472822091663,0.3794307768699766,0.4752697463902253,0.6077532791802182,0.9605883134480587,114.92,shuffled,p03,0.87,0.98,elem_order,21,0,1.0,1
B5,eAT,1,molecule,none,0.0,fixed,3,fixed,eig,0,"[0.000,3.142]",none,1,1,Z,1,ridge,1,adam,adjoint,100,49,13,92,22,157,47,0.5438000403547592,0.9574257963740349,0.2279952525547245,0.35871517897799643,0.431063122923588,11,0.6603205457375628,0.4081762403122995,0.381851370600053,2.1567670057161665,0.852467340556186,0.03839532456191076,0.0,0.0,0.9605883134480587,84.26,none,p03,0.87,0.98,elem_order,21,0,1.0,1
B5,eAT,1,molecule,zz,0.1,bytype,3,bytype,eig,0,"[0.000,3.142]",none,1,1,Z,1,ridge,1,adam,adjoint,100,49,13,113,21,157,47,0.3750941536611617,0.9910815494453091,0.2621153599611617,0.35744686710808393,0.5144518272425249,11,0.6339066554432771,0.06791246387074973,0.8928667757506662,7.603784418412946,2.5445299513920596,0.01615277170102875,0.38656234686413143,0.5732756187560385,0.9605883134480587,114.48,bytype,p06,0.9,1.01,elem_order,20,0,1.0,1
B5,eAT,1,molecule,zz,0.1,bytype_shuffled,3,bytype_shuffled,eig,0,"[0.000,3.142]",none,1,1,Z,1,ridge,1,adam,adjoint,100,49,13,113,21,157,47,0.6334587143553224,0.9683122978437724,0.37256466542774036,0.5480379697738074,0.32059800664451826,11,0.6339066554432771,0.17260735976038338,0.727708554125082,9.71115783876089,3.24974126351946,0.1302748009783622,0.8915827320029396,1.521644016776097,0.9605883134480587,114.96,shuffled,p06,0.9,1.01,elem_order,20,0,1.0,1
B5,eAT,1,molecule,none,0.0,fixed,3,fixed,eig,0,"[0.000,3.142]",none,1,1,Z,1,ridge,1,adam,adjoint,100,49,13,92,21,157,47,0.5438000403547592,0.9574257963740349,0.2279952525547245,0.35871517897799643,0.431063122923588,11,0.6603205457375628,0.4081762403122995,0.381851370600053,2.1567670057161665,0.852467340556186,0.03839532456191076,0.0,0.0,0.9605883134480587,84.0,none,p06,0.9,1.01,elem_order,20,0,1.0,1
B5,eAT,1,molecule,zz,0.1,bytype,3,bytype,eig,0,"[0.000,3.142]",none,1,1,Z,1,ridge,1,adam,adjoint,100,49,13,105,13,157,47,0.31680321416276347,0.992939205478752,0.22970538334053978,0.2998913732896063,0.5327242524916944,11,0.6339066554432771,0.06506212572948364,0.8973632392548598,6.196949956655827,2.1438401039811428,0.03019419110870757,0.2960992832272915,0.4516429449324466,0.9605883134480587,113.82,bytype,elem_only,0.84,0.95,elem,12,0,1.0,1
B5,eAT,1,molecule,zz,0.1,bytype_shuffled,3,bytype_shuffled,eig,0,"[0.000,3.142]",none,1,1,Z,1,ridge,1,adam,adjoint,100,49,13,105,13,157,47,0.38059301679843327,0.9893531641024216,0.2563627459373336,0.3918312742862257,0.5375415282392026,11,0.6339066554432771,0.13939743657949308,0.7800978497662001,7.3777525930073224,2.5523397795317084,0.06603907956085284,0.4686699810847274,0.6376337279349351,0.9605883134480587,118.4,shuffled,elem_only,0.84,0.95,elem,12,0,1.0,1
B5,eAT,1,molecule,none,0.0,fixed,3,fixed,eig,0,"[0.000,3.142]",none,1,1,Z,1,ridge,1,adam,adjoint,100,49,13,92,13,157,47,0.5438000403547592,0.9574257963740349,0.2279952525547245,0.35871517897799643,0.431063122923588,11,0.6603205457375628,0.4081762403122995,0.381851370600053,2.1567670057161665,0.852467340556186,0.03839532456191076,0.0,0.0,0.9605883134480587,84.79,none,elem_only,0.84,0.95,elem,12,0,1.0,1
B5,eAT,1,molecule,zz,0.1,bytype,3,bytype,eig,0,"[0.000,3.142]",none,1,1,Z,1,ridge,1,adam,adjoint,100,50,13,110,18,158,46,0.3379839645317162,0.9810889721156837,0.16485366005611432,0.37020490657189753,0.9141636141636141,6,0.5355694349927194,0.04287259625395001,0.9199495089660357,7.23495688987577,2.3333980449388654,0.017554013092941054,0.11171888837023519,0.6158322143682764,0.9614430051083583,107.89,bytype,m06,0.78,0.89,elem_order,17,0,1.0,1
B5,eAT,1,molecule,zz,0.1,bytype_shuffled,3,bytype_shuffled,eig,0,"[0.000,3.142]",none,1,1,Z,1,ridge,1,adam,adjoint,100,50,13,110,18,158,46,0.5509888030631044,0.957740315397157,0.5130866603747887,0.5885685186701758,0.23327228327228328,6,0.5355694349927194,0.20682751511486633,0.6138175526807688,6.687521465162835,2.1568407040730273,1.5952652698520218,0.10615168284264682,0.3797525110089099,0.9614430051083583,109.37,shuffled,m06,0.78,0.89,elem_order,17,0,1.0,1
B5,eAT,1,molecule,none,0.0,fixed,3,fixed,eig,0,"[0.000,3.142]",none,1,1,Z,1,ridge,1,adam,adjoint,100,50,13,92,18,158,46,0.35895121602494406,0.9862230043619674,0.303843666896001,0.3613571700444512,0.44554334554334557,6,0.5127431058003766,0.3656300998233556,0.2869136694629605,3.2533254480280993,1.215584887574525,0.0010453223962658422,0.0,0.0,0.9614430051083583,82.12,none,m06,0.78,0.89,elem_order,17,0,1.0,1
B5,eAT,1,molecule,zz,0.1,bytype,3,bytype,eig,0,"[0.000,3.142]",none,1,1,Z,1,ridge,1,adam,adjoint,100,50,13,112,20,158,46,0.46678526399933234,0.9668778554962115,0.2457973451801653,0.5015435538359642,0.8622710622710624,6,0.5355694349927194,0.028932300498156087,0.9459784322857233,7.422600031438822,2.3763275192267534,0.016155201022983994,0.18470462565574838,0.7449463243777773,0.9614430051083583,113.06,bytype,m03,0.81,0.92,elem_order,19,0,1.0,1
B5,eAT,1,molecule,zz,0.1,bytype_shuffled,3,bytype_shuffled,eig,0,"[0.000,3.142]",none,1,1,Z,1,ridge,1,adam,adjoint,100,50,13,112,20,158,46,0.5410265990355442,0.9549792993409884,0.4453862734139077,0.4671379327057061,0.2742979242979243,6,0.5355694349927194,0.1429023471320943,0.7331768062267465,6.480276711968186,2.0746449785290686,0.07535450008570657,0.2033714970828707,0.593301755871259,0.9614430051083583,113.34,shuffled,m03,0.81,0.92,elem_order,19,0,1.0,1
B5,eAT,1,molecule,none,0.0,fixed,3,fixed,eig,0,"[0.000,3.142]",none,1,1,Z,1,ridge,1,adam,adjoint,100,50,13,92,20,158,46,0.35895121602494406,0.9862230043619674,0.303843666896001,0.3613571700444512,0.44554334554334557,6,0.5127431058003766,0.3656300998233556,0.2869136694629605,3.2533254480280993,1.215584887574525,0.0010453223962658422,0.0,0.0,0.9614430051083583,83.88,none,m03,0.81,0.92,elem_order,19,0,1.0,1
B5,eAT,1,molecule,zz,0.1,bytype,3,bytype,eig,0,"[0.000,3.142]",none,1,1,Z,1,ridge,1,adam,adjoint,100,50,13,115,23,158,46,0.3669510153528689,0.9821164979614416,0.2379881113984233,0.3902109270490348,0.8595238095238096,6,0.5355694349927194,0.04192690575102607,0.9217152753468912,7.587124474982961,2.404085994643224,0.015095097432063883,0.19431069574819876,0.4977534149012455,0.9614430051083583,113.79,bytype,base,0.84,0.95,elem_order,22,0,1.0,1
B5,eAT,1,molecule,zz,0.1,bytype_shuffled,3,bytype_shuffled,eig,0,"[0.000,3.142]",none,1,1,Z,1,ridge,1,adam,adjoint,100,50,13,115,23,158,46,0.49624766373482093,0.9720422468964591,0.3134735455346339,0.42857218326961455,0.5857142857142857,6,0.5355694349927194,0.16692574846372701,0.6883209952674088,8.700157837426325,2.7567661077801255,0.6201112163543613,-0.1731684967919328,0.8819366873417382,0.9614430051083583,114.02,shuffled,base,0.84,0.95,elem_order,22,0,1.0,1
B5,eAT,1,molecule,none,0.0,fixed,3,fixed,eig,0,"[0.000,3.142]",none,1,1,Z,1,ridge,1,adam,adjoint,100,50,13,92,23,158,46,0.35895121602494406,0.9862230043619674,0.303843666896001,0.3613571700444512,0.44554334554334557,6,0.5127431058003766,0.3656300998233556,0.2869136694629605,3.2533254480280993,1.215584887574525,0.0010453223962658422,0.0,0.0,0.9614430051083583,84.64,none,base,0.84,0.95,elem_order,22,0,1.0,1
B5,eAT,1,molecule,zz,0.1,bytype,3,bytype,eig,0,"[0.000,3.142]",none,1,1,Z,1,ridge,1,adam,adjoint,100,50,13,115,23,158,46,0.2900248342360996,0.989344377868786,0.2337790877165979,0.31836348601934655,0.4147741147741147,6,0.5355694349927194,0.030067028587556673,0.9438597003057774,8.389341561071497,2.6582796443834016,0.0968093262767019,0.2688636131261281,0.511166584973254,0.9614430051083583,114.04,bytype,p03,0.87,0.98,elem_order,22,0,1.0,1
B5,eAT,1,molecule,zz,0.1,bytype_shuffled,3,bytype_shuffled,eig,0,"[0.000,3.142]",none,1,1,Z,1,ridge,1,adam,adjoint,100,50,13,115,23,158,46,0.5214233388195856,0.962872387611687,0.44615615392472124,0.48768401463563804,0.28540903540903545,6,0.5355694349927194,0.20496972612258724,0.6172863633911938,6.847735108380165,2.1698001823174815,0.4130622609811236,0.19164763153800093,0.4150540032089903,0.9614430051083583,114.16,shuffled,p03,0.87,0.98,elem_order,22,0,1.0,1
B5,eAT,1,molecule,none,0.0,fixed,3,fixed,eig,0,"[0.000,3.142]",none,1,1,Z,1,ridge,1,adam,adjoint,100,50,13,92,23,158,46,0.35895121602494406,0.9862230043619674,0.303843666896001,0.3613571700444512,0.44554334554334557,6,0.5127431058003766,0.3656300998233556,0.2869136694629605,3.2533254480280993,1.215584887574525,0.0010453223962658422,0.0,0.0,0.9614430051083583,83.97,none,p03,0.87,0.98,elem_order,22,0,1.0,1
B5,eAT,1,molecule,zz,0.1,bytype,3,bytype,eig,0,"[0.000,3.142]",none,1,1,Z,1,ridge,1,adam,adjoint,100,50,13,114,22,158,46,0.19840781980550334,0.9946225025071952,0.18019438833198984,0.20673178791206737,0.839072039072039,6,0.5355694349927194,0.03275844492084274,0.938834364359706,10.474676588976742,3.3301706601743106,0.01952992460158961,0.30604047879817736,0.5397579478449794,0.9614430051083583,114.29,bytype,p06,0.9,1.01,elem_order,21,0,1.0,1
B5,eAT,1,molecule,zz,0.1,bytype_shuffled,3,bytype_shuffled,eig,0,"[0.000,3.142]",none,1,1,Z,1,ridge,1,adam,adjoint,100,50,13,114,22,158,46,0.647037936170558,0.9536172148115413,0.5373194776156378,0.6578481718641845,0.04053724053724057,6,0.5355694349927194,0.1852666898355074,0.6540753117510786,6.7012958568536,2.130515310718686,0.0653172523310628,0.10229541009579983,0.2112873763973847,0.9614430051083583,115.3,shuffled,p06,0.9,1.01,elem_order,21,0,1.0,1
B5,eAT,1,molecule,none,0.0,fixed,3,fixed,eig,0,"[0.000,3.142]",none,1,1,Z,1,ridge,1,adam,adjoint,100,50,13,92,22,158,46,0.35895121602494406,0.9862230043619674,0.303843666896001,0.3613571700444512,0.44554334554334557,6,0.5127431058003766,0.3656300998233556,0.2869136694629605,3.2533254480280993,1.215584887574525,0.0010453223962658422,0.0,0.0,0.9614430051083583,85.01,none,p06,0.9,1.01,elem_order,21,0,1.0,1
B5,eAT,1,molecule,zz,0.1,bytype,3,bytype,eig,0,"[0.000,3.142]",none,1,1,Z,1,ridge,1,adam,adjoint,100,50,13,105,13,158,46,0.3187180438370138,0.9857268157337571,0.21153633854573536,0.31215737083072437,0.8687423687423687,6,0.5355694349927194,0.04975462049823716,0.9070995892457651,6.339745773510224,2.087570858729786,0.02995553558478939,0.21383628197606003,0.4814592684923045,0.9614430051083583,115.1,bytype,elem_only,0.84,0.95,elem,12,0,1.0,1
B5,eAT,1,molecule,zz,0.1,bytype_shuffled,3,bytype_shuffled,eig,0,"[0.000,3.142]",none,1,1,Z,1,ridge,1,adam,adjoint,100,50,13,105,13,158,46,0.4596746390593738,0.9752003657876315,0.34695044064657693,0.4301041878626994,0.5034188034188035,6,0.5355694349927194,0.2602651240178838,0.5140403708411367,5.937327416928187,1.9550613127273673,0.1968629269995271,0.11835751836783813,0.3744189499719946,0.9614430051083583,115.77,shuffled,elem_only,0.84,0.95,elem,12,0,1.0,1
B5,eAT,1,molecule,none,0.0,fixed,3,fixed,eig,0,"[0.000,3.142]",none,1,1,Z,1,ridge,1,adam,adjoint,100,50,13,92,13,158,46,0.35895121602494406,0.9862230043619674,0.303843666896001,0.3613571700444512,0.44554334554334557,6,0.5127431058003766,0.3656300998233556,0.2869136694629605,3.2533254480280993,1.215584887574525,0.0010453223962658422,0.0,0.0,0.9614430051083583,84.35,none,elem_only,0.84,0.95,elem,12,0,1.0,1
B5,eAT,1,molecule,zz,0.1,bytype,3,bytype,eig,0,"[0.000,3.142]",none,1,1,Z,1,ridge,1,adam,adjoint,100,51,13,110,18,154,50,0.3397357908723545,0.986789342512526,0.24441476635807038,0.29507246710840007,0.71875,11,0.5285462056890399,0.06357413711745678,0.8797188657620231,7.279397347722797,2.1438675061866883,0.019071669923108794,0.29751888479627614,0.4341667576743309,0.9666560679620392,106.06,bytype,m06,0.78,0.89,elem_order,17,0,1.0,1
B5,eAT,1,molecule,zz,0.1,bytype_shuffled,3,bytype_shuffled,eig,0,"[0.000,3.142]",none,1,1,Z,1,ridge,1,adam,adjoint,100,51,13,110,18,154,50,0.48758431546734754,0.9736876606030473,0.31588132467919267,0.46176586101405265,0.5380952380952381,11,0.5285462056890399,0.1290341978320718,0.7558695976941955,8.800996340864302,2.591996174401638,0.02832561984309233,0.4291651501467406,0.6764682618445764,0.9666560679620392,107.64,shuffled,m06,0.78,0.89,elem_order,17,0,1.0,1
B5,eAT,1,molecule,none,0.0,fixed,3,fixed,eig,0,"[0.000,3.142]",none,1,1,Z,1,ridge,1,adam,adjoint,100,51,13,92,18,154,50,0.45376012333123256,0.9730840240606908,0.32880772936165786,0.39616460207713955,0.4505952380952381,11,0.5737096526770777,0.35744421589656894,0.37695973175866626,2.7259715006877814,0.9174688243836535,0.016571140574236105,0.0,0.0,0.9666560679620392,80.54,none,m06,0.78,0.89,elem_order,17,0,1.0,1
B5,eAT,1,molecule,zz,0.1,bytype,3,bytype,eig,0,"[0.000,3.142]",none,1,1,Z,1,ridge,1,adam,adjoint,100,51,13,112,20,154,50,0.3304044929172221,0.9875894795306803,0.21381970591485278,0.2963488691905487,0.5089285714285714,11,0.5285462056890399,0.052538163127571064,0.9005987318382512,6.638152527220437,1.9418883836473804,0.016418879981183285,0.20240339211285208,0.4095811276985513,0.9666560679620392,110.37,bytype,m03,0.81,0.92,elem_order,19,0,1.0,1
B5,eAT,1,molecule,zz,0.1,bytype_shuffled,3,bytype_shuffled,eig,0,"[0.000,3.142]",none,1,1,Z,1,ridge,1,adam,adjoint,100,51,13,112,20,154,50,0.5495972978884015,0.9639128094740642,0.4707440266242758,0.5532369631520913,0.14345238095238091,11,0.5285462056890399,0.15338422774294042,0.7097997751341704,8.101421813264743,2.369945078196887,1.4628179549841118,0.17251012771931074,0.6375072333508427,0.9666560679620392,110.37,shuffled,m03,0.81,0.92,elem_order,19,0,1.0,1
B5,eAT,1,molecule,none,0.0,fixed,3,fixed,eig,0,"[0.000,3.142]",none,1,1,Z,1,ridge,1,adam,adjoint,100,51,13,92,20,154,50,0.45376012333123256,0.9730840240606908,0.32880772936165786,0.39616460207713955,0.4505952380952381,11,0.5737096526770777,0.35744421589656894,0.37695973175866626,2.7259715006877814,0.9174688243836535,0.016571140574236105,0.0,0.0,0.9666560679620392,82.01,none,m03,0.81,0.92,elem_order,19,0,1.0,1
B5,eAT,1,molecule,zz,0.1,bytype,3,bytype,eig,0,"[0.000,3.142]",none,1,1,Z,1,ridge,1,adam,adjoint,100,51,13,115,23,154,50,0.2787203043084176,0.9925405808163104,0.19946393384775676,0.25653269419818875,0.7678571428571428,11,0.5285462056890399,0.03985130890776994,0.9246020338830779,7.207044748763522,2.088532212049636,0.10617336128565459,0.1679981208066539,0.8269617699285073,0.9666560679620392,111.12,bytype,base,0.84,0.95,elem_order,22,0,1.0,1
B5,eAT,1,molecule,zz,0.1,bytype_shuffled,3,bytype_shuffled,eig,0,"[0.000,3.142]",none,1,1,Z,1,ridge,1,adam,adjoint,100,51,13,115,23,154,50,0.6060151902340627,0.9596841452140161,0.5082376378798129,0.5800164269885111,0.3505952380952381,11,0.5285462056890399,0.12965103567407835,0.7547025514920525,8.566565479476235,2.4825082366233566,0.31867672108776235,0.2831431324843831,0.7331335247394208,0.9666560679620392,111.02,shuffled,base,0.84,0.95,elem_order,22,0,1.0,1
B5,eAT,1,molecule,none,0.0,fixed,3,fixed,eig,0,"[0.000,3.142]",none,1,1,Z,1,ridge,1,adam,adjoint,100,51,13,92,23,154,50,0.45376012333123256,0.9730840240606908,0.32880772936165786,0.39616460207713955,0.4505952380952381,11,0.5737096526770777,0.35744421589656894,0.37695973175866626,2.7259715006877814,0.9174688243836535,0.016571140574236105,0.0,0.0,0.9666560679620392,81.25,none,base,0.84,0.95,elem_order,22,0,1.0,1
B5,eAT,1,molecule,zz,0.1,bytype,3,bytype,eig,0,"[0.000,3.142]",none,1,1,Z,1,ridge,1,adam,adjoint,100,51,13,115,23,154,50,0.37923888094592345,0.9794557788614013,0.23445455396183826,0.32738456808109584,0.8386904761904762,11,0.5285462056890399,0.0365109935128694,0.9309218510701978,7.84579314700697,2.273635350940986,0.016586027917869398,0.1211839398653176,0.41319895782967747,0.9666560679620392,110.56,bytype,p03,0.87,0.98,elem_order,22,0,1.0,1
B5,eAT,1,molecule,zz,0.1,bytype_shuffled,3,bytype_shuffled,eig,0,"[0.000,3.142]",none,1,1,Z,1,ridge,1,adam,adjoint,100,51,13,115,23,154,50,0.5450834768497874,0.9664864707002762,0.39385039033997843,0.5094634827103909,0.39166666666666666,11,0.5285462056890399,0.14684082417435568,0.722179778051899,7.689505159218898,2.228344596098953,0.032950709584579616,0.16110442966447974,0.8009040780869303,0.9666560679620392,111.26,shuffled,p03,0.87,0.98,elem_order,22,0,1.0,1
B5,eAT,1,molecule,none,0.0,fixed,3,fixed,eig,0,"[0.000,3.142]",none,1,1,Z,1,ridge,1,adam,adjoint,100,51,13,92,23,154,50,0.45376012333123256,0.9730840240606908,0.32880772936165786,0.39616460207713955,0.4505952380952381,11,0.5737096526770777,0.35744421589656894,0.37695973175866626,2.7259715006877814,0.9174688243836535,0.016571140574236105,0.0,0.0,0.9666560679620392,82.37,none,p03,0.87,0.98,elem_order,22,0,1.0,1
B5,eAT,1,molecule,zz,0.1,bytype,3,bytype,eig,0,"[0.000,3.142]",none,1,1,Z,1,ridge,1,adam,adjoint,100,51,13,114,22,154,50,0.38963249141428546,0.9827213757167172,0.2047759867239344,0.33592439007809466,0.7892857142857143,11,0.5285462056890399,0.046355170775284796,0.9122968431589555,9.596748860228708,2.789567168474408,0.0326679308081463,0.2632566022245348,0.3977623145232316,0.9666560679620392,111.96,bytype,p06,0.9,1.01,elem_order,21,0,1.0,1
B5,eAT,1,molecule,zz,0.1,bytype_shuffled,3,bytype_shuffled,eig,0,"[0.000,3.142]",none,1,1,Z,1,ridge,1,adam,adjoint,100,51,13,114,22,154,50,0.5292392110884583,0.9727841845272317,0.3613522487491287,0.49476959432665557,0.5446428571428571,11,0.5285462056890399,0.12908889840453808,0.7557661051861092,8.926895302854946,2.594855238574942,0.4846930148326125,0.14578000705837693,0.9437233932641599,0.9666560679620392,112.2,shuffled,p06,0.9,1.01,elem_order,21,0,1.0,1
B5,eAT,1,molecule,none,0.0,fixed,3,fixed,eig,0,"[0.000,3.142]",none,1,1,Z,1,ridge,1,adam,adjoint,100,51,13,92,22,154,50,0.45376012333123256,0.9730840240606908,0.32880772936165786,0.39616460207713955,0.4505952380952381,11,0.5737096526770777,0.35744421589656894,0.37695973175866626,2.7259715006877814,0.9174688243836535,0.016571140574236105,0.0,0.0,0.9666560679620392,83.1,none,p06,0.9,1.01,elem_order,21,0,1.0,1
B5,eAT,1,molecule,zz,0.1,bytype,3,bytype,eig,0,"[0.000,3.142]",none,1,1,Z,1,ridge,1,adam,adjoint,100,51,13,105,13,154,50,0.38142658355883186,0.9848416698607751,0.27834804049014145,0.3626134052733107,0.8074404761904762,11,0.5285462056890399,0.0514830047670131,0.9025950726485734,7.021587299009842,2.1074821819322165,0.2279743857186578,0.15451150122389984,0.3785341018467773,0.9666560679620392,112.56,bytype,elem_only,0.84,0.95,elem,12,0,1.0,1
B5,eAT,1,molecule,zz,0.1,bytype_shuffled,3,bytype_shuffled,eig,0,"[0.000,3.142]",none,1,1,Z,1,ridge,1,adam,adjoint,100,51,13,105,13,154,50,0.5046655397381837,0.96966338225991,0.3456054324429312,0.4656909519884763,0.5113095238095238,11,0.5285462056890399,0.15642730310736522,0.7040423307865041,7.0333681293256,2.1110181188823027,0.019890642079246047,0.4554433861368453,0.5921497211685244,0.9666560679620392,114.25,shuffled,elem_only,0.84,0.95,elem,12,0,1.0,1
B5,eAT,1,molecule,none,0.0,fixed,3,fixed,eig,0,"[0.000,3.142]",none,1,1,Z,1,ridge,1,adam,adjoint,100,51,13,92,13,154,50,0.45376012333123256,0.9730840240606908,0.32880772936165786,0.39616460207713955,0.4505952380952381,11,0.5737096526770777,0.35744421589656894,0.37695973175866626,2.7259715006877814,0.9174688243836535,0.016571140574236105,0.0,0.0,0.9666560679620392,82.84,none,elem_only,0.84,0.95,elem,12,0,1.0,1
B3,eAT,1,molecule,zz,0.1,bytype,3,bytype,eig,0,"[0.000,3.142]",none,1,1,Z,1,ridge,1,adam,adjoint,100,42,13,104,12,352,134,0.5705316661107998,0.9517318413795853,0.5070848557290126,0.5427467618880183,0.5729693138115598,8,0.6377402363707142,0.18342992153575127,0.7123751786783535,9.078592014947894,3.779931984614152,0.1765996074299877,-0.19957478805567133,0.4491732878795063,0.9457454409377412,236.06,bytype,m06,0.78,0.89,elem_order,11,0,1.0,1
B3,eAT,1,molecule,zz,0.1,bytype_shuffled,3,bytype_shuffled,eig,0,"[0.000,3.142]",none,1,1,Z,1,ridge,1,adam,adjoint,100,42,13,104,12,352,134,0.5634308145870977,0.950799983599053,0.5080638052700156,0.5294304968614768,0.5777717974242038,8,0.6377402363707142,0.3144283082736303,0.5069649202894967,6.220918490410311,2.5901206637397816,0.1703345767434397,0.3556593458981696,0.16597041440233334,0.9457454409377412,236.58,shuffled,m06,0.78,0.89,elem_order,11,0,1.0,1
B3,eAT,1,molecule,none,0.0,fixed,3,fixed,eig,0,"[0.000,3.142]",none,1,1,Z,1,ridge,1,adam,adjoint,100,42,13,92,12,352,134,0.6555109420422912,0.9549187447445443,0.609586886317881,0.6536135638383312,0.41636304871598984,8,0.6921417799874824,0.6074415200467732,0.12237414701687421,2.947808358271457,1.4341935300001096,0.0026159830261412655,0.0,0.0,0.9457454409377412,178.5,none,m06,0.78,0.89,elem_order,11,0,1.0,1
B3,eAT,1,molecule,zz,0.1,bytype,3,bytype,eig,0,"[0.000,3.142]",none,1,1,Z,1,ridge,1,adam,adjoint,100,42,13,107,15,352,134,0.4287575202285265,0.9779881372504385,0.41563970689814506,0.421764272643192,0.7917310630545924,8,0.6377402363707142,0.1432392596728385,0.7753956054458913,10.45445001480361,4.279917996700702,0.10606359072520324,0.3409741213925018,0.4387089568514207,0.9457454409377412,244.92,bytype,m03,0.81,0.92,elem_order,14,0,1.0,1
B3,eAT,1,molecule,zz,0.1,bytype_shuffled,3,bytype_shuffled,eig,0,"[0.000,3.142]",none,1,1,Z,1,ridge,1,adam,adjoint,100,42,13,107,15,352,134,0.569063630834695,0.9535116989453211,0.5316586625711197,0.5434866994912358,0.5116063081303723,8,0.6377402363707142,0.32719490419382136,0.48694643126825526,6.092196716890596,2.4940673427238917,0.06824300197549532,0.24027501823984035,0.3045370587153518,0.9457454409377412,247.48,shuffled,m03,0.81,0.92,elem_order,14,0,1.0,1
B3,eAT,1,molecule,none,0.0,fixed,3,fixed,eig,0,"[0.000,3.142]",none,1,1,Z,1,ridge,1,adam,adjoint,100,42,13,92,15,352,134,0.6555109420422912,0.9549187447445443,0.609586886317881,0.6536135638383312,0.41636304871598984,8,0.6921417799874824,0.6074415200467732,0.12237414701687421,2.947808358271457,1.4341935300001096,0.0026159830261412655,0.0,0.0,0.9457454409377412,186.86,none,m03,0.81,0.92,elem_order,14,0,1.0,1
B3,eAT,1,molecule,zz,0.1,bytype,3,bytype,eig,0,"[0.000,3.142]",none,1,1,Z,1,ridge,1,adam,adjoint,100,42,13,107,15,352,134,0.4529149340628407,0.9769753262606626,0.4024467366737414,0.44061849989066215,0.7783605580397024,8,0.6377402363707142,0.16302986357041868,0.7443632151889966,6.472362344084863,2.6497022835626534,0.10431051880268002,0.03807109156944655,0.5675877632967763,0.9457454409377412,252.13,bytype,base,0.84,0.95,elem_order,14,0,1.0,1
B3,eAT,1,molecule,zz,0.1,bytype_shuffled,3,bytype_shuffled,eig,0,"[0.000,3.142]",none,1,1,Z,1,ridge,1,adam,adjoint,100,42,13,107,15,352,134,0.5751578083010298,0.9574799579756496,0.5343763918591934,0.5690910014952955,0.5577317587344325,8,0.6377402363707142,0.2734637361562571,0.5711988666224058,5.646903177565744,2.311769868435687,0.05866941334310696,0.3608884417042225,0.28214106107679177,0.9457454409377412,254.17,shuffled,base,0.84,0.95,elem_order,14,0,1.0,1
B3,eAT,1,molecule,none,0.0,fixed,3,fixed,eig,0,"[0.000,3.142]",none,1,1,Z,1,ridge,1,adam,adjoint,100,42,13,92,15,352,134,0.6555109420422912,0.9549187447445443,0.609586886317881,0.6536135638383312,0.41636304871598984,8,0.6921417799874824,0.6074415200467732,0.12237414701687421,2.947808358271457,1.4341935300001096,0.0026159830261412655,0.0,0.0,0.9457454409377412,189.45,none,base,0.84,0.95,elem_order,14,0,1.0,1
B3,eAT,1,molecule,zz,0.1,bytype,3,bytype,eig,0,"[0.000,3.142]",none,1,1,Z,1,ridge,1,adam,adjoint,100,42,13,108,16,352,134,0.3010808110974839,0.9862376795273272,0.2583937805561105,0.29886715461001684,0.8351191366565697,8,0.6377402363707142,0.1289858316072022,0.7977455016148243,9.004821015745074,3.667388392881367,0.04050559522417023,0.12579012379354984,0.820868504677867,0.9457454409377412,256.3,bytype,p03,0.87,0.98,elem_order,15,0,1.0,1
B3,eAT,1,molecule,zz,0.1,bytype_shuffled,3,bytype_shuffled,eig,0,"[0.000,3.142]",none,1,1,Z,1,ridge,1,adam,adjoint,100,42,13,108,16,352,134,0.6148195750480868,0.9274953387500305,0.5736362402890329,0.5682673492991334,0.4345797399273335,8,0.6377402363707142,0.2653937649537037,0.583852876425015,7.306288248866716,2.975627907771608,0.050635399400347614,0.41550653238566154,0.29426367815478505,0.9457454409377412,257.21,shuffled,p03,0.87,0.98,elem_order,15,0,1.0,1
B3,eAT,1,molecule,none,0.0,fixed,3,fixed,eig,0,"[0.000,3.142]",none,1,1,Z,1,ridge,1,adam,adjoint,100,42,13,92,16,352,134,0.6555109420422912,0.9549187447445443,0.609586886317881,0.6536135638383312,0.41636304871598984,8,0.6921417799874824,0.6074415200467732,0.12237414701687421,2.947808358271457,1.4341935300001096,0.0026159830261412655,0.0,0.0,0.9457454409377412,191.69,none,p03,0.87,0.98,elem_order,15,0,1.0,1
B3,eAT,1,molecule,zz,0.1,bytype,3,bytype,eig,0,"[0.000,3.142]",none,1,1,Z,1,ridge,1,adam,adjoint,100,42,13,111,19,352,134,0.4980334590999795,0.968945831593165,0.49185622051202715,0.4977927418881334,0.7150919935679294,8,0.6377402363707142,0.15460925291222374,0.7575670404739049,8.746123635647582,3.5107132622551105,0.027276524799063635,0.5186954692969339,0.3520488192668165,0.9457454409377412,260.31,bytype,p06,0.9,1.01,elem_order,18,0,1.0,1
B3,eAT,1,molecule,zz,0.1,bytype_shuffled,3,bytype_shuffled,eig,0,"[0.000,3.142]",none,1,1,Z,1,ridge,1,adam,adjoint,100,42,13,111,19,352,134,0.5950277595028898,0.9468926828113076,0.5526499821692387,0.5639806529766274,0.45549680563049544,8,0.6377402363707142,0.299097309912281,0.531004486067243,5.802513434942927,2.3291416539596264,0.10010615943915221,0.2910689357643242,0.2089689816694815,0.9457454409377412,261.55,shuffled,p06,0.9,1.01,elem_order,18,0,1.0,1
B3,eAT,1,molecule,none,0.0,fixed,3,fixed,eig,0,"[0.000,3.142]",none,1,1,Z,1,ridge,1,adam,adjoint,100,42,13,92,19,352,134,0.6555109420422912,0.9549187447445443,0.609586886317881,0.6536135638383312,0.41636304871598984,8,0.6921417799874824,0.6074415200467732,0.12237414701687421,2.947808358271457,1.4341935300001096,0.0026159830261412655,0.0,0.0,0.9457454409377412,197.31,none,p06,0.9,1.01,elem_order,18,0,1.0,1
B3,eAT,1,molecule,zz,0.1,bytype,3,bytype,eig,0,"[0.000,3.142]",none,1,1,Z,1,ridge,1,adam,adjoint,100,42,13,101,9,352,134,0.4706153595185716,0.9699084330459903,0.4300459997453635,0.4659556475169323,0.67946202638716,8,0.6377402363707142,0.19104716156873228,0.7004310678969332,7.124609639250853,3.024827752393116,0.3681927734085266,0.33665098924220305,0.38002599890681354,0.9457454409377412,260.13,bytype,elem_only,0.84,0.95,elem,8,0,1.0,1
B3,eAT,1,molecule,zz,0.1,bytype_shuffled,3,bytype_shuffled,eig,0,"[0.000,3.142]",none,1,1,Z,1,ridge,1,adam,adjoint,100,42,13,101,9,352,134,0.5684167501390411,0.9530968832000243,0.5179311683317512,0.5395700456603078,0.5593400657571781,8,0.6377402363707142,0.30963796834401824,0.5144763483857905,6.353340502653156,2.69737735060657,0.3074624670430662,0.3630951755824161,0.17176245588808484,0.9457454409377412,257.14,shuffled,elem_only,0.84,0.95,elem,8,0,1.0,1
B3,eAT,1,molecule,none,0.0,fixed,3,fixed,eig,0,"[0.000,3.142]",none,1,1,Z,1,ridge,1,adam,adjoint,100,42,13,92,9,352,134,0.6555109420422912,0.9549187447445443,0.609586886317881,0.6536135638383312,0.41636304871598984,8,0.6921417799874824,0.6074415200467732,0.12237414701687421,2.947808358271457,1.4341935300001096,0.0026159830261412655,0.0,0.0,0.9457454409377412,190.62,none,elem_only,0.84,0.95,elem,8,0,1.0,1
B3,eAT,1,molecule,zz,0.1,bytype,3,bytype,eig,0,"[0.000,3.142]",none,1,1,Z,1,ridge,1,adam,adjoint,100,43,13,104,12,333,153,0.4226430752182396,0.9809800822976381,0.41380549274339606,0.42766269859449196,0.7123037439818442,8,0.6712013920375569,0.1590658826921148,0.7630131811716887,5.457930999537108,1.935121452118055,0.13433820323553125,0.12235072925398625,0.29754294855604446,0.9328994816003787,224.2,bytype,m06,0.78,0.89,elem_order,11,0,1.0,1
B3,eAT,1,molecule,zz,0.1,bytype_shuffled,3,bytype_shuffled,eig,0,"[0.000,3.142]",none,1,1,Z,1,ridge,1,adam,adjoint,100,43,13,104,12,333,153,0.4462581554476468,0.9712200476907383,0.42927277993671875,0.4470310013544512,0.7389227139223015,8,0.6712013920375569,0.24101183816425148,0.640924704532249,6.938150308957477,2.459936467137787,0.17913789925859636,0.5614376280839153,0.26025593932037,0.9328994816003787,224.96,shuffled,m06,0.78,0.89,elem_order,11,0,1.0,1
B3,eAT,1,molecule,none,0.0,fixed,3,fixed,eig,0,"[0.000,3.142]",none,1,1,Z,1,ridge,1,adam,adjoint,100,43,13,92,12,333,153,0.5631909633502268,0.9701119301665455,0.48978793011721977,0.5643350502877185,0.5892421272379595,8,0.7670485708646901,0.5763086732467435,0.24866730069378326,2.9535668843613148,1.1938190804168245,0.006120672007096597,0.0,0.0,0.9328994816003787,169.73,none,m06,0.78,0.89,elem_order,11,0,1.0,1
B3,eAT,1,molecule,zz,0.1,bytype,3,bytype,eig,0,"[0.000,3.142]",none,1,1,Z,1,ridge,1,adam,adjoint,100,43,13,107,15,333,153,0.39690554920890203,0.9838561598039496,0.33459030191950895,0.3934882894658216,0.7265707232488758,8,0.6712013920375569,0.09571636146087606,0.8573954664034423,5.718432516436758,1.9985104488780838,0.04485555514904991,0.20490898661445986,0.5907219915634866,0.9328994816003787,236.02,bytype,m03,0.81,0.92,elem_order,14,0,1.0,1
B3,eAT,1,molecule,zz,0.1,bytype_shuffled,3,bytype_shuffled,eig,0,"[0.000,3.142]",none,1,1,Z,1,ridge,1,adam,adjoint,100,43,13,107,15,333,153,0.6175272535078411,0.9393880941530732,0.5341844301692595,0.6184070887325721,0.5769031760660976,8,0.6712013920375569,0.3019818323679421,0.5500875952428823,6.717086713908149,2.347525820262786,0.1471476731820371,0.4589696478221757,0.2178124193730034,0.9328994816003787,237.38,shuffled,m03,0.81,0.92,elem_order,14,0,1.0,1
B3,eAT,1,molecule,none,0.0,fixed,3,fixed,eig,0,"[0.000,3.142]",none,1,1,Z,1,ridge,1,adam,adjoint,100,43,13,92,15,333,153,0.5631909633502268,0.9701119301665455,0.48978793011721977,0.5643350502877185,0.5892421272379595,8,0.7670485708646901,0.5763086732467435,0.24866730069378326,2.9535668843613148,1.1938190804168245,0.006120672007096597,0.0,0.0,0.9328994816003787,178.05,none,m03,0.81,0.92,elem_order,14,0,1.0,1
B3,eAT,1,molecule,zz,0.1,bytype,3,bytype,eig,0,"[0.000,3.142]",none,1,1,Z,1,ridge,1,adam,adjoint,100,43,13,108,16,333,153,0.4635866583937824,0.9771929592247752,0.38829058771593694,0.46353288150500466,0.7103562236088954,8,0.6712013920375569,0.13822088620432862,0.7940694285738393,7.274721693659075,2.531175262231053,0.019745188004602048,-0.01099637749228543,0.30985254245457644,0.9328994816003787,240.6,bytype,base,0.84,0.95,elem_order,15,0,1.0,1
B3,eAT,1,molecule,zz,0.1,bytype_shuffled,3,bytype_shuffled,eig,0,"[0.000,3.142]",none,1,1,Z,1,ridge,1,adam,adjoint,100,43,13,108,16,333,153,0.6666690462630356,0.8908198308451217,0.5189120682811008,0.6647109205853823,0.6272470002716847,8,0.6712013920375569,0.25176930997013336,0.6248975151767181,6.762011830220323,2.3527823865050705,0.2655364448805303,0.5195144568318071,0.2546983544652202,0.9328994816003787,242.93,shuffled,base,0.84,0.95,elem_order,15,0,1.0,1
B3,eAT,1,molecule,none,0.0,fixed,3,fixed,eig,0,"[0.000,3.142]",none,1,1,Z,1,ridge,1,adam,adjoint,100,43,13,92,16,333,153,0.5631909633502268,0.9701119301665455,0.48978793011721977,0.5643350502877185,0.5892421272379595,8,0.7670485708646901,0.5763086732467435,0.24866730069378326,2.9535668843613148,1.1938190804168245,0.006120672007096597,0.0,0.0,0.9328994816003787,180.85,none,base,0.84,0.95,elem_order,15,0,1.0,1
B3,eAT,1,molecule,zz,0.1,bytype,3,bytype,eig,0,"[0.000,3.142]",none,1,1,Z,1,ridge,1,adam,adjoint,100,43,13,108,16,333,153,0.3497223876552609,0.986799433762108,0.295986365249286,0.34920307324564037,0.7600819904426758,8,0.6712013920375569,0.1037017124359767,0.8454983650716653,7.3949695694273565,2.573014450216183,0.0284005232616187,0.14127983384466766,0.6465904387413132,0.9328994816003787,244.22,bytype,p03,0.87,0.98,elem_order,15,0,1.0,1
B3,eAT,1,molecule,zz,0.1,bytype_shuffled,3,bytype_shuffled,eig,0,"[0.000,3.142]",none,1,1,Z,1,ridge,1,adam,adjoint,100,43,13,108,16,333,153,0.5258786567004099,0.9698227254854662,0.4711871389427529,0.5279961792629885,0.6138997657569009,8,0.6712013920375569,0.27614505165993314,0.5885809312438353,6.383026019666393,2.2209176157542068,0.2182457248377033,0.46895357074071725,0.2810896683562902,0.9328994816003787,243.21,shuffled,p03,0.87,0.98,elem_order,15,0,1.0,1
B3,eAT,1,molecule,none,0.0,fixed,3,fixed,eig,0,"[0.000,3.142]",none,1,1,Z,1,ridge,1,adam,adjoint,100,43,13,92,16,333,153,0.5631909633502268,0.9701119301665455,0.48978793011721977,0.5643350502877185,0.5892421272379595,8,0.7670485708646901,0.5763086732467435,0.24866730069378326,2.9535668843613148,1.1938190804168245,0.006120672007096597,0.0,0.0,0.9328994816003787,180.76,none,p03,0.87,0.98,elem_order,15,0,1.0,1
B3,eAT,1,molecule,zz,0.1,bytype,3,bytype,eig,0,"[0.000,3.142]",none,1,1,Z,1,ridge,1,adam,adjoint,100,43,13,111,19,333,153,0.43081846081377473,0.9802039207646176,0.3971783569854353,0.43292395596568783,0.74841514243865,8,0.6712013920375569,0.14653986956771273,0.7816752597564441,7.38276762019199,2.5370868344296853,0.03172545274283645,0.08576724288100747,0.27838957697701494,0.9328994816003787,245.18,bytype,p06,0.9,1.01,elem_order,18,0,1.0,1
B3,eAT,1,molecule,zz,0.1,bytype_shuffled,3,bytype_shuffled,eig,0,"[0.000,3.142]",none,1,1,Z,1,ridge,1,adam,adjoint,100,43,13,111,19,333,153,0.6504421040287367,0.8912617405221743,0.5181654938434797,0.648377609723035,0.6448996224491887,8,0.6712013920375569,0.25670252395909304,0.617547688362468,6.625618511954103,2.2768926724250895,0.3177718512785504,0.5340633724686948,0.2741253963520106,0.9328994816003787,245.84,shuffled,p06,0.9,1.01,elem_order,18,0,1.0,1
B3,eAT,1,molecule,none,0.0,fixed,3,fixed,eig,0,"[0.000,3.142]",none,1,1,Z,1,ridge,1,adam,adjoint,100,43,13,92,19,333,153,0.5631909633502268,0.9701119301665455,0.48978793011721977,0.5643350502877185,0.5892421272379595,8,0.7670485708646901,0.5763086732467435,0.24866730069378326,2.9535668843613148,1.1938190804168245,0.006120672007096597,0.0,0.0,0.9328994816003787,185.01,none,p06,0.9,1.01,elem_order,18,0,1.0,1
B3,eAT,1,molecule,zz,0.1,bytype,3,bytype,eig,0,"[0.000,3.142]",none,1,1,Z,1,ridge,1,adam,adjoint,100,43,13,101,9,333,153,0.4209892975164727,0.9801988017991405,0.3821711132320432,0.418664100346024,0.7136523777828467,8,0.6712013920375569,0.1987449113309695,0.7038967533609514,7.480417062665342,2.6965699245766053,0.19872544926066213,0.38113725226040196,0.29307807403703595,0.9328994816003787,250.13,bytype,elem_only,0.84,0.95,elem,8,0,1.0,1
B3,eAT,1,molecule,zz,0.1,bytype_shuffled,3,bytype_shuffled,eig,0,"[0.000,3.142]",none,1,1,Z,1,ridge,1,adam,adjoint,100,43,13,101,9,333,153,0.6685881395320729,0.8982892393465877,0.5021647500385227,0.6663269302148792,0.5563307324817217,8,0.6712013920375569,0.2912851275356699,0.5660242499625641,5.954256026414177,2.1464134405276796,0.22222285650836196,0.551838679488131,0.2506647755330718,0.9328994816003787,244.67,shuffled,elem_only,0.84,0.95,elem,8,0,1.0,1
B3,eAT,1,molecule,none,0.0,fixed,3,fixed,eig,0,"[0.000,3.142]",none,1,1,Z,1,ridge,1,adam,adjoint,100,43,13,92,9,333,153,0.5631909633502268,0.9701119301665455,0.48978793011721977,0.5643350502877185,0.5892421272379595,8,0.7670485708646901,0.5763086732467435,0.24866730069378326,2.9535668843613148,1.1938190804168245,0.006120672007096597,0.0,0.0,0.9328994816003787,179.57,none,elem_only,0.84,0.95,elem,8,0,1.0,1
B3,eAT,1,molecule,zz,0.1,bytype,3,bytype,eig,0,"[0.000,3.142]",none,1,1,Z,1,ridge,1,adam,adjoint,100,44,13,104,12,367,119,0.4657201710740258,0.9762133164747137,0.41822197646323933,0.46823632144449406,0.6767166082497365,8,0.7178654762425932,0.14889105385263926,0.7925919844593231,6.577320278597329,2.3778133543061326,0.173892083323359,-0.10134366322884363,0.26356443987268235,0.9425865545779384,245.74,bytype,m06,0.78,0.89,elem_order,11,0,1.0,1
B3,eAT,1,molecule,zz,0.1,bytype_shuffled,3,bytype_shuffled,eig,0,"[0.000,3.142]",none,1,1,Z,1,ridge,1,adam,adjoint,100,44,13,104,12,367,119,0.6269777808295145,0.9600718859014221,0.42776771397516594,0.6306237642411173,0.7493293898329711,8,0.7178654762425932,0.35064361060477034,0.5115469092620427,4.733307867778937,1.7111714469296382,0.08314003806041206,0.32597037746094454,0.14145035964235386,0.9425865545779384,247.8,shuffled,m06,0.78,0.89,elem_order,11,0,1.0,1
B3,eAT,1,molecule,none,0.0,fixed,3,fixed,eig,0,"[0.000,3.142]",none,1,1,Z,1,ridge,1,adam,adjoint,100,44,13,92,12,367,119,0.6602476130628345,0.9594996923779683,0.5847940880437283,0.6647190606686655,0.5326848159903944,8,0.7917172687861371,0.6362400116012777,0.19637977257113198,3.559229486307421,1.4709315341488778,0.056644909158755585,0.0,0.0,0.9425865545779384,187.3,none,m06,0.78,0.89,elem_order,11,0,1.0,1
B3,eAT,1,molecule,zz,0.1,bytype,3,bytype,eig,0,"[0.000,3.142]",none,1,1,Z,1,ridge,1,adam,adjoint,100,44,13,107,15,367,119,0.4181048855722186,0.9813885874956194,0.3964698500374758,0.4203603700425612,0.6453258968397921,8,0.7178654762425932,0.15866948518832738,0.7789704471946118,6.104447540960059,2.1747156527862113,0.019419049673434254,0.2136439893635273,0.6976389479365154,0.9425865545779384,256.82,bytype,m03,0.81,0.92,elem_order,14,0,1.0,1
B3,eAT,1,molecule,zz,0.1,bytype_shuffled,3,bytype_shuffled,eig,0,"[0.000,3.142]",none,1,1,Z,1,ridge,1,adam,adjoint,100,44,13,107,15,367,119,0.6092455120560061,0.9640685778141946,0.46009868448029045,0.6103779444075652,0.6823070676998017,8,0.7178654762425932,0.3160124585660862,0.5597887500870791,6.096566202378375,2.1719079178907124,0.2314317270128995,0.5242497261501179,0.2617924259996776,0.9425865545779384,260.77,shuffled,m03,0.81,0.92,elem_order,14,0,1.0,1
B3,eAT,1,molecule,none,0.0,fixed,3,fixed,eig,0,"[0.000,3.142]",none,1,1,Z,1,ridge,1,adam,adjoint,100,44,13,92,15,367,119,0.6602476130628345,0.9594996923779683,0.5847940880437283,0.6647190606686655,0.5326848159903944,8,0.7917172687861371,0.6362400116012777,0.19637977257113198,3.559229486307421,1.4709315341488778,0.056644909158755585,0.0,0.0,0.9425865545779384,194.71,none,m03,0.81,0.92,elem_order,14,0,1.0,1
B3,eAT,1,molecule,zz,0.1,bytype,3,bytype,eig,0,"[0.000,3.142]",none,1,1,Z,1,ridge,1,adam,adjoint,100,44,13,107,15,367,119,0.43317734547610676,0.9820272636473836,0.4061746942489297,0.4343978063382667,0.7137293348629344,8,0.7178654762425932,0.15603919491358131,0.7826344906147152,6.245678350463527,2.225029272490863,0.017477333276203492,0.11355648527301333,0.661695219174372,0.9425865545779384,263.51,bytype,base,0.84,0.95,elem_order,14,0,1.0,1
B3,eAT,1,molecule,zz,0.1,bytype_shuffled,3,bytype_shuffled,eig,0,"[0.000,3.142]",none,1,1,Z,1,ridge,1,adam,adjoint,100,44,13,107,15,367,119,0.5856573220716255,0.9607672081795046,0.45663010402948373,0.588870756603302,0.7244141410048943,8,0.7178654762425932,0.32870996329088487,0.5421008891367808,5.403555796457647,1.9250222550707632,0.3337673856570319,0.4146382643160377,0.22621563083882892,0.9425865545779384,267.27,shuffled,base,0.84,0.95,elem_order,14,0,1.0,1
B3,eAT,1,molecule,none,0.0,fixed,3,fixed,eig,0,"[0.000,3.142]",none,1,1,Z,1,ridge,1,adam,adjoint,100,44,13,92,15,367,119,0.6602476130628345,0.9594996923779683,0.5847940880437283,0.6647190606686655,0.5326848159903944,8,0.7917172687861371,0.6362400116012777,0.19637977257113198,3.559229486307421,1.4709315341488778,0.056644909158755585,0.0,0.0,0.9425865545779384,199.85,none,base,0.84,0.95,elem_order,14,0,1.0,1
B3,eAT,1,molecule,zz,0.1,bytype,3,bytype,eig,0,"[0.000,3.142]",none,1,1,Z,1,ridge,1,adam,adjoint,100,44,13,108,16,367,119,0.3956267196487126,0.9808896522125553,0.39423861939133115,0.397075507182856,0.6703011514254678,8,0.7178654762425932,0.11502604605624457,0.8397665720626283,8.10975585040808,2.876094506439898,0.017893314831072312,0.30930088524611626,0.9022147799391017,0.9425865545779384,268.13,bytype,p03,0.87,0.98,elem_order,15,0,1.0,1
B3,eAT,1,molecule,zz,0.1,bytype_shuffled,3,bytype_shuffled,eig,0,"[0.000,3.142]",none,1,1,Z,1,ridge,1,adam,adjoint,100,44,13,108,16,367,119,0.6165687377278077,0.95935092660718,0.5001559263873093,0.6170360084697809,0.7117874476232532,8,0.7178654762425932,0.3072956588644791,0.5719314146810529,6.116694302426089,2.1692627010336776,0.4466322937252565,0.4419572980276155,0.30237428971461033,0.9425865545779384,268.43,shuffled,p03,0.87,0.98,elem_order,15,0,1.0,1
B3,eAT,1,molecule,none,0.0,fixed,3,fixed,eig,0,"[0.000,3.142]",none,1,1,Z,1,ridge,1,adam,adjoint,100,44,13,92,16,367,119,0.6602476130628345,0.9594996923779683,0.5847940880437283,0.6647190606686655,0.5326848159903944,8,0.7917172687861371,0.6362400116012777,0.19637977257113198,3.559229486307421,1.4709315341488778,0.056644909158755585,0.0,0.0,0.9425865545779384,199.5,none,p03,0.87,0.98,elem_order,15,0,1.0,1
B3,eAT,1,molecule,zz,0.1,bytype,3,bytype,eig,0,"[0.000,3.142]",none,1,1,Z,1,ridge,1,adam,adjoint,100,44,13,111,19,367,119,0.5391988033732914,0.9712817158145785,0.4080642575424254,0.5417128827461104,0.6901012542425369,8,0.7178654762425932,0.14002921749448058,0.8049366878214943,8.379512784754263,2.9344129485821573,0.1452738615594183,0.23954423291288707,0.3162936766705268,0.9425865545779384,271.68,bytype,p06,0.9,1.01,elem_order,18,0,1.0,1
B3,eAT,1,molecule,zz,0.1,bytype_shuffled,3,bytype_shuffled,eig,0,"[0.000,3.142]",none,1,1,Z,1,ridge,1,adam,adjoint,100,44,13,111,19,367,119,0.61720442681098,0.9622743502674179,0.47353144439490263,0.6217386644187834,0.7047193667973626,8,0.7178654762425932,0.3299749386005306,0.5403387549326583,6.162951682095656,2.158197699791209,0.038211026498150835,0.4343344071345086,0.2035710789598283,0.9425865545779384,274.45,shuffled,p06,0.9,1.01,elem_order,18,0,1.0,1
B3,eAT,1,molecule,none,0.0,fixed,3,fixed,eig,0,"[0.000,3.142]",none,1,1,Z,1,ridge,1,adam,adjoint,100,44,13,92,19,367,119,0.6602476130628345,0.9594996923779683,0.5847940880437283,0.6647190606686655,0.5326848159903944,8,0.7917172687861371,0.6362400116012777,0.19637977257113198,3.559229486307421,1.4709315341488778,0.056644909158755585,0.0,0.0,0.9425865545779384,202.98,none,p06,0.9,1.01,elem_order,18,0,1.0,1
B3,eAT,1,molecule,zz,0.1,bytype,3,bytype,eig,0,"[0.000,3.142]",none,1,1,Z,1,ridge,1,adam,adjoint,100,44,13,101,9,367,119,0.49162198159588644,0.9714820848204115,0.4419201093961547,0.4852800979422786,0.6706898233552873,8,0.7178654762425932,0.20960837512746078,0.7080116232576333,6.212326655556726,2.284186162355093,0.017110458216150246,-0.16286824501768202,0.24312342319605687,0.9425865545779384,269.46,bytype,elem_only,0.84,0.95,elem,8,0,1.0,1
B3,eAT,1,molecule,zz,0.1,bytype_shuffled,3,bytype_shuffled,eig,0,"[0.000,3.142]",none,1,1,Z,1,ridge,1,adam,adjoint,100,44,13,101,9,367,119,0.5982111877691159,0.9648729924200403,0.43971251513082643,0.6015518871081058,0.7362456157045633,8,0.7178654762425932,0.33804121090056627,0.5291022871444933,5.366811586392537,1.9733020237497845,0.04110051697562367,0.3035516005288125,0.1472547028182014,0.9425865545779384,268.45,shuffled,elem_only,0.84,0.95,elem,8,0,1.0,1
B3,eAT,1,molecule,none,0.0,fixed,3,fixed,eig,0,"[0.000,3.142]",none,1,1,Z,1,ridge,1,adam,adjoint,100,44,13,92,9,367,119,0.6602476130628345,0.9594996923779683,0.5847940880437283,0.6647190606686655,0.5326848159903944,8,0.7917172687861371,0.6362400116012777,0.19637977257113198,3.559229486307421,1.4709315341488778,0.056644909158755585,0.0,0.0,0.9425865545779384,199.33,none,elem_only,0.84,0.95,elem,8,0,1.0,1
B3,eAT,1,molecule,zz,0.1,bytype,3,bytype,eig,0,"[0.000,3.142]",none,1,1,Z,1,ridge,1,adam,adjoint,100,45,13,104,12,361,125,0.40136500597415375,0.9815466860978591,0.3523887113696383,0.40194078431569735,0.720676335050149,9,0.737337126066585,0.14213806269959928,0.807227850497842,6.96518914942021,2.5822417897475565,0.14584604837360646,-0.13901258831898133,0.3057819121793319,0.9346144364898379,242.36,bytype,m06,0.78,0.89,elem_order,11,0,1.0,1
B3,eAT,1,molecule,zz,0.1,bytype_shuffled,3,bytype_shuffled,eig,0,"[0.000,3.142]",none,1,1,Z,1,ridge,1,adam,adjoint,100,45,13,104,12,361,125,0.5070886451051176,0.9704235078094633,0.48565121194479394,0.5034043786827483,0.6369712987834429,9,0.737337126066585,0.25587718081240585,0.6529712505086867,7.673158133498726,2.8447109140332683,0.13764268781730424,0.4935433057723709,0.3375185170189346,0.9346144364898379,244.31,shuffled,m06,0.78,0.89,elem_order,11,0,1.0,1
B3,eAT,1,molecule,none,0.0,fixed,3,fixed,eig,0,"[0.000,3.142]",none,1,1,Z,1,ridge,1,adam,adjoint,100,45,13,92,12,361,125,0.5792660407187511,0.9705080864733074,0.5566876689470811,0.5808155352983969,0.38978083902182575,9,0.7718797247614382,0.5813512770517706,0.24683696383986958,3.075341619338936,1.3081373145997641,0.007054262325840993,0.0,0.0,0.9346144364898379,183.36,none,m06,0.78,0.89,elem_order,11,0,1.0,1
B3,eAT,1,molecule,zz,0.1,bytype,3,bytype,eig,0,"[0.000,3.142]",none,1,1,Z,1,ridge,1,adam,adjoint,100,45,13,107,15,361,125,0.4668477048831465,0.9779236331914601,0.4114819515597474,0.4678833145708838,0.5576249414721901,9,0.737337126066585,0.15322501210367231,0.7921913780185329,7.188809121419281,2.625348766385628,0.046107136890237405,0.07959502370375432,0.6917605283834712,0.9346144364898379,253.64,bytype,m03,0.81,0.92,elem_order,14,0,1.0,1
B3,eAT,1,molecule,zz,0.1,bytype_shuffled,3,bytype_shuffled,eig,0,"[0.000,3.142]",none,1,1,Z,1,ridge,1,adam,adjoint,100,45,13,107,15,361,125,0.522122682543985,0.9701815565105452,0.468375321124764,0.5213387317185862,0.6440110648364917,9,0.737337126066585,0.2902198591336487,0.6063946207593506,8.580770239030473,3.1336921291394053,1.6232424452660996,0.5406871007182655,0.32370993176240265,0.9346144364898379,258.1,shuffled,m03,0.81,0.92,elem_order,14,0,1.0,1
B3,eAT,1,molecule,none,0.0,fixed,3,fixed,eig,0,"[0.000,3.142]",none,1,1,Z,1,ridge,1,adam,adjoint,100,45,13,92,15,361,125,0.5792660407187511,0.9705080864733074,0.5566876689470811,0.5808155352983969,0.38978083902182575,9,0.7718797247614382,0.5813512770517706,0.24683696383986958,3.075341619338936,1.3081373145997641,0.007054262325840993,0.0,0.0,0.9346144364898379,191.83,none,m03,0.81,0.92,elem_order,14,0,1.0,1
B3,eAT,1,molecule,zz,0.1,bytype,3,bytype,eig,0,"[0.000,3.142]",none,1,1,Z,1,ridge,1,adam,adjoint,100,45,13,107,15,361,125,0.5004641308772869,0.9726250449690877,0.4676082150405662,0.48455817658313177,0.5356327575018277,9,0.737337126066585,0.16037097112832416,0.7824998017069305,6.7395759057702,2.4612890662873568,0.034641557555078424,0.07749116969294555,0.3732574202302205,0.9346144364898379,263.56,bytype,base,0.84,0.95,elem_order,14,0,1.0,1
B3,eAT,1,molecule,zz,0.1,bytype_shuffled,3,bytype_shuffled,eig,0,"[0.000,3.142]",none,1,1,Z,1,ridge,1,adam,adjoint,100,45,13,107,15,361,125,0.51930259000986,0.9620331954342667,0.45224551348775427,0.5156837151847443,0.6881654714671791,9,0.737337126066585,0.2791761010496869,0.6213725158002203,8.437431823665204,3.081345026079784,0.567340992877989,0.5745796311382328,0.35475700646899194,0.9346144364898379,265.46,shuffled,base,0.84,0.95,elem_order,14,0,1.0,1
B3,eAT,1,molecule,none,0.0,fixed,3,fixed,eig,0,"[0.000,3.142]",none,1,1,Z,1,ridge,1,adam,adjoint,100,45,13,92,15,361,125,0.5792660407187511,0.9705080864733074,0.5566876689470811,0.5808155352983969,0.38978083902182575,9,0.7718797247614382,0.5813512770517706,0.24683696383986958,3.075341619338936,1.3081373145997641,0.007054262325840993,0.0,0.0,0.9346144364898379,195.81,none,base,0.84,0.95,elem_order,14,0,1.0,1
B3,eAT,1,molecule,zz,0.1,bytype,3,bytype,eig,0,"[0.000,3.142]",none,1,1,Z,1,ridge,1,adam,adjoint,100,45,13,108,16,361,125,0.41902841015872183,0.983253200927807,0.420980002935322,0.4201603358048112,0.602665890403082,9,0.737337126066585,0.11272239856606553,0.8471223073122643,7.003382384287268,2.5458218809137274,0.01583641625971127,0.23549523419433388,0.26926091612529096,0.9346144364898379,267.21,bytype,p03,0.87,0.98,elem_order,15,0,1.0,1
B3,eAT,1,molecule,zz,0.1,bytype_shuffled,3,bytype_shuffled,eig,0,"[0.000,3.142]",none,1,1,Z,1,ridge,1,adam,adjoint,100,45,13,108,16,361,125,0.5311650408458736,0.958324989695921,0.4880503122125755,0.51814488308552,0.5620213041228221,9,0.737337126066585,0.30230749575409677,0.5900009845336379,8.641348443199803,3.141244150348746,0.03361861844344702,0.49299767860120713,0.27159620041341,0.9346144364898379,268.24,shuffled,p03,0.87,0.98,elem_order,15,0,1.0,1
B3,eAT,1,molecule,none,0.0,fixed,3,fixed,eig,0,"[0.000,3.142]",none,1,1,Z,1,ridge,1,adam,adjoint,100,45,13,92,16,361,125,0.5792660407187511,0.9705080864733074,0.5566876689470811,0.5808155352983969,0.38978083902182575,9,0.7718797247614382,0.5813512770517706,0.24683696383986958,3.075341619338936,1.3081373145997641,0.007054262325840993,0.0,0.0,0.9346144364898379,198.1,none,p03,0.87,0.98,elem_order,15,0,1.0,1
B3,eAT,1,molecule,zz,0.1,bytype,3,bytype,eig,0,"[0.000,3.142]",none,1,1,Z,1,ridge,1,adam,adjoint,100,45,13,111,19,361,125,0.4942893825397923,0.9737696488294447,0.413007191681006,0.49816887459460657,0.6222312238678461,9,0.737337126066585,0.1452736702654004,0.802975240050124,7.309698027583327,2.6229514529019364,0.1449351181038094,0.18230828713428812,0.30476310112564714,0.9346144364898379,268.38,bytype,p06,0.9,1.01,elem_order,18,0,1.0,1
B3,eAT,1,molecule,zz,0.1,bytype_shuffled,3,bytype_shuffled,eig,0,"[0.000,3.142]",none,1,1,Z,1,ridge,1,adam,adjoint,100,45,13,111,19,361,125,0.5415287610724863,0.9601299413306391,0.5273303984964697,0.5398854321345758,0.6270576119010653,9,0.737337126066585,0.24327304091995147,0.6700653848562851,8.130007654209928,2.917304560085085,0.15034584578003635,0.3978882926519325,0.3089146498075803,0.9346144364898379,270.5,shuffled,p06,0.9,1.01,elem_order,18,0,1.0,1
B3,eAT,1,molecule,none,0.0,fixed,3,fixed,eig,0,"[0.000,3.142]",none,1,1,Z,1,ridge,1,adam,adjoint,100,45,13,92,19,361,125,0.5792660407187511,0.9705080864733074,0.5566876689470811,0.5808155352983969,0.38978083902182575,9,0.7718797247614382,0.5813512770517706,0.24683696383986958,3.075341619338936,1.3081373145997641,0.007054262325840993,0.0,0.0,0.9346144364898379,201.45,none,p06,0.9,1.01,elem_order,18,0,1.0,1
B3,eAT,1,molecule,zz,0.1,bytype,3,bytype,eig,0,"[0.000,3.142]",none,1,1,Z,1,ridge,1,adam,adjoint,100,45,13,101,9,361,125,0.591668110503259,0.9694830207034563,0.4952870662663168,0.5903434914188098,0.6140505762422271,9,0.737337126066585,0.2389938747412194,0.6758689257705476,7.8986092730683195,2.9795595856430825,0.043694693018843524,0.3802257002671763,0.3094391456386086,0.9346144364898379,267.38,bytype,elem_only,0.84,0.95,elem,8,0,1.0,1
B3,eAT,1,molecule,zz,0.1,bytype_shuffled,3,bytype_shuffled,eig,0,"[0.000,3.142]",none,1,1,Z,1,ridge,1,adam,adjoint,100,45,13,101,9,361,125,0.4542684497368459,0.9813062097520043,0.4191924329104071,0.4497299885441027,0.7106214626613109,9,0.737337126066585,0.28785205686945853,0.6096059093008913,7.653864440092274,2.887235508337875,0.16602386255796275,0.5447213722417042,0.34988282860931585,0.9346144364898379,265.85,shuffled,elem_only,0.84,0.95,elem,8,0,1.0,1
B3,eAT,1,molecule,none,0.0,fixed,3,fixed,eig,0,"[0.000,3.142]",none,1,1,Z,1,ridge,1,adam,adjoint,100,45,13,92,9,361,125,0.5792660407187511,0.9705080864733074,0.5566876689470811,0.5808155352983969,0.38978083902182575,9,0.7718797247614382,0.5813512770517706,0.24683696383986958,3.075341619338936,1.3081373145997641,0.007054262325840993,0.0,0.0,0.9346144364898379,196.89,none,elem_only,0.84,0.95,elem,8,0,1.0,1
B3,eAT,1,molecule,zz,0.1,bytype,3,bytype,eig,0,"[0.000,3.142]",none,1,1,Z,1,ridge,1,adam,adjoint,100,46,13,104,12,358,128,0.46334469510309906,0.9768166469928898,0.4004848634825002,0.46334469510309906,0.6868183972865173,11,0.6331424231047451,0.18109417494511357,0.7139756106421036,6.91970387994906,2.3166951446896147,0.2764792556807861,-0.0658469956671355,0.22928025630506346,0.9334585963868824,250.41,bytype,m06,0.78,0.89,elem_order,11,0,1.0,1
B3,eAT,1,molecule,zz,0.1,bytype_shuffled,3,bytype_shuffled,eig,0,"[0.000,3.142]",none,1,1,Z,1,ridge,1,adam,adjoint,100,46,13,104,12,358,128,0.5428378066454042,0.9730335095180525,0.48432500207231954,0.5428378066454042,0.6715970663031525,11,0.6331424231047451,0.2579302477864473,0.5926189142063284,7.637551368279203,2.557028231147401,0.02683990321357519,0.3754209689878008,0.2063782894310441,0.9334585963868824,248.66,shuffled,m06,0.78,0.89,elem_order,11,0,1.0,1
B3,eAT,1,molecule,none,0.0,fixed,3,fixed,eig,0,"[0.000,3.142]",none,1,1,Z,1,ridge,1,adam,adjoint,100,46,13,92,12,358,128,0.5496481609608388,0.9759770889728632,0.46617652503739826,0.5496481609608388,0.5554834918525695,11,0.7569626018047764,0.6154311781830991,0.18697280854329282,3.2569308698004575,1.2334636972429267,0.0030661179246335695,0.0,0.0,0.9334585963868824,183.9,none,m06,0.78,0.89,elem_order,11,0,1.0,1
B3,eAT,1,molecule,zz,0.1,bytype,3,bytype,eig,0,"[0.000,3.142]",none,1,1,Z,1,ridge,1,adam,adjoint,100,46,13,107,15,358,128,0.5058320519324768,0.9653496459197308,0.44056979736406615,0.5058320519324768,0.6470952004564656,11,0.6331424231047451,0.13125151801727158,0.7926982725724608,8.862385281612045,2.927029989022178,0.045512359012875744,0.16841855899468394,0.3985620275773205,0.9334585963868824,252.65,bytype,m03,0.81,0.92,elem_order,14,0,1.0,1
B3,eAT,1,molecule,zz,0.1,bytype_shuffled,3,bytype_shuffled,eig,0,"[0.000,3.142]",none,1,1,Z,1,ridge,1,adam,adjoint,100,46,13,107,15,358,128,0.5501222545524271,0.9720819579261476,0.5010093274923402,0.5501222545524271,0.5810506031476924,11,0.6331424231047451,0.2324870714731594,0.6328044639101723,7.895159393024146,2.6075788376567033,0.03687504368153847,0.38596702284202317,0.26841630230696417,0.9334585963868824,254.93,shuffled,m03,0.81,0.92,elem_order,14,0,1.0,1
B3,eAT,1,molecule,none,0.0,fixed,3,fixed,eig,0,"[0.000,3.142]",none,1,1,Z,1,ridge,1,adam,adjoint,100,46,13,92,15,358,128,0.5496481609608388,0.9759770889728632,0.46617652503739826,0.5496481609608388,0.5554834918525695,11,0.7569626018047764,0.6154311781830991,0.18697280854329282,3.2569308698004575,1.2334636972429267,0.0030661179246335695,0.0,0.0,0.9334585963868824,190.24,none,m03,0.81,0.92,elem_order,14,0,1.0,1
B3,eAT,1,molecule,zz,0.1,bytype,3,bytype,eig,0,"[0.000,3.142]",none,1,1,Z,1,ridge,1,adam,adjoint,100,46,13,108,16,358,128,0.457575272048755,0.9769785448079298,0.4345169482883206,0.457575272048755,0.6394810745160417,11,0.6331424231047451,0.1086953670616596,0.8283239866811494,8.682060569510746,2.8554941861037055,0.10338228853696989,0.3248413200644782,0.44763155093971124,0.9334585963868824,265.12,bytype,base,0.84,0.95,elem_order,15,0,1.0,1
B3,eAT,1,molecule,zz,0.1,bytype_shuffled,3,bytype_shuffled,eig,0,"[0.000,3.142]",none,1,1,Z,1,ridge,1,adam,adjoint,100,46,13,108,16,358,128,0.5584784037404191,0.9699153669736256,0.5071759893887564,0.5584784037404191,0.6303166266277406,11,0.6331424231047451,0.23659200723287,0.626321032047273,7.939339166372188,2.6112161565303125,0.03314331952540171,0.41614494349546505,0.29244774076022145,0.9334585963868824,260.74,shuffled,base,0.84,0.95,elem_order,15,0,1.0,1
B3,eAT,1,molecule,none,0.0,fixed,3,fixed,eig,0,"[0.000,3.142]",none,1,1,Z,1,ridge,1,adam,adjoint,100,46,13,92,16,358,128,0.5496481609608388,0.9759770889728632,0.46617652503739826,0.5496481609608388,0.5554834918525695,11,0.7569626018047764,0.6154311781830991,0.18697280854329282,3.2569308698004575,1.2334636972429267,0.0030661179246335695,0.0,0.0,0.9334585963868824,192.63,none,base,0.84,0.95,elem_order,15,0,1.0,1
B3,eAT,1,molecule,zz,0.1,bytype,3,bytype,eig,0,"[0.000,3.142]",none,1,1,Z,1,ridge,1,adam,adjoint,100,46,13,108,16,358,128,0.38627552638197377,0.986120020030789,0.3027827058223567,0.38627552638197377,0.714982365689586,11,0.6331424231047451,0.1125018637913663,0.8223119164252333,7.998980637262363,2.6308319921967485,0.18684129294083857,0.042392012183947905,0.5143971096824009,0.9334585963868824,260.65,bytype,p03,0.87,0.98,elem_order,15,0,1.0,1
B3,eAT,1,molecule,zz,0.1,bytype_shuffled,3,bytype_shuffled,eig,0,"[0.000,3.142]",none,1,1,Z,1,ridge,1,adam,adjoint,100,46,13,108,16,358,128,0.5077284233673967,0.9783035701404914,0.45807266782359995,0.5077284233673967,0.6901320616337627,11,0.6331424231047451,0.24224428322849462,0.6173936947067935,8.182905172345855,2.6913240189924488,0.10138917569629227,0.41046922518398665,0.272529640432963,0.9334585963868824,260.95,shuffled,p03,0.87,0.98,elem_order,15,0,1.0,1
B3,eAT,1,molecule,none,0.0,fixed,3,fixed,eig,0,"[0.000,3.142]",none,1,1,Z,1,ridge,1,adam,adjoint,100,46,13,92,16,358,128,0.5496481609608388,0.9759770889728632,0.46617652503739826,0.5496481609608388,0.5554834918525695,11,0.7569626018047764,0.6154311781830991,0.18697280854329282,3.2569308698004575,1.2334636972429267,0.0030661179246335695,0.0,0.0,0.9334585963868824,195.54,none,p03,0.87,0.98,elem_order,15,0,1.0,1
B3,eAT,1,molecule,zz,0.1,bytype,3,bytype,eig,0,"[0.000,3.142]",none,1,1,Z,1,ridge,1,adam,adjoint,100,46,13,111,19,358,128,0.4707728624948604,0.9775661062160574,0.38846435969045773,0.4707728624948604,0.6899871523595692,11,0.6331424231047451,0.1508696389728645,0.7617129519878892,9.689732324456749,3.149733721148463,0.07708370586189527,0.2960679037782435,0.36293737195496895,0.9334585963868824,261.86,bytype,p06,0.9,1.01,elem_order,18,0,1.0,1
B3,eAT,1,molecule,zz,0.1,bytype_shuffled,3,bytype_shuffled,eig,0,"[0.000,3.142]",none,1,1,Z,1,ridge,1,adam,adjoint,100,46,13,111,19,358,128,0.5247635521700083,0.9774316138400285,0.47719156792527295,0.5247635521700083,0.6886170192165026,11,0.6331424231047451,0.2372752077867217,0.6252419690609364,7.945430833317626,2.5827329988866676,0.2032288865327841,0.37838168127212096,0.22893104643575768,0.9334585963868824,260.06,shuffled,p06,0.9,1.01,elem_order,18,0,1.0,1
B3,eAT,1,molecule,none,0.0,fixed,3,fixed,eig,0,"[0.000,3.142]",none,1,1,Z,1,ridge,1,adam,adjoint,100,46,13,92,19,358,128,0.5496481609608388,0.9759770889728632,0.46617652503739826,0.5496481609608388,0.5554834918525695,11,0.7569626018047764,0.6154311781830991,0.18697280854329282,3.2569308698004575,1.2334636972429267,0.0030661179246335695,0.0,0.0,0.9334585963868824,194.12,none,p06,0.9,1.01,elem_order,18,0,1.0,1
B3,eAT,1,molecule,zz,0.1,bytype,3,bytype,eig,0,"[0.000,3.142]",none,1,1,Z,1,ridge,1,adam,adjoint,100,46,13,101,9,358,128,0.6377784290877219,0.9280853126051324,0.5049671009103367,0.6377784290877219,0.6469284988784737,11,0.6331424231047451,0.19510822983156992,0.6918414835088506,6.996358672442653,2.3793288848206853,0.1786523504061189,0.1885293426378721,0.38947460448558585,0.9334585963868824,262.29,bytype,elem_only,0.84,0.95,elem,8,0,1.0,1
B3,eAT,1,molecule,zz,0.1,bytype_shuffled,3,bytype_shuffled,eig,0,"[0.000,3.142]",none,1,1,Z,1,ridge,1,adam,adjoint,100,46,13,101,9,358,128,0.5623510366683067,0.9671307029042142,0.5012946021311246,0.5623510366683067,0.6778379907223153,11,0.6331424231047451,0.24999331671433142,0.6051546893849927,7.611698092032407,2.58859415030307,0.03488462737888999,0.3663788869762636,0.21530381230766305,0.9334585963868824,263.3,shuffled,elem_only,0.84,0.95,elem,8,0,1.0,1
B3,eAT,1,molecule,none,0.0,fixed,3,fixed,eig,0,"[0.000,3.142]",none,1,1,Z,1,ridge,1,adam,adjoint,100,46,13,92,9,358,128,0.5496481609608388,0.9759770889728632,0.46617652503739826,0.5496481609608388,0.5554834918525695,11,0.7569626018047764,0.6154311781830991,0.18697280854329282,3.2569308698004575,1.2334636972429267,0.0030661179246335695,0.0,0.0,0.9334585963868824,198.05,none,elem_only,0.84,0.95,elem,8,0,1.0,1
B3,eAT,1,molecule,zz,0.1,bytype,3,bytype,eig,0,"[0.000,3.142]",none,1,1,Z,1,ridge,1,adam,adjoint,100,47,13,104,12,355,131,0.5797303273444042,0.9713850167116865,0.5211973435015911,0.575264852457462,0.7052580807032115,8,0.6822954798068319,0.15299481199150874,0.7757645821795216,5.479399315122333,1.9432568151940781,0.03793483151691752,0.18142971794054583,0.28675221025792685,0.9379172428279707,249.05,bytype,m06,0.78,0.89,elem_order,11,0,1.0,1
B3,eAT,1,molecule,zz,0.1,bytype_shuffled,3,bytype_shuffled,eig,0,"[0.000,3.142]",none,1,1,Z,1,ridge,1,adam,adjoint,100,47,13,104,12,355,131,0.7092797769886062,0.8849417583561742,0.5379559149566748,0.5877493460331036,0.6724741313676633,8,0.6822954798068319,0.25573199066528635,0.6251887954208815,6.050876269334117,2.145929849614752,0.2424389593615852,0.5050412886154785,0.3743299063514614,0.9379172428279707,249.0,shuffled,m06,0.78,0.89,elem_order,11,0,1.0,1
B3,eAT,1,molecule,none,0.0,fixed,3,fixed,eig,0,"[0.000,3.142]",none,1,1,Z,1,ridge,1,adam,adjoint,100,47,13,92,12,355,131,0.6999344803628109,0.95460437811811,0.60357972632996,0.6943982036491226,0.4991746262458472,8,0.7690567922879173,0.5482781213364312,0.28707720049474794,2.746605570138147,1.1105074012893434,0.003851974540178062,0.0,0.0,0.9379172428279707,183.84,none,m06,0.78,0.89,elem_order,11,0,1.0,1
B3,eAT,1,molecule,zz,0.1,bytype,3,bytype,eig,0,"[0.000,3.142]",none,1,1,Z,1,ridge,1,adam,adjoint,100,47,13,107,15,355,131,0.4826191645394504,0.9549352787298143,0.3803100153439602,0.4026813978255382,0.818577398255814,8,0.6822954798068319,0.1286648431702678,0.8114235738353495,6.558734593998787,2.2927931146797143,0.042079133456713026,0.12416422792964041,0.6762108491781819,0.9379172428279707,253.45,bytype,m03,0.81,0.92,elem_order,14,0,1.0,1
B3,eAT,1,molecule,zz,0.1,bytype_shuffled,3,bytype_shuffled,eig,0,"[0.000,3.142]",none,1,1,Z,1,ridge,1,adam,adjoint,100,47,13,107,15,355,131,0.6546443397288528,0.9272210522768695,0.47608825952987105,0.5627500424223806,0.7216167462624584,8,0.6822954798068319,0.24727715623199892,0.6375805445728487,6.619500003880416,2.314035400274678,0.04928168829567134,0.40463164755237874,0.2766571791383481,0.9379172428279707,254.16,shuffled,m03,0.81,0.92,elem_order,14,0,1.0,1
B3,eAT,1,molecule,none,0.0,fixed,3,fixed,eig,0,"[0.000,3.142]",none,1,1,Z,1,ridge,1,adam,adjoint,100,47,13,92,15,355,131,0.6999344803628109,0.95460437811811,0.60357972632996,0.6943982036491226,0.4991746262458472,8,0.7690567922879173,0.5482781213364312,0.28707720049474794,2.746605570138147,1.1105074012893434,0.003851974540178062,0.0,0.0,0.9379172428279707,190.03,none,m03,0.81,0.92,elem_order,14,0,1.0,1
B3,eAT,1,molecule,zz,0.1,bytype,3,bytype,eig,0,"[0.000,3.142]",none,1,1,Z,1,ridge,1,adam,adjoint,100,47,13,108,16,355,131,0.503799361862767,0.9749433981186846,0.47521488260941785,0.4915551925639943,0.7289538344407531,8,0.6822954798068319,0.13036732849882235,0.8089283421081269,7.984861219142234,2.778997046340652,0.012872186673472261,0.2843409126253311,0.7058112201773334,0.9379172428279707,262.04,bytype,base,0.84,0.95,elem_order,15,0,1.0,1
B3,eAT,1,molecule,zz,0.1,bytype_shuffled,3,bytype_shuffled,eig,0,"[0.000,3.142]",none,1,1,Z,1,ridge,1,adam,adjoint,100,47,13,108,16,355,131,0.6412398497175642,0.9308390798267757,0.4844121566298614,0.5642514069078388,0.7286285299003321,8,0.6822954798068319,0.25251637101021973,0.6299017383469829,9.444350279625988,3.2869477391501323,0.5306649208841031,0.7014956569009811,1.890135124565359,0.9379172428279707,260.57,shuffled,base,0.84,0.95,elem_order,15,0,1.0,1
B3,eAT,1,molecule,none,0.0,fixed,3,fixed,eig,0,"[0.000,3.142]",none,1,1,Z,1,ridge,1,adam,adjoint,100,47,13,92,16,355,131,0.6999344803628109,0.95460437811811,0.60357972632996,0.6943982036491226,0.4991746262458472,8,0.7690567922879173,0.5482781213364312,0.28707720049474794,2.746605570138147,1.1105074012893434,0.003851974540178062,0.0,0.0,0.9379172428279707,192.31,none,base,0.84,0.95,elem_order,15,0,1.0,1
B3,eAT,1,molecule,zz,0.1,bytype,3,bytype,eig,0,"[0.000,3.142]",none,1,1,Z,1,ridge,1,adam,adjoint,100,47,13,108,16,355,131,0.3948781381243315,0.9816852582572551,0.36901727452349353,0.37764623294974003,0.77078055786268,8,0.6822954798068319,0.09124409738400445,0.8662689405331587,8.820379872543255,3.0697853025469866,0.015150666903665864,0.23775919820307734,0.5006901760468273,0.9379172428279707,261.13,bytype,p03,0.87,0.98,elem_order,15,0,1.0,1
B3,eAT,1,molecule,zz,0.1,bytype_shuffled,3,bytype_shuffled,eig,0,"[0.000,3.142]",none,1,1,Z,1,ridge,1,adam,adjoint,100,47,13,108,16,355,131,0.6513763322528809,0.9073261877803456,0.4717030661163021,0.5411711449975476,0.6769098664174973,8,0.6822954798068319,0.248822958850714,0.6353149533964969,6.707545896339868,2.3344488679948863,0.19036563275525564,0.4361487097293152,0.246661161248891,0.9379172428279707,262.17,shuffled,p03,0.87,0.98,elem_order,15,0,1.0,1
B3,eAT,1,molecule,none,0.0,fixed,3,fixed,eig,0,"[0.000,3.142]",none,1,1,Z,1,ridge,1,adam,adjoint,100,47,13,92,16,355,131,0.6999344803628109,0.95460437811811,0.60357972632996,0.6943982036491226,0.4991746262458472,8,0.7690567922879173,0.5482781213364312,0.28707720049474794,2.746605570138147,1.1105074012893434,0.003851974540178062,0.0,0.0,0.9379172428279707,193.6,none,p03,0.87,0.98,elem_order,15,0,1.0,1
B3,eAT,1,molecule,zz,0.1,bytype,3,bytype,eig,0,"[0.000,3.142]",none,1,1,Z,1,ridge,1,adam,adjoint,100,47,13,111,19,355,131,0.6041789326389325,0.9629645820723336,0.5092626644197574,0.5992456170222693,0.7009573124307862,8,0.6822954798068319,0.13593508529853204,0.8007680113357671,6.515426020045067,2.2396100753079398,0.3120796716863315,0.214521291560155,0.26434960697169313,0.9379172428279707,262.96,bytype,p06,0.9,1.01,elem_order,18,0,1.0,1
B3,eAT,1,molecule,zz,0.1,bytype_shuffled,3,bytype_shuffled,eig,0,"[0.000,3.142]",none,1,1,Z,1,ridge,1,adam,adjoint,100,47,13,111,19,355,131,0.6672417485408372,0.8993811951565615,0.5257003339274027,0.564317262913423,0.6963416216777408,8,0.6822954798068319,0.22837157334022823,0.6652893356337585,10.243881322653024,3.5212278905307635,0.317575743905688,0.6545261837744828,1.3219280254899732,0.9379172428279707,264.46,shuffled,p06,0.9,1.01,elem_order,18,0,1.0,1
B3,eAT,1,molecule,none,0.0,fixed,3,fixed,eig,0,"[0.000,3.142]",none,1,1,Z,1,ridge,1,adam,adjoint,100,47,13,92,19,355,131,0.6999344803628109,0.95460437811811,0.60357972632996,0.6943982036491226,0.4991746262458472,8,0.7690567922879173,0.5482781213364312,0.28707720049474794,2.746605570138147,1.1105074012893434,0.003851974540178062,0.0,0.0,0.9379172428279707,197.44,none,p06,0.9,1.01,elem_order,18,0,1.0,1
B3,eAT,1,molecule,zz,0.1,bytype,3,bytype,eig,0,"[0.000,3.142]",none,1,1,Z,1,ridge,1,adam,adjoint,100,47,13,101,9,355,131,0.6500004253972615,0.9602744890465743,0.5866285529683886,0.6396195110302557,0.6470519276024363,8,0.6822954798068319,0.19601636674400405,0.7127104421100676,6.347391886375486,2.2887597493510743,0.24931839547943388,0.19367610770490273,0.35099535130474163,0.9379172428279707,262.64,bytype,elem_only,0.84,0.95,elem,8,0,1.0,1
B3,eAT,1,molecule,zz,0.1,bytype_shuffled,3,bytype_shuffled,eig,0,"[0.000,3.142]",none,1,1,Z,1,ridge,1,adam,adjoint,100,47,13,101,9,355,131,0.7328162976336163,0.8778333347415179,0.5026763888320972,0.6038233968906249,0.6870782288205981,8,0.6822954798068319,0.27779663890354583,0.5928499497282406,5.830104822822145,2.1022349796323168,0.14206435942629433,0.40657890260667195,0.27506015984479953,0.9379172428279707,263.32,shuffled,elem_only,0.84,0.95,elem,8,0,1.0,1
B3,eAT,1,molecule,none,0.0,fixed,3,fixed,eig,0,"[0.000,3.142]",none,1,1,Z,1,ridge,1,adam,adjoint,100,47,13,92,9,355,131,0.6999344803628109,0.95460437811811,0.60357972632996,0.6943982036491226,0.4991746262458472,8,0.7690567922879173,0.5482781213364312,0.28707720049474794,2.746605570138147,1.1105074012893434,0.003851974540178062,0.0,0.0,0.9379172428279707,197.27,none,elem_only,0.84,0.95,elem,8,0,1.0,1
B3,eAT,1,molecule,zz,0.1,bytype,3,bytype,eig,0,"[0.000,3.142]",none,1,1,Z,1,ridge,1,adam,adjoint,100,48,13,104,12,352,134,0.5316502999710321,0.9618080811432432,0.4856476788189391,0.5316891040838534,0.676894506902927,7,0.7049082850110722,0.20920649623270365,0.7032145873708697,6.171859393685666,2.138366874551025,1.2129666944029762,0.07223389731170941,0.35438001078826914,0.947697971554528,245.55,bytype,m06,0.78,0.89,elem_order,11,0,1.0,1
B3,eAT,1,molecule,zz,0.1,bytype_shuffled,3,bytype_shuffled,eig,0,"[0.000,3.142]",none,1,1,Z,1,ridge,1,adam,adjoint,100,48,13,104,12,352,134,0.5993175241749313,0.9516670720818012,0.5431921731527195,0.602545851541334,0.6704988347488179,7,0.7049082850110722,0.2978474683675799,0.577466353139967,8.773349615507723,3.039706351031005,0.21477539259916942,0.6410658806078388,0.479781410205077,0.947697971554528,243.9,shuffled,m06,0.78,0.89,elem_order,11,0,1.0,1
B3,eAT,1,molecule,none,0.0,fixed,3,fixed,eig,0,"[0.000,3.142]",none,1,1,Z,1,ridge,1,adam,adjoint,100,48,13,92,12,352,134,0.6880232789746198,0.9272607861081889,0.589372692888182,0.6556151227485059,0.6193955044452352,7,0.7854127554099535,0.5840409750592035,0.2563897504384712,2.870011726991977,1.1299975452459765,0.009050283986492628,0.0,0.0,0.947697971554528,181.9,none,m06,0.78,0.89,elem_order,11,0,1.0,1
B3,eAT,1,molecule,zz,0.1,bytype,3,bytype,eig,0,"[0.000,3.142]",none,1,1,Z,1,ridge,1,adam,adjoint,100,48,13,107,15,352,134,0.458823905324122,0.9706951527117059,0.4604733791532467,0.46760530341207723,0.7218849585047673,7,0.7049082850110722,0.16411673683497577,0.7671800143015798,6.922793570914168,2.3650389463319357,0.017725251620132075,0.08777887086156469,0.4175881980496281,0.947697971554528,248.42,bytype,m03,0.81,0.92,elem_order,14,0,1.0,1
B3,eAT,1,molecule,zz,0.1,bytype_shuffled,3,bytype_shuffled,eig,0,"[0.000,3.142]",none,1,1,Z,1,ridge,1,adam,adjoint,100,48,13,107,15,352,134,0.5666295003643032,0.9491445995103338,0.5222540868170213,0.5689799071898571,0.6595171775501038,7,0.7049082850110722,0.2724072976453891,0.6135563967146302,7.090322406773769,2.422271943009213,0.11717303620929813,0.5051345104247921,0.31286007876725325,0.947697971554528,251.8,shuffled,m03,0.81,0.92,elem_order,14,0,1.0,1
B3,eAT,1,molecule,none,0.0,fixed,3,fixed,eig,0,"[0.000,3.142]",none,1,1,Z,1,ridge,1,adam,adjoint,100,48,13,92,15,352,134,0.6880232789746198,0.9272607861081889,0.589372692888182,0.6556151227485059,0.6193955044452352,7,0.7854127554099535,0.5840409750592035,0.2563897504384712,2.870011726991977,1.1299975452459765,0.009050283986492628,0.0,0.0,0.947697971554528,188.42,none,m03,0.81,0.92,elem_order,14,0,1.0,1
B3,eAT,1,molecule,zz,0.1,bytype,3,bytype,eig,0,"[0.000,3.142]",none,1,1,Z,1,ridge,1,adam,adjoint,100,48,13,108,16,352,134,0.5351721832937063,0.9418733804654853,0.5189073232720383,0.5393036706540645,0.7290864892165644,7,0.7049082850110722,0.1500456103605925,0.7871416557996113,8.24037702588371,2.8030029177092963,0.035441946423709667,0.08050627858708928,0.659438771003681,0.947697971554528,261.9,bytype,base,0.84,0.95,elem_order,15,0,1.0,1
B3,eAT,1,molecule,zz,0.1,bytype_shuffled,3,bytype_shuffled,eig,0,"[0.000,3.142]",none,1,1,Z,1,ridge,1,adam,adjoint,100,48,13,108,16,352,134,0.5902146887311042,0.9461139406718083,0.5868391170206813,0.5964661350905445,0.5952426584418503,7,0.7049082850110722,0.28209438623822475,0.5998140577482448,8.787613971903731,2.9891481330986305,0.03107478119663428,0.6846699987322402,0.3694112061199264,0.947697971554528,257.17,shuffled,base,0.84,0.95,elem_order,15,0,1.0,1
B3,eAT,1,molecule,none,0.0,fixed,3,fixed,eig,0,"[0.000,3.142]",none,1,1,Z,1,ridge,1,adam,adjoint,100,48,13,92,16,352,134,0.6880232789746198,0.9272607861081889,0.589372692888182,0.6556151227485059,0.6193955044452352,7,0.7854127554099535,0.5840409750592035,0.2563897504384712,2.870011726991977,1.1299975452459765,0.009050283986492628,0.0,0.0,0.947697971554528,189.91,none,base,0.84,0.95,elem_order,15,0,1.0,1
B3,eAT,1,molecule,zz,0.1,bytype,3,bytype,eig,0,"[0.000,3.142]",none,1,1,Z,1,ridge,1,adam,adjoint,100,48,13,108,16,352,134,0.39705110225540685,0.9780805149858653,0.3450355248988949,0.38868976332425276,0.803809775315477,7,0.7049082850110722,0.10486238349389333,0.851239677950095,6.571764734135256,2.2354166158197986,0.01661934777829499,0.08384997698433268,0.4047057274919427,0.947697971554528,255.97,bytype,p03,0.87,0.98,elem_order,15,0,1.0,1
B3,eAT,1,molecule,zz,0.1,bytype_shuffled,3,bytype_shuffled,eig,0,"[0.000,3.142]",none,1,1,Z,1,ridge,1,adam,adjoint,100,48,13,108,16,352,134,0.5953716913445921,0.9398554201812302,0.5905971710515271,0.5927177720196873,0.6435033341839459,7,0.7049082850110722,0.29170806868563726,0.5861758545211945,8.421744431376244,2.8646958918506606,0.0704439872136166,0.5375989778158726,0.32115439612238944,0.947697971554528,254.59,shuffled,p03,0.87,0.98,elem_order,15,0,1.0,1
B3,eAT,1,molecule,none,0.0,fixed,3,fixed,eig,0,"[0.000,3.142]",none,1,1,Z,1,ridge,1,adam,adjoint,100,48,13,92,16,352,134,0.6880232789746198,0.9272607861081889,0.589372692888182,0.6556151227485059,0.6193955044452352,7,0.7854127554099535,0.5840409750592035,0.2563897504384712,2.870011726991977,1.1299975452459765,0.009050283986492628,0.0,0.0,0.947697971554528,190.01,none,p03,0.87,0.98,elem_order,15,0,1.0,1
B3,eAT,1,molecule,zz,0.1,bytype,3,bytype,eig,0,"[0.000,3.142]",none,1,1,Z,1,ridge,1,adam,adjoint,100,48,13,111,19,352,134,0.47255550471592106,0.9688578038083899,0.45393706140520546,0.47233091296429347,0.7462041929161324,7,0.7049082850110722,0.19175660757522517,0.727969422898451,10.925026458778142,3.6713784079812517,0.01991912493849984,0.5226241068725285,0.5302820883006926,0.947697971554528,256.33,bytype,p06,0.9,1.01,elem_order,18,0,1.0,1
B3,eAT,1,molecule,zz,0.1,bytype_shuffled,3,bytype_shuffled,eig,0,"[0.000,3.142]",none,1,1,Z,1,ridge,1,adam,adjoint,100,48,13,111,19,352,134,0.6146660157140431,0.9369545602688789,0.6116538360916733,0.6205355715775754,0.5972071460961162,7,0.7049082850110722,0.2916395451783677,0.586273063631552,8.253640653480764,2.7736535189878664,0.03396903714702167,0.5974284250357034,0.5258960270274675,0.947697971554528,255.34,shuffled,p06,0.9,1.01,elem_order,18,0,1.0,1
B3,eAT,1,molecule,none,0.0,fixed,3,fixed,eig,0,"[0.000,3.142]",none,1,1,Z,1,ridge,1,adam,adjoint,100,48,13,92,19,352,134,0.6880232789746198,0.9272607861081889,0.589372692888182,0.6556151227485059,0.6193955044452352,7,0.7854127554099535,0.5840409750592035,0.2563897504384712,2.870011726991977,1.1299975452459765,0.009050283986492628,0.0,0.0,0.947697971554528,192.41,none,p06,0.9,1.01,elem_order,18,0,1.0,1
B3,eAT,1,molecule,zz,0.1,bytype,3,bytype,eig,0,"[0.000,3.142]",none,1,1,Z,1,ridge,1,adam,adjoint,100,48,13,101,9,352,134,0.5384811955943556,0.9609197549765306,0.49885911163241303,0.5303743275337813,0.6669353903316662,7,0.7049082850110722,0.231629694319452,0.6714044943934604,6.124048400019835,2.1564773942297695,0.2635691874720266,0.016103564462679174,0.33990603133699926,0.947697971554528,257.25,bytype,elem_only,0.84,0.95,elem,8,0,1.0,1
B3,eAT,1,molecule,zz,0.1,bytype_shuffled,3,bytype_shuffled,eig,0,"[0.000,3.142]",none,1,1,Z,1,ridge,1,adam,adjoint,100,48,13,101,9,352,134,0.6436831266347167,0.9445294115446623,0.6269169418436078,0.652930440682084,0.5556554686859105,7,0.7049082850110722,0.319734471035072,0.5464169199968335,7.246249317577436,2.5516409776020095,0.04204455665608336,0.44620374208188046,0.19943328935666935,0.947697971554528,256.62,shuffled,elem_only,0.84,0.95,elem,8,0,1.0,1
B3,eAT,1,molecule,none,0.0,fixed,3,fixed,eig,0,"[0.000,3.142]",none,1,1,Z,1,ridge,1,adam,adjoint,100,48,13,92,9,352,134,0.6880232789746198,0.9272607861081889,0.589372692888182,0.6556151227485059,0.6193955044452352,7,0.7854127554099535,0.5840409750592035,0.2563897504384712,2.870011726991977,1.1299975452459765,0.009050283986492628,0.0,0.0,0.947697971554528,195.96,none,elem_only,0.84,0.95,elem,8,0,1.0,1
B3,eAT,1,molecule,zz,0.1,bytype,3,bytype,eig,0,"[0.000,3.142]",none,1,1,Z,1,ridge,1,adam,adjoint,100,49,13,104,12,362,124,0.47148120056270365,0.9685020624932777,0.43086272502787426,0.4758654338351116,0.7175226060369503,7,0.7168460752580055,0.15760886562224338,0.7801356929163388,7.196603903550871,2.5019142613825793,0.02193803370483408,-0.22130604421899838,0.3310151449408993,0.9479916563766306,252.8,bytype,m06,0.78,0.89,elem_order,11,0,1.0,1
B3,eAT,1,molecule,zz,0.1,bytype_shuffled,3,bytype_shuffled,eig,0,"[0.000,3.142]",none,1,1,Z,1,ridge,1,adam,adjoint,100,49,13,104,12,362,124,0.7626595398118882,0.9127840720921738,0.7125979560962973,0.7459827212940631,0.36032477881863134,7,0.7168460752580055,0.2636768895252711,0.632170840259718,5.87492475067151,2.042429764823119,0.02014761305324993,0.4144391187155021,0.2103626996129333,0.9479916563766306,253.46,shuffled,m06,0.78,0.89,elem_order,11,0,1.0,1
B3,eAT,1,molecule,none,0.0,fixed,3,fixed,eig,0,"[0.000,3.142]",none,1,1,Z,1,ridge,1,adam,adjoint,100,49,13,92,12,362,124,0.741557383276319,0.9147056091657746,0.7024147629390171,0.7173303831439166,0.2719646109810044,7,0.792750662202463,0.5599057721948326,0.29371768591240033,3.3977997956967196,1.3429885323278725,0.0036876841870318237,0.0,0.0,0.9479916563766306,187.82,none,m06,0.78,0.89,elem_order,11,0,1.0,1
B3,eAT,1,molecule,zz,0.1,bytype,3,bytype,eig,0,"[0.000,3.142]",none,1,1,Z,1,ridge,1,adam,adjoint,100,49,13,107,15,362,124,0.47559976561825595,0.9318791168344173,0.36809086954549464,0.40189150499482423,0.8230874316939892,7,0.7168460752580055,0.14673643102000947,0.7953027350157473,5.234903458933658,1.7944176441485453,0.07741882466172748,0.11966338830741251,0.39086330098482147,0.9479916563766306,257.34,bytype,m03,0.81,0.92,elem_order,14,0,1.0,1
B3,eAT,1,molecule,zz,0.1,bytype_shuffled,3,bytype_shuffled,eig,0,"[0.000,3.142]",none,1,1,Z,1,ridge,1,adam,adjoint,100,49,13,107,15,362,124,0.6837200198880532,0.9227805776822777,0.6085929753883016,0.661515177049889,0.5239009237574811,7,0.7168460752580055,0.24056258108318987,0.6644152916696836,5.961126460374229,2.043352008954754,0.10433165359333638,0.4020598674685168,0.23047865630654082,0.9479916563766306,258.06,shuffled,m03,0.81,0.92,elem_order,14,0,1.0,1
B3,eAT,1,molecule,none,0.0,fixed,3,fixed,eig,0,"[0.000,3.142]",none,1,1,Z,1,ridge,1,adam,adjoint,100,49,13,92,15,362,124,0.741557383276319,0.9147056091657746,0.7024147629390171,0.7173303831439166,0.2719646109810044,7,0.792750662202463,0.5599057721948326,0.29371768591240033,3.3977997956967196,1.3429885323278725,0.0036876841870318237,0.0,0.0,0.9479916563766306,194.69,none,m03,0.81,0.92,elem_order,14,0,1.0,1
B3,eAT,1,molecule,zz,0.1,bytype,3,bytype,eig,0,"[0.000,3.142]",none,1,1,Z,1,ridge,1,adam,adjoint,100,49,13,108,16,362,124,0.48287719098141607,0.9656164193371876,0.41772710232981974,0.4689314291697725,0.7412038121259433,7,0.7168460752580055,0.1821160045760421,0.7459482434768225,6.639703096453997,2.2660879223049815,0.4133350331730941,-0.18515861968599623,0.34441665496139223,0.9479916563766306,267.31,bytype,base,0.84,0.95,elem_order,15,0,1.0,1
B3,eAT,1,molecule,zz,0.1,bytype_shuffled,3,bytype_shuffled,eig,0,"[0.000,3.142]",none,1,1,Z,1,ridge,1,adam,adjoint,100,49,13,108,16,362,124,0.7291864144709134,0.9150503420107796,0.6831469471388477,0.716793828318534,0.38325900988810824,7,0.7168460752580055,0.2503427064718271,0.6507720205042283,6.606526360274966,2.254764915829443,0.6984507500379099,0.3666376214881382,0.2671131553847995,0.9479916563766306,263.47,shuffled,base,0.84,0.95,elem_order,15,0,1.0,1
B3,eAT,1,molecule,none,0.0,fixed,3,fixed,eig,0,"[0.000,3.142]",none,1,1,Z,1,ridge,1,adam,adjoint,100,49,13,92,16,362,124,0.741557383276319,0.9147056091657746,0.7024147629390171,0.7173303831439166,0.2719646109810044,7,0.792750662202463,0.5599057721948326,0.29371768591240033,3.3977997956967196,1.3429885323278725,0.0036876841870318237,0.0,0.0,0.9479916563766306,194.4,none,base,0.84,0.95,elem_order,15,0,1.0,1
B3,eAT,1,molecule,zz,0.1,bytype,3,bytype,eig,0,"[0.000,3.142]",none,1,1,Z,1,ridge,1,adam,adjoint,100,49,13,108,16,362,124,0.36220928858569984,0.9668973293984348,0.3005932555476949,0.32010503994083694,0.8928068891491023,7,0.7168460752580055,0.226851358590192,0.6835424417877377,8.025632081469208,2.7390965626751607,14.227659830520883,0.23996717911923093,0.6852149579749266,0.9479916563766306,261.53,bytype,p03,0.87,0.98,elem_order,15,0,1.0,1
B3,eAT,1,molecule,zz,0.1,bytype_shuffled,3,bytype_shuffled,eig,0,"[0.000,3.142]",none,1,1,Z,1,ridge,1,adam,adjoint,100,49,13,108,16,362,124,0.7714142929460431,0.9140348569849881,0.7216735198036598,0.7617250575408183,0.3378270556856623,7,0.7168460752580055,0.26174093028182843,0.6348715026616791,6.134899926402939,2.0938018501453852,0.01897326570800464,0.4267000418221321,0.2834620014095098,0.9479916563766306,262.42,shuffled,p03,0.87,0.98,elem_order,15,0,1.0,1
B3,eAT,1,molecule,none,0.0,fixed,3,fixed,eig,0,"[0.000,3.142]",none,1,1,Z,1,ridge,1,adam,adjoint,100,49,13,92,16,362,124,0.741557383276319,0.9147056091657746,0.7024147629390171,0.7173303831439166,0.2719646109810044,7,0.792750662202463,0.5599057721948326,0.29371768591240033,3.3977997956967196,1.3429885323278725,0.0036876841870318237,0.0,0.0,0.9479916563766306,196.03,none,p03,0.87,0.98,elem_order,15,0,1.0,1
B3,eAT,1,molecule,zz,0.1,bytype,3,bytype,eig,0,"[0.000,3.142]",none,1,1,Z,1,ridge,1,adam,adjoint,100,49,13,110,18,362,124,0.5237656494033975,0.9617912771293238,0.4816165377566312,0.5187365301270077,0.6516169008587042,7,0.7168460752580055,0.17158387914121473,0.7606405544182429,6.752314297764457,2.285594006812159,0.01904870902912282,-0.02673551287126326,0.27674820828131447,0.9479916563766306,263.96,bytype,p06,0.9,1.01,elem_order,17,0,1.0,1
B3,eAT,1,molecule,zz,0.1,bytype_shuffled,3,bytype_shuffled,eig,0,"[0.000,3.142]",none,1,1,Z,1,ridge,1,adam,adjoint,100,49,13,110,18,362,124,0.7343596636665876,0.9129786327800672,0.6793362718126652,0.7091257428421852,0.42379586260733804,7,0.7168460752580055,0.27354212693651025,0.6184088378553825,5.508336522082152,1.8645193910099402,0.0900721858014712,0.4285293117342557,0.30398671406253147,0.9479916563766306,262.9,shuffled,p06,0.9,1.01,elem_order,17,0,1.0,1
B3,eAT,1,molecule,none,0.0,fixed,3,fixed,eig,0,"[0.000,3.142]",none,1,1,Z,1,ridge,1,adam,adjoint,100,49,13,92,18,362,124,0.741557383276319,0.9147056091657746,0.7024147629390171,0.7173303831439166,0.2719646109810044,7,0.792750662202463,0.5599057721948326,0.29371768591240033,3.3977997956967196,1.3429885323278725,0.0036876841870318237,0.0,0.0,0.9479916563766306,196.74,none,p06,0.9,1.01,elem_order,17,0,1.0,1
B3,eAT,1,molecule,zz,0.1,bytype,3,bytype,eig,0,"[0.000,3.142]",none,1,1,Z,1,ridge,1,adam,adjoint,100,49,13,101,9,362,124,0.6024245013989917,0.9449013964242136,0.5476374725594446,0.5856520718441733,0.513607858443924,7,0.7168460752580055,0.22765332301331123,0.6824237017251231,6.36818775502864,2.2502200457487542,0.091675724652738,0.135965703099917,0.3254015663614299,0.9479916563766306,263.92,bytype,elem_only,0.84,0.95,elem,8,0,1.0,1
B3,eAT,1,molecule,zz,0.1,bytype_shuffled,3,bytype_shuffled,eig,0,"[0.000,3.142]",none,1,1,Z,1,ridge,1,adam,adjoint,100,49,13,101,9,362,124,0.7158961302296307,0.9238234577161428,0.6742170563530636,0.7058549535008803,0.43661950299245383,7,0.7168460752580055,0.2749400437624536,0.6164587444194378,5.372525452074326,1.8983995029051501,0.06414337638568633,0.3541557889580381,0.21053750207277447,0.9479916563766306,268.49,shuffled,elem_only,0.84,0.95,elem,8,0,1.0,1
B3,eAT,1,molecule,none,0.0,fixed,3,fixed,eig,0,"[0.000,3.142]",none,1,1,Z,1,ridge,1,adam,adjoint,100,49,13,92,9,362,124,0.741557383276319,0.9147056091657746,0.7024147629390171,0.7173303831439166,0.2719646109810044,7,0.792750662202463,0.5599057721948326,0.29371768591240033,3.3977997956967196,1.3429885323278725,0.0036876841870318237,0.0,0.0,0.9479916563766306,195.84,none,elem_only,0.84,0.95,elem,8,0,1.0,1
B3,eAT,1,molecule,zz,0.1,bytype,3,bytype,eig,0,"[0.000,3.142]",none,1,1,Z,1,ridge,1,adam,adjoint,100,50,13,104,12,345,141,0.46128964121845806,0.9695365642025,0.39046526776414686,0.4418239890022135,0.7792927560038404,9,0.7644568354946217,0.17761448243036454,0.7676592396280377,6.779176199219687,2.242713734394697,0.09545336325322476,0.4088571571257546,0.3127927197300932,0.9420000555879576,239.83,bytype,m06,0.78,0.89,elem_order,11,0,1.0,1
B3,eAT,1,molecule,zz,0.1,bytype_shuffled,3,bytype_shuffled,eig,0,"[0.000,3.142]",none,1,1,Z,1,ridge,1,adam,adjoint,100,50,13,104,12,345,141,0.5731782600088632,0.9583701719789744,0.48382847169389936,0.5754080174876421,0.6486149184156058,9,0.7644568354946217,0.328085479056792,0.5708253706116542,6.015856649442009,1.9901893586135475,0.08975959241763433,0.42004103357973666,0.21058024683637824,0.9420000555879576,238.99,shuffled,m06,0.78,0.89,elem_order,11,0,1.0,1
B3,eAT,1,molecule,none,0.0,fixed,3,fixed,eig,0,"[0.000,3.142]",none,1,1,Z,1,ridge,1,adam,adjoint,100,50,13,92,12,345,141,0.6584942183624826,0.9439449698641342,0.5942886874706123,0.6528709118172766,0.5452821591875915,9,0.7460353339662178,0.5596529457259312,0.2498305103719477,2.365899402092611,0.8840036463147423,0.007617777112856133,0.0,0.0,0.9420000555879576,177.84,none,m06,0.78,0.89,elem_order,11,0,1.0,1
B3,eAT,1,molecule,zz,0.1,bytype,3,bytype,eig,0,"[0.000,3.142]",none,1,1,Z,1,ridge,1,adam,adjoint,100,50,13,107,15,345,141,0.45064851268155875,0.9750191451118818,0.4002515587890624,0.4461428740932198,0.6824153307478554,9,0.7644568354946217,0.1646514406540459,0.7846164322050799,6.887725831539264,2.2482134479551035,0.256594334177543,0.19651212015798428,0.5565664326391215,0.9420000555879576,242.88,bytype,m03,0.81,0.92,elem_order,14,0,1.0,1
B3,eAT,1,molecule,zz,0.1,bytype_shuffled,3,bytype_shuffled,eig,0,"[0.000,3.142]",none,1,1,Z,1,ridge,1,adam,adjoint,100,50,13,107,15,345,141,0.6032995701465282,0.9408975990872519,0.5411683012032297,0.6009529864223945,0.6306616239163745,9,0.7644568354946217,0.3047032672530285,0.6014120704985544,9.621424176591145,3.1405162968657954,0.5085570028943022,0.6063588840730751,1.0414702606636503,0.9420000555879576,242.76,shuffled,m03,0.81,0.92,elem_order,14,0,1.0,1
B3,eAT,1,molecule,none,0.0,fixed,3,fixed,eig,0,"[0.000,3.142]",none,1,1,Z,1,ridge,1,adam,adjoint,100,50,13,92,15,345,141,0.6584942183624826,0.9439449698641342,0.5942886874706123,0.6528709118172766,0.5452821591875915,9,0.7460353339662178,0.5596529457259312,0.2498305103719477,2.365899402092611,0.8840036463147423,0.007617777112856133,0.0,0.0,0.9420000555879576,183.67,none,m03,0.81,0.92,elem_order,14,0,1.0,1
B3,eAT,1,molecule,zz,0.1,bytype,3,bytype,eig,0,"[0.000,3.142]",none,1,1,Z,1,ridge,1,adam,adjoint,100,50,13,108,16,345,141,0.4044199043671403,0.9784130973223463,0.3356626185329823,0.3902178544130642,0.8020070743262635,9,0.7644568354946217,0.13600637872482702,0.822087562815986,7.4054148003098454,2.4072114779394416,0.029002009293496524,0.1777893161210626,0.5190278802612902,0.9420000555879576,252.97,bytype,base,0.84,0.95,elem_order,15,0,1.0,1
B3,eAT,1,molecule,zz,0.1,bytype_shuffled,3,bytype_shuffled,eig,0,"[0.000,3.142]",none,1,1,Z,1,ridge,1,adam,adjoint,100,50,13,108,16,345,141,0.7424912857664875,0.8805099916523123,0.5910916886912424,0.6955822704966322,0.5557338023735637,9,0.7644568354946217,0.3574400979133102,0.5324260555770451,8.568069848414398,2.785145280724454,0.6117620788500076,0.428158361383857,0.8417274240770554,0.9420000555879576,250.27,shuffled,base,0.84,0.95,elem_order,15,0,1.0,1
B3,eAT,1,molecule,none,0.0,fixed,3,fixed,eig,0,"[0.000,3.142]",none,1,1,Z,1,ridge,1,adam,adjoint,100,50,13,92,16,345,141,0.6584942183624826,0.9439449698641342,0.5942886874706123,0.6528709118172766,0.5452821591875915,9,0.7460353339662178,0.5596529457259312,0.2498305103719477,2.365899402092611,0.8840036463147423,0.007617777112856133,0.0,0.0,0.9420000555879576,184.58,none,base,0.84,0.95,elem_order,15,0,1.0,1
B3,eAT,1,molecule,zz,0.1,bytype,3,bytype,eig,0,"[0.000,3.142]",none,1,1,Z,1,ridge,1,adam,adjoint,100,50,13,108,16,345,141,0.3713904305938077,0.979306192214024,0.3330694734821302,0.36267448299404276,0.8224019882556468,9,0.7644568354946217,0.10533839626673319,0.8622049128534816,8.031568304366244,2.6107495568399646,0.04866864425985425,-0.011296375375573958,0.6374757074123371,0.9420000555879576,249.16,bytype,p03,0.87,0.98,elem_order,15,0,1.0,1
B3,eAT,1,molecule,zz,0.1,bytype_shuffled,3,bytype_shuffled,eig,0,"[0.000,3.142]",none,1,1,Z,1,ridge,1,adam,adjoint,100,50,13,108,16,345,141,0.4950938735781753,0.9688530844135991,0.44106289771722235,0.4938302188951814,0.6665106068097305,9,0.7644568354946217,0.2774510795428861,0.6370611568102879,7.435898579007331,2.4171205652694967,0.6799257029591798,0.5249531222342884,0.3040297052101052,0.9420000555879576,249.91,shuffled,p03,0.87,0.98,elem_order,15,0,1.0,1
B3,eAT,1,molecule,none,0.0,fixed,3,fixed,eig,0,"[0.000,3.142]",none,1,1,Z,1,ridge,1,adam,adjoint,100,50,13,92,16,345,141,0.6584942183624826,0.9439449698641342,0.5942886874706123,0.6528709118172766,0.5452821591875915,9,0.7460353339662178,0.5596529457259312,0.2498305103719477,2.365899402092611,0.8840036463147423,0.007617777112856133,0.0,0.0,0.9420000555879576,185.51,none,p03,0.87,0.98,elem_order,15,0,1.0,1
B3,eAT,1,molecule,zz,0.1,bytype,3,bytype,eig,0,"[0.000,3.142]",none,1,1,Z,1,ridge,1,adam,adjoint,100,50,13,111,19,345,141,0.42873837598329445,0.9779606031400628,0.3893113525465515,0.43185922644245517,0.7577442664062608,9,0.7644568354946217,0.1809947245755966,0.7632374829136184,7.995639682704409,2.569098421694374,0.23834839785870005,0.18432055895835492,0.5139979738553961,0.9420000555879576,251.44,bytype,p06,0.9,1.01,elem_order,18,0,1.0,1
B3,eAT,1,molecule,zz,0.1,bytype_shuffled,3,bytype_shuffled,eig,0,"[0.000,3.142]",none,1,1,Z,1,ridge,1,adam,adjoint,100,50,13,111,19,345,141,0.6081309109355659,0.941930143901688,0.561406965157505,0.5979936279166648,0.6360176309279866,9,0.7644568354946217,0.2585109782657306,0.6618370504876604,10.467598617171104,3.363369555593652,0.24115450472791708,0.7575981096561016,0.5351309941930279,0.9420000555879576,251.92,shuffled,p06,0.9,1.01,elem_order,18,0,1.0,1
B3,eAT,1,molecule,none,0.0,fixed,3,fixed,eig,0,"[0.000,3.142]",none,1,1,Z,1,ridge,1,adam,adjoint,100,50,13,92,19,345,141,0.6584942183624826,0.9439449698641342,0.5942886874706123,0.6528709118172766,0.5452821591875915,9,0.7460353339662178,0.5596529457259312,0.2498305103719477,2.365899402092611,0.8840036463147423,0.007617777112856133,0.0,0.0,0.9420000555879576,186.08,none,p06,0.9,1.01,elem_order,18,0,1.0,1
B3,eAT,1,molecule,zz,0.1,bytype,3,bytype,eig,0,"[0.000,3.142]",none,1,1,Z,1,ridge,1,adam,adjoint,100,50,13,101,9,345,141,0.5446695790321687,0.9613539512866863,0.46172382034635967,0.5489497845964857,0.6143827509051542,9,0.7644568354946217,0.2539391066794085,0.6678175995180893,6.876316831557276,2.3103219210301207,0.1630765149043838,0.10251422827790678,0.43732409533664107,0.9420000555879576,252.69,bytype,elem_only,0.84,0.95,elem,8,0,1.0,1
B3,eAT,1,molecule,zz,0.1,bytype_shuffled,3,bytype_shuffled,eig,0,"[0.000,3.142]",none,1,1,Z,1,ridge,1,adam,adjoint,100,50,13,101,9,345,141,0.42064910625526736,0.9755662451891414,0.38632430713552446,0.4213316896443321,0.7033099452182263,9,0.7644568354946217,0.3352716791054703,0.5614249705955713,6.60094595562261,2.2178021336687457,0.25964395106876165,0.3317599052337575,0.17663445827593524,0.9420000555879576,251.48,shuffled,elem_only,0.84,0.95,elem,8,0,1.0,1
B3,eAT,1,molecule,none,0.0,fixed,3,fixed,eig,0,"[0.000,3.142]",none,1,1,Z,1,ridge,1,adam,adjoint,100,50,13,92,9,345,141,0.6584942183624826,0.9439449698641342,0.5942886874706123,0.6528709118172766,0.5452821591875915,9,0.7460353339662178,0.5596529457259312,0.2498305103719477,2.365899402092611,0.8840036463147423,0.007617777112856133,0.0,0.0,0.9420000555879576,191.49,none,elem_only,0.84,0.95,elem,8,0,1.0,1
B3,eAT,1,molecule,zz,0.1,bytype,3,bytype,eig,0,"[0.000,3.142]",none,1,1,Z,1,ridge,1,adam,adjoint,100,51,13,104,12,373,113,0.5464593053316852,0.9718011948288959,0.4967053257146109,0.5468776787701648,0.6047462311613254,9,0.6733958512795051,0.17838607211272872,0.7350947859661131,5.081873350719535,1.531793345763537,0.010916018368523678,-0.009749778833894341,0.23641630488440846,0.9406610343454501,259.85,bytype,m06,0.78,0.89,elem_order,11,0,1.0,1
B3,eAT,1,molecule,zz,0.1,bytype_shuffled,3,bytype_shuffled,eig,0,"[0.000,3.142]",none,1,1,Z,1,ridge,1,adam,adjoint,100,51,13,104,12,373,113,0.6039455199818651,0.9652651430741427,0.5345810100829737,0.6002551195306165,0.7138840874689931,9,0.6733958512795051,0.32691828762413144,0.5145228664492646,5.411518251384653,1.6311558899387506,0.10899149659250128,0.3365191699138617,0.20840029670463267,0.9406610343454501,258.05,shuffled,m06,0.78,0.89,elem_order,11,0,1.0,1
B3,eAT,1,molecule,none,0.0,fixed,3,fixed,eig,0,"[0.000,3.142]",none,1,1,Z,1,ridge,1,adam,adjoint,100,51,13,92,12,373,113,0.7765326882737911,0.9494550451244385,0.6516162917541412,0.7781023496219172,0.4559466597202445,9,0.8033572117056492,0.5355687917537674,0.33333667271539946,2.639449718912951,0.8883485502397366,0.0033201092114334527,0.0,0.0,0.9406610343454501,190.54,none,m06,0.78,0.89,elem_order,11,0,1.0,1
B3,eAT,1,molecule,zz,0.1,bytype,3,bytype,eig,0,"[0.000,3.142]",none,1,1,Z,1,ridge,1,adam,adjoint,100,51,13,107,15,373,113,0.45016661640866945,0.9817568016400531,0.38843221311845416,0.44589238252805363,0.7699059510380265,9,0.6733958512795051,0.10991972747230985,0.8367680358240198,6.009161214422857,1.789247385348855,0.01986328899948964,0.22491384371152706,0.5655082200363827,0.9406610343454501,261.36,bytype,m03,0.81,0.92,elem_order,14,0,1.0,1
B3,eAT,1,molecule,zz,0.1,bytype_shuffled,3,bytype_shuffled,eig,0,"[0.000,3.142]",none,1,1,Z,1,ridge,1,adam,adjoint,100,51,13,107,15,373,113,0.7299621146176055,0.9410473308956625,0.6693226951814999,0.7276844541001218,0.6647901761109308,9,0.6733958512795051,0.2950727371233224,0.5618138475865853,6.106149286173411,1.8181259006020645,0.5996019482263207,0.2775964866609721,0.1996041584013215,0.9406610343454501,264.18,shuffled,m03,0.81,0.92,elem_order,14,0,1.0,1
B3,eAT,1,molecule,none,0.0,fixed,3,fixed,eig,0,"[0.000,3.142]",none,1,1,Z,1,ridge,1,adam,adjoint,100,51,13,92,15,373,113,0.7765326882737911,0.9494550451244385,0.6516162917541412,0.7781023496219172,0.4559466597202445,9,0.8033572117056492,0.5355687917537674,0.33333667271539946,2.639449718912951,0.8883485502397366,0.0033201092114334527,0.0,0.0,0.9406610343454501,200.38,none,m03,0.81,0.92,elem_order,14,0,1.0,1
B3,eAT,1,molecule,zz,0.1,bytype,3,bytype,eig,0,"[0.000,3.142]",none,1,1,Z,1,ridge,1,adam,adjoint,100,51,13,107,15,373,113,0.47838826826641245,0.9758686072603254,0.4197537868878957,0.4576629508078523,0.7402016081261363,9,0.6733958512795051,0.1208369225753515,0.8205558850032239,5.993977417783801,1.7847263602895018,0.016765560093429024,0.21833049682845018,0.37727373430911926,0.9406610343454501,275.12,bytype,base,0.84,0.95,elem_order,14,0,1.0,1
B3,eAT,1,molecule,zz,0.1,bytype_shuffled,3,bytype_shuffled,eig,0,"[0.000,3.142]",none,1,1,Z,1,ridge,1,adam,adjoint,100,51,13,107,15,373,113,0.6954756425573032,0.9490595819006409,0.6335191974479019,0.6983778787219775,0.6981004773457603,9,0.6733958512795051,0.319765136069573,0.5251453725739561,5.686775944156824,1.6932561177965693,0.5247329327382998,0.2368583283353605,0.16216744951095016,0.9406610343454501,270.54,shuffled,base,0.84,0.95,elem_order,14,0,1.0,1
B3,eAT,1,molecule,none,0.0,fixed,3,fixed,eig,0,"[0.000,3.142]",none,1,1,Z,1,ridge,1,adam,adjoint,100,51,13,92,15,373,113,0.7765326882737911,0.9494550451244385,0.6516162917541412,0.7781023496219172,0.4559466597202445,9,0.8033572117056492,0.5355687917537674,0.33333667271539946,2.639449718912951,0.8883485502397366,0.0033201092114334527,0.0,0.0,0.9406610343454501,199.33,none,base,0.84,0.95,elem_order,14,0,1.0,1
B3,eAT,1,molecule,zz,0.1,bytype,3,bytype,eig,0,"[0.000,3.142]",none,1,1,Z,1,ridge,1,adam,adjoint,100,51,13,108,16,373,113,0.4973652290927745,0.9789258203695151,0.4337525816527183,0.49609158277014126,0.6592449592449592,9,0.6733958512795051,0.11680496204723763,0.8265433892630923,6.883443158403251,2.041845507843983,0.02223195168040515,0.14139265499761264,0.5982124071934831,0.9406610343454501,270.03,bytype,p03,0.87,0.98,elem_order,15,0,1.0,1
B3,eAT,1,molecule,zz,0.1,bytype_shuffled,3,bytype_shuffled,eig,0,"[0.000,3.142]",none,1,1,Z,1,ridge,1,adam,adjoint,100,51,13,108,16,373,113,0.6271126228233022,0.965838114661391,0.5126843234960689,0.6275645958284123,0.6916465595710879,9,0.6733958512795051,0.3389676878556355,0.4966293789729024,6.205424587203807,1.8407238973388824,0.18439156533452897,0.37051042348317864,0.5510275480667006,0.9406610343454501,270.17,shuffled,p03,0.87,0.98,elem_order,15,0,1.0,1
B3,eAT,1,molecule,none,0.0,fixed,3,fixed,eig,0,"[0.000,3.142]",none,1,1,Z,1,ridge,1,adam,adjoint,100,51,13,92,16,373,113,0.7765326882737911,0.9494550451244385,0.6516162917541412,0.7781023496219172,0.4559466597202445,9,0.8033572117056492,0.5355687917537674,0.33333667271539946,2.639449718912951,0.8883485502397366,0.0033201092114334527,0.0,0.0,0.9406610343454501,201.64,none,p03,0.87,0.98,elem_order,15,0,1.0,1
B3,eAT,1,molecule,zz,0.1,bytype,3,bytype,eig,0,"[0.000,3.142]",none,1,1,Z,1,ridge,1,adam,adjoint,100,51,13,110,18,373,113,0.5427639673004654,0.9737752472260653,0.4893116091246018,0.5404967733194102,0.546436316247637,9,0.6733958512795051,0.1635840149058001,0.7570759983225652,8.538738504536898,2.5147581797315115,0.11156202001772489,0.3754207110229031,0.39663622360441203,0.9406610343454501,272.62,bytype,p06,0.9,1.01,elem_order,17,0,1.0,1
B3,eAT,1,molecule,zz,0.1,bytype_shuffled,3,bytype_shuffled,eig,0,"[0.000,3.142]",none,1,1,Z,1,ridge,1,adam,adjoint,100,51,13,110,18,373,113,0.6837825269777026,0.9492973497007068,0.6209418209993569,0.6789369664263096,0.6519307594779292,9,0.6733958512795051,0.31282847676994796,0.5354463853979063,5.819432137825947,1.7138907067144038,0.4007371167017519,0.20551241901983547,0.16823822669169755,0.9406610343454501,270.65,shuffled,p06,0.9,1.01,elem_order,17,0,1.0,1
B3,eAT,1,molecule,none,0.0,fixed,3,fixed,eig,0,"[0.000,3.142]",none,1,1,Z,1,ridge,1,adam,adjoint,100,51,13,92,18,373,113,0.7765326882737911,0.9494550451244385,0.6516162917541412,0.7781023496219172,0.4559466597202445,9,0.8033572117056492,0.5355687917537674,0.33333667271539946,2.639449718912951,0.8883485502397366,0.0033201092114334527,0.0,0.0,0.9406610343454501,202.7,none,p06,0.9,1.01,elem_order,17,0,1.0,1
B3,eAT,1,molecule,zz,0.1,bytype,3,bytype,eig,0,"[0.000,3.142]",none,1,1,Z,1,ridge,1,adam,adjoint,100,51,13,101,9,373,113,0.6177501478495688,0.959659406681224,0.5630983190458232,0.625420719583085,0.7275889219285445,9,0.6733958512795051,0.22947901811729843,0.6592212178300917,6.525438519271463,1.994822795465393,0.047410404954966866,0.13869941122267956,0.23362714563288858,0.9406610343454501,272.3,bytype,elem_only,0.84,0.95,elem,8,0,1.0,1
B3,eAT,1,molecule,zz,0.1,bytype_shuffled,3,bytype_shuffled,eig,0,"[0.000,3.142]",none,1,1,Z,1,ridge,1,adam,adjoint,100,51,13,101,9,373,113,0.5828741778510875,0.9681326069162924,0.5240137912406712,0.5906880585246558,0.6802939425580934,9,0.6733958512795051,0.3292787588694727,0.5110175415488272,5.906876739014381,1.8057288156483486,0.13745430681594778,0.427526721740038,0.4148487139387939,0.9406610343454501,274.53,shuffled,elem_only,0.84,0.95,elem,8,0,1.0,1
B3,eAT,1,molecule,none,0.0,fixed,3,fixed,eig,0,"[0.000,3.142]",none,1,1,Z,1,ridge,1,adam,adjoint,100,51,13,92,9,373,113,0.7765326882737911,0.9494550451244385,0.6516162917541412,0.7781023496219172,0.4559466597202445,9,0.8033572117056492,0.5355687917537674,0.33333667271539946,2.639449718912951,0.8883485502397366,0.0033201092114334527,0.0,0.0,0.9406610343454501,200.99,none,elem_only,0.84,0.95,elem,8,0,1.0,1
A1,eAT,1,molecule,zz,0.1,bytype,3,bytype,eig,0,"[0.000,3.142]",none,1,1,Z,1,ridge,1,adam,adjoint,100,42,11,96,18,530,160,0.5086992774714645,0.9914478720190095,0.3641903578080615,0.4705192224319822,0.5969867833882634,28,0.7915778195022859,0.2517274482364837,0.6819927971266802,9.308879934527916,3.9644790904161975,0.07338818929571404,0.48195671127916995,0.5398890299617265,0.9664562442919681,228.08,bytype,m06,0.78,0.89,elem_order,17,0,1.0,1
A1,eAT,1,molecule,zz,0.1,bytype_shuffled,3,bytype_shuffled,eig,0,"[0.000,3.142]",none,1,1,Z,1,ridge,1,adam,adjoint,100,42,11,96,18,530,160,0.6171128887300055,0.9867847728423093,0.42102468768403073,0.6222028106347112,0.5562783911535069,28,0.7915778195022859,0.39293831273107727,0.5036011582813905,8.942912019115125,3.8086201515726823,0.597616594573172,0.5993348462350848,0.5453574990883502,0.9664562442919681,227.52,shuffled,m06,0.78,0.89,elem_order,17,0,1.0,1
A1,eAT,1,molecule,none,0.0,fixed,3,fixed,eig,0,"[0.000,3.142]",none,1,1,Z,1,ridge,1,adam,adjoint,100,42,11,78,18,530,160,0.8160884335799772,0.9755497193156031,0.5429546168239411,0.7667519065685015,0.2106946964023745,28,0.9229056796756236,0.8421672959687605,0.08748281160783462,2.803815908698643,1.45743072886867,0.005098090669880891,0.0,0.0,0.9664562442919681,176.13,none,m06,0.78,0.89,elem_order,17,0,1.0,1
A1,eAT,1,molecule,zz,0.1,bytype,3,bytype,eig,0,"[0.000,3.142]",none,1,1,Z,1,ridge,1,adam,adjoint,100,42,11,98,20,530,160,0.49095971550781614,0.9875646774295979,0.324476704396456,0.4266235920794644,0.6944310956799394,28,0.7915778195022859,0.2010892789004918,0.7459639798561699,7.984745249416768,3.367640153541408,0.01780980483403309,0.36671517644932095,0.5804738556391797,0.9664562442919681,233.31,bytype,m03,0.81,0.92,elem_order,19,0,1.0,1
A1,eAT,1,molecule,zz,0.1,bytype_shuffled,3,bytype_shuffled,eig,0,"[0.000,3.142]",none,1,1,Z,1,ridge,1,adam,adjoint,100,42,11,98,20,530,160,0.6315355090271053,0.9858104013551521,0.44892707924661607,0.6005539156042083,0.4489292955990458,28,0.7915778195022859,0.3979800994930006,0.49723187071710095,7.994350236485627,3.371691145666636,0.05222105426098625,0.5175626280754536,0.4270112582369696,0.9664562442919681,233.85,shuffled,m03,0.81,0.92,elem_order,19,0,1.0,1
A1,eAT,1,molecule,none,0.0,fixed,3,fixed,eig,0,"[0.000,3.142]",none,1,1,Z,1,ridge,1,adam,adjoint,100,42,11,78,20,530,160,0.8160884335799772,0.9755497193156031,0.5429546168239411,0.7667519065685015,0.2106946964023745,28,0.9229056796756236,0.8421672959687605,0.08748281160783462,2.803815908698643,1.45743072886867,0.005098090669880891,0.0,0.0,0.9664562442919681,183.16,none,m03,0.81,0.92,elem_order,19,0,1.0,1
A1,eAT,1,molecule,zz,0.1,bytype,3,bytype,eig,0,"[0.000,3.142]",none,1,1,Z,1,ridge,1,adam,adjoint,100,42,11,103,25,530,160,0.3833159345655717,0.9943500068528522,0.2895408134145701,0.35127933529931094,0.587482663292099,28,0.7915778195022859,0.1240455387389058,0.8432933115572883,7.040473006006551,2.90471645156135,0.01078681657493167,0.20330527859175368,0.5681617664567262,0.9664562442919681,244.07,bytype,base,0.84,0.95,elem_order,24,0,1.0,1
A1,eAT,1,molecule,zz,0.1,bytype_shuffled,3,bytype_shuffled,eig,0,"[0.000,3.142]",none,1,1,Z,1,ridge,1,adam,adjoint,100,42,11,103,25,530,160,0.6546048373878494,0.984947430441785,0.4908153237299495,0.6423966929381558,0.37708017134474114,28,0.7915778195022859,0.3383163119679557,0.5726051139473866,10.016385832628323,4.132500854473761,0.03551899520191643,0.7676437086418655,0.8248656231876031,0.9664562442919681,240.02,shuffled,base,0.84,0.95,elem_order,24,0,1.0,1
A1,eAT,1,molecule,none,0.0,fixed,3,fixed,eig,0,"[0.000,3.142]",none,1,1,Z,1,ridge,1,adam,adjoint,100,42,11,78,25,530,160,0.8160884335799772,0.9755497193156031,0.5429546168239411,0.7667519065685015,0.2106946964023745,28,0.9229056796756236,0.8421672959687605,0.08748281160783462,2.803815908698643,1.45743072886867,0.005098090669880891,0.0,0.0,0.9664562442919681,183.53,none,base,0.84,0.95,elem_order,24,0,1.0,1
A1,eAT,1,molecule,zz,0.1,bytype,3,bytype,eig,0,"[0.000,3.142]",none,1,1,Z,1,ridge,1,adam,adjoint,100,42,11,103,25,530,160,0.3267847836750426,0.9960671038095571,0.24502779203927447,0.30492117755829107,0.6979133211325625,28,0.7915778195022859,0.11477160068119817,0.8550090744667881,8.16253544184966,3.367650293405761,0.01156789285740049,0.22775560352029792,0.6147947953778283,0.9664562442919681,246.4,bytype,p03,0.87,0.98,elem_order,24,0,1.0,1
A1,eAT,1,molecule,zz,0.1,bytype_shuffled,3,bytype_shuffled,eig,0,"[0.000,3.142]",none,1,1,Z,1,ridge,1,adam,adjoint,100,42,11,103,25,530,160,0.5965530524262818,0.9863020651049591,0.392390452743565,0.5770840598168109,0.44808158230914935,28,0.7915778195022859,0.40278937672235177,0.49115631236912316,8.510562660293516,3.5112372919131825,0.06687647690907784,0.5377895871885732,0.46027723858159386,0.9664562442919681,245.86,shuffled,p03,0.87,0.98,elem_order,24,0,1.0,1
A1,eAT,1,molecule,none,0.0,fixed,3,fixed,eig,0,"[0.000,3.142]",none,1,1,Z,1,ridge,1,adam,adjoint,100,42,11,78,25,530,160,0.8160884335799772,0.9755497193156031,0.5429546168239411,0.7667519065685015,0.2106946964023745,28,0.9229056796756236,0.8421672959687605,0.08748281160783462,2.803815908698643,1.45743072886867,0.005098090669880891,0.0,0.0,0.9664562442919681,191.14,none,p03,0.87,0.98,elem_order,24,0,1.0,1
A1,eAT,1,molecule,zz,0.1,bytype,3,bytype,eig,0,"[0.000,3.142]",none,1,1,Z,1,ridge,1,adam,adjoint,100,42,11,102,24,530,160,0.5234231689292785,0.9865044777649457,0.36442511019176826,0.4561582008466688,0.5690142471363564,28,0.7915778195022859,0.2107572928550153,0.7337503809953498,9.98726400683515,4.137731364833991,0.07848066681900645,0.46865595516489633,0.584816568826771,0.9664562442919681,248.8,bytype,p06,0.9,1.01,elem_order,23,0,1.0,1
A1,eAT,1,molecule,zz,0.1,bytype_shuffled,3,bytype_shuffled,eig,0,"[0.000,3.142]",none,1,1,Z,1,ridge,1,adam,adjoint,100,42,11,102,24,530,160,0.6574199028989514,0.9849078225207127,0.400155197348594,0.6338437526285898,0.5444332982260828,28,0.7915778195022859,0.40186282118555666,0.4923268296751509,8.30067244576652,3.438975149205577,0.06431742207652659,0.45025733229903137,0.6263955651505569,0.9664562442919681,246.84,shuffled,p06,0.9,1.01,elem_order,23,0,1.0,1
A1,eAT,1,molecule,none,0.0,fixed,3,fixed,eig,0,"[0.000,3.142]",none,1,1,Z,1,ridge,1,adam,adjoint,100,42,11,78,24,530,160,0.8160884335799772,0.9755497193156031,0.5429546168239411,0.7667519065685015,0.2106946964023745,28,0.9229056796756236,0.8421672959687605,0.08748281160783462,2.803815908698643,1.45743072886867,0.005098090669880891,0.0,0.0,0.9664562442919681,193.08,none,p06,0.9,1.01,elem_order,23,0,1.0,1
A1,eAT,1,molecule,zz,0.1,bytype,3,bytype,eig,0,"[0.000,3.142]",none,1,1,Z,1,ridge,1,adam,adjoint,100,42,11,91,13,530,160,0.4999058074040919,0.9908116753019005,0.34746506124374954,0.4514903529050775,0.616447746928783,28,0.7915778195022859,0.2845465853780742,0.6405323919295941,6.6766446802834825,2.9227606500081382,0.2094705798615321,0.40052014200115676,0.5817090316513471,0.9664562442919681,249.69,bytype,elem_only,0.84,0.95,elem,12,0,1.0,1
A1,eAT,1,molecule,zz,0.1,bytype_shuffled,3,bytype_shuffled,eig,0,"[0.000,3.142]",none,1,1,Z,1,ridge,1,adam,adjoint,100,42,11,91,13,530,160,0.6351561091322462,0.9859066366471487,0.42805520520988816,0.6251771060303511,0.5200366957536245,28,0.7915778195022859,0.36825461829294076,0.5347840613769531,7.6321152501618865,3.341026398390435,0.5959995583727521,0.6275936957166001,0.5446296575151411,0.9664562442919681,246.47,shuffled,elem_only,0.84,0.95,elem,12,0,1.0,1
A1,eAT,1,molecule,none,0.0,fixed,3,fixed,eig,0,"[0.000,3.142]",none,1,1,Z,1,ridge,1,adam,adjoint,100,42,11,78,13,530,160,0.8160884335799772,0.9755497193156031,0.5429546168239411,0.7667519065685015,0.2106946964023745,28,0.9229056796756236,0.8421672959687605,0.08748281160783462,2.803815908698643,1.45743072886867,0.005098090669880891,0.0,0.0,0.9664562442919681,196.77,none,elem_only,0.84,0.95,elem,12,0,1.0,1
A1,eAT,1,molecule,zz,0.1,bytype,3,bytype,eig,0,"[0.000,3.142]",none,1,1,Z,1,ridge,1,adam,adjoint,100,43,11,96,18,520,170,0.572435903045772,0.9817909844583373,0.3776582311848119,0.5413704023193469,0.5316226463594884,27,0.7427725943698706,0.2145351168616307,0.7111698540202186,7.437179875260627,2.784476383623742,0.05141899725813677,0.35853609087020555,0.45968146020971906,0.9719785663420953,226.73,bytype,m06,0.78,0.89,elem_order,17,0,1.0,1
A1,eAT,1,molecule,zz,0.1,bytype_shuffled,3,bytype_shuffled,eig,0,"[0.000,3.142]",none,1,1,Z,1,ridge,1,adam,adjoint,100,43,11,96,18,520,170,0.6117944725598116,0.9788420678045995,0.4626262565203446,0.6170578305363926,0.5356930788509736,27,0.7427725943698706,0.4110182110697686,0.4466432738832335,7.310127758063587,2.736908135207247,0.05869917229925473,0.40266848875375905,0.3577635330435565,0.9719785663420953,225.33,shuffled,m06,0.78,0.89,elem_order,17,0,1.0,1
A1,eAT,1,molecule,none,0.0,fixed,3,fixed,eig,0,"[0.000,3.142]",none,1,1,Z,1,ridge,1,adam,adjoint,100,43,11,78,18,520,170,0.7292940739502504,0.9751232383321665,0.5115173657892016,0.7322331536187947,0.16300920570657415,27,0.8401380836702086,0.719555932810277,0.14352658593115922,1.8520523019085493,0.8243508379212291,0.05403496323158607,0.0,0.0,0.9719785663420953,175.03,none,m06,0.78,0.89,elem_order,17,0,1.0,1
A1,eAT,1,molecule,zz,0.1,bytype,3,bytype,eig,0,"[0.000,3.142]",none,1,1,Z,1,ridge,1,adam,adjoint,100,43,11,98,20,520,170,0.401823586873845,0.9925306881168383,0.30305880009837005,0.4165686403395609,0.6995556198187777,27,0.7427725943698706,0.15880091497403015,0.7862052044222922,5.90506560806247,2.1920191103577036,0.08168470145340258,0.09576478463986542,0.3134795913955218,0.9719785663420953,230.54,bytype,m03,0.81,0.92,elem_order,19,0,1.0,1
A1,eAT,1,molecule,zz,0.1,bytype_shuffled,3,bytype_shuffled,eig,0,"[0.000,3.142]",none,1,1,Z,1,ridge,1,adam,adjoint,100,43,11,98,20,520,170,0.6022244130846688,0.9801757183719212,0.45906554887236806,0.6324288182565098,0.45608885997043896,27,0.7427725943698706,0.4214045205387707,0.4326601119468224,6.967347727303899,2.5863488029506567,0.028508632688542347,0.3815809063469771,0.38619374150303926,0.9719785663420953,233.72,shuffled,m03,0.81,0.92,elem_order,19,0,1.0,1
A1,eAT,1,molecule,none,0.0,fixed,3,fixed,eig,0,"[0.000,3.142]",none,1,1,Z,1,ridge,1,adam,adjoint,100,43,11,78,20,520,170,0.7292940739502504,0.9751232383321665,0.5115173657892016,0.7322331536187947,0.16300920570657415,27,0.8401380836702086,0.719555932810277,0.14352658593115922,1.8520523019085493,0.8243508379212291,0.05403496323158607,0.0,0.0,0.9719785663420953,183.83,none,m03,0.81,0.92,elem_order,19,0,1.0,1
A1,eAT,1,molecule,zz,0.1,bytype,3,bytype,eig,0,"[0.000,3.142]",none,1,1,Z,1,ridge,1,adam,adjoint,100,43,11,103,25,520,170,0.3554291915030723,0.9941678649537352,0.2517276285212309,0.3503328459727211,0.7103442098836836,27,0.7427725943698706,0.10118634604603308,0.8637721062771921,6.036311540490296,2.197675803759977,0.014268586248188303,0.08943923568094983,0.40047938023209834,0.9719785663420953,241.72,bytype,base,0.84,0.95,elem_order,24,0,1.0,1
A1,eAT,1,molecule,zz,0.1,bytype_shuffled,3,bytype_shuffled,eig,0,"[0.000,3.142]",none,1,1,Z,1,ridge,1,adam,adjoint,100,43,11,103,25,520,170,0.5932639535288073,0.9817225547749068,0.4518150428156844,0.5956554395633812,0.4944421952316689,27,0.7427725943698706,0.4022335138654959,0.4584701738938958,6.0593245341644195,2.2060542810851542,0.1568022452491227,0.2459129052948501,0.33445427193594474,0.9719785663420953,240.38,shuffled,base,0.84,0.95,elem_order,24,0,1.0,1
A1,eAT,1,molecule,none,0.0,fixed,3,fixed,eig,0,"[0.000,3.142]",none,1,1,Z,1,ridge,1,adam,adjoint,100,43,11,78,25,520,170,0.7292940739502504,0.9751232383321665,0.5115173657892016,0.7322331536187947,0.16300920570657415,27,0.8401380836702086,0.719555932810277,0.14352658593115922,1.8520523019085493,0.8243508379212291,0.05403496323158607,0.0,0.0,0.9719785663420953,186.03,none,base,0.84,0.95,elem_order,24,0,1.0,1
A1,eAT,1,molecule,zz,0.1,bytype,3,bytype,eig,0,"[0.000,3.142]",none,1,1,Z,1,ridge,1,adam,adjoint,100,43,11,103,25,520,170,0.31285083456891916,0.9951442935673792,0.22647620738956326,0.3129199053289452,0.7596542638647903,27,0.7427725943698706,0.11248117883835454,0.8485657929614681,6.068878543456229,2.20953266600758,0.015587831931515164,0.14314450850253843,0.35304959415465276,0.9719785663420953,243.68,bytype,p03,0.87,0.98,elem_order,24,0,1.0,1
A1,eAT,1,molecule,zz,0.1,bytype_shuffled,3,bytype_shuffled,eig,0,"[0.000,3.142]",none,1,1,Z,1,ridge,1,adam,adjoint,100,43,11,103,25,520,170,0.618988709745368,0.97947898381199,0.47579770646499275,0.6300036433040436,0.520210301394512,27,0.7427725943698706,0.40162104856526387,0.4592947402616838,7.490005259526814,2.726930712320399,0.04023743637115981,0.45681926621287267,0.36685296072241097,0.9719785663420953,244.11,shuffled,p03,0.87,0.98,elem_order,24,0,1.0,1
A1,eAT,1,molecule,none,0.0,fixed,3,fixed,eig,0,"[0.000,3.142]",none,1,1,Z,1,ridge,1,adam,adjoint,100,43,11,78,25,520,170,0.7292940739502504,0.9751232383321665,0.5115173657892016,0.7322331536187947,0.16300920570657415,27,0.8401380836702086,0.719555932810277,0.14352658593115922,1.8520523019085493,0.8243508379212291,0.05403496323158607,0.0,0.0,0.9719785663420953,189.43,none,p03,0.87,0.98,elem_order,24,0,1.0,1
A1,eAT,1,molecule,zz,0.1,bytype,3,bytype,eig,0,"[0.000,3.142]",none,1,1,Z,1,ridge,1,adam,adjoint,100,43,11,103,25,520,170,0.5368058541580611,0.983840850913903,0.3870825523671093,0.5087804533380167,0.6160527922370027,27,0.7427725943698706,0.2102587195007055,0.716927198048983,7.124443197826765,2.593838360744132,0.34042281784094625,0.3037627005091581,0.36079050605611457,0.9719785663420953,247.14,bytype,p06,0.9,1.01,elem_order,24,0,1.0,1
A1,eAT,1,molecule,zz,0.1,bytype_shuffled,3,bytype_shuffled,eig,0,"[0.000,3.142]",none,1,1,Z,1,ridge,1,adam,adjoint,100,43,11,103,25,520,170,0.6252980502497172,0.9792010581474685,0.46678378396838754,0.6423808206395449,0.43620774693143116,27,0.7427725943698706,0.42185035865106907,0.43205987694127995,7.972520613593575,2.9026029438581813,0.025906910474148847,0.23246246813973223,0.7377941395179025,0.9719785663420953,246.65,shuffled,p06,0.9,1.01,elem_order,24,0,1.0,1
A1,eAT,1,molecule,none,0.0,fixed,3,fixed,eig,0,"[0.000,3.142]",none,1,1,Z,1,ridge,1,adam,adjoint,100,43,11,78,25,520,170,0.7292940739502504,0.9751232383321665,0.5115173657892016,0.7322331536187947,0.16300920570657415,27,0.8401380836702086,0.719555932810277,0.14352658593115922,1.8520523019085493,0.8243508379212291,0.05403496323158607,0.0,0.0,0.9719785663420953,190.94,none,p06,0.9,1.01,elem_order,24,0,1.0,1
A1,eAT,1,molecule,zz,0.1,bytype,3,bytype,eig,0,"[0.000,3.142]",none,1,1,Z,1,ridge,1,adam,adjoint,100,43,11,91,13,520,170,0.5496742672505209,0.9784011870340601,0.35888490167543735,0.5012962015812864,0.4729601246706509,27,0.7427725943698706,0.26257660467118193,0.6464912590185988,6.0273115479977095,2.311763965406967,0.37087606625675873,0.47249900074218587,0.39068098342708485,0.9719785663420953,246.22,bytype,elem_only,0.84,0.95,elem,12,0,1.0,1
A1,eAT,1,molecule,zz,0.1,bytype_shuffled,3,bytype_shuffled,eig,0,"[0.000,3.142]",none,1,1,Z,1,ridge,1,adam,adjoint,100,43,11,91,13,520,170,0.6049633949823083,0.9801575019540573,0.45861963882557805,0.6130244335086897,0.43620710429920956,27,0.7427725943698706,0.4161705087319434,0.4397066990806242,6.66468563258031,2.556227592264251,0.03867046958894083,0.38116801982373666,0.3315268395378836,0.9719785663420953,244.57,shuffled,elem_only,0.84,0.95,elem,12,0,1.0,1
A1,eAT,1,molecule,none,0.0,fixed,3,fixed,eig,0,"[0.000,3.142]",none,1,1,Z,1,ridge,1,adam,adjoint,100,43,11,78,13,520,170,0.7292940739502504,0.9751232383321665,0.5115173657892016,0.7322331536187947,0.16300920570657415,27,0.8401380836702086,0.719555932810277,0.14352658593115922,1.8520523019085493,0.8243508379212291,0.05403496323158607,0.0,0.0,0.9719785663420953,193.41,none,elem_only,0.84,0.95,elem,12,0,1.0,1
A1,eAT,1,molecule,zz,0.1,bytype,3,bytype,eig,0,"[0.000,3.142]",none,1,1,Z,1,ridge,1,adam,adjoint,100,44,11,96,18,523,167,0.45051649958525103,0.989155715406399,0.4018535679948428,0.44262398869965114,0.5950252053080397,27,0.8645579816352463,0.3165311884207667,0.6338809019817597,6.33936183986459,2.3802393560570283,0.1272561331418333,0.27961874629640104,0.44842164012514596,0.9719349387373429,226.85,bytype,m06,0.78,0.89,elem_order,17,0,1.0,1
A1,eAT,1,molecule,zz,0.1,bytype_shuffled,3,bytype_shuffled,eig,0,"[0.000,3.142]",none,1,1,Z,1,ridge,1,adam,adjoint,100,44,11,96,18,523,167,0.6064243509849321,0.9832047665423672,0.49246861602684516,0.6191042937424024,0.4992518405486662,27,0.8645579816352463,0.374118029516735,0.5672724820501698,7.931252967307646,2.9779465082613097,0.20657588736902754,0.597145107550974,0.6087598117701096,0.9719349387373429,226.11,shuffled,m06,0.78,0.89,elem_order,17,0,1.0,1
A1,eAT,1,molecule,none,0.0,fixed,3,fixed,eig,0,"[0.000,3.142]",none,1,1,Z,1,ridge,1,adam,adjoint,100,44,11,78,18,523,167,0.8035867211555567,0.9703635099740591,0.6016184180749806,0.7872168000775615,0.2141681054348423,27,0.9470822124603372,0.7729923760977039,0.1838170267292651,2.3716356348580723,1.0592078001959668,0.009204562699788518,0.0,0.0,0.9719349387373429,175.8,none,m06,0.78,0.89,elem_order,17,0,1.0,1
A1,eAT,1,molecule,zz,0.1,bytype,3,bytype,eig,0,"[0.000,3.142]",none,1,1,Z,1,ridge,1,adam,adjoint,100,44,11,98,20,523,167,0.3641405243249724,0.9932862751797288,0.29638909223726684,0.35805176441608344,0.7190024859048478,27,0.8645579816352463,0.1783644150901514,0.7936929403476346,5.211114855220371,1.9399007639985009,0.010028988410176052,0.11383547634198032,0.351411751949259,0.9719349387373429,232.81,bytype,m03,0.81,0.92,elem_order,19,0,1.0,1
A1,eAT,1,molecule,zz,0.1,bytype_shuffled,3,bytype_shuffled,eig,0,"[0.000,3.142]",none,1,1,Z,1,ridge,1,adam,adjoint,100,44,11,98,20,523,167,0.608954368946071,0.9814956297600094,0.5123773489153344,0.6213566941937506,0.32340416132352345,27,0.8645579816352463,0.4322958345231509,0.49998051755245393,7.3731315224404845,2.7447377136804376,0.18251257024943243,0.5238664851041274,0.43388726215166296,0.9719349387373429,232.78,shuffled,m03,0.81,0.92,elem_order,19,0,1.0,1
A1,eAT,1,molecule,none,0.0,fixed,3,fixed,eig,0,"[0.000,3.142]",none,1,1,Z,1,ridge,1,adam,adjoint,100,44,11,78,20,523,167,0.8035867211555567,0.9703635099740591,0.6016184180749806,0.7872168000775615,0.2141681054348423,27,0.9470822124603372,0.7729923760977039,0.1838170267292651,2.3716356348580723,1.0592078001959668,0.009204562699788518,0.0,0.0,0.9719349387373429,183.17,none,m03,0.81,0.92,elem_order,19,0,1.0,1
A1,eAT,1,molecule,zz,0.1,bytype,3,bytype,eig,0,"[0.000,3.142]",none,1,1,Z,1,ridge,1,adam,adjoint,100,44,11,103,25,523,167,0.30082118542977615,0.9955623820250317,0.21402248448683012,0.3022072856187534,0.7119002247105151,27,0.8645579816352463,0.12494483679331132,0.8554812523308296,5.924749328018569,2.1630550069483094,0.17693390256477773,0.18005114086948462,0.41361351034729005,0.9719349387373429,248.73,bytype,base,0.84,0.95,elem_order,24,0,1.0,1
A1,eAT,1,molecule,zz,0.1,bytype_shuffled,3,bytype_shuffled,eig,0,"[0.000,3.142]",none,1,1,Z,1,ridge,1,adam,adjoint,100,44,11,103,25,523,167,0.616779428038381,0.9796872911088971,0.5288102365629666,0.6306964398126448,0.3466970419881508,27,0.8645579816352463,0.3740390421072537,0.567363843660564,9.565495189687159,3.4922477084633767,0.03652599291405801,0.47998329519130506,0.5375533687317554,0.9719349387373429,243.92,shuffled,base,0.84,0.95,elem_order,24,0,1.0,1
A1,eAT,1,molecule,none,0.0,fixed,3,fixed,eig,0,"[0.000,3.142]",none,1,1,Z,1,ridge,1,adam,adjoint,100,44,11,78,25,523,167,0.8035867211555567,0.9703635099740591,0.6016184180749806,0.7872168000775615,0.2141681054348423,27,0.9470822124603372,0.7729923760977039,0.1838170267292651,2.3716356348580723,1.0592078001959668,0.009204562699788518,0.0,0.0,0.9719349387373429,186.37,none,base,0.84,0.95,elem_order,24,0,1.0,1
A1,eAT,1,molecule,zz,0.1,bytype,3,bytype,eig,0,"[0.000,3.142]",none,1,1,Z,1,ridge,1,adam,adjoint,100,44,11,103,25,523,167,0.2555052420743066,0.996654692320378,0.1914946589446106,0.24835350473129278,0.8071218427695034,27,0.8645579816352463,0.10997435553831142,0.8727970154988296,6.267889327262454,2.2883313101901464,0.012227801065862567,0.2008260818955511,0.4621043606578501,0.9719349387373429,246.63,bytype,p03,0.87,0.98,elem_order,24,0,1.0,1
A1,eAT,1,molecule,zz,0.1,bytype_shuffled,3,bytype_shuffled,eig,0,"[0.000,3.142]",none,1,1,Z,1,ridge,1,adam,adjoint,100,44,11,103,25,523,167,0.6342689913265117,0.9809210476496181,0.5408369208651317,0.6513002970796694,0.40753448864626846,27,0.8645579816352463,0.42069377187993456,0.5134001642270146,7.132193763460682,2.603878506322991,0.019328372138801567,0.411550883495069,0.4490497815735935,0.9719349387373429,245.9,shuffled,p03,0.87,0.98,elem_order,24,0,1.0,1
A1,eAT,1,molecule,none,0.0,fixed,3,fixed,eig,0,"[0.000,3.142]",none,1,1,Z,1,ridge,1,adam,adjoint,100,44,11,78,25,523,167,0.8035867211555567,0.9703635099740591,0.6016184180749806,0.7872168000775615,0.2141681054348423,27,0.9470822124603372,0.7729923760977039,0.1838170267292651,2.3716356348580723,1.0592078001959668,0.009204562699788518,0.0,0.0,0.9719349387373429,189.85,none,p03,0.87,0.98,elem_order,24,0,1.0,1
A1,eAT,1,molecule,zz,0.1,bytype,3,bytype,eig,0,"[0.000,3.142]",none,1,1,Z,1,ridge,1,adam,adjoint,100,44,11,103,25,523,167,0.434140655409979,0.9896769694772586,0.39333330310929554,0.4314024887973217,0.5667902455099687,27,0.8645579816352463,0.24727276312576768,0.7139893814200062,5.841067198196792,2.132503663780576,0.019081913579645983,0.23215322638755398,0.4119239424565501,0.9719349387373429,247.97,bytype,p06,0.9,1.01,elem_order,24,0,1.0,1
A1,eAT,1,molecule,zz,0.1,bytype_shuffled,3,bytype_shuffled,eig,0,"[0.000,3.142]",none,1,1,Z,1,ridge,1,adam,adjoint,100,44,11,103,25,523,167,0.6095657174191574,0.9798837330040527,0.5114713882264191,0.6216048933532199,0.38465103006249385,27,0.8645579816352463,0.35995878400209524,0.5836499209442723,10.781380152121933,3.9361527431338077,0.027250982936703687,0.779667079248093,0.9369554395621299,0.9719349387373429,247.36,shuffled,p06,0.9,1.01,elem_order,24,0,1.0,1
A1,eAT,1,molecule,none,0.0,fixed,3,fixed,eig,0,"[0.000,3.142]",none,1,1,Z,1,ridge,1,adam,adjoint,100,44,11,78,25,523,167,0.8035867211555567,0.9703635099740591,0.6016184180749806,0.7872168000775615,0.2141681054348423,27,0.9470822124603372,0.7729923760977039,0.1838170267292651,2.3716356348580723,1.0592078001959668,0.009204562699788518,0.0,0.0,0.9719349387373429,192.0,none,p06,0.9,1.01,elem_order,24,0,1.0,1
A1,eAT,1,molecule,zz,0.1,bytype,3,bytype,eig,0,"[0.000,3.142]",none,1,1,Z,1,ridge,1,adam,adjoint,100,44,11,91,13,523,167,0.5278985329053489,0.9858561205779101,0.4155231904495988,0.5050989174340975,0.5466583564372041,27,0.8645579816352463,0.30165266761387477,0.6510902981390312,6.853848750973019,2.6364803764020537,0.08761756030806507,0.3754067267451606,0.34920321634511065,0.9719349387373429,250.13,bytype,elem_only,0.84,0.95,elem,12,0,1.0,1
A1,eAT,1,molecule,zz,0.1,bytype_shuffled,3,bytype_shuffled,eig,0,"[0.000,3.142]",none,1,1,Z,1,ridge,1,adam,adjoint,100,44,11,91,13,523,167,0.5574277239610366,0.9848490062953309,0.4540419035029926,0.5666645614925963,0.5633184561121977,27,0.8645579816352463,0.41257092387392347,0.5227955410306009,7.786986705811869,2.9954319663476747,0.02210869280584799,0.5701561419886225,0.5013783686275999,0.9719349387373429,246.53,shuffled,elem_only,0.84,0.95,elem,12,0,1.0,1
A1,eAT,1,molecule,none,0.0,fixed,3,fixed,eig,0,"[0.000,3.142]",none,1,1,Z,1,ridge,1,adam,adjoint,100,44,11,78,13,523,167,0.8035867211555567,0.9703635099740591,0.6016184180749806,0.7872168000775615,0.2141681054348423,27,0.9470822124603372,0.7729923760977039,0.1838170267292651,2.3716356348580723,1.0592078001959668,0.009204562699788518,0.0,0.0,0.9719349387373429,195.33,none,elem_only,0.84,0.95,elem,12,0,1.0,1
A1,eAT,1,molecule,zz,0.1,bytype,3,bytype,eig,0,"[0.000,3.142]",none,1,1,Z,1,ridge,1,adam,adjoint,100,45,11,96,18,516,174,0.5155484482545623,0.9883150024521352,0.3554792255399119,0.5058977908341471,0.41387853765462873,30,0.831198220164791,0.2711602978842658,0.6737718015920362,6.36743248378102,2.4454450899242115,0.014917460563869884,0.21788928802421376,0.3973523554190573,0.9699092661525454,222.54,bytype,m06,0.78,0.89,elem_order,17,0,1.0,1
A1,eAT,1,molecule,zz,0.1,bytype_shuffled,3,bytype_shuffled,eig,0,"[0.000,3.142]",none,1,1,Z,1,ridge,1,adam,adjoint,100,45,11,96,18,516,174,0.5925870933544554,0.9808086774312237,0.3870047685251271,0.5542055292652989,0.4306589678506187,30,0.831198220164791,0.4400824496132951,0.4705445236323465,6.359646765599734,2.442454944940899,0.024909353570136992,0.49496041032425914,0.48759723457596843,0.9699092661525454,221.27,shuffled,m06,0.78,0.89,elem_order,17,0,1.0,1
A1,eAT,1,molecule,none,0.0,fixed,3,fixed,eig,0,"[0.000,3.142]",none,1,1,Z,1,ridge,1,adam,adjoint,100,45,11,78,18,516,174,0.7663962734102084,0.9622963178310089,0.45397810676456796,0.7059939799788563,0.14225923349263006,30,0.8824955911799675,0.7762020098012177,0.12044658629583263,2.3725941039912515,1.088581213043035,0.0053769889078315114,0.0,0.0,0.9699092661525454,171.46,none,m06,0.78,0.89,elem_order,17,0,1.0,1
A1,eAT,1,molecule,zz,0.1,bytype,3,bytype,eig,0,"[0.000,3.142]",none,1,1,Z,1,ridge,1,adam,adjoint,100,45,11,98,20,516,174,0.42059973684457325,0.9915047641830371,0.31306094575268756,0.4196613970710622,0.4812322086515634,30,0.831198220164791,0.15551577028347147,0.8129017044181839,6.361780999237659,2.4219280171156554,0.045271106290633585,0.1567931948781722,0.35007868391520675,0.9699092661525454,227.38,bytype,m03,0.81,0.92,elem_order,19,0,1.0,1
A1,eAT,1,molecule,zz,0.1,bytype_shuffled,3,bytype_shuffled,eig,0,"[0.000,3.142]",none,1,1,Z,1,ridge,1,adam,adjoint,100,45,11,98,20,516,174,0.5859904375635828,0.9814390273268652,0.40051333790235477,0.5252851685819082,0.37423256060827215,30,0.831198220164791,0.43858505578646795,0.4723460118820811,6.0244501656260745,2.2935062753017235,0.05391308039023569,0.36787667802541,0.2817977238444356,0.9699092661525454,228.94,shuffled,m03,0.81,0.92,elem_order,19,0,1.0,1
A1,eAT,1,molecule,none,0.0,fixed,3,fixed,eig,0,"[0.000,3.142]",none,1,1,Z,1,ridge,1,adam,adjoint,100,45,11,78,20,516,174,0.7663962734102084,0.9622963178310089,0.45397810676456796,0.7059939799788563,0.14225923349263006,30,0.8824955911799675,0.7762020098012177,0.12044658629583263,2.3725941039912515,1.088581213043035,0.0053769889078315114,0.0,0.0,0.9699092661525454,179.16,none,m03,0.81,0.92,elem_order,19,0,1.0,1
A1,eAT,1,molecule,zz,0.1,bytype,3,bytype,eig,0,"[0.000,3.142]",none,1,1,Z,1,ridge,1,adam,adjoint,100,45,11,103,25,516,174,0.33045268403744255,0.9949477792817639,0.22982774405371809,0.32664468132094726,0.4730753181037811,30,0.831198220164791,0.11565175890232683,0.8608613973218109,5.675745130694279,2.1181877696524167,0.013543104192070072,0.19231653289458286,0.38159735821714086,0.9699092661525454,236.82,bytype,base,0.84,0.95,elem_order,24,0,1.0,1
A1,eAT,1,molecule,zz,0.1,bytype_shuffled,3,bytype_shuffled,eig,0,"[0.000,3.142]",none,1,1,Z,1,ridge,1,adam,adjoint,100,45,11,103,25,516,174,0.6525809004838594,0.9751587992361721,0.4618992650691867,0.5803046907344435,0.2694081187629574,30,0.831198220164791,0.4177702699925208,0.4973879155928716,6.407764977797829,2.3913775362069805,0.07646860693130203,0.2288434750030851,0.466623098269136,0.9699092661525454,235.04,shuffled,base,0.84,0.95,elem_order,24,0,1.0,1
A1,eAT,1,molecule,none,0.0,fixed,3,fixed,eig,0,"[0.000,3.142]",none,1,1,Z,1,ridge,1,adam,adjoint,100,45,11,78,25,516,174,0.7663962734102084,0.9622963178310089,0.45397810676456796,0.7059939799788563,0.14225923349263006,30,0.8824955911799675,0.7762020098012177,0.12044658629583263,2.3725941039912515,1.088581213043035,0.0053769889078315114,0.0,0.0,0.9699092661525454,181.86,none,base,0.84,0.95,elem_order,24,0,1.0,1
A1,eAT,1,molecule,zz,0.1,bytype,3,bytype,eig,0,"[0.000,3.142]",none,1,1,Z,1,ridge,1,adam,adjoint,100,45,11,103,25,516,174,0.3275706067486767,0.9940135739221829,0.25248490071735924,0.3118922467509787,0.479406785497867,30,0.831198220164791,0.0971508291405619,0.8831195414238241,6.3576133565098525,2.3726609539091004,0.01488495794524623,0.25352395861381655,0.40069386678180896,0.9699092661525454,240.09,bytype,p03,0.87,0.98,elem_order,24,0,1.0,1
A1,eAT,1,molecule,zz,0.1,bytype_shuffled,3,bytype_shuffled,eig,0,"[0.000,3.142]",none,1,1,Z,1,ridge,1,adam,adjoint,100,45,11,103,25,516,174,0.5434075913429087,0.9862687392121948,0.4160919496766376,0.5277028807377239,0.4181088930045286,30,0.831198220164791,0.42427192577436645,0.4895658875565788,6.7648767615987,2.524651634220122,0.033752326554891125,0.36476874390980824,0.37786393320890826,0.9699092661525454,239.35,shuffled,p03,0.87,0.98,elem_order,24,0,1.0,1
A1,eAT,1,molecule,none,0.0,fixed,3,fixed,eig,0,"[0.000,3.142]",none,1,1,Z,1,ridge,1,adam,adjoint,100,45,11,78,25,516,174,0.7663962734102084,0.9622963178310089,0.45397810676456796,0.7059939799788563,0.14225923349263006,30,0.8824955911799675,0.7762020098012177,0.12044658629583263,2.3725941039912515,1.088581213043035,0.0053769889078315114,0.0,0.0,0.9699092661525454,187.56,none,p03,0.87,0.98,elem_order,24,0,1.0,1
A1,eAT,1,molecule,zz,0.1,bytype,3,bytype,eig,0,"[0.000,3.142]",none,1,1,Z,1,ridge,1,adam,adjoint,100,45,11,103,25,516,174,0.5304744466008242,0.9850250284255195,0.3871261241693106,0.5154885237202989,0.4081466983364517,30,0.831198220164791,0.21473260508310646,0.7416589690958022,7.663990636916928,2.860200882886067,0.01989729607546099,0.18773494817650702,0.7403992282158175,0.9699092661525454,245.44,bytype,p06,0.9,1.01,elem_order,24,0,1.0,1
A1,eAT,1,molecule,zz,0.1,bytype_shuffled,3,bytype_shuffled,eig,0,"[0.000,3.142]",none,1,1,Z,1,ridge,1,adam,adjoint,100,45,11,103,25,516,174,0.5827251414185282,0.979546491526039,0.36504551883163266,0.5044791629217718,0.4096832263245926,30,0.831198220164791,0.34636550057279447,0.583293741288179,7.467061321537047,2.786706873250602,0.1251683860625692,0.5279082395285227,0.3840202039259253,0.9699092661525454,244.17,shuffled,p06,0.9,1.01,elem_order,24,0,1.0,1
A1,eAT,1,molecule,none,0.0,fixed,3,fixed,eig,0,"[0.000,3.142]",none,1,1,Z,1,ridge,1,adam,adjoint,100,45,11,78,25,516,174,0.7663962734102084,0.9622963178310089,0.45397810676456796,0.7059939799788563,0.14225923349263006,30,0.8824955911799675,0.7762020098012177,0.12044658629583263,2.3725941039912515,1.088581213043035,0.0053769889078315114,0.0,0.0,0.9699092661525454,189.2,none,p06,0.9,1.01,elem_order,24,0,1.0,1
A1,eAT,1,molecule,zz,0.1,bytype,3,bytype,eig,0,"[0.000,3.142]",none,1,1,Z,1,ridge,1,adam,adjoint,100,45,11,91,13,516,174,0.5533460496724523,0.9835677378773344,0.3502378342194395,0.5142509467471705,0.3359049868537534,30,0.831198220164791,0.2959727199769108,0.6439204117662425,5.692819157876631,2.2411933315065427,0.26780277790561097,0.4328082742765184,0.5143332494454526,0.9699092661525454,245.98,bytype,elem_only,0.84,0.95,elem,12,0,1.0,1
A1,eAT,1,molecule,zz,0.1,bytype_shuffled,3,bytype_shuffled,eig,0,"[0.000,3.142]",none,1,1,Z,1,ridge,1,adam,adjoint,100,45,11,91,13,516,174,0.6279159096864847,0.9738895265204173,0.4146504800856287,0.5654971858936355,0.367918495167072,30,0.831198220164791,0.43533243831193813,0.4762591789168769,5.644213816566985,2.2220580026303294,0.07486327687364357,0.3463773265246038,0.329737125968588,0.9699092661525454,244.34,shuffled,elem_only,0.84,0.95,elem,12,0,1.0,1
A1,eAT,1,molecule,none,0.0,fixed,3,fixed,eig,0,"[0.000,3.142]",none,1,1,Z,1,ridge,1,adam,adjoint,100,45,11,78,13,516,174,0.7663962734102084,0.9622963178310089,0.45397810676456796,0.7059939799788563,0.14225923349263006,30,0.8824955911799675,0.7762020098012177,0.12044658629583263,2.3725941039912515,1.088581213043035,0.0053769889078315114,0.0,0.0,0.9699092661525454,191.44,none,elem_only,0.84,0.95,elem,12,0,1.0,1
A1,eAT,1,molecule,zz,0.1,bytype,3,bytype,eig,0,"[0.000,3.142]",none,1,1,Z,1,ridge,1,adam,adjoint,100,46,11,96,18,503,187,0.5264151816347331,0.9775631247084445,0.4000660109462598,0.5351464542719655,0.5242082478924583,26,0.7999876225362139,0.30120557386041075,0.6234872073326663,8.277089118473477,2.9018058456027958,0.03086718870911262,-0.05127257482803529,1.0441991373099844,0.9737324512422088,217.66,bytype,m06,0.78,0.89,elem_order,17,0,1.0,1
A1,eAT,1,molecule,zz,0.1,bytype_shuffled,3,bytype_shuffled,eig,0,"[0.000,3.142]",none,1,1,Z,1,ridge,1,adam,adjoint,100,46,11,96,18,503,187,0.6034885319559448,0.9672763718413248,0.4626551582918085,0.5868101087458606,0.39438125227598914,26,0.7999876225362139,0.3670869820995008,0.5411341728816768,7.909688118490745,2.773001340278486,0.03381281946409811,0.5756699746715431,0.9649841052763595,0.9737324512422088,216.18,shuffled,m06,0.78,0.89,elem_order,17,0,1.0,1
A1,eAT,1,molecule,none,0.0,fixed,3,fixed,eig,0,"[0.000,3.142]",none,1,1,Z,1,ridge,1,adam,adjoint,100,46,11,78,18,503,187,0.7014170237363305,0.9627061810340072,0.52669325811683,0.7005870935339792,0.3230389493547388,26,0.8745708523876968,0.8077778191307756,0.0763723523080688,2.0173500586250284,0.8308251180998025,0.08590933779342183,0.0,0.0,0.9737324512422088,166.77,none,m06,0.78,0.89,elem_order,17,0,1.0,1
A1,eAT,1,molecule,zz,0.1,bytype,3,bytype,eig,0,"[0.000,3.142]",none,1,1,Z,1,ridge,1,adam,adjoint,100,46,11,98,20,503,187,0.38901496075178976,0.9859460290182009,0.313622903286127,0.383244722726202,0.6343947962369015,26,0.7999876225362139,0.1746378814587181,0.7816992706648875,8.656119431493288,3.010466047872603,0.0144448142163493,-0.12308792020674024,0.9798806572517728,0.9737324512422088,221.31,bytype,m03,0.81,0.92,elem_order,19,0,1.0,1
A1,eAT,1,molecule,zz,0.1,bytype_shuffled,3,bytype_shuffled,eig,0,"[0.000,3.142]",none,1,1,Z,1,ridge,1,adam,adjoint,100,46,11,98,20,503,187,0.6303069442926439,0.9661677663421794,0.49310548692690703,0.6226296530540538,0.3630643722748986,26,0.7999876225362139,0.35560631994218556,0.5554852226153187,10.59419648331048,3.684499627103171,0.027736847824494985,0.7948405103196136,0.5555703187954358,0.9737324512422088,222.7,shuffled,m03,0.81,0.92,elem_order,19,0,1.0,1
A1,eAT,1,molecule,none,0.0,fixed,3,fixed,eig,0,"[0.000,3.142]",none,1,1,Z,1,ridge,1,adam,adjoint,100,46,11,78,20,503,187,0.7014170237363305,0.9627061810340072,0.52669325811683,0.7005870935339792,0.3230389493547388,26,0.8745708523876968,0.8077778191307756,0.0763723523080688,2.0173500586250284,0.8308251180998025,0.08590933779342183,0.0,0.0,0.9737324512422088,171.68,none,m03,0.81,0.92,elem_order,19,0,1.0,1
A1,eAT,1,molecule,zz,0.1,bytype,3,bytype,eig,0,"[0.000,3.142]",none,1,1,Z,1,ridge,1,adam,adjoint,100,46,11,103,25,503,187,0.317364132350274,0.9909137767432946,0.24898463475445035,0.3176460468636677,0.768015561436614,26,0.7999876225362139,0.1012699560168885,0.873410596409191,6.757273536392675,2.307710807095394,0.021980935930198082,0.13181195353112288,0.477427939275173,0.9737324512422088,228.41,bytype,base,0.84,0.95,elem_order,24,0,1.0,1
A1,eAT,1,molecule,zz,0.1,bytype_shuffled,3,bytype_shuffled,eig,0,"[0.000,3.142]",none,1,1,Z,1,ridge,1,adam,adjoint,100,46,11,103,25,503,187,0.6213894386783215,0.9691196052356538,0.489676782666152,0.6149557082239401,0.42771283297599094,26,0.7999876225362139,0.36040011518103615,0.5494928858543414,9.525350886874843,3.2530509627336444,0.01849456303189833,0.8813051848546237,1.1907050447669303,0.9737324512422088,227.42,shuffled,base,0.84,0.95,elem_order,24,0,1.0,1
A1,eAT,1,molecule,none,0.0,fixed,3,fixed,eig,0,"[0.000,3.142]",none,1,1,Z,1,ridge,1,adam,adjoint,100,46,11,78,25,503,187,0.7014170237363305,0.9627061810340072,0.52669325811683,0.7005870935339792,0.3230389493547388,26,0.8745708523876968,0.8077778191307756,0.0763723523080688,2.0173500586250284,0.8308251180998025,0.08590933779342183,0.0,0.0,0.9737324512422088,178.65,none,base,0.84,0.95,elem_order,24,0,1.0,1
A1,eAT,1,molecule,zz,0.1,bytype,3,bytype,eig,0,"[0.000,3.142]",none,1,1,Z,1,ridge,1,adam,adjoint,100,46,11,103,25,503,187,0.3288394818856573,0.9906623316655992,0.23312633736328384,0.33057095166316575,0.6709890499364184,26,0.7999876225362139,0.09900249078526435,0.8762449718016947,7.609307094617645,2.598693115231076,0.016427388053692624,0.17815985465755535,0.5916885545487065,0.9737324512422088,235.45,bytype,p03,0.87,0.98,elem_order,24,0,1.0,1
A1,eAT,1,molecule,zz,0.1,bytype_shuffled,3,bytype_shuffled,eig,0,"[0.000,3.142]",none,1,1,Z,1,ridge,1,adam,adjoint,100,46,11,103,25,503,187,0.5974738077012312,0.970538267326597,0.47353181183380766,0.5966744506589526,0.4558308650413913,26,0.7999876225362139,0.39508189750542144,0.5061399872001934,8.971397866627036,3.063867653139307,0.020303650397215576,0.7915623013582979,0.9906943183346182,0.9737324512422088,231.55,shuffled,p03,0.87,0.98,elem_order,24,0,1.0,1
A1,eAT,1,molecule,none,0.0,fixed,3,fixed,eig,0,"[0.000,3.142]",none,1,1,Z,1,ridge,1,adam,adjoint,100,46,11,78,25,503,187,0.7014170237363305,0.9627061810340072,0.52669325811683,0.7005870935339792,0.3230389493547388,26,0.8745708523876968,0.8077778191307756,0.0763723523080688,2.0173500586250284,0.8308251180998025,0.08590933779342183,0.0,0.0,0.9737324512422088,179.2,none,p03,0.87,0.98,elem_order,24,0,1.0,1
A1,eAT,1,molecule,zz,0.1,bytype,3,bytype,eig,0,"[0.000,3.142]",none,1,1,Z,1,ridge,1,adam,adjoint,100,46,11,103,25,503,187,0.4754387796855222,0.9803981816576973,0.39080612627796324,0.49113362482075706,0.5527094737621052,26,0.7999876225362139,0.22685557373547846,0.7164261454242573,10.246221472379693,3.4992391378500254,0.01602495822730482,-0.11793497088068222,1.204911872941827,0.9737324512422088,230.62,bytype,p06,0.9,1.01,elem_order,24,0,1.0,1
A1,eAT,1,molecule,zz,0.1,bytype_shuffled,3,bytype_shuffled,eig,0,"[0.000,3.142]",none,1,1,Z,1,ridge,1,adam,adjoint,100,46,11,103,25,503,187,0.6253147284858547,0.9688735017021196,0.49489269091504967,0.6185396562360028,0.4188193872404399,26,0.7999876225362139,0.34900103168910473,0.5637419606785152,9.584895520441473,3.2733863529833043,0.016122236198758386,0.9035689918834166,0.6811371826456879,0.9737324512422088,231.32,shuffled,p06,0.9,1.01,elem_order,24,0,1.0,1
A1,eAT,1,molecule,none,0.0,fixed,3,fixed,eig,0,"[0.000,3.142]",none,1,1,Z,1,ridge,1,adam,adjoint,100,46,11,78,25,503,187,0.7014170237363305,0.9627061810340072,0.52669325811683,0.7005870935339792,0.3230389493547388,26,0.8745708523876968,0.8077778191307756,0.0763723523080688,2.0173500586250284,0.8308251180998025,0.08590933779342183,0.0,0.0,0.9737324512422088,180.24,none,p06,0.9,1.01,elem_order,24,0,1.0,1
A1,eAT,1,molecule,zz,0.1,bytype,3,bytype,eig,0,"[0.000,3.142]",none,1,1,Z,1,ridge,1,adam,adjoint,100,46,11,91,13,503,187,0.4710464596742405,0.9813241765223417,0.3712206873433818,0.4770549748282372,0.5187255239886819,26,0.7999876225362139,0.2792634981266612,0.6509152263614936,7.176552524639983,2.573455350003404,0.43038500147025177,0.5316709282922583,0.2935316666650102,0.9737324512422088,233.71,bytype,elem_only,0.84,0.95,elem,12,0,1.0,1
A1,eAT,1,molecule,zz,0.1,bytype_shuffled,3,bytype_shuffled,eig,0,"[0.000,3.142]",none,1,1,Z,1,ridge,1,adam,adjoint,100,46,11,91,13,503,187,0.5895784302841789,0.9700865826239885,0.4667037284388466,0.5820414468206419,0.4064641498852025,26,0.7999876225362139,0.37345486828242835,0.5331741919975483,6.684478456748099,2.3970014554256824,0.04135521208605753,0.4882260970931497,0.3640073166139631,0.9737324512422088,230.64,shuffled,elem_only,0.84,0.95,elem,12,0,1.0,1
A1,eAT,1,molecule,none,0.0,fixed,3,fixed,eig,0,"[0.000,3.142]",none,1,1,Z,1,ridge,1,adam,adjoint,100,46,11,78,13,503,187,0.7014170237363305,0.9627061810340072,0.52669325811683,0.7005870935339792,0.3230389493547388,26,0.8745708523876968,0.8077778191307756,0.0763723523080688,2.0173500586250284,0.8308251180998025,0.08590933779342183,0.0,0.0,0.9737324512422088,177.87,none,elem_only,0.84,0.95,elem,12,0,1.0,1
A1,eAT,1,molecule,zz,0.1,bytype,3,bytype,eig,0,"[0.000,3.142]",none,1,1,Z,1,ridge,1,adam,adjoint,100,47,11,96,18,505,185,0.578320430539385,0.9728283739823245,0.3907424156060479,0.5070202921799952,0.7159373345067741,26,0.7017960056105332,0.2538151678042255,0.6383348355147491,6.346212546188312,2.2467947731993143,0.09434585594145793,0.1994337878727751,0.5510870894919935,0.9719921344234639,221.56,bytype,m06,0.78,0.89,elem_order,17,0,1.0,1
A1,eAT,1,molecule,zz,0.1,bytype_shuffled,3,bytype_shuffled,eig,0,"[0.000,3.142]",none,1,1,Z,1,ridge,1,adam,adjoint,100,47,11,96,18,505,185,0.666673608915463,0.9622295151473395,0.48947521019256585,0.6000566676924503,0.49846639611693566,26,0.7017960056105332,0.3848695378585286,0.4515934334455093,8.44534315805787,2.989964916443876,0.20956599197325915,0.16675165902977962,1.1960933116730026,0.9719921344234639,219.88,shuffled,m06,0.78,0.89,elem_order,17,0,1.0,1
A1,eAT,1,molecule,none,0.0,fixed,3,fixed,eig,0,"[0.000,3.142]",none,1,1,Z,1,ridge,1,adam,adjoint,100,47,11,78,18,505,185,0.7303558679121207,0.9596996525948825,0.5307173811065525,0.6767954958374772,0.4033823990141428,26,0.8368674916825395,0.7147383367271465,0.14593607251949745,2.8530465383456534,1.1886215274679703,0.03350454895240568,0.0,0.0,0.9719921344234639,170.59,none,m06,0.78,0.89,elem_order,17,0,1.0,1
A1,eAT,1,molecule,zz,0.1,bytype,3,bytype,eig,0,"[0.000,3.142]",none,1,1,Z,1,ridge,1,adam,adjoint,100,47,11,98,20,505,185,0.4427287652549009,0.988043149388062,0.34041672248944116,0.413747155224755,0.6538338966984983,26,0.7017960056105332,0.1467074698377722,0.7909542535652611,7.202260424798414,2.5293168340083887,0.04770670693601507,0.004695561971125627,0.41632574749788526,0.9719921344234639,226.12,bytype,m03,0.81,0.92,elem_order,19,0,1.0,1
A1,eAT,1,molecule,zz,0.1,bytype_shuffled,3,bytype_shuffled,eig,0,"[0.000,3.142]",none,1,1,Z,1,ridge,1,adam,adjoint,100,47,11,98,20,505,185,0.6673698412263686,0.9685703514827116,0.49872543818967324,0.6108421173202726,0.49342258854963345,26,0.7017960056105332,0.3635287217823424,0.48200229286559193,7.468290002739229,2.6227420991533497,0.1067587091005171,0.38029561456101035,0.8596030319027955,0.9719921344234639,225.31,shuffled,m03,0.81,0.92,elem_order,19,0,1.0,1
A1,eAT,1,molecule,none,0.0,fixed,3,fixed,eig,0,"[0.000,3.142]",none,1,1,Z,1,ridge,1,adam,adjoint,100,47,11,78,20,505,185,0.7303558679121207,0.9596996525948825,0.5307173811065525,0.6767954958374772,0.4033823990141428,26,0.8368674916825395,0.7147383367271465,0.14593607251949745,2.8530465383456534,1.1886215274679703,0.03350454895240568,0.0,0.0,0.9719921344234639,176.32,none,m03,0.81,0.92,elem_order,19,0,1.0,1
A1,eAT,1,molecule,zz,0.1,bytype,3,bytype,eig,0,"[0.000,3.142]",none,1,1,Z,1,ridge,1,adam,adjoint,100,47,11,103,25,505,185,0.3801686729980645,0.9892089969603883,0.275575231431879,0.3632844541164246,0.6894753001958014,26,0.7017960056105332,0.10389353855635185,0.8519604874838682,7.6187483451006655,2.6268841613501026,0.05815272166714568,0.017920266023358198,0.34559892230329087,0.9719921344234639,231.92,bytype,base,0.84,0.95,elem_order,24,0,1.0,1
A1,eAT,1,molecule,zz,0.1,bytype_shuffled,3,bytype_shuffled,eig,0,"[0.000,3.142]",none,1,1,Z,1,ridge,1,adam,adjoint,100,47,11,103,25,505,185,0.641297274913714,0.9724125559194627,0.5501195904280174,0.6054096831904789,0.4558239532830553,26,0.7017960056105332,0.36863564524369513,0.4747253585135505,7.448786658092304,2.568282716150024,0.13877576080396362,0.3560819910210015,0.6459954252275107,0.9719921344234639,233.87,shuffled,base,0.84,0.95,elem_order,24,0,1.0,1
A1,eAT,1,molecule,none,0.0,fixed,3,fixed,eig,0,"[0.000,3.142]",none,1,1,Z,1,ridge,1,adam,adjoint,100,47,11,78,25,505,185,0.7303558679121207,0.9596996525948825,0.5307173811065525,0.6767954958374772,0.4033823990141428,26,0.8368674916825395,0.7147383367271465,0.14593607251949745,2.8530465383456534,1.1886215274679703,0.03350454895240568,0.0,0.0,0.9719921344234639,182.48,none,base,0.84,0.95,elem_order,24,0,1.0,1
A1,eAT,1,molecule,zz,0.1,bytype,3,bytype,eig,0,"[0.000,3.142]",none,1,1,Z,1,ridge,1,adam,adjoint,100,47,11,103,25,505,185,0.32754806510391554,0.9897148944490103,0.22789974998549692,0.29425339670111195,0.7792324452435836,26,0.7017960056105332,0.10679261862344587,0.847829543386271,6.621209778855432,2.282940754728648,0.08807735070756006,0.14413811671616306,0.35737308294400366,0.9719921344234639,234.25,bytype,p03,0.87,0.98,elem_order,24,0,1.0,1
A1,eAT,1,molecule,zz,0.1,bytype_shuffled,3,bytype_shuffled,eig,0,"[0.000,3.142]",none,1,1,Z,1,ridge,1,adam,adjoint,100,47,11,103,25,505,185,0.7067517259213177,0.9578715486951415,0.5230829310111604,0.6746512883223932,0.3852706291272251,26,0.7017960056105332,0.3851778834301654,0.45115406706386607,9.759960633988024,3.3651572205178137,0.09099967150101144,0.4822149042257835,1.6448255720213918,0.9719921344234639,232.3,shuffled,p03,0.87,0.98,elem_order,24,0,1.0,1
A1,eAT,1,molecule,none,0.0,fixed,3,fixed,eig,0,"[0.000,3.142]",none,1,1,Z,1,ridge,1,adam,adjoint,100,47,11,78,25,505,185,0.7303558679121207,0.9596996525948825,0.5307173811065525,0.6767954958374772,0.4033823990141428,26,0.8368674916825395,0.7147383367271465,0.14593607251949745,2.8530465383456534,1.1886215274679703,0.03350454895240568,0.0,0.0,0.9719921344234639,182.41,none,p03,0.87,0.98,elem_order,24,0,1.0,1
A1,eAT,1,molecule,zz,0.1,bytype,3,bytype,eig,0,"[0.000,3.142]",none,1,1,Z,1,ridge,1,adam,adjoint,100,47,11,103,25,505,185,0.4772612425560169,0.9770291888593086,0.34454997511351193,0.43716241884154755,0.6674869161468536,26,0.7017960056105332,0.2134302145840239,0.6958799809663372,7.508867839392142,2.588998232190561,0.03147634997440531,0.14599126701373233,0.6458068242251048,0.9719921344234639,234.66,bytype,p06,0.9,1.01,elem_order,24,0,1.0,1
A1,eAT,1,molecule,zz,0.1,bytype_shuffled,3,bytype_shuffled,eig,0,"[0.000,3.142]",none,1,1,Z,1,ridge,1,adam,adjoint,100,47,11,103,25,505,185,0.6832212393124883,0.9640402471857927,0.5444295950949436,0.6423885757455887,0.3107217703980669,26,0.7017960056105332,0.3660700519619121,0.4783811121246744,8.76035425379663,3.0205008480051463,0.033947679636869156,0.37873694596378876,1.0806303584088923,0.9719921344234639,233.23,shuffled,p06,0.9,1.01,elem_order,24,0,1.0,1
A1,eAT,1,molecule,none,0.0,fixed,3,fixed,eig,0,"[0.000,3.142]",none,1,1,Z,1,ridge,1,adam,adjoint,100,47,11,78,25,505,185,0.7303558679121207,0.9596996525948825,0.5307173811065525,0.6767954958374772,0.4033823990141428,26,0.8368674916825395,0.7147383367271465,0.14593607251949745,2.8530465383456534,1.1886215274679703,0.03350454895240568,0.0,0.0,0.9719921344234639,180.13,none,p06,0.9,1.01,elem_order,24,0,1.0,1
A1,eAT,1,molecule,zz,0.1,bytype,3,bytype,eig,0,"[0.000,3.142]",none,1,1,Z,1,ridge,1,adam,adjoint,100,47,11,91,13,505,185,0.5400730054515591,0.9799956134984374,0.4339122934326857,0.5441637940222207,0.5834525203303484,26,0.7017960056105332,0.28999409430751544,0.5867829226881497,6.429865584398751,2.328941087369286,0.11847849452165637,0.23032375863573223,0.2992806410719237,0.9719921344234639,234.85,bytype,elem_only,0.84,0.95,elem,12,0,1.0,1
A1,eAT,1,molecule,zz,0.1,bytype_shuffled,3,bytype_shuffled,eig,0,"[0.000,3.142]",none,1,1,Z,1,ridge,1,adam,adjoint,100,47,11,91,13,505,185,0.5643463084164669,0.9746857115117536,0.4364465803404109,0.5171214633059,0.5685169164285071,26,0.7017960056105332,0.399841211559465,0.4302600636610637,6.469370025795541,2.3432498649782287,0.14148987958556697,0.3697672428423861,0.3994464656663672,0.9719921344234639,231.28,shuffled,elem_only,0.84,0.95,elem,12,0,1.0,1
A1,eAT,1,molecule,none,0.0,fixed,3,fixed,eig,0,"[0.000,3.142]",none,1,1,Z,1,ridge,1,adam,adjoint,100,47,11,78,13,505,185,0.7303558679121207,0.9596996525948825,0.5307173811065525,0.6767954958374772,0.4033823990141428,26,0.8368674916825395,0.7147383367271465,0.14593607251949745,2.8530465383456534,1.1886215274679703,0.03350454895240568,0.0,0.0,0.9719921344234639,180.9,none,elem_only,0.84,0.95,elem,12,0,1.0,1
A1,eAT,1,molecule,zz,0.1,bytype,3,bytype,eig,0,"[0.000,3.142]",none,1,1,Z,1,ridge,1,adam,adjoint,100,48,11,96,18,528,162,0.5038329074253121,0.987261123588379,0.42120841959819044,0.49356792756634305,0.5858534678070394,27,0.8523719935698189,0.2613054896109323,0.6934372649709443,7.100760061217952,2.565313384002479,0.5382277007363642,0.22711145800463545,0.34123949537288084,0.9719093156617343,230.85,bytype,m06,0.78,0.89,elem_order,17,0,1.0,1
A1,eAT,1,molecule,zz,0.1,bytype_shuffled,3,bytype_shuffled,eig,0,"[0.000,3.142]",none,1,1,Z,1,ridge,1,adam,adjoint,100,48,11,96,18,528,162,0.6940550653432933,0.9785542702548181,0.4700958177369378,0.6553084013210797,0.5348811452608908,27,0.8523719935698189,0.41248409507794853,0.516075025705122,8.438127093793737,3.0484680770793604,0.08297667394839843,0.5397925388565166,0.4436962762729329,0.9719093156617343,230.79,shuffled,m06,0.78,0.89,elem_order,17,0,1.0,1
A1,eAT,1,molecule,none,0.0,fixed,3,fixed,eig,0,"[0.000,3.142]",none,1,1,Z,1,ridge,1,adam,adjoint,100,48,11,78,18,528,162,0.799594161278018,0.9719342238774391,0.5951964128495496,0.789857425933712,0.134327653001832,27,0.9273979357787976,0.8305636627115343,0.1044150189809784,2.221676868231392,0.9479254714830985,0.0029229040147040262,0.0,0.0,0.9719093156617343,177.79,none,m06,0.78,0.89,elem_order,17,0,1.0,1
A1,eAT,1,molecule,zz,0.1,bytype,3,bytype,eig,0,"[0.000,3.142]",none,1,1,Z,1,ridge,1,adam,adjoint,100,48,11,98,20,528,162,0.40179026956430586,0.9916574874826767,0.2894179464541692,0.40357347166119717,0.7021488698466016,27,0.8523719935698189,0.15673400079543282,0.8161201893330456,6.624653547888793,2.373629054807827,0.05087211244834957,0.3024383399177472,0.34563471326859685,0.9719093156617343,233.13,bytype,m03,0.81,0.92,elem_order,19,0,1.0,1
A1,eAT,1,molecule,zz,0.1,bytype_shuffled,3,bytype_shuffled,eig,0,"[0.000,3.142]",none,1,1,Z,1,ridge,1,adam,adjoint,100,48,11,98,20,528,162,0.666065089612607,0.9795661889108235,0.4789949823961718,0.6265333178544308,0.5649428245498275,27,0.8523719935698189,0.4040851221067506,0.525928672979503,8.738889551668464,3.131164821926023,0.03203987202181769,0.6775990230200243,0.8058094706555693,0.9719093156617343,234.74,shuffled,m03,0.81,0.92,elem_order,19,0,1.0,1
A1,eAT,1,molecule,none,0.0,fixed,3,fixed,eig,0,"[0.000,3.142]",none,1,1,Z,1,ridge,1,adam,adjoint,100,48,11,78,20,528,162,0.799594161278018,0.9719342238774391,0.5951964128495496,0.789857425933712,0.134327653001832,27,0.9273979357787976,0.8305636627115343,0.1044150189809784,2.221676868231392,0.9479254714830985,0.0029229040147040262,0.0,0.0,0.9719093156617343,183.64,none,m03,0.81,0.92,elem_order,19,0,1.0,1
A1,eAT,1,molecule,zz,0.1,bytype,3,bytype,eig,0,"[0.000,3.142]",none,1,1,Z,1,ridge,1,adam,adjoint,100,48,11,103,25,528,162,0.3151459508257895,0.994610603700449,0.2595572085795859,0.3181521642787694,0.7273925759881169,27,0.8523719935698189,0.10916661731685148,0.8719260860981004,7.927369636786919,2.787670721819336,0.017384144597033174,0.17420897590901152,0.47510262895224314,0.9719093156617343,243.04,bytype,base,0.84,0.95,elem_order,24,0,1.0,1
A1,eAT,1,molecule,zz,0.1,bytype_shuffled,3,bytype_shuffled,eig,0,"[0.000,3.142]",none,1,1,Z,1,ridge,1,adam,adjoint,100,48,11,103,25,528,162,0.6718700346921384,0.9763425522422411,0.4921627616188773,0.6344529401549085,0.42718933269661136,27,0.8523719935698189,0.4057217971536312,0.5240085312347865,8.741421794119413,3.073933311934845,0.04772110611493677,0.5978369586670516,0.620944687441832,0.9719093156617343,242.02,shuffled,base,0.84,0.95,elem_order,24,0,1.0,1
A1,eAT,1,molecule,none,0.0,fixed,3,fixed,eig,0,"[0.000,3.142]",none,1,1,Z,1,ridge,1,adam,adjoint,100,48,11,78,25,528,162,0.799594161278018,0.9719342238774391,0.5951964128495496,0.789857425933712,0.134327653001832,27,0.9273979357787976,0.8305636627115343,0.1044150189809784,2.221676868231392,0.9479254714830985,0.0029229040147040262,0.0,0.0,0.9719093156617343,186.29,none,base,0.84,0.95,elem_order,24,0,1.0,1
A1,eAT,1,molecule,zz,0.1,bytype,3,bytype,eig,0,"[0.000,3.142]",none,1,1,Z,1,ridge,1,adam,adjoint,100,48,11,103,25,528,162,0.3475028346172598,0.9938859405187881,0.2868769093953606,0.34815526868223406,0.6621008255177622,27,0.8523719935698189,0.11335100931949398,0.8670169712583251,7.220500905944382,2.5390993349124917,0.008691924114763395,0.21691490680209505,0.3486465645308687,0.9719093156617343,241.33,bytype,p03,0.87,0.98,elem_order,24,0,1.0,1
A1,eAT,1,molecule,zz,0.1,bytype_shuffled,3,bytype_shuffled,eig,0,"[0.000,3.142]",none,1,1,Z,1,ridge,1,adam,adjoint,100,48,11,103,25,528,162,0.6979264520944077,0.9747053517680715,0.49812418071512754,0.6361889186855337,0.47667167499038654,27,0.8523719935698189,0.37869066599698864,0.5557213647869935,9.687648549720956,3.40667528608879,0.039790773905582125,0.6478914786437093,0.7649165864608376,0.9719093156617343,243.39,shuffled,p03,0.87,0.98,elem_order,24,0,1.0,1
A1,eAT,1,molecule,none,0.0,fixed,3,fixed,eig,0,"[0.000,3.142]",none,1,1,Z,1,ridge,1,adam,adjoint,100,48,11,78,25,528,162,0.799594161278018,0.9719342238774391,0.5951964128495496,0.789857425933712,0.134327653001832,27,0.9273979357787976,0.8305636627115343,0.1044150189809784,2.221676868231392,0.9479254714830985,0.0029229040147040262,0.0,0.0,0.9719093156617343,186.51,none,p03,0.87,0.98,elem_order,24,0,1.0,1
A1,eAT,1,molecule,zz,0.1,bytype,3,bytype,eig,0,"[0.000,3.142]",none,1,1,Z,1,ridge,1,adam,adjoint,100,48,11,102,24,528,162,0.5586276576007331,0.9848504883041751,0.4443169686869797,0.5358874996594706,0.5393852288834153,27,0.8523719935698189,0.2599160687018484,0.6950673289800453,8.35731777302956,2.9493398274930107,0.031075498399960395,0.42288538983374385,0.39865361534775645,0.9719093156617343,243.6,bytype,p06,0.9,1.01,elem_order,23,0,1.0,1
A1,eAT,1,molecule,zz,0.1,bytype_shuffled,3,bytype_shuffled,eig,0,"[0.000,3.142]",none,1,1,Z,1,ridge,1,adam,adjoint,100,48,11,102,24,528,162,0.6620543152285794,0.9770041999244832,0.496687385873462,0.6236621629863245,0.465181121823478,27,0.8523719935698189,0.4065900459106455,0.5229899046684935,9.12299868589734,3.21955250490967,0.04230047238907135,0.6356449304732004,0.6761407986953875,0.9719093156617343,242.91,shuffled,p06,0.9,1.01,elem_order,23,0,1.0,1
A1,eAT,1,molecule,none,0.0,fixed,3,fixed,eig,0,"[0.000,3.142]",none,1,1,Z,1,ridge,1,adam,adjoint,100,48,11,78,24,528,162,0.799594161278018,0.9719342238774391,0.5951964128495496,0.789857425933712,0.134327653001832,27,0.9273979357787976,0.8305636627115343,0.1044150189809784,2.221676868231392,0.9479254714830985,0.0029229040147040262,0.0,0.0,0.9719093156617343,186.39,none,p06,0.9,1.01,elem_order,23,0,1.0,1
A1,eAT,1,molecule,zz,0.1,bytype,3,bytype,eig,0,"[0.000,3.142]",none,1,1,Z,1,ridge,1,adam,adjoint,100,48,11,91,13,528,162,0.5376979411238426,0.9836250054857664,0.38616619130154345,0.49934831006366676,0.5310779742093762,27,0.8523719935698189,0.3111257679004857,0.6349882794747161,7.335793467582119,2.7126600897120583,0.03337542493752459,0.5519439005281443,0.31941010465943,0.9719093156617343,240.34,bytype,elem_only,0.84,0.95,elem,12,0,1.0,1
A1,eAT,1,molecule,zz,0.1,bytype_shuffled,3,bytype_shuffled,eig,0,"[0.000,3.142]",none,1,1,Z,1,ridge,1,adam,adjoint,100,48,11,91,13,528,162,0.6915150101790415,0.9701879360674451,0.4823249917212132,0.6186233923293754,0.41126749393180695,27,0.8523719935698189,0.39122480123499176,0.5410163588358842,8.486051946088983,3.1380074337025,0.10075384652622679,0.8078078976914603,0.7619724144464807,0.9719093156617343,240.68,shuffled,elem_only,0.84,0.95,elem,12,0,1.0,1
A1,eAT,1,molecule,none,0.0,fixed,3,fixed,eig,0,"[0.000,3.142]",none,1,1,Z,1,ridge,1,adam,adjoint,100,48,11,78,13,528,162,0.799594161278018,0.9719342238774391,0.5951964128495496,0.789857425933712,0.134327653001832,27,0.9273979357787976,0.8305636627115343,0.1044150189809784,2.221676868231392,0.9479254714830985,0.0029229040147040262,0.0,0.0,0.9719093156617343,181.85,none,elem_only,0.84,0.95,elem,12,0,1.0,1
A1,eAT,1,molecule,zz,0.1,bytype,3,bytype,eig,0,"[0.000,3.142]",none,1,1,Z,1,ridge,1,adam,adjoint,100,49,11,96,18,527,163,0.6388470517665649,0.9589873349589768,0.4639806039053043,0.5685154021243596,0.42108276538637873,28,0.7303923595746079,0.21108375054945167,0.7109995089866626,8.73147500264465,3.1573188929482856,0.06060935903302948,0.34156795408657986,0.6271318305818113,0.9705662028580925,229.28,bytype,m06,0.78,0.89,elem_order,17,0,1.0,1
A1,eAT,1,molecule,zz,0.1,bytype_shuffled,3,bytype_shuffled,eig,0,"[0.000,3.142]",none,1,1,Z,1,ridge,1,adam,adjoint,100,49,11,96,18,527,163,0.7112391211107858,0.9778715639453621,0.5408272936835543,0.7064749598927399,0.3283180668452969,28,0.7303923595746079,0.37394572890060945,0.4880207548742687,8.118588528521535,2.935697913286171,0.1870143494858064,0.6132294638590701,0.9256679599553802,0.9705662028580925,227.14,shuffled,m06,0.78,0.89,elem_order,17,0,1.0,1
A1,eAT,1,molecule,none,0.0,fixed,3,fixed,eig,0,"[0.000,3.142]",none,1,1,Z,1,ridge,1,adam,adjoint,100,49,11,78,18,527,163,0.8132399769725656,0.8936219981632151,0.5120579696355738,0.7007622276853153,0.2245587837267144,28,0.8292213979156804,0.7236506775675958,0.1273130681545914,4.0243156136058635,1.7189061440019031,0.0027836931718760267,0.0,0.0,0.9705662028580925,178.54,none,m06,0.78,0.89,elem_order,17,0,1.0,1
A1,eAT,1,molecule,zz,0.1,bytype,3,bytype,eig,0,"[0.000,3.142]",none,1,1,Z,1,ridge,1,adam,adjoint,100,49,11,98,20,527,163,0.4599134810615127,0.9888208050732321,0.386426419426183,0.45680299553543185,0.5482128486829589,28,0.7303923595746079,0.1338848445341391,0.8166946261429737,7.297877579535786,2.617208036779656,0.014859105759133033,0.12378931645613751,0.6732587644191854,0.9705662028580925,233.4,bytype,m03,0.81,0.92,elem_order,19,0,1.0,1
A1,eAT,1,molecule,zz,0.1,bytype_shuffled,3,bytype_shuffled,eig,0,"[0.000,3.142]",none,1,1,Z,1,ridge,1,adam,adjoint,100,49,11,98,20,527,163,0.7457703527515521,0.9710105390524649,0.5631315070644208,0.7243861547767803,0.2907116389127526,28,0.7303923595746079,0.3509372105788495,0.5195223416859934,8.593272507218972,3.081770230182699,0.11150501767704755,0.6082331952031775,1.5881777265950985,0.9705662028580925,236.07,shuffled,m03,0.81,0.92,elem_order,19,0,1.0,1
A1,eAT,1,molecule,none,0.0,fixed,3,fixed,eig,0,"[0.000,3.142]",none,1,1,Z,1,ridge,1,adam,adjoint,100,49,11,78,20,527,163,0.8132399769725656,0.8936219981632151,0.5120579696355738,0.7007622276853153,0.2245587837267144,28,0.8292213979156804,0.7236506775675958,0.1273130681545914,4.0243156136058635,1.7189061440019031,0.0027836931718760267,0.0,0.0,0.9705662028580925,184.3,none,m03,0.81,0.92,elem_order,19,0,1.0,1
A1,eAT,1,molecule,zz,0.1,bytype,3,bytype,eig,0,"[0.000,3.142]",none,1,1,Z,1,ridge,1,adam,adjoint,100,49,11,103,25,527,163,0.36955392722437047,0.9929163763447988,0.2969418241484605,0.3480147638511619,0.6386702493799342,28,0.7303923595746079,0.09632097088492868,0.8681243449191781,6.946904902580716,2.4450538687540724,0.27600346720947294,0.14532014211495897,0.37705652241511106,0.9705662028580925,246.67,bytype,base,0.84,0.95,elem_order,24,0,1.0,1
A1,eAT,1,molecule,zz,0.1,bytype_shuffled,3,bytype_shuffled,eig,0,"[0.000,3.142]",none,1,1,Z,1,ridge,1,adam,adjoint,100,49,11,103,25,527,163,0.7132781148485803,0.975182106916997,0.5928263380647126,0.7167755077114977,0.23414918155448416,28,0.7303923595746079,0.3734373412817107,0.4887168021593127,9.330169962385316,3.2838751188588327,0.01749594251439193,0.5807788888538707,1.1186568510568475,0.9705662028580925,241.32,shuffled,base,0.84,0.95,elem_order,24,0,1.0,1
A1,eAT,1,molecule,none,0.0,fixed,3,fixed,eig,0,"[0.000,3.142]",none,1,1,Z,1,ridge,1,adam,adjoint,100,49,11,78,25,527,163,0.8132399769725656,0.8936219981632151,0.5120579696355738,0.7007622276853153,0.2245587837267144,28,0.8292213979156804,0.7236506775675958,0.1273130681545914,4.0243156136058635,1.7189061440019031,0.0027836931718760267,0.0,0.0,0.9705662028580925,187.73,none,base,0.84,0.95,elem_order,24,0,1.0,1
A1,eAT,1,molecule,zz,0.1,bytype,3,bytype,eig,0,"[0.000,3.142]",none,1,1,Z,1,ridge,1,adam,adjoint,100,49,11,103,25,527,163,0.3738774072127063,0.9906971016563004,0.2804203891532634,0.3327742161963942,0.5936615842583387,28,0.7303923595746079,0.09167927831645552,0.8744794121753259,7.965219552679042,2.8034630034331594,0.019704557388358853,0.17810322299474848,0.42894629372765974,0.9705662028580925,243.2,bytype,p03,0.87,0.98,elem_order,24,0,1.0,1
A1,eAT,1,molecule,zz,0.1,bytype_shuffled,3,bytype_shuffled,eig,0,"[0.000,3.142]",none,1,1,Z,1,ridge,1,adam,adjoint,100,49,11,103,25,527,163,0.7007750572355923,0.9728751597860011,0.5439256214240329,0.6802649048955769,0.2888204155642392,28,0.7303923595746079,0.3736849762835829,0.4883777583582296,8.244242806246678,2.9016688800321693,0.045978533330961795,0.43388996759031706,0.8570274184257262,0.9705662028580925,244.24,shuffled,p03,0.87,0.98,elem_order,24,0,1.0,1
A1,eAT,1,molecule,none,0.0,fixed,3,fixed,eig,0,"[0.000,3.142]",none,1,1,Z,1,ridge,1,adam,adjoint,100,49,11,78,25,527,163,0.8132399769725656,0.8936219981632151,0.5120579696355738,0.7007622276853153,0.2245587837267144,28,0.8292213979156804,0.7236506775675958,0.1273130681545914,4.0243156136058635,1.7189061440019031,0.0027836931718760267,0.0,0.0,0.9705662028580925,186.96,none,p03,0.87,0.98,elem_order,24,0,1.0,1
A1,eAT,1,molecule,zz,0.1,bytype,3,bytype,eig,0,"[0.000,3.142]",none,1,1,Z,1,ridge,1,adam,adjoint,100,49,11,103,25,527,163,0.6053340724306299,0.9699519739449952,0.4407357038800375,0.5305213708075684,0.41738119514108046,28,0.7303923595746079,0.19992980921138917,0.7262706727548034,7.38541215948443,2.5993922223093167,0.021422826110750658,0.3231937130635345,0.3333610818340831,0.9705662028580925,245.45,bytype,p06,0.9,1.01,elem_order,24,0,1.0,1
A1,eAT,1,molecule,zz,0.1,bytype_shuffled,3,bytype_shuffled,eig,0,"[0.000,3.142]",none,1,1,Z,1,ridge,1,adam,adjoint,100,49,11,103,25,527,163,0.6907135303047742,0.9774626815335423,0.5745927259934812,0.7045321251609749,0.12910791894054927,28,0.7303923595746079,0.3657558146296746,0.49923378875061536,8.180115747400936,2.8790985245254523,0.09764998623463376,0.5840417446131142,0.8752265405136382,0.9705662028580925,241.64,shuffled,p06,0.9,1.01,elem_order,24,0,1.0,1
A1,eAT,1,molecule,none,0.0,fixed,3,fixed,eig,0,"[0.000,3.142]",none,1,1,Z,1,ridge,1,adam,adjoint,100,49,11,78,25,527,163,0.8132399769725656,0.8936219981632151,0.5120579696355738,0.7007622276853153,0.2245587837267144,28,0.8292213979156804,0.7236506775675958,0.1273130681545914,4.0243156136058635,1.7189061440019031,0.0027836931718760267,0.0,0.0,0.9705662028580925,186.39,none,p06,0.9,1.01,elem_order,24,0,1.0,1
A1,eAT,1,molecule,zz,0.1,bytype,3,bytype,eig,0,"[0.000,3.142]",none,1,1,Z,1,ridge,1,adam,adjoint,100,49,11,91,13,527,163,0.635838799028214,0.9521954304833019,0.46291058888801256,0.5610520933021649,0.4621422534080709,28,0.7303923595746079,0.25715965335130214,0.6479157401084042,5.947622594832492,2.2013862257415955,0.15001442893395656,0.2426030723682806,0.3052431911322095,0.9705662028580925,241.7,bytype,elem_only,0.84,0.95,elem,12,0,1.0,1
A1,eAT,1,molecule,zz,0.1,bytype_shuffled,3,bytype_shuffled,eig,0,"[0.000,3.142]",none,1,1,Z,1,ridge,1,adam,adjoint,100,49,11,91,13,527,163,0.6986352898120339,0.9776209436062671,0.5207897915028673,0.6789217382960799,0.31773148413288044,28,0.7303923595746079,0.3587236925425165,0.5088616579293862,7.551308468502041,2.7949565030116768,0.046592133709220336,0.6281730079207859,0.5203228394976659,0.9705662028580925,239.73,shuffled,elem_only,0.84,0.95,elem,12,0,1.0,1
A1,eAT,1,molecule,none,0.0,fixed,3,fixed,eig,0,"[0.000,3.142]",none,1,1,Z,1,ridge,1,adam,adjoint,100,49,11,78,13,527,163,0.8132399769725656,0.8936219981632151,0.5120579696355738,0.7007622276853153,0.2245587837267144,28,0.8292213979156804,0.7236506775675958,0.1273130681545914,4.0243156136058635,1.7189061440019031,0.0027836931718760267,0.0,0.0,0.9705662028580925,182.9,none,elem_only,0.84,0.95,elem,12,0,1.0,1
A1,eAT,1,molecule,zz,0.1,bytype,3,bytype,eig,0,"[0.000,3.142]",none,1,1,Z,1,ridge,1,adam,adjoint,100,50,11,96,18,519,171,0.6484792040738176,0.9340366956089334,0.4535584454704983,0.559864938156092,0.5554576376004947,26,0.7334348332577076,0.2303745768427504,0.6858963245316664,6.852133037965013,2.3017298124703682,0.030210392639573824,0.36613256106206943,0.6439343027287253,0.9712997907825527,229.69,bytype,m06,0.78,0.89,elem_order,17,0,1.0,1
A1,eAT,1,molecule,zz,0.1,bytype_shuffled,3,bytype_shuffled,eig,0,"[0.000,3.142]",none,1,1,Z,1,ridge,1,adam,adjoint,100,50,11,96,18,519,171,0.710862410172365,0.94656992987546,0.5027052205024028,0.627165129720572,0.49423041944050344,26,0.7334348332577076,0.3884182608464155,0.470412034943619,6.225739792931552,2.091315333003145,0.04761264240605364,0.26867460195902154,0.4193160848764957,0.9712997907825527,224.65,shuffled,m06,0.78,0.89,elem_order,17,0,1.0,1
A1,eAT,1,molecule,none,0.0,fixed,3,fixed,eig,0,"[0.000,3.142]",none,1,1,Z,1,ridge,1,adam,adjoint,100,50,11,78,18,519,171,0.9878748426655003,0.8311089588701793,0.5872898897801455,0.7863218289084533,0.26933773509403763,26,0.8539448794064968,0.7298711795204326,0.14529474077097002,2.202901934229318,0.8629743596102409,0.004670725734953456,0.0,0.0,0.9712997907825527,174.51,none,m06,0.78,0.89,elem_order,17,0,1.0,1
A1,eAT,1,molecule,zz,0.1,bytype,3,bytype,eig,0,"[0.000,3.142]",none,1,1,Z,1,ridge,1,adam,adjoint,100,50,11,98,20,519,171,0.4329858167762392,0.9892430232524743,0.3007097769403377,0.4102111798036771,0.7402374586198115,26,0.7334348332577076,0.15396489187393905,0.7900769299569929,5.379178345955497,1.7931198987538246,0.0745941689127904,0.1517569059770844,0.40618117095104656,0.9712997907825527,228.74,bytype,m03,0.81,0.92,elem_order,19,0,1.0,1
A1,eAT,1,molecule,zz,0.1,bytype_shuffled,3,bytype_shuffled,eig,0,"[0.000,3.142]",none,1,1,Z,1,ridge,1,adam,adjoint,100,50,11,98,20,519,171,0.6898746439485499,0.9625954506706922,0.49036387654991737,0.6320503038748553,0.5644398668558332,26,0.7334348332577076,0.40403147318126625,0.4491242372731684,7.24629869217382,2.4155143298084267,0.5208097675143274,0.4769988462576027,0.5704677077861721,0.9712997907825527,228.75,shuffled,m03,0.81,0.92,elem_order,19,0,1.0,1
A1,eAT,1,molecule,none,0.0,fixed,3,fixed,eig,0,"[0.000,3.142]",none,1,1,Z,1,ridge,1,adam,adjoint,100,50,11,78,20,519,171,0.9878748426655003,0.8311089588701793,0.5872898897801455,0.7863218289084533,0.26933773509403763,26,0.8539448794064968,0.7298711795204326,0.14529474077097002,2.202901934229318,0.8629743596102409,0.004670725734953456,0.0,0.0,0.9712997907825527,178.3,none,m03,0.81,0.92,elem_order,19,0,1.0,1
A1,eAT,1,molecule,zz,0.1,bytype,3,bytype,eig,0,"[0.000,3.142]",none,1,1,Z,1,ridge,1,adam,adjoint,100,50,11,103,25,519,171,0.3626887203212979,0.9894100753955963,0.2319904511335985,0.31863539435266486,0.8055535850703918,26,0.7334348332577076,0.11714714695986836,0.8402759977467469,6.24396273337754,2.0454000939195542,0.022443115367500727,0.19821591893759244,0.429490581627646,0.9712997907825527,232.18,bytype,base,0.84,0.95,elem_order,24,0,1.0,1
A1,eAT,1,molecule,zz,0.1,bytype_shuffled,3,bytype_shuffled,eig,0,"[0.000,3.142]",none,1,1,Z,1,ridge,1,adam,adjoint,100,50,11,103,25,519,171,0.7114319450128938,0.9353525925597448,0.4836646928070215,0.6005474232490136,0.49972079740987296,26,0.7334348332577076,0.37654315805824173,0.486603115936361,6.751685863535363,2.211720263090101,0.11441446796114814,0.2546336973829923,0.5295896342837733,0.9712997907825527,234.46,shuffled,base,0.84,0.95,elem_order,24,0,1.0,1
A1,eAT,1,molecule,none,0.0,fixed,3,fixed,eig,0,"[0.000,3.142]",none,1,1,Z,1,ridge,1,adam,adjoint,100,50,11,78,25,519,171,0.9878748426655003,0.8311089588701793,0.5872898897801455,0.7863218289084533,0.26933773509403763,26,0.8539448794064968,0.7298711795204326,0.14529474077097002,2.202901934229318,0.8629743596102409,0.004670725734953456,0.0,0.0,0.9712997907825527,181.66,none,base,0.84,0.95,elem_order,24,0,1.0,1
A1,eAT,1,molecule,zz,0.1,bytype,3,bytype,eig,0,"[0.000,3.142]",none,1,1,Z,1,ridge,1,adam,adjoint,100,50,11,103,25,519,171,0.3737938250291859,0.9836050731751178,0.2278512560402536,0.31681190137868476,0.7949911782894976,26,0.7334348332577076,0.10757511645005904,0.8533269602532496,5.821614054151231,1.9070469254199407,0.013550191403351421,0.18672223997871235,0.4839144437065233,0.9712997907825527,233.73,bytype,p03,0.87,0.98,elem_order,24,0,1.0,1
A1,eAT,1,molecule,zz,0.1,bytype_shuffled,3,bytype_shuffled,eig,0,"[0.000,3.142]",none,1,1,Z,1,ridge,1,adam,adjoint,100,50,11,103,25,519,171,0.7337857275372488,0.965703733484547,0.583892205010716,0.6907000386848712,0.4203299501618829,26,0.7334348332577076,0.4102450088766719,0.4406524066296647,7.863097526381873,2.5757969907453693,0.2196991932203553,0.3061088585103019,0.5418768561881016,0.9712997907825527,235.79,shuffled,p03,0.87,0.98,elem_order,24,0,1.0,1
A1,eAT,1,molecule,none,0.0,fixed,3,fixed,eig,0,"[0.000,3.142]",none,1,1,Z,1,ridge,1,adam,adjoint,100,50,11,78,25,519,171,0.9878748426655003,0.8311089588701793,0.5872898897801455,0.7863218289084533,0.26933773509403763,26,0.8539448794064968,0.7298711795204326,0.14529474077097002,2.202901934229318,0.8629743596102409,0.004670725734953456,0.0,0.0,0.9712997907825527,180.0,none,p03,0.87,0.98,elem_order,24,0,1.0,1
A1,eAT,1,molecule,zz,0.1,bytype,3,bytype,eig,0,"[0.000,3.142]",none,1,1,Z,1,ridge,1,adam,adjoint,100,50,11,103,25,519,171,0.5028932022424751,0.968069736229498,0.34286478516944374,0.4239537377409147,0.7724407944996179,26,0.7334348332577076,0.20581533683168107,0.7193815626161246,7.475909304653879,2.4489617005772306,0.1540321962834941,0.3696378797366613,0.7689277894774662,0.9712997907825527,230.33,bytype,p06,0.9,1.01,elem_order,24,0,1.0,1
A1,eAT,1,molecule,zz,0.1,bytype_shuffled,3,bytype_shuffled,eig,0,"[0.000,3.142]",none,1,1,Z,1,ridge,1,adam,adjoint,100,50,11,103,25,519,171,0.721148272969515,0.9515598502017762,0.5031817284802279,0.6529124424976794,0.5087380406708137,26,0.7334348332577076,0.41546158685993523,0.4335398756361574,7.955885156651991,2.6061924040066544,0.2516944887989989,0.49889762294941725,0.4491643543408139,0.9712997907825527,229.71,shuffled,p06,0.9,1.01,elem_order,24,0,1.0,1
A1,eAT,1,molecule,none,0.0,fixed,3,fixed,eig,0,"[0.000,3.142]",none,1,1,Z,1,ridge,1,adam,adjoint,100,50,11,78,25,519,171,0.9878748426655003,0.8311089588701793,0.5872898897801455,0.7863218289084533,0.26933773509403763,26,0.8539448794064968,0.7298711795204326,0.14529474077097002,2.202901934229318,0.8629743596102409,0.004670725734953456,0.0,0.0,0.9712997907825527,180.14,none,p06,0.9,1.01,elem_order,24,0,1.0,1
A1,eAT,1,molecule,zz,0.1,bytype,3,bytype,eig,0,"[0.000,3.142]",none,1,1,Z,1,ridge,1,adam,adjoint,100,50,11,91,13,519,171,0.5490939697894068,0.9677064342248941,0.409719316640173,0.4950807115808477,0.5806108807159227,26,0.7334348332577076,0.27222107963613545,0.6288408086277996,4.38177114142567,1.5040884193729367,0.1388161597051154,0.30250188057524796,0.3306859411933943,0.9712997907825527,229.28,bytype,elem_only,0.84,0.95,elem,12,0,1.0,1
A1,eAT,1,molecule,zz,0.1,bytype_shuffled,3,bytype_shuffled,eig,0,"[0.000,3.142]",none,1,1,Z,1,ridge,1,adam,adjoint,100,50,11,91,13,519,171,0.7158593651513038,0.9377476879349521,0.48201568240899795,0.6137031277683093,0.5030034741169195,26,0.7334348332577076,0.3863637497539266,0.47321325326503866,6.0781364117079395,2.0863834036855686,0.04856331541878172,0.31175039740105903,0.35126262767332855,0.9712997907825527,229.71,shuffled,elem_only,0.84,0.95,elem,12,0,1.0,1
A1,eAT,1,molecule,none,0.0,fixed,3,fixed,eig,0,"[0.000,3.142]",none,1,1,Z,1,ridge,1,adam,adjoint,100,50,11,78,13,519,171,0.9878748426655003,0.8311089588701793,0.5872898897801455,0.7863218289084533,0.26933773509403763,26,0.8539448794064968,0.7298711795204326,0.14529474077097002,2.202901934229318,0.8629743596102409,0.004670725734953456,0.0,0.0,0.9712997907825527,177.63,none,elem_only,0.84,0.95,elem,12,0,1.0,1
A1,eAT,1,molecule,zz,0.1,bytype,3,bytype,eig,0,"[0.000,3.142]",none,1,1,Z,1,ridge,1,adam,adjoint,100,51,11,96,18,514,176,0.5298036482240557,0.9850106874513723,0.4360031267830922,0.4921041196650435,0.5296876279525101,20,0.6884479446373571,0.25256096559168073,0.6331444264464784,7.758942607472667,2.6244952293738044,0.16214955005349463,0.3188327125137357,0.31419682580678954,0.97164210268248,224.95,bytype,m06,0.78,0.89,elem_order,17,0,1.0,1
A1,eAT,1,molecule,zz,0.1,bytype_shuffled,3,bytype_shuffled,eig,0,"[0.000,3.142]",none,1,1,Z,1,ridge,1,adam,adjoint,100,51,11,96,18,514,176,0.6014062416440864,0.9795407165433672,0.483886721111754,0.6014681117698718,0.5868613684065147,20,0.6884479446373571,0.38668019487833055,0.43833052609080564,9.72956369539911,3.291066166396241,0.3703615550598947,0.5431785092382461,1.966283600310683,0.97164210268248,220.76,shuffled,m06,0.78,0.89,elem_order,17,0,1.0,1
A1,eAT,1,molecule,none,0.0,fixed,3,fixed,eig,0,"[0.000,3.142]",none,1,1,Z,1,ridge,1,adam,adjoint,100,51,11,78,18,514,176,0.7479993594379862,0.9730443821322216,0.6563459461710045,0.7570785522791746,0.24055997822065536,20,0.8395019621702581,0.7093321978991015,0.15505593808815546,2.037747649758551,0.8047683835066953,0.004440857059523339,0.0,0.0,0.97164210268248,170.72,none,m06,0.78,0.89,elem_order,17,0,1.0,1
A1,eAT,1,molecule,zz,0.1,bytype,3,bytype,eig,0,"[0.000,3.142]",none,1,1,Z,1,ridge,1,adam,adjoint,100,51,11,98,20,514,176,0.35954495899776356,0.993290871255088,0.3051783825187216,0.3694868142035656,0.6785691933475764,20,0.6884479446373571,0.1668055793605583,0.757707782178907,7.142479314392407,2.3973637126864658,0.026670551922049274,0.19730837095776566,0.4487425627097208,0.97164210268248,225.68,bytype,m03,0.81,0.92,elem_order,19,0,1.0,1
A1,eAT,1,molecule,zz,0.1,bytype_shuffled,3,bytype_shuffled,eig,0,"[0.000,3.142]",none,1,1,Z,1,ridge,1,adam,adjoint,100,51,11,98,20,514,176,0.6228643531313273,0.9762254604109015,0.4879176568334751,0.6210417438624987,0.5766004035157932,20,0.6884479446373571,0.40549279302700814,0.41100442497420314,7.517795338886385,2.5233380387301594,0.04351142841705586,0.3744049197503389,0.3833222722753187,0.97164210268248,226.38,shuffled,m03,0.81,0.92,elem_order,19,0,1.0,1
A1,eAT,1,molecule,none,0.0,fixed,3,fixed,eig,0,"[0.000,3.142]",none,1,1,Z,1,ridge,1,adam,adjoint,100,51,11,78,20,514,176,0.7479993594379862,0.9730443821322216,0.6563459461710045,0.7570785522791746,0.24055997822065536,20,0.8395019621702581,0.7093321978991015,0.15505593808815546,2.037747649758551,0.8047683835066953,0.004440857059523339,0.0,0.0,0.97164210268248,177.7,none,m03,0.81,0.92,elem_order,19,0,1.0,1
A1,eAT,1,molecule,zz,0.1,bytype,3,bytype,eig,0,"[0.000,3.142]",none,1,1,Z,1,ridge,1,adam,adjoint,100,51,11,102,24,514,176,0.3365253920966773,0.9932214278383537,0.281471256976311,0.32646466057384066,0.6632456163215068,20,0.6884479446373571,0.11402100912025208,0.8343796215699169,7.288340541403894,2.4117685609781137,0.013272810273057092,0.0734162069102477,0.43140520240568475,0.97164210268248,234.21,bytype,base,0.84,0.95,elem_order,23,0,1.0,1
A1,eAT,1,molecule,zz,0.1,bytype_shuffled,3,bytype_shuffled,eig,0,"[0.000,3.142]",none,1,1,Z,1,ridge,1,adam,adjoint,100,51,11,102,24,514,176,0.5957761138695312,0.9797630487112673,0.48403812539115193,0.595507244788324,0.5545160578652957,20,0.6884479446373571,0.38429917098343314,0.44178906484227454,9.577912450343515,3.169405709888774,0.2194410695129983,0.45822007721741587,1.2224185129496352,0.97164210268248,233.43,shuffled,base,0.84,0.95,elem_order,23,0,1.0,1
A1,eAT,1,molecule,none,0.0,fixed,3,fixed,eig,0,"[0.000,3.142]",none,1,1,Z,1,ridge,1,adam,adjoint,100,51,11,78,24,514,176,0.7479993594379862,0.9730443821322216,0.6563459461710045,0.7570785522791746,0.24055997822065536,20,0.8395019621702581,0.7093321978991015,0.15505593808815546,2.037747649758551,0.8047683835066953,0.004440857059523339,0.0,0.0,0.97164210268248,180.32,none,base,0.84,0.95,elem_order,23,0,1.0,1
A1,eAT,1,molecule,zz,0.1,bytype,3,bytype,eig,0,"[0.000,3.142]",none,1,1,Z,1,ridge,1,adam,adjoint,100,51,11,102,24,514,176,0.3283254727466105,0.9931386171364863,0.2735268515098155,0.3136240322039544,0.6175746892959927,20,0.6884479446373571,0.1007743186171805,0.8536210044606005,6.690014901781045,2.213777954107877,0.061064981412029734,0.16075069684397272,0.28580704427190134,0.97164210268248,232.6,bytype,p03,0.87,0.98,elem_order,23,0,1.0,1
A1,eAT,1,molecule,zz,0.1,bytype_shuffled,3,bytype_shuffled,eig,0,"[0.000,3.142]",none,1,1,Z,1,ridge,1,adam,adjoint,100,51,11,102,24,514,176,0.6393017071750857,0.9750562528670724,0.49172819472078877,0.6311118902559834,0.5882451150728181,20,0.6884479446373571,0.36884118369718,0.4642424506162646,7.998596263454211,2.6467977025178984,0.12584817122595987,0.3596956185335312,0.40672818501664004,0.97164210268248,230.35,shuffled,p03,0.87,0.98,elem_order,23,0,1.0,1
A1,eAT,1,molecule,none,0.0,fixed,3,fixed,eig,0,"[0.000,3.142]",none,1,1,Z,1,ridge,1,adam,adjoint,100,51,11,78,24,514,176,0.7479993594379862,0.9730443821322216,0.6563459461710045,0.7570785522791746,0.24055997822065536,20,0.8395019621702581,0.7093321978991015,0.15505593808815546,2.037747649758551,0.8047683835066953,0.004440857059523339,0.0,0.0,0.97164210268248,175.07,none,p03,0.87,0.98,elem_order,23,0,1.0,1
A1,eAT,1,molecule,zz,0.1,bytype,3,bytype,eig,0,"[0.000,3.142]",none,1,1,Z,1,ridge,1,adam,adjoint,100,51,11,103,25,514,176,0.4973265743173354,0.9860548739244662,0.39097747222604945,0.4633586931334489,0.4771229309238283,20,0.6884479446373571,0.26370368070469846,0.6169591575386204,8.05975482907035,2.6581497585115623,0.12742667367532484,0.38177762666095083,0.569854246281451,0.97164210268248,229.21,bytype,p06,0.9,1.01,elem_order,24,0,1.0,1
A1,eAT,1,molecule,zz,0.1,bytype_shuffled,3,bytype_shuffled,eig,0,"[0.000,3.142]",none,1,1,Z,1,ridge,1,adam,adjoint,100,51,11,103,25,514,176,0.5983023532693343,0.9798639225725537,0.47302708882209565,0.5990288313045308,0.5217614676117831,20,0.6884479446373571,0.37076585095903447,0.46144678933664773,10.57124683483843,3.4864531015061995,0.10808280888174611,0.45950762573786214,1.492069017242457,0.97164210268248,227.87,shuffled,p06,0.9,1.01,elem_order,24,0,1.0,1
A1,eAT,1,molecule,none,0.0,fixed,3,fixed,eig,0,"[0.000,3.142]",none,1,1,Z,1,ridge,1,adam,adjoint,100,51,11,78,25,514,176,0.7479993594379862,0.9730443821322216,0.6563459461710045,0.7570785522791746,0.24055997822065536,20,0.8395019621702581,0.7093321978991015,0.15505593808815546,2.037747649758551,0.8047683835066953,0.004440857059523339,0.0,0.0,0.97164210268248,176.4,none,p06,0.9,1.01,elem_order,24,0,1.0,1
A1,eAT,1,molecule,zz,0.1,bytype,3,bytype,eig,0,"[0.000,3.142]",none,1,1,Z,1,ridge,1,adam,adjoint,100,51,11,91,13,514,176,0.5197123695437558,0.9842473671053439,0.4094764146082511,0.49942249703962643,0.5815540572090127,20,0.6884479446373571,0.27636095704475766,0.5985739238566077,6.430951436967899,2.2232062801043635,0.15978800569020532,0.33138403889033824,0.45644306242504834,0.97164210268248,228.74,bytype,elem_only,0.84,0.95,elem,12,0,1.0,1
A1,eAT,1,molecule,zz,0.1,bytype_shuffled,3,bytype_shuffled,eig,0,"[0.000,3.142]",none,1,1,Z,1,ridge,1,adam,adjoint,100,51,11,91,13,514,176,0.5795062762001932,0.9792825689768778,0.47699807198184424,0.5821819647591917,0.5266089631708631,20,0.6884479446373571,0.3898185568087258,0.4337719215443887,7.670167782415577,2.651608451790831,0.053439799798771684,0.36829494427630427,0.32051713014990246,0.97164210268248,227.43,shuffled,elem_only,0.84,0.95,elem,12,0,1.0,1
A1,eAT,1,molecule,none,0.0,fixed,3,fixed,eig,0,"[0.000,3.142]",none,1,1,Z,1,ridge,1,adam,adjoint,100,51,11,78,13,514,176,0.7479993594379862,0.9730443821322216,0.6563459461710045,0.7570785522791746,0.24055997822065536,20,0.8395019621702581,0.7093321978991015,0.15505593808815546,2.037747649758551,0.8047683835066953,0.004440857059523339,0.0,0.0,0.97164210268248,176.53,none,elem_only,0.84,0.95,elem,12,0,1.0,1
