config,target,residual,split,entangler,alpha,alpha_mode,theta_scale,alpha_norm,n_rounds,bond_param_mode,encode_source,drop_q0,angle_range,rz_source,canonical,n_reupload,observable,readout,use_cnot,scaler,optimizer,diff_method,epochs,seed,n_qubits,n_params,n_types,n_types_train,max_types,train_frac,types_from_train,n_train,n_test,loss_first,loss_last,loss_drop,param_shift,param_shift_rel,grad_norm_last,alpha_mean,angle_max,comp_r2,time_s,mae,r2,n_isomer_groups,isomer_mae,isomer_mae_tr,isomer_rho,mae_ridge,r2_ridge,n_isomer_groups_ridge,isomer_mae_ridge,isomer_mae_tr_ridge,isomer_rho_ridge,mae_krr,r2_krr,n_isomer_groups_krr,isomer_mae_krr,isomer_mae_tr_krr,isomer_rho_krr,arm,kind,group_mode,n_groups,group_size_dist,lenq_bins,group_seed_offset,n_len_cuts
A1,eAT,1,molecule,zz,0.1,bytype,1.0,free,3,bytype,eig,0,"[0.000,3.142]",none,1,1,Z,ridge,1,1,adam,adjoint,100,42,11,91,13,12,0,1.0,1,530,160,0.7915778195022859,0.2845465853780742,0.6405323919295941,6.6766446802834825,2.9227606500081382,0.2094705798615321,0.40052014200115676,0.5817090316513471,0.9664562442919681,221.03,0.4999058074040918,0.9908116753019005,28,0.34746506124374943,0.4514903529050774,0.616447746928783,0.4999058074040918,0.9908116753019005,28,0.34746506124374943,0.4514903529050774,0.616447746928783,0.509484080951838,0.990319683773538,28,0.34436828252393675,0.44893122031593,0.610573222645378,elem,quantum,elem,12,"[3, 3, 3, 3, 3, 2, 2, 1, 1, 1, 1, 1]",0,70000,0
A1,eAT,1,molecule,zz,0.1,bytype,1.0,free,3,bytype,eig,0,"[0.000,3.142]",none,1,1,Z,ridge,1,1,adam,adjoint,100,42,11,91,13,12,0,1.0,1,530,160,0.7915778195022859,0.20687997514511797,0.738648595187778,6.940416771085735,3.0382292310820773,0.1118135810200361,0.40344054455877926,0.7794104660110613,0.9664562442919681,221.71,0.5671494356709645,0.9841893111152048,28,0.36721780508097035,0.482279269129459,0.7128140797428494,0.5671494356709645,0.9841893111152048,28,0.36721780508097035,0.482279269129459,0.7128140797428494,0.5255997861481283,0.989241571183158,28,0.3549868240325645,0.4687046593355034,0.6949331427129762,arb,quantum,arb,12,"[3, 3, 3, 3, 3, 2, 2, 1, 1, 1, 1, 1]",0,70000,0
A1,eAT,1,molecule,zz,0.1,bytype,1.0,free,3,bytype,eig,0,"[0.000,3.142]",none,1,1,Z,ridge,1,1,adam,adjoint,100,43,11,91,13,12,0,1.0,1,520,170,0.7427725943698706,0.26257660467118193,0.6464912590185988,6.0273115479977095,2.311763965406967,0.37087606625675873,0.4724990007421858,0.39068098342708485,0.9719785663420953,215.37,0.5496742672505213,0.9784011870340601,27,0.35888490167543724,0.5012962015812867,0.4729601246706509,0.5496742672505213,0.9784011870340601,27,0.35888490167543724,0.5012962015812867,0.4729601246706509,0.5255140249135886,0.9779818799391021,27,0.34004539824631635,0.476970389377241,0.48709763190026334,elem,quantum,elem,12,"[3, 3, 3, 3, 3, 2, 2, 1, 1, 1, 1, 1]",0,70000,0
A1,eAT,1,molecule,zz,0.1,bytype,1.0,free,3,bytype,eig,0,"[0.000,3.142]",none,1,1,Z,ridge,1,1,adam,adjoint,100,43,11,91,13,12,0,1.0,1,520,170,0.7427725943698706,0.29632253126600205,0.601058879242325,7.387294757587753,2.8333829579631433,0.06698117585469147,0.4634256321082026,1.302500882407574,0.9719785663420953,216.54,0.7003343237215102,0.9659163788275513,27,0.5510272093643857,0.7051071880185715,0.3707526026604974,0.7003343237215102,0.9659163788275513,27,0.5510272093643857,0.7051071880185715,0.3707526026604974,0.6601270536365096,0.9730981255886371,27,0.5130981334826654,0.6681135764683596,0.35164047940363724,arb,quantum,arb,12,"[3, 3, 3, 3, 3, 2, 2, 1, 1, 1, 1, 1]",0,70000,0
A1,eAT,1,molecule,zz,0.1,bytype,1.0,free,3,bytype,eig,0,"[0.000,3.142]",none,1,1,Z,ridge,1,1,adam,adjoint,100,44,11,91,13,12,0,1.0,1,523,167,0.8645579816352463,0.30165266761387477,0.6510902981390312,6.853848750973019,2.6364803764020537,0.08761756030806507,0.37540672674516057,0.34920321634511065,0.9719349387373429,220.39,0.5278985329053488,0.9858561205779101,27,0.4155231904495987,0.5050989174340974,0.5466583564372041,0.5278985329053488,0.9858561205779101,27,0.4155231904495987,0.5050989174340974,0.5466583564372041,0.4892751902351259,0.9870662310398414,27,0.3991429314052939,0.4634875755131959,0.5436648828329286,elem,quantum,elem,12,"[3, 3, 3, 3, 3, 2, 2, 1, 1, 1, 1, 1]",0,70000,0
A1,eAT,1,molecule,zz,0.1,bytype,1.0,free,3,bytype,eig,0,"[0.000,3.142]",none,1,1,Z,ridge,1,1,adam,adjoint,100,44,11,91,13,12,0,1.0,1,523,167,0.8645579816352463,0.19680247543603527,0.7723663656845801,5.953913442308091,2.2903008986320534,0.013689179341943919,0.32058839507765174,0.34779951392807523,0.9719349387373429,220.97,0.3501692965890914,0.9920103322095564,27,0.2544432357718678,0.3334744399232526,0.7301688791458613,0.3501692965890914,0.9920103322095564,27,0.2544432357718678,0.3334744399232526,0.7301688791458613,0.34511034441402,0.9925193309739259,27,0.2484392746107061,0.3327405464270024,0.752534261786556,arb,quantum,arb,12,"[3, 3, 3, 3, 3, 2, 2, 1, 1, 1, 1, 1]",0,70000,0
A1,eAT,1,molecule,zz,0.1,bytype,1.0,free,3,bytype,eig,0,"[0.000,3.142]",none,1,1,Z,ridge,1,1,adam,adjoint,100,45,11,91,13,12,0,1.0,1,516,174,0.831198220164791,0.2959727199769108,0.6439204117662425,5.692819157876631,2.2411933315065427,0.26780277790561097,0.4328082742765184,0.5143332494454526,0.9699092661525454,216.54,0.5533460496724522,0.9835677378773344,30,0.3502378342194395,0.5142509467471703,0.3359049868537534,0.5533460496724522,0.9835677378773344,30,0.3502378342194395,0.5142509467471703,0.3359049868537534,0.5042207675003803,0.9872917517853723,30,0.3250498773230102,0.4745870885348044,0.3265078185571544,elem,quantum,elem,12,"[3, 3, 3, 3, 3, 2, 2, 1, 1, 1, 1, 1]",0,70000,0
A1,eAT,1,molecule,zz,0.1,bytype,1.0,free,3,bytype,eig,0,"[0.000,3.142]",none,1,1,Z,ridge,1,1,adam,adjoint,100,45,11,91,13,12,0,1.0,1,516,174,0.831198220164791,0.19626574153256726,0.7638761287365893,5.655123276612819,2.2263529237277666,0.03504877838994638,0.14705050356782637,0.8205476846654687,0.9699092661525454,216.32,0.39346998800787286,0.9919884247929374,30,0.27324598697713975,0.37353134963522644,0.6003620541381451,0.39346998800787286,0.9919884247929374,30,0.27324598697713975,0.37353134963522644,0.6003620541381451,0.3829651170544215,0.9926721051316538,30,0.27085607940046164,0.37024837586785,0.610990742337991,arb,quantum,arb,12,"[3, 3, 3, 3, 3, 2, 2, 1, 1, 1, 1, 1]",0,70000,0
A1,eAT,1,molecule,zz,0.1,bytype,1.0,free,3,bytype,eig,0,"[0.000,3.142]",none,1,1,Z,ridge,1,1,adam,adjoint,100,46,11,91,13,12,0,1.0,1,503,187,0.7999876225362139,0.2792634981266612,0.6509152263614936,7.176552524639983,2.573455350003404,0.43038500147025177,0.5316709282922583,0.2935316666650102,0.9737324512422088,208.53,0.4710464596742406,0.9813241765223417,26,0.37122068734338143,0.4770549748282372,0.5187255239886819,0.4710464596742406,0.9813241765223417,26,0.37122068734338143,0.4770549748282372,0.5187255239886819,0.4602909163423991,0.9821102373841221,26,0.3590928803884559,0.4625169871132054,0.5138781783518626,elem,quantum,elem,12,"[3, 3, 3, 3, 3, 2, 2, 1, 1, 1, 1, 1]",0,70000,0
A1,eAT,1,molecule,zz,0.1,bytype,1.0,free,3,bytype,eig,0,"[0.000,3.142]",none,1,1,Z,ridge,1,1,adam,adjoint,100,46,11,91,13,12,0,1.0,1,503,187,0.7999876225362139,0.24861992398956512,0.6892202866822348,7.801788997552988,2.797660236780283,0.015288267488266286,-0.019707875584255966,0.9008082030867725,0.9737324512422088,211.18,0.5009706464124501,0.9770675416490366,26,0.340311233338855,0.5057639657120091,0.6909492067386804,0.5009706464124501,0.9770675416490366,26,0.340311233338855,0.5057639657120091,0.6909492067386804,0.5048463758178713,0.9766339447855834,26,0.3367794797062541,0.5115529902718385,0.6925441030704189,arb,quantum,arb,12,"[3, 3, 3, 3, 3, 2, 2, 1, 1, 1, 1, 1]",0,70000,0
A1,eAT,1,molecule,zz,0.1,bytype,1.0,free,3,bytype,eig,0,"[0.000,3.142]",none,1,1,Z,ridge,1,1,adam,adjoint,100,47,11,91,13,12,0,1.0,1,505,185,0.7017960056105332,0.28999409430751544,0.5867829226881497,6.429865584398751,2.328941087369286,0.11847849452165637,0.23032375863573226,0.2992806410719237,0.9719921344234639,209.56,0.5400730054515588,0.9799956134984376,26,0.43391229343268545,0.5441637940222203,0.5834525203303484,0.5400730054515588,0.9799956134984376,26,0.43391229343268545,0.5441637940222203,0.5834525203303484,0.5468130255323365,0.9703978166535732,26,0.40789293118636033,0.5173315206293817,0.5859786923831477,elem,quantum,elem,12,"[3, 3, 3, 3, 3, 2, 2, 1, 1, 1, 1, 1]",0,70000,0
A1,eAT,1,molecule,zz,0.1,bytype,1.0,free,3,bytype,eig,0,"[0.000,3.142]",none,1,1,Z,ridge,1,1,adam,adjoint,100,47,11,91,13,12,0,1.0,1,505,185,0.7017960056105332,0.18491713178870633,0.7365087143409484,6.6392871237573985,2.4047949946073928,0.36116018420119833,0.2668361964941773,0.3442917597171749,0.9719921344234639,212.47,0.44401587556314714,0.9813603963841735,26,0.3261064795435359,0.39879749869947356,0.6806269087682245,0.44401587556314714,0.9813603963841735,26,0.3261064795435359,0.39879749869947356,0.6806269087682245,0.4344147739130215,0.9844146613786886,26,0.3115153155331871,0.39795915019273276,0.6818905946124881,arb,quantum,arb,12,"[3, 3, 3, 3, 3, 2, 2, 1, 1, 1, 1, 1]",0,70000,0
A1,eAT,1,molecule,zz,0.1,bytype,1.0,free,3,bytype,eig,0,"[0.000,3.142]",none,1,1,Z,ridge,1,1,adam,adjoint,100,48,11,91,13,12,0,1.0,1,528,162,0.8523719935698189,0.3111257679004857,0.6349882794747161,7.335793467582119,2.7126600897120583,0.03337542493752459,0.5519439005281443,0.31941010465943,0.9719093156617343,217.56,0.5376979411238428,0.9836250054857664,27,0.38616619130154334,0.49934831006366676,0.5310779742093762,0.5376979411238428,0.9836250054857664,27,0.38616619130154334,0.49934831006366676,0.5310779742093762,0.5233263580647793,0.984636330237577,27,0.3832386492308097,0.4911796981409623,0.5578661625650067,elem,quantum,elem,12,"[3, 3, 3, 3, 3, 2, 2, 1, 1, 1, 1, 1]",0,70000,0
A1,eAT,1,molecule,zz,0.1,bytype,1.0,free,3,bytype,eig,0,"[0.000,3.142]",none,1,1,Z,ridge,1,1,adam,adjoint,100,48,11,91,13,12,0,1.0,1,528,162,0.8523719935698189,0.20662622217544183,0.7575868004413535,8.76323069570263,3.2405037396734824,0.043143736046969125,0.5484352299196739,0.5407670451383794,0.9719093156617343,217.74,0.45251962067509793,0.9886050004388592,27,0.3347508843403551,0.4165480058639597,0.6362564817298095,0.45251962067509793,0.9886050004388592,27,0.3347508843403551,0.4165480058639597,0.6362564817298095,0.4390236162200567,0.9894496141893098,27,0.3257941153665412,0.4020402436667968,0.6397568995786339,arb,quantum,arb,12,"[3, 3, 3, 3, 3, 2, 2, 1, 1, 1, 1, 1]",0,70000,0
A1,eAT,1,molecule,zz,0.1,bytype,1.0,free,3,bytype,eig,0,"[0.000,3.142]",none,1,1,Z,ridge,1,1,adam,adjoint,100,49,11,91,13,12,0,1.0,1,527,163,0.7303923595746079,0.25715965335130214,0.6479157401084042,5.947622594832492,2.2013862257415955,0.15001442893395656,0.2426030723682806,0.3052431911322095,0.9705662028580925,218.74,0.6358387990282144,0.9521954304833019,28,0.4629105888880128,0.5610520933021652,0.4621422534080709,0.6358387990282144,0.9521954304833019,28,0.4629105888880128,0.5610520933021652,0.4621422534080709,0.5888409183495826,0.9777758210333037,28,0.4586963978669341,0.5558596158024101,0.45313532074342017,elem,quantum,elem,12,"[3, 3, 3, 3, 3, 2, 2, 1, 1, 1, 1, 1]",0,70000,0
A1,eAT,1,molecule,zz,0.1,bytype,1.0,free,3,bytype,eig,0,"[0.000,3.142]",none,1,1,Z,ridge,1,1,adam,adjoint,100,49,11,91,13,12,0,1.0,1,527,163,0.7303923595746079,0.16358664940403683,0.7760290790838607,6.742610558886195,2.4956341417439836,0.0998965171104155,0.35011696471233505,0.47161629866438254,0.9705662028580925,219.45,0.43695709043726294,0.9882644467633426,28,0.3275339913963783,0.41396762461521214,0.598142975315872,0.43695709043726294,0.9882644467633426,28,0.3275339913963783,0.41396762461521214,0.598142975315872,0.43922555723129636,0.9878965123836535,28,0.3286005961662733,0.41872233712145535,0.6053201487495128,arb,quantum,arb,12,"[3, 3, 3, 3, 3, 2, 2, 1, 1, 1, 1, 1]",0,70000,0
A1,eAT,1,molecule,zz,0.1,bytype,1.0,free,3,bytype,eig,0,"[0.000,3.142]",none,1,1,Z,ridge,1,1,adam,adjoint,100,50,11,91,13,12,0,1.0,1,519,171,0.7334348332577076,0.27222107963613545,0.6288408086277996,4.38177114142567,1.5040884193729367,0.1388161597051154,0.30250188057524796,0.3306859411933943,0.9712997907825527,214.81,0.5490939697894067,0.9677064342248941,26,0.4097193166401727,0.4950807115808476,0.5806108807159227,0.5490939697894067,0.9677064342248941,26,0.4097193166401727,0.4950807115808476,0.5806108807159227,0.49644432296495294,0.985619717954913,26,0.3956472612514566,0.4771929140778276,0.5873049219687875,elem,quantum,elem,12,"[3, 3, 3, 3, 3, 2, 2, 1, 1, 1, 1, 1]",0,70000,0
A1,eAT,1,molecule,zz,0.1,bytype,1.0,free,3,bytype,eig,0,"[0.000,3.142]",none,1,1,Z,ridge,1,1,adam,adjoint,100,50,11,91,13,12,0,1.0,1,519,171,0.7334348332577076,0.1854524030927699,0.7471453567741753,5.718020069241569,1.96276973175966,0.011590901613695602,0.3839026621759597,0.410493825773329,0.9712997907825527,215.7,0.3950955523116597,0.9888919594426511,26,0.2544689924302296,0.36686272567997796,0.8265810869802466,0.3950955523116597,0.9888919594426511,26,0.2544689924302296,0.36686272567997796,0.8265810869802466,0.3957025005059222,0.9903437003898888,26,0.2524286630060087,0.3745850315028756,0.8019289533995416,arb,quantum,arb,12,"[3, 3, 3, 3, 3, 2, 2, 1, 1, 1, 1, 1]",0,70000,0
A1,eAT,1,molecule,zz,0.1,bytype,1.0,free,3,bytype,eig,0,"[0.000,3.142]",none,1,1,Z,ridge,1,1,adam,adjoint,100,51,11,91,13,12,0,1.0,1,514,176,0.6884479446373571,0.27636095704475766,0.5985739238566077,6.430951436967899,2.2232062801043635,0.15978800569020532,0.33138403889033824,0.45644306242504834,0.97164210268248,215.67,0.5267595071672854,0.9836973264611896,20,0.4172478846543991,0.5073731138456599,0.5651852053971229,0.5267595071672854,0.9836973264611896,20,0.4172478846543991,0.5073731138456599,0.5651852053971229,0.5091293632014392,0.9849754433294526,20,0.4155339696174669,0.4997353264366275,0.5713729424309626,elem,quantum,elem,12,"[3, 3, 3, 3, 3, 2, 1, 1, 1, 1, 1, 1]",0,70000,0
A1,eAT,1,molecule,zz,0.1,bytype,1.0,free,3,bytype,eig,0,"[0.000,3.142]",none,1,1,Z,ridge,1,1,adam,adjoint,100,51,11,91,13,12,0,1.0,1,514,176,0.6884479446373571,0.25230406257374566,0.6335175890362373,6.211089491035328,2.1471991039121394,0.0825171813224585,0.07927627131785028,0.2218120528032673,0.97164210268248,215.25,0.492511240629864,0.9840788890853989,20,0.404737278656888,0.4690163105587837,0.6858922617872534,0.492511240629864,0.9840788890853989,20,0.404737278656888,0.4690163105587837,0.6858922617872534,0.4803757351186891,0.9850007156950272,20,0.39554811558010833,0.4584298740296302,0.7033724491326285,arb,quantum,arb,12,"[3, 3, 3, 3, 3, 2, 1, 1, 1, 1, 1, 1]",0,70000,0
A1,eAT,1,molecule,zz,0.1,bytype,1.0,free,3,bytype,eig,0,"[0.000,3.142]",none,1,1,Z,ridge,1,1,adam,adjoint,100,52,11,91,13,12,0,1.0,1,526,164,0.8479564824015173,0.3047337563896809,0.6406257128589461,6.321686727081521,2.349692486262997,0.02013245274052534,0.4534033061664556,0.35959031046631007,0.9736974548445304,218.78,0.5061158082998372,0.982405367613499,23,0.4457946863037812,0.4816107623752361,0.616518258142323,0.5061158082998372,0.982405367613499,23,0.4457946863037812,0.4816107623752361,0.616518258142323,0.48623221657411436,0.9835194447732498,23,0.4374152360277517,0.4700739402387509,0.5768407987906061,elem,quantum,elem,12,"[3, 3, 3, 3, 3, 2, 2, 1, 1, 1, 1, 1]",0,70000,0
A1,eAT,1,molecule,zz,0.1,bytype,1.0,free,3,bytype,eig,0,"[0.000,3.142]",none,1,1,Z,ridge,1,1,adam,adjoint,100,52,11,91,13,12,0,1.0,1,526,164,0.8479564824015173,0.2507314595973109,0.7043109348168334,6.363105419430694,2.3650873000848804,0.08295612861825923,0.31507953780062614,0.4864602939317726,0.9736974548445304,220.37,0.48169034144915585,0.9843484528316004,23,0.401523691279065,0.4596015895158148,0.5799828356942807,0.48169034144915585,0.9843484528316004,23,0.401523691279065,0.4596015895158148,0.5799828356942807,0.48667831178951937,0.9841774362920243,23,0.40575216703935735,0.46457228778795023,0.5686536234753812,arb,quantum,arb,12,"[3, 3, 3, 3, 3, 2, 2, 1, 1, 1, 1, 1]",0,70000,0
A1,eAT,1,molecule,zz,0.1,bytype,1.0,free,3,bytype,eig,0,"[0.000,3.142]",none,1,1,Z,ridge,1,1,adam,adjoint,100,53,11,91,13,12,0,1.0,1,518,172,0.8606617030326906,0.22867791064883383,0.7342998882800901,7.515653156391037,2.3130298253432287,0.560921773372711,0.4727870397100525,0.5114044301141968,0.9709083829995494,215.21,0.5219456215905074,0.9787215516503719,32,0.41438361371786164,0.469321148633536,0.4715121826702709,0.5219456215905074,0.9787215516503719,32,0.41438361371786164,0.469321148633536,0.4715121826702709,0.5101399037868809,0.9819005928570047,32,0.3955518609216458,0.4585590766856155,0.47505560003721764,elem,quantum,elem,12,"[3, 3, 3, 3, 3, 2, 1, 1, 1, 1, 1, 1]",0,70000,0
A1,eAT,1,molecule,zz,0.1,bytype,1.0,free,3,bytype,eig,0,"[0.000,3.142]",none,1,1,Z,ridge,1,1,adam,adjoint,100,53,11,91,13,12,0,1.0,1,518,172,0.8606617030326906,0.2085870709782243,0.757643368767041,6.784226484846078,2.087924745168479,0.02474522625117799,0.3773835231266264,0.5817055622919535,0.9709083829995494,214.87,0.5082891041822413,0.985478535011798,32,0.30104630275177613,0.4953544374175558,0.41118985793618146,0.5082891041822413,0.985478535011798,32,0.30104630275177613,0.4953544374175558,0.41118985793618146,0.4743184148212482,0.9870623949669742,32,0.2954452145984807,0.45852091571773473,0.5151105328495034,arb,quantum,arb,12,"[3, 3, 3, 3, 3, 2, 1, 1, 1, 1, 1, 1]",0,70000,0
A1,eAT,1,molecule,zz,0.1,bytype,1.0,free,3,bytype,eig,0,"[0.000,3.142]",none,1,1,Z,ridge,1,1,adam,adjoint,100,54,11,91,13,12,0,1.0,1,526,164,0.726976183908972,0.3064767634312888,0.5784225532900481,6.416740444859629,2.333205743440565,0.01686979108535573,0.2900829258492223,0.23058676926978172,0.9718418197267612,218.68,0.574436400517826,0.9703115525352171,24,0.44439643000388185,0.5118017422576551,0.4326630285813959,0.574436400517826,0.9703115525352171,24,0.44439643000388185,0.5118017422576551,0.4326630285813959,0.5652336388328226,0.9782641937016351,24,0.44165480871759716,0.5120374983809839,0.44921756248286865,elem,quantum,elem,12,"[3, 3, 3, 3, 3, 2, 2, 1, 1, 1, 1, 1]",0,70000,0
A1,eAT,1,molecule,zz,0.1,bytype,1.0,free,3,bytype,eig,0,"[0.000,3.142]",none,1,1,Z,ridge,1,1,adam,adjoint,100,54,11,91,13,12,0,1.0,1,526,164,0.726976183908972,0.199774111174678,0.7251985476326241,5.839515503984812,2.123319655810956,0.039360563451220035,0.09792235654143835,0.3184197198943905,0.9718418197267612,220.31,0.5572849894112175,0.9536567952487082,24,0.34950223361098054,0.45972959818974146,0.6717176247788492,0.5572849894112175,0.9536567952487082,24,0.34950223361098054,0.45972959818974146,0.6717176247788492,0.5182680201977068,0.968037208110456,24,0.3311803438913831,0.4354865454611321,0.6773217711993222,arb,quantum,arb,12,"[3, 3, 3, 3, 3, 2, 2, 1, 1, 1, 1, 1]",0,70000,0
A1,eAT,1,molecule,zz,0.1,bytype,1.0,free,3,bytype,eig,0,"[0.000,3.142]",none,1,1,Z,ridge,1,1,adam,adjoint,100,55,11,91,13,12,0,1.0,1,537,153,0.6954251406038712,0.2465216786495881,0.6455093952520592,6.241460914804495,1.8862420287460322,0.35028053305228707,0.36135655182101717,0.4325759930941848,0.971911081218859,223.86,0.5048959549940099,0.9841986914523985,31,0.34133056812035406,0.46483445974563337,0.5396867114888363,0.5048959549940099,0.9841986914523985,31,0.34133056812035406,0.46483445974563337,0.5396867114888363,0.4910469538972586,0.9854080417336555,31,0.33931933472771336,0.45596522952710633,0.5800769380073121,elem,quantum,elem,12,"[3, 3, 3, 3, 3, 2, 2, 1, 1, 1, 1, 1]",0,70000,0
A1,eAT,1,molecule,zz,0.1,bytype,1.0,free,3,bytype,eig,0,"[0.000,3.142]",none,1,1,Z,ridge,1,1,adam,adjoint,100,55,11,91,13,12,0,1.0,1,537,153,0.6954251406038712,0.23619365495542166,0.6603607762147866,5.713198918935576,1.72659511396143,0.016006858499681226,0.2003902118024981,0.319442677501528,0.971911081218859,226.92,0.44513562158703707,0.9882945874816073,31,0.35174221436428715,0.45833214814555734,0.47599632810337306,0.44513562158703707,0.9882945874816073,31,0.35174221436428715,0.45833214814555734,0.47599632810337306,0.4446991904966836,0.9882217418161319,31,0.34828933511450216,0.45278802056709283,0.4821421412184715,arb,quantum,arb,12,"[3, 3, 3, 3, 3, 2, 2, 1, 1, 1, 1, 1]",0,70000,0
A1,eAT,1,molecule,zz,0.1,bytype,1.0,free,3,bytype,eig,0,"[0.000,3.142]",none,1,1,Z,ridge,1,1,adam,adjoint,100,56,11,91,13,12,0,1.0,1,518,172,0.8440477897087202,0.27426440564955795,0.6750605724064436,7.636228980314768,2.6309126536621545,0.047685959386744865,0.43413433033365256,0.4780257219811425,0.9705135839495572,220.37,0.4834902814863278,0.9877678828918437,29,0.34881373951983574,0.47013211143109046,0.6003912377215546,0.4834902814863278,0.9877678828918437,29,0.34881373951983574,0.47013211143109046,0.6003912377215546,0.4547129820461007,0.9895248078047378,29,0.3308818492370893,0.440834439021609,0.6461196922735385,elem,quantum,elem,12,"[3, 3, 3, 3, 3, 2, 2, 1, 1, 1, 1, 1]",0,70000,0
A1,eAT,1,molecule,zz,0.1,bytype,1.0,free,3,bytype,eig,0,"[0.000,3.142]",none,1,1,Z,ridge,1,1,adam,adjoint,100,56,11,91,13,12,0,1.0,1,518,172,0.8440477897087202,0.1943637959059306,0.7697241811710623,6.390275885920072,2.2016439962708194,0.00896439469534042,0.21642389217223787,0.6148054910828942,0.9705135839495572,220.66,0.3617690514411228,0.9941308649951065,29,0.24877750537925378,0.36172614337758524,0.6059661555136668,0.3617690514411228,0.9941308649951065,29,0.24877750537925378,0.36172614337758524,0.6059661555136668,0.3580945320318461,0.9942421841630505,29,0.24770641883720193,0.3532753730358114,0.6034020529495643,arb,quantum,arb,12,"[3, 3, 3, 3, 3, 2, 2, 1, 1, 1, 1, 1]",0,70000,0
A1,eAT,1,molecule,zz,0.1,bytype,1.0,free,3,bytype,eig,0,"[0.000,3.142]",none,1,1,Z,ridge,1,1,adam,adjoint,100,57,11,91,13,12,0,1.0,1,524,166,0.8414669956150919,0.2402151995437899,0.7145280791812892,6.281061447231579,2.4440371409511874,0.33282470125536423,0.33793257524894516,0.33365022146627993,0.969440964049989,216.38,0.47468819512410565,0.9859627733383318,30,0.38958604396103114,0.46565581282464863,0.4246491697157332,0.47468819512410565,0.9859627733383318,30,0.38958604396103114,0.46565581282464863,0.4246491697157332,0.48417746754003543,0.9864127813677314,30,0.3878968939876678,0.47702395308584045,0.38319578134284027,elem,quantum,elem,12,"[3, 3, 3, 3, 2, 2, 2, 1, 1, 1, 1, 1]",0,70000,0
A1,eAT,1,molecule,zz,0.1,bytype,1.0,free,3,bytype,eig,0,"[0.000,3.142]",none,1,1,Z,ridge,1,1,adam,adjoint,100,57,11,91,13,12,0,1.0,1,524,166,0.8414669956150919,0.171247523101014,0.7964893168794621,6.623938316644101,2.577454686800326,0.07754268423664319,0.27692969006557516,0.34922328806020625,0.969440964049989,218.14,0.49657055112642245,0.9847269497105002,30,0.3289417199635471,0.49314754258837346,0.5498016855865154,0.49657055112642245,0.9847269497105002,30,0.3289417199635471,0.49314754258837346,0.5498016855865154,0.47755787147581114,0.9861259902977528,30,0.3266634633759281,0.4800965246919053,0.5544338609446969,arb,quantum,arb,12,"[3, 3, 3, 3, 2, 2, 2, 1, 1, 1, 1, 1]",0,70000,0
A1,eAT,1,molecule,zz,0.1,bytype,1.0,free,3,bytype,eig,0,"[0.000,3.142]",none,1,1,Z,ridge,1,1,adam,adjoint,100,58,11,91,13,12,0,1.0,1,523,167,0.8536181778311882,0.29939365724505057,0.6492651339668885,6.295417836771959,2.1961414336772624,0.4584625344231992,0.33724183400773067,0.4169510716001888,0.9707098824193184,216.05,0.47243561583202204,0.9875330328181678,26,0.3652670024625829,0.4458563131810505,0.5536198157160375,0.47243561583202204,0.9875330328181678,26,0.3652670024625829,0.4458563131810505,0.5536198157160375,0.44310850079539177,0.9892450606979324,26,0.346969375125783,0.42488395086622266,0.5710447908077356,elem,quantum,elem,12,"[3, 3, 3, 3, 3, 2, 2, 1, 1, 1, 1, 1]",0,70000,0
A1,eAT,1,molecule,zz,0.1,bytype,1.0,free,3,bytype,eig,0,"[0.000,3.142]",none,1,1,Z,ridge,1,1,adam,adjoint,100,58,11,91,13,12,0,1.0,1,523,167,0.8536181778311882,0.27900089859511734,0.6731549235467515,5.828292747694334,2.033185965202817,0.9179667985806315,0.35068555515621497,0.6175357030993287,0.9707098824193184,218.23,0.5863161269626906,0.9790182705125037,26,0.31416853959223917,0.5672133171540197,0.614871904854704,0.5863161269626906,0.9790182705125037,26,0.31416853959223917,0.5672133171540197,0.614871904854704,0.5569673015595048,0.98226212586246,26,0.29531374610307903,0.55501616672221,0.6053195643513067,arb,quantum,arb,12,"[3, 3, 3, 3, 3, 2, 2, 1, 1, 1, 1, 1]",0,70000,0
A1,eAT,1,molecule,zz,0.1,bytype,1.0,free,3,bytype,eig,0,"[0.000,3.142]",none,1,1,Z,ridge,1,1,adam,adjoint,100,59,11,91,13,12,0,1.0,1,511,179,0.8068177342456181,0.31259628941467943,0.6125564967818168,5.076580758475286,1.7353489538293945,0.21426969836288015,0.278586971323737,0.2659304735310982,0.9704766650992614,215.12,0.5128689060462839,0.9873278099620273,33,0.36772772281097077,0.5148307139411341,0.41734946366402614,0.5128689060462839,0.9873278099620273,33,0.36772772281097077,0.5148307139411341,0.41734946366402614,0.5048938351667281,0.9873889880525957,33,0.3585830825403795,0.5137202404277496,0.43557343839804386,elem,quantum,elem,12,"[3, 3, 3, 3, 3, 2, 2, 1, 1, 1, 1, 1]",0,70000,0
A1,eAT,1,molecule,zz,0.1,bytype,1.0,free,3,bytype,eig,0,"[0.000,3.142]",none,1,1,Z,ridge,1,1,adam,adjoint,100,59,11,91,13,12,0,1.0,1,511,179,0.8068177342456181,0.2814001380081341,0.6512221706786777,6.858592012970264,2.3445013564652286,0.1533008334115002,0.2735518098710074,0.5149217148406234,0.9704766650992614,216.04,0.47589913825666946,0.9901641787000149,33,0.3181409930243489,0.4413987090352236,0.5673917904190501,0.47589913825666946,0.9901641787000149,33,0.3181409930243489,0.4413987090352236,0.5673917904190501,0.47492761163375696,0.9902062051874083,33,0.31517818222821314,0.44065022140472193,0.5695642114939101,arb,quantum,arb,12,"[3, 3, 3, 3, 3, 2, 2, 1, 1, 1, 1, 1]",0,70000,0
A1,eAT,1,molecule,zz,0.1,bytype,1.0,free,3,bytype,eig,0,"[0.000,3.142]",none,1,1,Z,ridge,1,1,adam,adjoint,100,60,11,91,13,12,0,1.0,1,514,176,0.8660303922835452,0.2561029964107926,0.7042794355801979,5.75300707501749,2.0536412849777808,0.1963773850602229,0.4172902425325183,0.34165081307649964,0.973088218684116,214.92,0.5557839199081805,0.9794585548012931,23,0.41778732263195373,0.5555452587026986,0.5652275189833484,0.5557839199081805,0.9794585548012931,23,0.41778732263195373,0.5555452587026986,0.5652275189833484,0.5225921781520739,0.9811286959515215,23,0.40637543381918434,0.5289670968940562,0.5810924418685911,elem,quantum,elem,12,"[3, 3, 3, 3, 3, 2, 2, 1, 1, 1, 1, 1]",0,70000,0
A1,eAT,1,molecule,zz,0.1,bytype,1.0,free,3,bytype,eig,0,"[0.000,3.142]",none,1,1,Z,ridge,1,1,adam,adjoint,100,60,11,91,13,12,0,1.0,1,514,176,0.8660303922835452,0.18843908681406324,0.782410538367842,6.45963577033148,2.305885344983979,0.019852933011570435,0.35647249539785564,0.39805849879166816,0.973088218684116,214.19,0.4479845496028167,0.9865299532198233,23,0.38366052132677225,0.457825331873742,0.5846445193713681,0.4479845496028167,0.9865299532198233,23,0.38366052132677225,0.457825331873742,0.5846445193713681,0.4410712295769477,0.9865615716468485,23,0.37847301783905174,0.4477841716903095,0.5697711016498491,arb,quantum,arb,12,"[3, 3, 3, 3, 3, 2, 2, 1, 1, 1, 1, 1]",0,70000,0
A1,eAT,1,molecule,zz,0.1,bytype,1.0,free,3,bytype,eig,0,"[0.000,3.142]",none,1,1,Z,ridge,1,1,adam,adjoint,100,61,11,91,13,12,0,1.0,1,521,169,0.8597683238827032,0.3026456251585828,0.6479916545519625,7.283959637520935,2.674880159315309,0.042792832326097874,0.6230273934534231,0.5174215451427717,0.9723485336901714,217.91,0.4648799697891749,0.9879434801193627,29,0.35400937654173836,0.44617090389792935,0.5043327884236974,0.4648799697891749,0.9879434801193627,29,0.35400937654173836,0.44617090389792935,0.5043327884236974,0.45910870935815684,0.9880438028351124,29,0.3494833011035756,0.435892039319817,0.529958028984003,elem,quantum,elem,12,"[3, 3, 3, 3, 3, 2, 2, 1, 1, 1, 1, 1]",0,70000,0
A1,eAT,1,molecule,zz,0.1,bytype,1.0,free,3,bytype,eig,0,"[0.000,3.142]",none,1,1,Z,ridge,1,1,adam,adjoint,100,61,11,91,13,12,0,1.0,1,521,169,0.8597683238827032,0.20412872090035153,0.7625770626457733,7.154804553146314,2.6274506855317408,0.01351148871838694,0.4964877664742099,0.5760192977792415,0.9723485336901714,218.43,0.38782101431351096,0.9918144703041561,29,0.3030546700293239,0.36396387159271604,0.5654332680306706,0.38782101431351096,0.9918144703041561,29,0.3030546700293239,0.36396387159271604,0.5654332680306706,0.38771281381333816,0.991972559056622,29,0.3112526234171506,0.3680720017920302,0.5623696649670675,arb,quantum,arb,12,"[3, 3, 3, 3, 3, 2, 2, 1, 1, 1, 1, 1]",0,70000,0
B1,eAT,1,molecule,zz,0.1,bytype,1.0,free,3,bytype,eig,0,"[0.000,3.142]",none,1,1,Z,ridge,1,1,adam,adjoint,100,42,13,101,9,8,0,1.0,1,536,196,0.8673265443053487,0.2829787289286753,0.673734499668385,8.859936853998455,3.7615791232659115,0.10450741255442175,0.4486642661746503,0.24413279230968166,0.9873854623242264,350.66,0.3950357866194369,0.9935606005165145,23,0.32474712998283867,0.3904229075605359,0.6119598024952473,0.3950357866194369,0.9935606005165145,23,0.32474712998283867,0.3904229075605359,0.6119598024952473,0.38721883398995405,0.9938688129694355,23,0.31608184965334707,0.38835478190322686,0.6412443002329317,elem,quantum,elem,8,"[3, 3, 2, 2, 1, 1, 1, 1]",0,70000,0
B1,eAT,1,molecule,zz,0.1,bytype,1.0,free,3,bytype,eig,0,"[0.000,3.142]",none,1,1,Z,ridge,1,1,adam,adjoint,100,42,13,101,9,8,0,1.0,1,536,196,0.8673265443053487,0.2091562280761844,0.7588495020134546,7.6420831877201625,3.244526575177167,0.1769468704121156,0.3440929502030788,0.4025702740618478,0.9873854623242264,350.54,0.3846835921881189,0.9921579563455316,23,0.3112375254023646,0.3853619244324528,0.5844680655290958,0.3846835921881189,0.9921579563455316,23,0.3112375254023646,0.3853619244324528,0.5844680655290958,0.37277766437765125,0.9926989309198552,23,0.3012640702325786,0.3751224573107141,0.5940221417416023,arb,quantum,arb,8,"[3, 3, 2, 2, 1, 1, 1, 1]",0,70000,0
B1,eAT,1,molecule,zz,0.1,bytype,1.0,free,3,bytype,eig,0,"[0.000,3.142]",none,1,1,Z,ridge,1,1,adam,adjoint,100,43,13,101,9,8,0,1.0,1,551,181,0.8175240626672773,0.23754199892935063,0.7094373000418615,8.684269253050601,3.130539258509957,0.033720105972009765,0.5349887252946041,0.2805674435959646,0.9865612484816771,361.89,0.3890155180313898,0.9939129413232456,21,0.28534388296531443,0.37204873653630716,0.6786252065937477,0.3890155180313898,0.9939129413232456,21,0.28534388296531443,0.37204873653630716,0.6786252065937477,0.38577840999472335,0.9943418022850679,21,0.28512409839214015,0.37148458267546575,0.6735286287041073,elem,quantum,elem,8,"[3, 3, 2, 2, 1, 1, 1, 1]",0,70000,0
B1,eAT,1,molecule,zz,0.1,bytype,1.0,free,3,bytype,eig,0,"[0.000,3.142]",none,1,1,Z,ridge,1,1,adam,adjoint,100,43,13,101,9,8,0,1.0,1,551,181,0.8175240626672773,0.2121958791232897,0.740440815367595,7.846727143000885,2.8286188113468453,0.031265289643794957,0.3392639089394882,0.39971097499284375,0.9865612484816771,363.9,0.3062942050870532,0.9963785692351785,21,0.23040843434180572,0.2971583023865289,0.7004340756387464,0.3062942050870532,0.9963785692351785,21,0.23040843434180572,0.2971583023865289,0.7004340756387464,0.30027859960424436,0.9965396337990997,21,0.2286184823290524,0.29302436780883273,0.6720356016337621,arb,quantum,arb,8,"[3, 3, 2, 2, 1, 1, 1, 1]",0,70000,0
B1,eAT,1,molecule,zz,0.1,bytype,1.0,free,3,bytype,eig,0,"[0.000,3.142]",none,1,1,Z,ridge,1,1,adam,adjoint,100,44,13,101,9,8,0,1.0,1,545,187,0.7993403854555488,0.27675998271783286,0.653764544174625,6.613122136154722,2.4315530896716924,0.025916413906781198,0.36508108964830105,0.2483947302867202,0.9868216815172356,360.1,0.4997274089047011,0.8798899962096174,22,0.28315799798101654,0.34758300908683354,0.649532366792871,0.4997274089047011,0.8798899962096174,22,0.28315799798101654,0.34758300908683354,0.649532366792871,0.3441024334429104,0.9949113463525026,22,0.2827554574893074,0.3466399131039839,0.661094283867393,elem,quantum,elem,8,"[3, 3, 2, 2, 1, 1, 1, 1]",0,70000,0
B1,eAT,1,molecule,zz,0.1,bytype,1.0,free,3,bytype,eig,0,"[0.000,3.142]",none,1,1,Z,ridge,1,1,adam,adjoint,100,44,13,101,9,8,0,1.0,1,545,187,0.7993403854555488,0.23769599452560197,0.7026348238489944,7.858337782256945,2.889401574736562,0.12747432746893148,-0.09834050135595435,0.34496380440834823,0.9868216815172356,359.66,0.4179605523671259,0.9687060553100842,22,0.28077251011488275,0.34158806299179534,0.6666610028626835,0.4179605523671259,0.9687060553100842,22,0.28077251011488275,0.34158806299179534,0.6666610028626835,0.3642264147828904,0.9909322302642509,22,0.27010373199658666,0.3284489156303823,0.644538738572352,arb,quantum,arb,8,"[3, 3, 2, 2, 1, 1, 1, 1]",0,70000,0
B1,eAT,1,molecule,zz,0.1,bytype,1.0,free,3,bytype,eig,0,"[0.000,3.142]",none,1,1,Z,ridge,1,1,adam,adjoint,100,45,13,101,9,8,0,1.0,1,535,197,0.7560868366746908,0.20802999424365748,0.7248596534776557,5.693188579083039,2.147617892876351,0.17805084386592265,0.19826906175492448,0.2633503397453653,0.9848091300618863,352.92,0.33547831320520344,0.994599313047982,21,0.26291920186567735,0.3147616380965691,0.6750705359143161,0.33547831320520344,0.994599313047982,21,0.26291920186567735,0.3147616380965691,0.6750705359143161,0.33051910955877906,0.9945550681448531,21,0.24893479254635703,0.3081212273298163,0.6679100868059401,elem,quantum,elem,8,"[3, 3, 2, 2, 1, 1, 1, 1]",0,70000,0
B1,eAT,1,molecule,zz,0.1,bytype,1.0,free,3,bytype,eig,0,"[0.000,3.142]",none,1,1,Z,ridge,1,1,adam,adjoint,100,45,13,101,9,8,0,1.0,1,535,197,0.7560868366746908,0.2060415340121665,0.7274895897958654,4.990841069395418,1.8826742575356743,0.1763317910415638,0.27767600460775443,0.3818761745532258,0.9848091300618863,354.97,0.3526356166124574,0.9943237322283953,21,0.30630207079636057,0.3370420423015479,0.567695582570221,0.3526356166124574,0.9943237322283953,21,0.30630207079636057,0.3370420423015479,0.567695582570221,0.3496638685869476,0.9945568399411925,21,0.30155859872861696,0.33604803368615693,0.5516094341745257,arb,quantum,arb,8,"[3, 3, 2, 2, 1, 1, 1, 1]",0,70000,0
B1,eAT,1,molecule,zz,0.1,bytype,1.0,free,3,bytype,eig,0,"[0.000,3.142]",none,1,1,Z,ridge,1,1,adam,adjoint,100,46,13,101,9,8,0,1.0,1,548,184,0.8132791545586309,0.2506853342667488,0.6917597938400419,5.936130938299501,2.0187655417389534,0.46594356395681324,0.3248879541057662,0.33886502661356316,0.9868601349371228,358.46,0.3842111089020915,0.9926605821408994,22,0.3087111041498447,0.3665712388102361,0.5349825097503116,0.3842111089020915,0.9926605821408994,22,0.3087111041498447,0.3665712388102361,0.5349825097503116,0.40493562318507964,0.9880487056713225,22,0.3027510513263235,0.34760819208108634,0.546205531654448,elem,quantum,elem,8,"[3, 3, 2, 1, 1, 1, 1, 1]",0,70000,0
B1,eAT,1,molecule,zz,0.1,bytype,1.0,free,3,bytype,eig,0,"[0.000,3.142]",none,1,1,Z,ridge,1,1,adam,adjoint,100,46,13,101,9,8,0,1.0,1,548,184,0.8132791545586309,0.1874102157908458,0.7695622533291734,6.572775749773128,2.235276366902461,0.038324415099268344,0.14093595837109751,0.37059372719333866,0.9868601349371228,356.71,0.425044446235764,0.9858549792863398,22,0.32528094111418293,0.37147025980234927,0.5262642643447597,0.425044446235764,0.9858549792863398,22,0.32528094111418293,0.37147025980234927,0.5262642643447597,0.3880498009254067,0.9901400466858751,22,0.32068666791593564,0.36349013484966636,0.5992867641474453,arb,quantum,arb,8,"[3, 3, 2, 1, 1, 1, 1, 1]",0,70000,0
B1,eAT,1,molecule,zz,0.1,bytype,1.0,free,3,bytype,eig,0,"[0.000,3.142]",none,1,1,Z,ridge,1,1,adam,adjoint,100,47,13,101,9,8,0,1.0,1,565,167,0.7809275748245615,0.21230163961266002,0.7281417042286483,6.024715966017236,2.1724083924755035,0.2639312484808186,0.25496722973074254,0.4011186016581321,0.9859213139726059,370.02,0.3868132592528127,0.989037565303781,19,0.2725979453187731,0.34032997641407026,0.7043743212709795,0.3868132592528127,0.989037565303781,19,0.2725979453187731,0.34032997641407026,0.7043743212709795,0.3584619954184651,0.9942349996791087,19,0.2669867344659789,0.3357170416608903,0.7105493531738096,elem,quantum,elem,8,"[3, 3, 2, 2, 1, 1, 1, 1]",0,70000,0
B1,eAT,1,molecule,zz,0.1,bytype,1.0,free,3,bytype,eig,0,"[0.000,3.142]",none,1,1,Z,ridge,1,1,adam,adjoint,100,47,13,101,9,8,0,1.0,1,565,167,0.7809275748245615,0.15387640420273543,0.8029568820933178,6.723835231986628,2.4244987099775983,0.01030275994268833,0.2395334436418802,0.5146009288842242,0.9859213139726059,370.69,0.24939678942395754,0.9975770113715766,19,0.200505709166206,0.241676556429339,0.6694121476825468,0.24939678942395754,0.9975770113715766,19,0.200505709166206,0.241676556429339,0.6694121476825468,0.2537748778203318,0.9971160491681255,19,0.19770164468280269,0.23780653637754057,0.6690483765220219,arb,quantum,arb,8,"[3, 3, 2, 2, 1, 1, 1, 1]",0,70000,0
B1,eAT,1,molecule,zz,0.1,bytype,1.0,free,3,bytype,eig,0,"[0.000,3.142]",none,1,1,Z,ridge,1,1,adam,adjoint,100,48,13,101,9,8,0,1.0,1,541,191,0.7560672950695579,0.312868447041824,0.586189683005611,5.697203055310741,2.006171211689737,1.0890970214752707,0.2387817423991089,0.3508054363622613,0.9863800547677769,365.4,0.38807467432993037,0.994527705175905,16,0.23544813281021712,0.356974729344724,0.7508562598450239,0.38807467432993037,0.994527705175905,16,0.23544813281021712,0.356974729344724,0.7508562598450239,0.3545751301035958,0.9954040561002041,16,0.22031644818630752,0.3329663114350283,0.6948835463767457,elem,quantum,elem,8,"[3, 3, 2, 2, 1, 1, 1, 1]",0,70000,0
B1,eAT,1,molecule,zz,0.1,bytype,1.0,free,3,bytype,eig,0,"[0.000,3.142]",none,1,1,Z,ridge,1,1,adam,adjoint,100,48,13,101,9,8,0,1.0,1,541,191,0.7560672950695579,0.2232130105001938,0.7047709748116293,7.234669572545979,2.5475633712932155,0.040249396627085696,0.43701902763679945,0.35059223834324754,0.9863800547677769,363.76,0.330064778746289,0.9950231138944877,16,0.27969897118899856,0.3259655557239333,0.6168744915640243,0.330064778746289,0.9950231138944877,16,0.27969897118899856,0.3259655557239333,0.6168744915640243,0.33401188792334463,0.9950664708771467,16,0.2789233122059833,0.33090903074513733,0.5948401933174258,arb,quantum,arb,8,"[3, 3, 2, 2, 1, 1, 1, 1]",0,70000,0
B1,eAT,1,molecule,zz,0.1,bytype,1.0,free,3,bytype,eig,0,"[0.000,3.142]",none,1,1,Z,ridge,1,1,adam,adjoint,100,49,13,101,9,8,0,1.0,1,556,176,0.8406420269918559,0.27548614492916973,0.6722907776631555,8.518262569612638,3.0099560387423665,0.1095543762811494,0.45715415564750017,0.3641044794749711,0.9862689158955568,380.16,0.4336271170806803,0.9928183104209252,21,0.31627465931711446,0.40769515838212483,0.537578125243608,0.4336271170806803,0.9928183104209252,21,0.31627465931711446,0.40769515838212483,0.537578125243608,0.43193269099457576,0.9929020403852382,21,0.3180059915928827,0.40733930804493784,0.5218739445894758,elem,quantum,elem,8,"[3, 3, 2, 2, 1, 1, 1, 1]",0,70000,0
B1,eAT,1,molecule,zz,0.1,bytype,1.0,free,3,bytype,eig,0,"[0.000,3.142]",none,1,1,Z,ridge,1,1,adam,adjoint,100,49,13,101,9,8,0,1.0,1,556,176,0.8406420269918559,0.16070152447491126,0.8088347723347072,8.252882958834551,2.9161832822098184,0.06650163603255897,0.4615915166993777,0.493023133628595,0.9862689158955568,377.51,0.2761795408169174,0.9968641535155753,21,0.24147112928307568,0.2796501438349892,0.49911946303615656,0.2761795408169174,0.9968641535155753,21,0.24147112928307568,0.2796501438349892,0.49911946303615656,0.27263655846276486,0.9969048013120488,21,0.23907861929009908,0.27172957393168495,0.5074631643246431,arb,quantum,arb,8,"[3, 3, 2, 2, 1, 1, 1, 1]",0,70000,0
B1,eAT,1,molecule,zz,0.1,bytype,1.0,free,3,bytype,eig,0,"[0.000,3.142]",none,1,1,Z,ridge,1,1,adam,adjoint,100,50,13,101,9,8,0,1.0,1,549,183,0.763384276916441,0.2209581192510007,0.7105545320588433,7.338207700023256,2.465509156388926,0.04793664684069868,0.490975783965629,0.3449185403199491,0.9857054546096161,368.76,0.5093105753164724,0.9208521726590942,24,0.2830139812998598,0.3689850505118845,0.38968670362443036,0.5093105753164724,0.9208521726590942,24,0.2830139812998598,0.3689850505118845,0.38968670362443036,0.34866018107814095,0.9948734527289155,24,0.25969929590744467,0.3261079262675114,0.4934811434640749,elem,quantum,elem,8,"[3, 3, 2, 2, 1, 1, 1, 1]",0,70000,0
B1,eAT,1,molecule,zz,0.1,bytype,1.0,free,3,bytype,eig,0,"[0.000,3.142]",none,1,1,Z,ridge,1,1,adam,adjoint,100,50,13,101,9,8,0,1.0,1,549,183,0.763384276916441,0.1481547103784796,0.8059238120846227,7.5446639537366025,2.534874838682492,0.30699722566318366,0.3560613559730275,0.6461472299369492,0.9857054546096161,367.17,0.4490614361621541,0.9900004287827164,24,0.27483913791392317,0.42793946127993215,0.38212977211142796,0.4490614361621541,0.9900004287827164,24,0.27483913791392317,0.42793946127993215,0.38212977211142796,0.4175293284267537,0.9915108580322751,24,0.2602810560288321,0.39827068551250333,0.46338814869578965,arb,quantum,arb,8,"[3, 3, 2, 2, 1, 1, 1, 1]",0,70000,0
B1,eAT,1,molecule,zz,0.1,bytype,1.0,free,3,bytype,eig,0,"[0.000,3.142]",none,1,1,Z,ridge,1,1,adam,adjoint,100,51,13,101,9,8,0,1.0,1,537,195,0.6974673421118804,0.23306584404362796,0.6658397748948051,5.930441936417128,1.812932682916397,0.061467751362309836,0.4257927717307387,0.28127883980215235,0.987356584481002,362.38,0.5477640337911927,0.8106770431638048,25,0.28091234039140583,0.3525911250055131,0.5374036469936972,0.5477640337911927,0.8106770431638048,25,0.28091234039140583,0.3525911250055131,0.5374036469936972,0.33498598486995834,0.993871455869914,25,0.27798021171911264,0.3292618238865274,0.5276821051175168,elem,quantum,elem,8,"[3, 3, 2, 1, 1, 1, 1, 1]",0,70000,0
B1,eAT,1,molecule,zz,0.1,bytype,1.0,free,3,bytype,eig,0,"[0.000,3.142]",none,1,1,Z,ridge,1,1,adam,adjoint,100,51,13,101,9,8,0,1.0,1,537,195,0.6974673421118804,0.164731099508615,0.7638153221485308,6.566410620465135,2.0073479431926873,0.24185946223985133,0.1342483880480474,0.3259643409473462,0.987356584481002,359.0,0.5585352655847015,0.8583113524663228,25,0.2815949252793795,0.3600195383205423,0.6540806720490717,0.5585352655847015,0.8583113524663228,25,0.2815949252793795,0.3600195383205423,0.6540806720490717,0.3737153609867283,0.9916733088563939,25,0.2745995163079611,0.3491593638928425,0.680639610007604,arb,quantum,arb,8,"[3, 3, 2, 1, 1, 1, 1, 1]",0,70000,0
B1,eAT,1,molecule,zz,0.1,bytype,1.0,free,3,bytype,eig,0,"[0.000,3.142]",none,1,1,Z,ridge,1,1,adam,adjoint,100,52,13,101,9,8,0,1.0,1,533,199,0.8276614078089168,0.2325910345861022,0.7189780357140915,6.106357408585055,2.2667097430083802,0.2806726885129314,0.32193820812077056,0.31547128142945274,0.9852306915240233,360.37,0.33604639357011035,0.9952827742240873,22,0.23437165292691367,0.30427651860906485,0.6162853889793211,0.33604639357011035,0.9952827742240873,22,0.23437165292691367,0.30427651860906485,0.6162853889793211,0.3223554895347372,0.9957076485844475,22,0.2315396347546025,0.2921527385131395,0.6684058771022301,elem,quantum,elem,8,"[3, 3, 2, 2, 1, 1, 1, 1]",0,70000,0
B1,eAT,1,molecule,zz,0.1,bytype,1.0,free,3,bytype,eig,0,"[0.000,3.142]",none,1,1,Z,ridge,1,1,adam,adjoint,100,52,13,101,9,8,0,1.0,1,533,199,0.8276614078089168,0.24199334180125667,0.7076179467617199,7.636829511221252,2.834828474737162,0.03952322911408346,0.2379424908921216,0.4632236106180854,0.9852306915240233,358.12,0.3382062963674607,0.9960743871040137,22,0.23235697157226437,0.3216030476674371,0.6468759440260753,0.3382062963674607,0.9960743871040137,22,0.23235697157226437,0.3216030476674371,0.6468759440260753,0.3285557369482569,0.9962156704942232,22,0.23312488150600233,0.3111610126571875,0.6329194103705296,arb,quantum,arb,8,"[3, 3, 2, 2, 1, 1, 1, 1]",0,70000,0
B1,eAT,1,molecule,zz,0.1,bytype,1.0,free,3,bytype,eig,0,"[0.000,3.142]",none,1,1,Z,ridge,1,1,adam,adjoint,100,53,13,101,9,8,0,1.0,1,535,197,0.8257765674336159,0.16527305528640032,0.7998574168796735,6.241810876501961,1.8697373023689827,0.5441596993320482,0.0021039709926039076,0.20620315039436019,0.9862643545434668,359.36,0.3276136141524217,0.9945848789997014,22,0.2566925018571362,0.31457099284632467,0.5076081533516413,0.3276136141524217,0.9945848789997014,22,0.2566925018571362,0.31457099284632467,0.5076081533516413,0.31905408878550007,0.9949003705938042,22,0.25225841090733997,0.30811899012292354,0.5053810858606442,elem,quantum,elem,8,"[3, 3, 2, 2, 1, 1, 1, 1]",0,70000,0
B1,eAT,1,molecule,zz,0.1,bytype,1.0,free,3,bytype,eig,0,"[0.000,3.142]",none,1,1,Z,ridge,1,1,adam,adjoint,100,53,13,101,9,8,0,1.0,1,535,197,0.8257765674336159,0.1661676290728477,0.7987741047323845,7.845343137585914,2.350076124454696,0.01888147280796923,0.15036398751495791,0.48735387289953386,0.9862643545434668,357.57,0.32913280052409205,0.9940220689378163,22,0.25561686711702486,0.30229229516500455,0.5610324666612401,0.32913280052409205,0.9940220689378163,22,0.25561686711702486,0.30229229516500455,0.5610324666612401,0.32331952286735743,0.994399089302921,22,0.25306936515216216,0.30448390046660423,0.5684385215918768,arb,quantum,arb,8,"[3, 3, 2, 2, 1, 1, 1, 1]",0,70000,0
B1,eAT,1,molecule,zz,0.1,bytype,1.0,free,3,bytype,eig,0,"[0.000,3.142]",none,1,1,Z,ridge,1,1,adam,adjoint,100,54,13,101,9,8,0,1.0,1,532,200,0.7032843738103125,0.2552454984457291,0.6370664443135018,7.780264220232633,2.8101714307224444,0.06731585383371085,0.5948518771859634,0.3335286654347118,0.9868087189952072,361.47,0.42319977181064106,0.9882468405928794,23,0.3371177537759337,0.4143886533119434,0.4471038525376586,0.42319977181064106,0.9882468405928794,23,0.3371177537759337,0.4143886533119434,0.4471038525376586,0.40718451433428526,0.9897579680561484,23,0.32717721121758897,0.4018012320404546,0.4424860375212516,elem,quantum,elem,8,"[3, 3, 2, 1, 1, 1, 1, 1]",0,70000,0
B1,eAT,1,molecule,zz,0.1,bytype,1.0,free,3,bytype,eig,0,"[0.000,3.142]",none,1,1,Z,ridge,1,1,adam,adjoint,100,54,13,101,9,8,0,1.0,1,532,200,0.7032843738103125,0.20526217319555637,0.7081377308534954,6.767051461980882,2.4442067968892993,0.08126902246334743,0.07623160935242938,0.5023714487638504,0.9868087189952072,356.8,0.3693294391280758,0.9898628928829982,23,0.2907183860881485,0.3696036889220868,0.514956828551728,0.3693294391280758,0.9898628928829982,23,0.2907183860881485,0.3696036889220868,0.514956828551728,0.35837412890782333,0.990495208523187,23,0.28795443037343366,0.3616916990075132,0.5314861996325361,arb,quantum,arb,8,"[3, 3, 2, 1, 1, 1, 1, 1]",0,70000,0
B1,eAT,1,molecule,zz,0.1,bytype,1.0,free,3,bytype,eig,0,"[0.000,3.142]",none,1,1,Z,ridge,1,1,adam,adjoint,100,55,13,101,9,8,0,1.0,1,543,189,0.7996441072772305,0.2467961830767107,0.6913674710652894,4.701719762440787,1.3780967338419658,0.3725075675712138,0.1543798850923526,0.3087399644032147,0.9869927823247971,363.76,0.3685910544304928,0.9943590244144969,21,0.29379591622573364,0.3786783613810561,0.609965334792921,0.3685910544304928,0.9943590244144969,21,0.29379591622573364,0.3786783613810561,0.609965334792921,0.35578040183140447,0.9946593593663405,21,0.2797000625749474,0.35882072332808895,0.6310613178860306,elem,quantum,elem,8,"[3, 3, 2, 2, 1, 1, 1, 1]",0,70000,0
B1,eAT,1,molecule,zz,0.1,bytype,1.0,free,3,bytype,eig,0,"[0.000,3.142]",none,1,1,Z,ridge,1,1,adam,adjoint,100,55,13,101,9,8,0,1.0,1,543,189,0.7996441072772305,0.17904418803542252,0.776095157325596,5.410782409633951,1.585926414800869,0.031860543950388204,0.06383050957529889,0.7466163171772501,0.9869927823247971,362.86,0.29544022413164706,0.9954226506260723,21,0.2571652014973683,0.2845184716450856,0.556858161527702,0.29544022413164706,0.9954226506260723,21,0.2571652014973683,0.2845184716450856,0.556858161527702,0.292378162421492,0.9954911370029151,21,0.2544997665466596,0.28168506665849974,0.5596450617283951,arb,quantum,arb,8,"[3, 3, 2, 2, 1, 1, 1, 1]",0,70000,0
B1,eAT,1,molecule,zz,0.1,bytype,1.0,free,3,bytype,eig,0,"[0.000,3.142]",none,1,1,Z,ridge,1,1,adam,adjoint,100,56,13,101,9,8,0,1.0,1,550,182,0.8104999919455934,0.2827334416274695,0.6511616971780937,6.7597110866002215,2.160048190988041,0.3636329944260308,0.3011054420260762,0.2691803557655322,0.986580735331855,372.54,0.4052945829168011,0.9924511418045633,19,0.29074315808134243,0.3847848194793172,0.491083311008123,0.4052945829168011,0.9924511418045633,19,0.29074315808134243,0.3847848194793172,0.491083311008123,0.39752913428229764,0.9926276160577179,19,0.2810640194088651,0.37367715531071394,0.5179918535319906,elem,quantum,elem,8,"[3, 3, 2, 2, 1, 1, 1, 1]",0,70000,0
B1,eAT,1,molecule,zz,0.1,bytype,1.0,free,3,bytype,eig,0,"[0.000,3.142]",none,1,1,Z,ridge,1,1,adam,adjoint,100,56,13,101,9,8,0,1.0,1,550,182,0.8104999919455934,0.2229770331828505,0.7248895306616877,7.739941679784271,2.473278341275907,0.035168492706999024,0.28577574723705923,0.25922976371056566,0.986580735331855,370.75,0.4431902774372528,0.9880297267675776,19,0.3130381250228479,0.40825790908130327,0.5127794219761269,0.4431902774372528,0.9880297267675776,19,0.3130381250228479,0.40825790908130327,0.5127794219761269,0.41862336127146704,0.9915595981336773,19,0.3058710119495265,0.40046375679795676,0.522342062821939,arb,quantum,arb,8,"[3, 3, 2, 2, 1, 1, 1, 1]",0,70000,0
B1,eAT,1,molecule,zz,0.1,bytype,1.0,free,3,bytype,eig,0,"[0.000,3.142]",none,1,1,Z,ridge,1,1,adam,adjoint,100,57,13,101,9,8,0,1.0,1,563,169,0.8466844744203402,0.25271480521143375,0.7015242243759717,4.905084357871993,1.8313290950953314,0.1633626112410854,0.04448816591888902,0.16514744458135214,0.9855171083215626,376.42,0.4191821268860767,0.9916706550135302,21,0.3080439908323409,0.39399964382125185,0.611951674400869,0.4191821268860767,0.9916706550135302,21,0.3080439908323409,0.39399964382125185,0.611951674400869,0.37983216015408794,0.9935873362612402,21,0.29047771212082985,0.3622200400504178,0.621927849479504,elem,quantum,elem,8,"[3, 3, 2, 2, 1, 1, 1, 1]",0,70000,0
B1,eAT,1,molecule,zz,0.1,bytype,1.0,free,3,bytype,eig,0,"[0.000,3.142]",none,1,1,Z,ridge,1,1,adam,adjoint,100,57,13,101,9,8,0,1.0,1,563,169,0.8466844744203402,0.21634474739371815,0.744480082096896,5.413309678385902,2.02107666076718,0.0969660986087115,0.18955534088168755,0.24260783866288116,0.9855171083215626,375.48,0.3549575287160545,0.9934434273864408,21,0.25285478894761065,0.31939960584008065,0.5189237590473541,0.3549575287160545,0.9934434273864408,21,0.25285478894761065,0.31939960584008065,0.5189237590473541,0.35440367785825844,0.993601691360122,21,0.251215969751097,0.3225288273538274,0.4934522110631521,arb,quantum,arb,8,"[3, 3, 2, 2, 1, 1, 1, 1]",0,70000,0
B1,eAT,1,molecule,zz,0.1,bytype,1.0,free,3,bytype,eig,0,"[0.000,3.142]",none,1,1,Z,ridge,1,1,adam,adjoint,100,58,13,101,9,8,0,1.0,1,539,193,0.7454551642410183,0.2080886004528849,0.7208569872009012,4.867671126059406,1.683158099765858,0.030523597915048266,0.37764605096897713,0.34316229627805145,0.9863195855794464,363.1,0.3721980423785972,0.9922908801153892,20,0.26010942305306006,0.3604914815334463,0.6349159844830441,0.3721980423785972,0.9922908801153892,20,0.26010942305306006,0.3604914815334463,0.6349159844830441,0.3644753580742146,0.9926736848830646,20,0.25328228091101523,0.35042519133198385,0.6489531973807701,elem,quantum,elem,8,"[3, 3, 2, 2, 1, 1, 1, 1]",0,70000,0
B1,eAT,1,molecule,zz,0.1,bytype,1.0,free,3,bytype,eig,0,"[0.000,3.142]",none,1,1,Z,ridge,1,1,adam,adjoint,100,58,13,101,9,8,0,1.0,1,539,193,0.7454551642410183,0.190146317209477,0.7449258837678405,6.281644877773083,2.172086236326279,0.05022281092184429,0.3247472123347775,0.3916967799662961,0.9863195855794464,361.61,0.397804648597908,0.9835389095302447,20,0.25516593834941526,0.3474690884485246,0.6481715034786436,0.397804648597908,0.9835389095302447,20,0.25516593834941526,0.3474690884485246,0.6481715034786436,0.3754358436235604,0.9912945116785026,20,0.2513902363766295,0.34575629860269785,0.6539178011675519,arb,quantum,arb,8,"[3, 3, 2, 2, 1, 1, 1, 1]",0,70000,0
B1,eAT,1,molecule,zz,0.1,bytype,1.0,free,3,bytype,eig,0,"[0.000,3.142]",none,1,1,Z,ridge,1,1,adam,adjoint,100,59,13,101,9,8,0,1.0,1,550,182,0.7163923877627824,0.21938838408941377,0.6937594705960787,5.729338533367779,1.9812581487648766,0.01801029538436234,0.36497211498410786,0.2937695611155185,0.9852434021522356,367.84,0.3467377255797705,0.9948370029175349,22,0.225463528279206,0.2977545588122937,0.660606403400521,0.3467377255797705,0.9948370029175349,22,0.225463528279206,0.2977545588122937,0.660606403400521,0.32875571304652,0.9960527667716128,22,0.22410649908724928,0.2955641261820362,0.6519708722649898,elem,quantum,elem,8,"[3, 3, 2, 2, 1, 1, 1, 1]",0,70000,0
B1,eAT,1,molecule,zz,0.1,bytype,1.0,free,3,bytype,eig,0,"[0.000,3.142]",none,1,1,Z,ridge,1,1,adam,adjoint,100,59,13,101,9,8,0,1.0,1,550,182,0.7163923877627824,0.13860972639215283,0.8065170306666485,6.809816699872423,2.354897471957658,0.02345483909259995,0.289544462986019,0.4781024728923333,0.9852434021522356,367.39,0.2897396910789962,0.9967705490510171,22,0.2118413557962998,0.2636132132501299,0.6796329161035043,0.2897396910789962,0.9967705490510171,22,0.2118413557962998,0.2636132132501299,0.6796329161035043,0.2800911705409312,0.9971284435964016,22,0.20430097271682968,0.25727046665501807,0.6857097314450256,arb,quantum,arb,8,"[3, 3, 2, 2, 1, 1, 1, 1]",0,70000,0
B1,eAT,1,molecule,zz,0.1,bytype,1.0,free,3,bytype,eig,0,"[0.000,3.142]",none,1,1,Z,ridge,1,1,adam,adjoint,100,60,13,101,9,8,0,1.0,1,546,186,0.8204980918062107,0.25752711527871497,0.6861331941530718,7.723378637088488,2.646429145179641,0.7338714341740459,0.0947294983184711,0.2872622388152559,0.9857758184919413,369.27,0.4158453758502472,0.9932838512628492,20,0.3119653119326659,0.3983637890574805,0.5125234792315744,0.4158453758502472,0.9932838512628492,20,0.3119653119326659,0.3983637890574805,0.5125234792315744,0.38916446783346736,0.9937079898385318,20,0.3098772869804661,0.37180240222615085,0.548892832384815,elem,quantum,elem,8,"[3, 3, 2, 1, 1, 1, 1, 1]",0,70000,0
B1,eAT,1,molecule,zz,0.1,bytype,1.0,free,3,bytype,eig,0,"[0.000,3.142]",none,1,1,Z,ridge,1,1,adam,adjoint,100,60,13,101,9,8,0,1.0,1,546,186,0.8204980918062107,0.13159718380207464,0.839613053197501,7.513599477205606,2.5745479505818007,0.021747469881218166,0.2750441363747946,0.8860310386928218,0.9857758184919413,367.23,0.30826793018714305,0.9938152298871479,20,0.2814900496854029,0.3001929412632807,0.6244153431030209,0.30826793018714305,0.9938152298871479,20,0.2814900496854029,0.3001929412632807,0.6244153431030209,0.29039890280912456,0.9942778408518282,20,0.2715916914937471,0.2839317984377584,0.6497798613161124,arb,quantum,arb,8,"[3, 3, 2, 1, 1, 1, 1, 1]",0,70000,0
B1,eAT,1,molecule,zz,0.1,bytype,1.0,free,3,bytype,eig,0,"[0.000,3.142]",none,1,1,Z,ridge,1,1,adam,adjoint,100,61,13,101,9,8,0,1.0,1,546,186,0.8515061703913179,0.29692368392137075,0.6512959104161081,6.504802760845267,2.2459992940889038,0.042549000752321715,0.1634856968653488,0.3215700462867464,0.9867327931750073,366.65,0.4870904221454351,0.9890278393301086,24,0.3930135848362381,0.4762976151870421,0.4068216289750243,0.4870904221454351,0.9890278393301086,24,0.3930135848362381,0.4762976151870421,0.4068216289750243,0.4707733621248874,0.9898793030398262,24,0.3852940667490435,0.4634120505175231,0.39535421342897636,elem,quantum,elem,8,"[3, 3, 2, 2, 1, 1, 1, 1]",0,70000,0
B1,eAT,1,molecule,zz,0.1,bytype,1.0,free,3,bytype,eig,0,"[0.000,3.142]",none,1,1,Z,ridge,1,1,adam,adjoint,100,61,13,101,9,8,0,1.0,1,546,186,0.8515061703913179,0.2054472620530291,0.7587248698871861,8.407890406897078,2.9031035394859233,0.11121005813454123,0.32838913397518477,0.40063827106453315,0.9867327931750073,364.07,0.4021198532395007,0.9912149179770927,24,0.31736878294544446,0.3893542134118656,0.39314597347318814,0.4021198532395007,0.9912149179770927,24,0.31736878294544446,0.3893542134118656,0.39314597347318814,0.38556565402252746,0.9926155536856734,24,0.3142429127897408,0.3830426217651212,0.38846903065842625,arb,quantum,arb,8,"[3, 3, 2, 2, 1, 1, 1, 1]",0,70000,0
B2,eAT,1,molecule,zz,0.1,bytype,1.0,free,3,bytype,eig,0,"[0.000,3.142]",none,1,1,Z,ridge,1,1,adam,adjoint,100,42,13,98,6,5,0,1.0,1,186,48,0.3163685860647564,0.04581690729370725,0.8551787082794334,5.270316810925546,2.2911174019282448,0.061979813415398634,0.37429621341947045,0.20616064889397712,0.9247372722389396,131.84,0.5251423710989346,0.9573825238617395,5,0.49452131206870875,0.5124919699383205,0.661158866165124,0.5251423710989346,0.9573825238617395,5,0.49452131206870875,0.5124919699383205,0.661158866165124,0.5173197900757088,0.9580544271418509,5,0.48511111164185133,0.49828752357296363,0.6490008114538778,elem,quantum,elem,5,"[3, 3, 2, 1, 1]",0,70000,0
B2,eAT,1,molecule,zz,0.1,bytype,1.0,free,3,bytype,eig,0,"[0.000,3.142]",none,1,1,Z,ridge,1,1,adam,adjoint,100,42,13,98,6,5,0,1.0,1,186,48,0.3163685860647564,0.037037815208421775,0.8829282778384305,4.901453790254913,2.13076490018976,0.0529025630880572,0.2992216417702918,0.2529781239484069,0.9247372722389396,131.85,0.3044806511576465,0.985368419479201,5,0.30146060638225447,0.30000629405833795,0.8240144502973039,0.3044806511576465,0.985368419479201,5,0.30146060638225447,0.30000629405833795,0.8240144502973039,0.3023730715706403,0.9855761503905724,5,0.29725736955562265,0.3001377648904527,0.7931008082447382,arb,quantum,arb,5,"[3, 3, 2, 1, 1]",0,70000,0
B2,eAT,1,molecule,zz,0.1,bytype,1.0,free,3,bytype,eig,0,"[0.000,3.142]",none,1,1,Z,ridge,1,1,adam,adjoint,100,43,13,98,6,5,0,1.0,1,169,65,0.28037675008796775,0.05405378523818443,0.8072101726650831,7.601077936052893,2.7955438177832166,0.021036021567263415,-0.15038909219676572,0.243147168791924,0.9314588503605206,119.86,0.2631646462568091,0.9879768077226064,5,0.254761392367328,0.2669231457840836,0.7884078236179528,0.2631646462568091,0.9879768077226064,5,0.254761392367328,0.2669231457840836,0.7884078236179528,0.25798895224701573,0.988417038958134,5,0.2535910082986427,0.26175797761783703,0.7745873529009305,elem,quantum,elem,5,"[3, 3, 2, 1, 1]",0,70000,0
B2,eAT,1,molecule,zz,0.1,bytype,1.0,free,3,bytype,eig,0,"[0.000,3.142]",none,1,1,Z,ridge,1,1,adam,adjoint,100,43,13,98,6,5,0,1.0,1,169,65,0.28037675008796775,0.07530396290145354,0.7314186612198514,5.80139899220318,2.133653308594957,0.02341633122305979,0.15667991077729806,0.28901845629237355,0.9314588503605206,120.36,0.31436637950231816,0.98147794156327,5,0.29518810298973197,0.31479680295089263,0.7666446445675973,0.31436637950231816,0.98147794156327,5,0.29518810298973197,0.31479680295089263,0.7666446445675973,0.31462294555667564,0.9808260668574461,5,0.29419020298682375,0.31500312306011746,0.7658054529282977,arb,quantum,arb,5,"[3, 3, 2, 1, 1]",0,70000,0
B2,eAT,1,molecule,zz,0.1,bytype,1.0,free,3,bytype,eig,0,"[0.000,3.142]",none,1,1,Z,ridge,1,1,adam,adjoint,100,44,13,98,6,5,0,1.0,1,171,63,0.4195960492371376,0.06537257197919005,0.8442011737287729,7.984162138206378,2.9963153495807715,0.026679525305776147,0.5856549093932564,0.29268737438077064,0.9295818641443715,123.01,0.433959896443672,0.9639757667340699,4,0.39795925543443933,0.41069899757533185,0.6118245434426061,0.433959896443672,0.9639757667340699,4,0.39795925543443933,0.41069899757533185,0.6118245434426061,0.405643672640587,0.9665611260546212,4,0.3693424689559624,0.3816171466624877,0.6202957819474295,elem,quantum,elem,5,"[3, 3, 2, 1, 1]",0,70000,0
B2,eAT,1,molecule,zz,0.1,bytype,1.0,free,3,bytype,eig,0,"[0.000,3.142]",none,1,1,Z,ridge,1,1,adam,adjoint,100,44,13,98,6,5,0,1.0,1,171,63,0.4195960492371376,0.07291171674477852,0.8262335480104295,6.308548093306751,2.367486927036517,0.03837174403228755,0.3385523813365235,0.3012430028569674,0.9295818641443715,121.98,0.2965580182000786,0.987188506933472,4,0.2898074864226799,0.2871559240291464,0.8044135029005178,0.2965580182000786,0.987188506933472,4,0.2898074864226799,0.2871559240291464,0.8044135029005178,0.30714865501842914,0.9865580539634573,4,0.29979389702358467,0.2962555982784503,0.7920930449710419,arb,quantum,arb,5,"[3, 3, 2, 1, 1]",0,70000,0
B2,eAT,1,molecule,zz,0.1,bytype,1.0,free,3,bytype,eig,0,"[0.000,3.142]",none,1,1,Z,ridge,1,1,adam,adjoint,100,45,13,98,6,5,0,1.0,1,162,72,0.3514169913588076,0.08817191137906098,0.7490960495730989,8.229315979932153,3.1701440385330746,0.026711633603557723,-0.28042176306964534,0.2833243550538524,0.9394922057911286,117.43,0.34290640843559417,0.978396846916014,4,0.32558380258496894,0.34664226244630586,0.7574662433736579,0.34290640843559417,0.978396846916014,4,0.32558380258496894,0.34664226244630586,0.7574662433736579,0.33355156813611064,0.9782585979149326,4,0.3176462398068153,0.33509330150246847,0.7564282993545981,elem,quantum,elem,5,"[3, 3, 2, 1, 1]",0,70000,0
B2,eAT,1,molecule,zz,0.1,bytype,1.0,free,3,bytype,eig,0,"[0.000,3.142]",none,1,1,Z,ridge,1,1,adam,adjoint,100,45,13,98,6,5,0,1.0,1,162,72,0.3514169913588076,0.06838141179849164,0.8054123349753681,5.722573587709862,2.204482436740121,0.04152301632518935,0.3585409960277659,0.3509587779832033,0.9394922057911286,116.53,0.3809334767063091,0.9779747564154538,4,0.27216542637014646,0.37656730045549347,0.7742773854891991,0.3809334767063091,0.9779747564154538,4,0.27216542637014646,0.37656730045549347,0.7742773854891991,0.34755230296585193,0.9834436131936434,4,0.24928553288953006,0.3422349981535604,0.7741165455282102,arb,quantum,arb,5,"[3, 3, 2, 1, 1]",0,70000,0
B2,eAT,1,molecule,zz,0.1,bytype,1.0,free,3,bytype,eig,0,"[0.000,3.142]",none,1,1,Z,ridge,1,1,adam,adjoint,100,46,13,98,6,5,0,1.0,1,166,68,0.2709556921554012,0.06004195819257847,0.7784067287350339,5.395782688125006,1.8700133853516636,0.017619100230354942,0.33368156181993197,0.1408304790583554,0.9355219237672779,117.22,0.36038665124511754,0.9147578027243151,5,0.24978685497594563,0.25340766914438245,0.8629788141151779,0.36038665124511754,0.9147578027243151,5,0.24978685497594563,0.25340766914438245,0.8629788141151779,0.31691236756881513,0.9680563641450832,5,0.2483680591388203,0.26106145042455686,0.8609946871310508,elem,quantum,elem,5,"[3, 3, 2, 1, 1]",0,70000,0
B2,eAT,1,molecule,zz,0.1,bytype,1.0,free,3,bytype,eig,0,"[0.000,3.142]",none,1,1,Z,ridge,1,1,adam,adjoint,100,46,13,98,6,5,0,1.0,1,166,68,0.2709556921554012,0.04339415862504435,0.8398477689106583,7.44338655780147,2.5796503120981362,0.019210433239727143,0.4866698123122912,0.6734811151932575,0.9355219237672779,116.91,0.2728540921720471,0.9898669532450495,5,0.24599475584231306,0.2761024223132777,0.6837121212121211,0.2728540921720471,0.9898669532450495,5,0.24599475584231306,0.2761024223132777,0.6837121212121211,0.2711173416931859,0.98987845135909,5,0.2448393293308094,0.2782886044990601,0.7173209366391184,arb,quantum,arb,5,"[3, 3, 2, 1, 1]",0,70000,0
B2,eAT,1,molecule,zz,0.1,bytype,1.0,free,3,bytype,eig,0,"[0.000,3.142]",none,1,1,Z,ridge,1,1,adam,adjoint,100,47,13,98,6,5,0,1.0,1,168,66,0.28904073713598644,0.05715497196324749,0.80225980417301,6.8117565320753055,2.505945756001108,0.015793657271276636,-0.16248125635591779,0.20643852194448942,0.9373206415645479,121.69,0.31115167178833414,0.9851673763271133,6,0.2552508017258067,0.2946845577733954,0.8512487512487512,0.31115167178833414,0.9851673763271133,6,0.2552508017258067,0.2946845577733954,0.8512487512487512,0.30542699401914286,0.985824690761272,6,0.24768200856432424,0.2886149408914454,0.8339260739260739,elem,quantum,elem,5,"[3, 3, 2, 1, 1]",0,70000,0
B2,eAT,1,molecule,zz,0.1,bytype,1.0,free,3,bytype,eig,0,"[0.000,3.142]",none,1,1,Z,ridge,1,1,adam,adjoint,100,47,13,98,6,5,0,1.0,1,168,66,0.28904073713598644,0.02938928864391472,0.8983212922333236,6.942081470747457,2.5538903978021974,0.029699445379689618,0.7922614120091965,0.42830533793750436,0.9373206415645479,121.94,0.4477231669727857,0.9439890728115646,6,0.2556478272374138,0.3198073614420677,0.8788011988011988,0.4477231669727857,0.9439890728115646,6,0.2556478272374138,0.3198073614420677,0.8788011988011988,0.4238337343340059,0.9451361527935859,6,0.2181005990200379,0.29078929503320017,0.8895904095904097,arb,quantum,arb,5,"[3, 3, 2, 1, 1]",0,70000,0
B2,eAT,1,molecule,zz,0.1,bytype,1.0,free,3,bytype,eig,0,"[0.000,3.142]",none,1,1,Z,ridge,1,1,adam,adjoint,100,48,13,98,6,5,0,1.0,1,177,57,0.22530859769169498,0.08216900808831926,0.6353046047503403,7.230499210739885,2.596427277923027,0.036269528000045494,0.7486498193055281,0.2807241939526403,0.933223180756244,127.95,0.45393926695395126,0.9609599143477459,5,0.37030049826751266,0.44849530317735625,0.6952964573431759,0.45393926695395126,0.9609599143477459,5,0.37030049826751266,0.44849530317735625,0.6952964573431759,0.4460374445563811,0.9610829397175988,5,0.3739267036345728,0.4419475887873582,0.7359092594465231,elem,quantum,elem,5,"[3, 3, 1, 1, 1]",0,70000,0
B2,eAT,1,molecule,zz,0.1,bytype,1.0,free,3,bytype,eig,0,"[0.000,3.142]",none,1,1,Z,ridge,1,1,adam,adjoint,100,48,13,98,6,5,0,1.0,1,177,57,0.22530859769169498,0.04976532075830729,0.7791237384273967,6.600378502417829,2.370154852218115,0.012823162207970145,0.5597784513495532,0.19886109533267168,0.933223180756244,126.16,0.41555787561680635,0.9672913833002738,5,0.395252779803779,0.42268618232922484,0.7186976652969168,0.41555787561680635,0.9672913833002738,5,0.395252779803779,0.42268618232922484,0.7186976652969168,0.4127397139933382,0.9672891353240444,5,0.39506813392381535,0.4188229948952251,0.7365370767029176,arb,quantum,arb,5,"[3, 3, 1, 1, 1]",0,70000,0
B2,eAT,1,molecule,zz,0.1,bytype,1.0,free,3,bytype,eig,0,"[0.000,3.142]",none,1,1,Z,ridge,1,1,adam,adjoint,100,49,13,98,6,5,0,1.0,1,171,63,0.30181518699475945,0.04074156262988805,0.8650115554635909,6.961868232163724,2.5088013505118116,0.016515772948630422,-0.2249933672979019,0.2785040313931982,0.9095175273987626,123.69,0.2977730517769279,0.9730154741095872,6,0.20316619603007108,0.20107637144918183,0.5601779173207745,0.2977730517769279,0.9730154741095872,6,0.20316619603007108,0.20107637144918183,0.5601779173207745,0.24069235549797593,0.9926936078078942,6,0.1700770020255969,0.20677536867194962,0.5742194313622885,elem,quantum,elem,5,"[3, 3, 2, 1, 1]",0,70000,0
B2,eAT,1,molecule,zz,0.1,bytype,1.0,free,3,bytype,eig,0,"[0.000,3.142]",none,1,1,Z,ridge,1,1,adam,adjoint,100,49,13,98,6,5,0,1.0,1,171,63,0.30181518699475945,0.03583739773075075,0.8812604558187027,4.816888028881094,1.73582934768721,0.022144407985509876,0.34041619931586947,0.27682326862221074,0.9095175273987626,123.74,0.2635867020502027,0.9903658699670752,6,0.19266779742742152,0.22473177481714296,0.7610965753822897,0.2635867020502027,0.9903658699670752,6,0.19266779742742152,0.22473177481714296,0.7610965753822897,0.1979960034199437,0.9958259925681671,6,0.15034169480290765,0.2018204805002789,0.7627652770509913,arb,quantum,arb,5,"[3, 3, 2, 1, 1]",0,70000,0
B2,eAT,1,molecule,zz,0.1,bytype,1.0,free,3,bytype,eig,0,"[0.000,3.142]",none,1,1,Z,ridge,1,1,adam,adjoint,100,50,13,98,6,5,0,1.0,1,173,61,0.38309524876510503,0.049883258698767974,0.8697888870729538,6.533304624694974,2.2364414551038068,0.021327901861835,-0.011792563683427834,0.4524026644274395,0.9422382626055539,123.69,0.35824399706636784,0.9750129498376844,5,0.24121163408806948,0.3415112694538475,0.8638461538461537,0.35824399706636784,0.9750129498376844,5,0.24121163408806948,0.3415112694538475,0.8638461538461537,0.35593838193813426,0.9748491706541401,5,0.2357348262525793,0.3372398855374736,0.8595787545787545,elem,quantum,elem,5,"[3, 3, 1, 1, 1]",0,70000,0
B2,eAT,1,molecule,zz,0.1,bytype,1.0,free,3,bytype,eig,0,"[0.000,3.142]",none,1,1,Z,ridge,1,1,adam,adjoint,100,50,13,98,6,5,0,1.0,1,173,61,0.38309524876510503,0.058218541984916716,0.8480311562918562,4.685812902824821,1.604019225910043,0.008340208071525607,0.18231555214557285,0.3186202251249238,0.9422382626055539,122.77,0.20552395285884345,0.9937807983475686,5,0.20243757054081185,0.20534265300307256,0.7823260073260072,0.20552395285884345,0.9937807983475686,5,0.20243757054081185,0.20534265300307256,0.7823260073260072,0.21008497524152112,0.9934954291390141,5,0.2034796546993963,0.21061743418948448,0.781135531135531,arb,quantum,arb,5,"[3, 3, 1, 1, 1]",0,70000,0
B2,eAT,1,molecule,zz,0.1,bytype,1.0,free,3,bytype,eig,0,"[0.000,3.142]",none,1,1,Z,ridge,1,1,adam,adjoint,100,51,13,98,6,5,0,1.0,1,182,52,0.1774229085937926,0.046369246046303915,0.7386513026203076,5.558761460513773,1.728397492524038,0.012118108853264486,0.496101678946437,0.2337838516727917,0.9149241125955874,130.04,0.49012583778330227,0.9720713311984153,5,0.354812576029762,0.4914788398101584,0.7435454545454547,0.49012583778330227,0.9720713311984153,5,0.354812576029762,0.4914788398101584,0.7435454545454547,0.4889231222247308,0.972480701635408,5,0.3541559502604146,0.4929213065033852,0.7113636363636364,elem,quantum,elem,5,"[3, 3, 2, 1, 1]",0,70000,0
B2,eAT,1,molecule,zz,0.1,bytype,1.0,free,3,bytype,eig,0,"[0.000,3.142]",none,1,1,Z,ridge,1,1,adam,adjoint,100,51,13,98,6,5,0,1.0,1,182,52,0.1774229085937926,0.035722505213859945,0.7986590035244764,5.742468009105581,1.7855177593679723,0.015064374507770763,0.5023458848699023,0.45544835783628135,0.9149241125955874,129.84,0.3389250746662263,0.9861022923722685,5,0.26300533657261027,0.33195319905050935,0.718917748917749,0.3389250746662263,0.9861022923722685,5,0.26300533657261027,0.33195319905050935,0.718917748917749,0.3268737915599618,0.9870756589239306,5,0.27609326313897997,0.33045485353421694,0.7172813852813853,arb,quantum,arb,5,"[3, 3, 2, 1, 1]",0,70000,0
B2,eAT,1,molecule,zz,0.1,bytype,1.0,free,3,bytype,eig,0,"[0.000,3.142]",none,1,1,Z,ridge,1,1,adam,adjoint,100,52,13,98,6,5,0,1.0,1,185,49,0.15543126077393107,0.05781338799653066,0.6280452998408212,6.557812428039242,2.4850750862047666,0.010227956994689744,0.5782281839931233,0.3331345553719578,0.9297330621307068,134.31,0.4932632438237194,0.9452688174621329,4,0.5154094041020896,0.5045165464207311,0.6488851727982163,0.4932632438237194,0.9452688174621329,4,0.5154094041020896,0.5045165464207311,0.6488851727982163,0.4899259112613251,0.9444432965069778,4,0.5119171357449801,0.5014955776412028,0.6411928651059087,elem,quantum,elem,5,"[3, 3, 1, 1, 1]",0,70000,0
B2,eAT,1,molecule,zz,0.1,bytype,1.0,free,3,bytype,eig,0,"[0.000,3.142]",none,1,1,Z,ridge,1,1,adam,adjoint,100,52,13,98,6,5,0,1.0,1,185,49,0.15543126077393107,0.043004118479166444,0.7233238779313879,4.9783340826161,1.8865336780015785,0.007696594036246988,0.2853557997073089,0.3048307294607992,0.9297330621307068,134.85,0.5161853589001288,0.9534202984444884,4,0.479486843613751,0.5321116256502267,0.5477868146346407,0.5161853589001288,0.9534202984444884,4,0.479486843613751,0.5321116256502267,0.5477868146346407,0.521626725291363,0.9540006662567946,4,0.48271115913998625,0.5261624593856703,0.5495160636464984,arb,quantum,arb,5,"[3, 3, 1, 1, 1]",0,70000,0
B2,eAT,1,molecule,zz,0.1,bytype,1.0,free,3,bytype,eig,0,"[0.000,3.142]",none,1,1,Z,ridge,1,1,adam,adjoint,100,53,13,98,6,5,0,1.0,1,170,64,0.4596751332803755,0.10619153652124622,0.7689856839471988,4.776616410177046,1.4548285676451427,0.06014529491028065,0.21228046013634214,0.13979766642015284,0.9349358538044198,119.2,0.3864607934865605,0.9727410296339931,5,0.31578880923298247,0.3864607934865605,0.8128727915884929,0.3864607934865605,0.9727410296339931,5,0.31578880923298247,0.3864607934865605,0.8128727915884929,0.3653599728800232,0.9755679371969918,5,0.2941637175211568,0.3653599728800232,0.8428489764808363,elem,quantum,elem,5,"[3, 3, 2, 1, 1]",0,70000,0
B2,eAT,1,molecule,zz,0.1,bytype,1.0,free,3,bytype,eig,0,"[0.000,3.142]",none,1,1,Z,ridge,1,1,adam,adjoint,100,53,13,98,6,5,0,1.0,1,170,64,0.4596751332803755,0.05374872855930363,0.883072359873511,4.537378247204127,1.3819630737314192,0.012641101978664233,-0.04989343037665147,0.3193822774142387,0.9349358538044198,120.01,0.29124552859577024,0.9871675699534606,5,0.2390327342170102,0.29124552859577024,0.8615654036004645,0.29124552859577024,0.9871675699534606,5,0.2390327342170102,0.29124552859577024,0.8615654036004645,0.28878599490382484,0.9871233945185848,5,0.24127346164172236,0.28878599490382484,0.8662558351201646,arb,quantum,arb,5,"[3, 3, 2, 1, 1]",0,70000,0
B2,eAT,1,molecule,zz,0.1,bytype,1.0,free,3,bytype,eig,0,"[0.000,3.142]",none,1,1,Z,ridge,1,1,adam,adjoint,100,54,13,98,6,5,0,1.0,1,167,67,0.24905524019541972,0.05838249051306064,0.765584171337848,5.552613227799631,2.04624869423449,0.02799050727998385,0.11751391070600552,0.23289034856901483,0.9159389850059289,120.57,0.4202432689058594,0.977067056948922,5,0.28178279184827537,0.3621686820099961,0.6138931330107801,0.4202432689058594,0.977067056948922,5,0.28178279184827537,0.3621686820099961,0.6138931330107801,0.4068075845364184,0.9795745025941601,5,0.2923995543012545,0.3598625788583629,0.5913037942449707,elem,quantum,elem,5,"[3, 3, 2, 1, 1]",0,70000,0
B2,eAT,1,molecule,zz,0.1,bytype,1.0,free,3,bytype,eig,0,"[0.000,3.142]",none,1,1,Z,ridge,1,1,adam,adjoint,100,54,13,98,6,5,0,1.0,1,167,67,0.24905524019541972,0.04860882762181475,0.8048271235583153,6.719746948881449,2.47636074324301,0.018327153126956944,0.15515954489987166,0.3233546853905967,0.9159389850059289,119.65,0.3510441574187573,0.9753368559695037,5,0.22121980656091744,0.257950576210876,0.8929505135387489,0.3510441574187573,0.9753368559695037,5,0.22121980656091744,0.257950576210876,0.8929505135387489,0.3649691944779273,0.97364063852833,5,0.22370178855171796,0.2679098096805266,0.8787645361174774,arb,quantum,arb,5,"[3, 3, 2, 1, 1]",0,70000,0
B2,eAT,1,molecule,zz,0.1,bytype,1.0,free,3,bytype,eig,0,"[0.000,3.142]",none,1,1,Z,ridge,1,1,adam,adjoint,100,55,13,98,6,5,0,1.0,1,180,54,0.36669003492176977,0.04925420979679526,0.8656788974172607,6.825037381232596,2.0332594742319205,0.021437402384200003,0.022505146880130226,0.20436102831468583,0.9181416847681644,128.34,0.5160283492045652,0.9753096141423673,5,0.4599467347021514,0.5226766160049803,0.4848484848484849,0.5160283492045652,0.9753096141423673,5,0.4599467347021514,0.5226766160049803,0.4848484848484849,0.5250414830900807,0.9749124919966246,5,0.4556172060922373,0.5334774322326905,0.524009324009324,elem,quantum,elem,5,"[3, 3, 2, 1, 1]",0,70000,0
B2,eAT,1,molecule,zz,0.1,bytype,1.0,free,3,bytype,eig,0,"[0.000,3.142]",none,1,1,Z,ridge,1,1,adam,adjoint,100,55,13,98,6,5,0,1.0,1,180,54,0.36669003492176977,0.04639841758971954,0.8734669252748627,5.910829230185271,1.7609060378026364,0.018041823696289146,0.09491776185699058,0.3497094987286374,0.9181416847681644,128.23,0.27440379794494824,0.990668273377131,5,0.20438645521466642,0.2739093468277068,0.8037462537462537,0.27440379794494824,0.990668273377131,5,0.20438645521466642,0.2739093468277068,0.8037462537462537,0.2631562726190307,0.9917295342183219,5,0.18874172729939814,0.26509504684834617,0.8135697635697634,arb,quantum,arb,5,"[3, 3, 2, 1, 1]",0,70000,0
B2,eAT,1,molecule,zz,0.1,bytype,1.0,free,3,bytype,eig,0,"[0.000,3.142]",none,1,1,Z,ridge,1,1,adam,adjoint,100,56,13,98,6,5,0,1.0,1,172,62,0.3101542936143175,0.0456046034455958,0.8529615601507489,6.998382968802108,2.2763595542551394,0.027731499075636424,0.6916392375555915,0.15257621203985552,0.9344862747723459,119.15,0.33721015317661235,0.9752992674620522,4,0.3069921865341143,0.3375770690765567,0.7358498705780846,0.33721015317661235,0.9752992674620522,4,0.3069921865341143,0.3375770690765567,0.7358498705780846,0.3257203859563685,0.977940530332213,4,0.29206325923773324,0.32509359111868674,0.7591458153580674,elem,quantum,elem,5,"[3, 3, 2, 1, 1]",0,70000,0
B2,eAT,1,molecule,zz,0.1,bytype,1.0,free,3,bytype,eig,0,"[0.000,3.142]",none,1,1,Z,ridge,1,1,adam,adjoint,100,56,13,98,6,5,0,1.0,1,172,62,0.3101542936143175,0.04417833947853136,0.8575601228546335,4.8481385331012925,1.5769509212878414,0.02230104188182443,0.3335572667443829,0.22148048442618348,0.9344862747723459,121.04,0.27883801863456636,0.9846185626283522,4,0.23050207859448638,0.27813174915302574,0.6723468507333908,0.27883801863456636,0.9846185626283522,4,0.23050207859448638,0.27813174915302574,0.6723468507333908,0.2854696224499662,0.9841526576269612,4,0.23401742555474228,0.28434733855829647,0.6828300258843831,arb,quantum,arb,5,"[3, 3, 2, 1, 1]",0,70000,0
B2,eAT,1,molecule,zz,0.1,bytype,1.0,free,3,bytype,eig,0,"[0.000,3.142]",none,1,1,Z,ridge,1,1,adam,adjoint,100,57,13,98,6,5,0,1.0,1,176,58,0.6352757310797403,0.05550147436120825,0.9126340396053291,4.433173408923545,1.6898723726045495,0.07836628041937502,0.009766205696321644,0.10000931785633767,0.9231435594512458,124.15,0.4401608794162702,0.9755076521960163,6,0.3985755560884845,0.4401608794162702,0.6731173807035875,0.4401608794162702,0.9755076521960163,6,0.3985755560884845,0.4401608794162702,0.6731173807035875,0.4239038847649076,0.9769672499648171,6,0.4008091772451879,0.4239038847649076,0.6823510971786833,elem,quantum,elem,5,"[3, 3, 2, 1, 1]",0,70000,0
B2,eAT,1,molecule,zz,0.1,bytype,1.0,free,3,bytype,eig,0,"[0.000,3.142]",none,1,1,Z,ridge,1,1,adam,adjoint,100,57,13,98,6,5,0,1.0,1,176,58,0.6352757310797403,0.04510648288389898,0.9289969997638126,4.810393582815294,1.8336641649503256,0.04329042424265009,0.10841222581752276,0.1544255153903906,0.9231435594512458,124.12,0.27907021182877007,0.9915086528770806,6,0.24309242096483322,0.27907021182877007,0.7079519331243468,0.27907021182877007,0.9915086528770806,6,0.24309242096483322,0.27907021182877007,0.7079519331243468,0.2666339138173349,0.9923901425885716,6,0.24558557461619143,0.2666339138173349,0.7133019853709508,arb,quantum,arb,5,"[3, 3, 2, 1, 1]",0,70000,0
B2,eAT,1,molecule,zz,0.1,bytype,1.0,free,3,bytype,eig,0,"[0.000,3.142]",none,1,1,Z,ridge,1,1,adam,adjoint,100,58,13,98,6,5,0,1.0,1,182,52,0.20779375774746664,0.06003617667542462,0.7110780548644438,7.253343975674116,2.556752909366201,0.01758263337877412,-0.13960138368610372,0.237642178991646,0.9448165838876652,128.42,0.45088037676318654,0.950591821328718,6,0.4194510988568008,0.45088037676318654,0.6769897196820274,0.45088037676318654,0.950591821328718,6,0.4194510988568008,0.45088037676318654,0.6769897196820274,0.4581934706779251,0.9479830017271498,6,0.4418555721927907,0.4581934706779251,0.6593187795110871,elem,quantum,elem,5,"[3, 3, 2, 1, 1]",0,70000,0
B2,eAT,1,molecule,zz,0.1,bytype,1.0,free,3,bytype,eig,0,"[0.000,3.142]",none,1,1,Z,ridge,1,1,adam,adjoint,100,58,13,98,6,5,0,1.0,1,182,52,0.20779375774746664,0.03542744927707104,0.8295066720910534,7.441528634299155,2.6230866824577963,0.09952203800710946,-0.18442556284418346,0.23667197587471855,0.9448165838876652,128.21,0.4290111542696772,0.9533525993321844,6,0.3684653601082965,0.4290111542696772,0.6278994082840236,0.4290111542696772,0.9533525993321844,6,0.3684653601082965,0.4290111542696772,0.6278994082840236,0.41923340428138683,0.9558199732286007,6,0.3632538225586665,0.41923340428138683,0.6760831689677844,arb,quantum,arb,5,"[3, 3, 2, 1, 1]",0,70000,0
B2,eAT,1,molecule,zz,0.1,bytype,1.0,free,3,bytype,eig,0,"[0.000,3.142]",none,1,1,Z,ridge,1,1,adam,adjoint,100,59,13,98,6,5,0,1.0,1,170,64,0.3822442879744554,0.04158867793841968,0.8911986934878697,5.345552628532096,1.8844153432825936,0.009004700105087826,0.2126081334732128,0.20181586435271248,0.9285045486303167,120.77,0.3105815542547832,0.9892904380381133,6,0.28721570584885014,0.3002527216150201,0.8751669770303312,0.3105815542547832,0.9892904380381133,6,0.28721570584885014,0.3002527216150201,0.8751669770303312,0.31029888427098873,0.9891770661902691,6,0.2926644330848989,0.3015822191784775,0.8696163509828108,elem,quantum,elem,5,"[3, 3, 2, 1, 1]",0,70000,0
B2,eAT,1,molecule,zz,0.1,bytype,1.0,free,3,bytype,eig,0,"[0.000,3.142]",none,1,1,Z,ridge,1,1,adam,adjoint,100,59,13,98,6,5,0,1.0,1,170,64,0.3822442879744554,0.04365438580597674,0.8857945372125637,5.12368813068103,1.8062036235721388,0.0075222410021844365,0.26034545158618844,0.18796866320601088,0.9285045486303167,120.7,0.23781918901172927,0.9940511486001329,6,0.22659359305739582,0.23920919709444396,0.8614199235317248,0.23781918901172927,0.9940511486001329,6,0.22659359305739582,0.23920919709444396,0.8614199235317248,0.23871287401599028,0.9937921865988042,6,0.2297430452379797,0.24032591860781402,0.8604298852746058,arb,quantum,arb,5,"[3, 3, 2, 1, 1]",0,70000,0
B2,eAT,1,molecule,zz,0.1,bytype,1.0,free,3,bytype,eig,0,"[0.000,3.142]",none,1,1,Z,ridge,1,1,adam,adjoint,100,60,13,98,6,5,0,1.0,1,160,74,0.2942857202440979,0.048066008570531636,0.8366689062226231,4.8137457841381295,1.6811504751110993,0.010838803312603906,-0.06838587419632637,0.16338287576035435,0.9201183938957355,115.67,0.38556050686426757,0.9639899112304043,6,0.22321112508287508,0.388483027093698,0.601145766034014,0.38556050686426757,0.9639899112304043,6,0.22321112508287508,0.388483027093698,0.601145766034014,0.5067380012017683,0.9404412893014318,6,0.28885641946485846,0.4768779827987539,0.3894864808347144,elem,quantum,elem,5,"[3, 3, 2, 1, 1]",0,70000,0
B2,eAT,1,molecule,zz,0.1,bytype,1.0,free,3,bytype,eig,0,"[0.000,3.142]",none,1,1,Z,ridge,1,1,adam,adjoint,100,60,13,98,6,5,0,1.0,1,160,74,0.2942857202440979,0.04411828738366304,0.8500834925083395,4.182096866849183,1.460553683127858,0.010329634431052068,0.1126292968607746,0.19301606697335227,0.9201183938957355,116.57,0.29493708456943507,0.9882273737445734,6,0.19552021105430129,0.25486371033562133,0.6821287340393324,0.29493708456943507,0.9882273737445734,6,0.19552021105430129,0.25486371033562133,0.6821287340393324,0.2875884756760693,0.9906870306546015,6,0.1965710816861246,0.2756547222497857,0.6882570685743,arb,quantum,arb,5,"[3, 3, 2, 1, 1]",0,70000,0
B2,eAT,1,molecule,zz,0.1,bytype,1.0,free,3,bytype,eig,0,"[0.000,3.142]",none,1,1,Z,ridge,1,1,adam,adjoint,100,61,13,98,6,5,0,1.0,1,163,71,0.36451630693318166,0.044983313956761764,0.8765945086648551,5.844194806588948,2.057002350839304,0.024117990599953988,0.045915773072547496,0.1699186873893919,0.9209275257418831,116.18,0.3589154799302393,0.9838524801026959,6,0.23572041894516452,0.3473067231541698,0.6639208410636981,0.3589154799302393,0.9838524801026959,6,0.23572041894516452,0.3473067231541698,0.6639208410636981,0.35971763695017245,0.9843424963685087,6,0.24029977101419706,0.35464672723877216,0.6639764996907853,elem,quantum,elem,5,"[3, 3, 2, 1, 1]",0,70000,0
B2,eAT,1,molecule,zz,0.1,bytype,1.0,free,3,bytype,eig,0,"[0.000,3.142]",none,1,1,Z,ridge,1,1,adam,adjoint,100,61,13,98,6,5,0,1.0,1,163,71,0.36451630693318166,0.039817472173561436,0.8907662800916607,5.334802997005783,1.877709876086493,0.015712314654620405,0.08717149437407669,0.26692833790602244,0.9209275257418831,115.87,0.3402569544590696,0.9838659927136556,6,0.2410501840722835,0.3070492307900629,0.6614409400123685,0.3402569544590696,0.9838659927136556,6,0.2410501840722835,0.3070492307900629,0.6614409400123685,0.32838706954252156,0.9869289740354629,6,0.2224416974548315,0.3028035201921719,0.6806246134817563,arb,quantum,arb,5,"[3, 3, 2, 1, 1]",0,70000,0
B3,eAT,1,molecule,zz,0.1,bytype,1.0,free,3,bytype,eig,0,"[0.000,3.142]",none,1,1,Z,ridge,1,1,adam,adjoint,100,42,13,101,9,8,0,1.0,1,352,134,0.6377402363707142,0.19104716156873228,0.7004310678969332,7.124609639250852,3.0248277523931155,0.3681927734085266,0.33665098924220305,0.38002599890681354,0.9457454409377412,248.49,0.46558437221265697,0.9700794714731534,8,0.4233217195550059,0.460848433130625,0.6874165718417056,0.46558437221265697,0.9700794714731534,8,0.4233217195550059,0.460848433130625,0.6874165718417056,0.4588757114604904,0.9707053061678313,8,0.41485787734944174,0.45710736918382683,0.6871236754926594,elem,quantum,elem,8,"[3, 3, 2, 2, 1, 1, 1, 1]",0,70000,0
B3,eAT,1,molecule,zz,0.1,bytype,1.0,free,3,bytype,eig,0,"[0.000,3.142]",none,1,1,Z,ridge,1,1,adam,adjoint,100,42,13,101,9,8,0,1.0,1,352,134,0.6377402363707142,0.19802068339515255,0.6894963307912653,6.076407017544852,2.579802334747789,0.029208738071348803,0.276418263354796,0.36887757904223517,0.9457454409377412,246.08,0.47330166046782,0.9717124008871869,8,0.42212032376791936,0.45871358449619787,0.7515558787617612,0.47330166046782,0.9717124008871869,8,0.42212032376791936,0.45871358449619787,0.7515558787617612,0.45416116486767266,0.9738370723566193,8,0.4120032607568851,0.4417941834070393,0.7570244298185476,arb,quantum,arb,8,"[3, 3, 2, 2, 1, 1, 1, 1]",0,70000,0
B3,eAT,1,molecule,zz,0.1,bytype,1.0,free,3,bytype,eig,0,"[0.000,3.142]",none,1,1,Z,ridge,1,1,adam,adjoint,100,43,13,101,9,8,0,1.0,1,333,153,0.6712013920375569,0.1987449113309695,0.7038967533609514,7.480417062665342,2.6965699245766053,0.19872544926066213,0.3811372522604019,0.29307807403703595,0.9328994816003787,232.73,0.42098929751647307,0.9801988017991405,8,0.3821711132320435,0.4186641003460244,0.7136523777828467,0.42098929751647307,0.9801988017991405,8,0.3821711132320435,0.4186641003460244,0.7136523777828467,0.4500406693694394,0.9793062874103714,8,0.41846126465363226,0.44890313302876683,0.7209980178385954,elem,quantum,elem,8,"[3, 3, 3, 2, 1, 1, 1, 1]",0,70000,0
B3,eAT,1,molecule,zz,0.1,bytype,1.0,free,3,bytype,eig,0,"[0.000,3.142]",none,1,1,Z,ridge,1,1,adam,adjoint,100,43,13,101,9,8,0,1.0,1,333,153,0.6712013920375569,0.1584078864876473,0.763993507214324,6.529831191505162,2.3538990214138,0.15911479789989985,0.31765567959088253,0.3606665613606366,0.9328994816003787,230.94,0.48477799472832056,0.9731264170064617,8,0.4680623973664904,0.48274476317590254,0.6203284329144523,0.48477799472832056,0.9731264170064617,8,0.4680623973664904,0.48274476317590254,0.6203284329144523,0.4634855578822631,0.9755202628354087,8,0.4429092228499447,0.46031360281996786,0.6542573570757396,arb,quantum,arb,8,"[3, 3, 3, 2, 1, 1, 1, 1]",0,70000,0
B3,eAT,1,molecule,zz,0.1,bytype,1.0,free,3,bytype,eig,0,"[0.000,3.142]",none,1,1,Z,ridge,1,1,adam,adjoint,100,44,13,101,9,8,0,1.0,1,367,119,0.7178654762425932,0.20960837512746078,0.7080116232576333,6.212326655556726,2.284186162355093,0.017110458216150246,-0.16286824501768205,0.24312342319605687,0.9425865545779384,259.04,0.47851091949450647,0.97284013412802,8,0.43167203311938906,0.4720579251451242,0.6782013795956571,0.47851091949450647,0.97284013412802,8,0.43167203311938906,0.4720579251451242,0.6782013795956571,0.4675601738749107,0.9749548705942346,8,0.4257633876472996,0.46243295687860553,0.6950496747917596,elem,quantum,elem,8,"[3, 3, 2, 2, 1, 1, 1, 1]",0,70000,0
B3,eAT,1,molecule,zz,0.1,bytype,1.0,free,3,bytype,eig,0,"[0.000,3.142]",none,1,1,Z,ridge,1,1,adam,adjoint,100,44,13,101,9,8,0,1.0,1,367,119,0.7178654762425932,0.19047388198638618,0.7346663291521516,6.795064415529157,2.4984507368716664,0.04618860137494008,0.576445885784977,0.33864624064476395,0.9425865545779384,256.93,0.48907840803602154,0.9773279477188422,8,0.4591709625960013,0.4903089352928094,0.6692859073169349,0.48907840803602154,0.9773279477188422,8,0.4591709625960013,0.4903089352928094,0.6692859073169349,0.47676359249063055,0.9788099071723017,8,0.448734511295974,0.47744518470855785,0.6815615075508846,arb,quantum,arb,8,"[3, 3, 2, 2, 1, 1, 1, 1]",0,70000,0
B3,eAT,1,molecule,zz,0.1,bytype,1.0,free,3,bytype,eig,0,"[0.000,3.142]",none,1,1,Z,ridge,1,1,adam,adjoint,100,45,13,101,9,8,0,1.0,1,361,125,0.737337126066585,0.2389938747412194,0.6758689257705476,7.8986092730683195,2.9795595856430825,0.043694693018843524,0.3802257002671763,0.3094391456386086,0.9346144364898379,254.97,0.5999982412260847,0.9684243049143653,9,0.5053638373019939,0.5987408006152065,0.6140505762422271,0.5999982412260847,0.9684243049143653,9,0.5053638373019939,0.5987408006152065,0.6140505762422271,0.5951184565106054,0.9681914877821587,9,0.4900912380353349,0.5917686402769041,0.6404477480141616,elem,quantum,elem,8,"[3, 3, 2, 2, 1, 1, 1, 1]",0,70000,0
B3,eAT,1,molecule,zz,0.1,bytype,1.0,free,3,bytype,eig,0,"[0.000,3.142]",none,1,1,Z,ridge,1,1,adam,adjoint,100,45,13,101,9,8,0,1.0,1,361,125,0.737337126066585,0.19512264720240952,0.7353684762310625,6.931904896977981,2.6148937070454226,0.16779911980613751,0.12864709643904007,0.36500714691840463,0.9346144364898379,252.71,0.48866191376840534,0.9783225460827005,9,0.44225642346357974,0.4909001487069036,0.6464404823512983,0.48866191376840534,0.9783225460827005,9,0.44225642346357974,0.4909001487069036,0.6464404823512983,0.47283352127344364,0.9790718001002157,9,0.42315580206820075,0.47449299914969373,0.6442176577375817,arb,quantum,arb,8,"[3, 3, 2, 2, 1, 1, 1, 1]",0,70000,0
B3,eAT,1,molecule,zz,0.1,bytype,1.0,free,3,bytype,eig,0,"[0.000,3.142]",none,1,1,Z,ridge,1,1,adam,adjoint,100,46,13,101,9,8,0,1.0,1,358,128,0.6331424231047451,0.19510822983156992,0.6918414835088506,6.996358672442653,2.3793288848206853,0.1786523504061189,0.18852934263787213,0.38947460448558585,0.9334585963868824,253.43,0.6377784290877205,0.9280853126051325,11,0.5049671009103369,0.6377784290877205,0.6469284988784737,0.6377784290877205,0.9280853126051325,11,0.5049671009103369,0.6377784290877205,0.6469284988784737,0.6078786477294769,0.9486650841502411,11,0.4750327638503462,0.6078786477294769,0.6324967570651794,elem,quantum,elem,8,"[3, 3, 3, 2, 1, 1, 1, 1]",0,70000,0
B3,eAT,1,molecule,zz,0.1,bytype,1.0,free,3,bytype,eig,0,"[0.000,3.142]",none,1,1,Z,ridge,1,1,adam,adjoint,100,46,13,101,9,8,0,1.0,1,358,128,0.6331424231047451,0.19836326020016992,0.6867004121640522,8.486891898493585,2.886230964111848,0.13087746960789262,-0.21545854507819495,0.9255363445571301,0.9334585963868824,247.2,0.6075793381601257,0.9570599851081699,11,0.5527361831148089,0.6075793381601257,0.689294060274403,0.6075793381601257,0.9570599851081699,11,0.5527361831148089,0.6075793381601257,0.689294060274403,0.5661793283439691,0.9634499134657221,11,0.5284175579888527,0.5661793283439691,0.6898128889339827,arb,quantum,arb,8,"[3, 3, 3, 2, 1, 1, 1, 1]",0,70000,0
B3,eAT,1,molecule,zz,0.1,bytype,1.0,free,3,bytype,eig,0,"[0.000,3.142]",none,1,1,Z,ridge,1,1,adam,adjoint,100,47,13,101,9,8,0,1.0,1,355,131,0.6822954798068319,0.19601636674400405,0.7127104421100676,6.347391886375486,2.2887597493510743,0.24931839547943388,0.19367610770490273,0.35099535130474163,0.9379172428279707,251.31,0.6500004253972615,0.9602744890465743,8,0.5866285529683888,0.6396195110302557,0.6470519276024363,0.6500004253972615,0.9602744890465743,8,0.5866285529683888,0.6396195110302557,0.6470519276024363,0.6337818852253025,0.9608289911063791,8,0.5686501301160296,0.6252230558991443,0.6630537098560354,elem,quantum,elem,8,"[3, 3, 3, 2, 1, 1, 1, 1]",0,70000,0
B3,eAT,1,molecule,zz,0.1,bytype,1.0,free,3,bytype,eig,0,"[0.000,3.142]",none,1,1,Z,ridge,1,1,adam,adjoint,100,47,13,101,9,8,0,1.0,1,355,131,0.6822954798068319,0.1761720064536066,0.741795143500755,7.999361068595642,2.884431269105454,0.1729023408742991,0.47460582872391277,0.36481267343684,0.9379172428279707,248.99,0.618417213698521,0.9473186238755877,8,0.5616642675587988,0.5779355734431979,0.6882950927464009,0.618417213698521,0.9473186238755877,8,0.5616642675587988,0.5779355734431979,0.6882950927464009,0.6341058678050947,0.9486545608224883,8,0.566439460223107,0.5950852564099647,0.6800024224806202,arb,quantum,arb,8,"[3, 3, 3, 2, 1, 1, 1, 1]",0,70000,0
B3,eAT,1,molecule,zz,0.1,bytype,1.0,free,3,bytype,eig,0,"[0.000,3.142]",none,1,1,Z,ridge,1,1,adam,adjoint,100,48,13,101,9,8,0,1.0,1,352,134,0.7049082850110722,0.231629694319452,0.6714044943934604,6.124048400019835,2.1564773942297695,0.2635691874720266,0.01610356446267916,0.33990603133699926,0.947697971554528,249.1,0.5384811955943557,0.9609197549765306,7,0.49885911163241303,0.5303743275337813,0.6669353903316662,0.5384811955943557,0.9609197549765306,7,0.49885911163241303,0.5303743275337813,0.6669353903316662,0.533284099715091,0.9612770140980044,7,0.49460155384147814,0.5241570066918018,0.6626339586687251,elem,quantum,elem,8,"[3, 3, 3, 2, 1, 1, 1, 1]",0,70000,0
B3,eAT,1,molecule,zz,0.1,bytype,1.0,free,3,bytype,eig,0,"[0.000,3.142]",none,1,1,Z,ridge,1,1,adam,adjoint,100,48,13,101,9,8,0,1.0,1,352,134,0.7049082850110722,0.18011999836962278,0.7444773991175411,7.82465818421834,2.755317624822683,0.2204725517071305,0.07445125142642142,0.459814440108865,0.947697971554528,246.14,0.5120265110128844,0.9571629625124537,7,0.47584972367037215,0.5074971645874191,0.5968536429716352,0.5120265110128844,0.9571629625124537,7,0.47584972367037215,0.5074971645874191,0.5968536429716352,0.4957328246150724,0.9588135542953259,7,0.46348800735928536,0.4895754770251468,0.629338308781531,arb,quantum,arb,8,"[3, 3, 3, 2, 1, 1, 1, 1]",0,70000,0
B3,eAT,1,molecule,zz,0.1,bytype,1.0,free,3,bytype,eig,0,"[0.000,3.142]",none,1,1,Z,ridge,1,1,adam,adjoint,100,49,13,101,9,8,0,1.0,1,362,124,0.7168460752580055,0.22765332301331123,0.6824237017251231,6.36818775502864,2.2502200457487542,0.091675724652738,0.135965703099917,0.3254015663614299,0.9479916563766306,254.03,0.6024245013989918,0.9449013964242134,7,0.5476374725594444,0.5856520718441736,0.513607858443924,0.6024245013989918,0.9449013964242134,7,0.5476374725594444,0.5856520718441736,0.513607858443924,0.575711235602044,0.9480852739323383,7,0.5373777419560744,0.5610717000665687,0.4776447436898257,elem,quantum,elem,8,"[3, 3, 3, 2, 1, 1, 1, 1]",0,70000,0
B3,eAT,1,molecule,zz,0.1,bytype,1.0,free,3,bytype,eig,0,"[0.000,3.142]",none,1,1,Z,ridge,1,1,adam,adjoint,100,49,13,101,9,8,0,1.0,1,362,124,0.7168460752580055,0.20009310027122024,0.7208702018781322,8.661419969693151,3.060541175950997,0.11232129900382995,0.1699401578125991,0.6647803195865137,0.9479916563766306,251.91,0.5284453775973013,0.9517725350998115,7,0.47677877467879703,0.491232960073171,0.6782029013791309,0.5284453775973013,0.9517725350998115,7,0.47677877467879703,0.491232960073171,0.6782029013791309,0.5170062502920508,0.9571326248097831,7,0.48479120940056025,0.4906116247185585,0.6555560434556337,arb,quantum,arb,8,"[3, 3, 3, 2, 1, 1, 1, 1]",0,70000,0
B3,eAT,1,molecule,zz,0.1,bytype,1.0,free,3,bytype,eig,0,"[0.000,3.142]",none,1,1,Z,ridge,1,1,adam,adjoint,100,50,13,101,9,8,0,1.0,1,345,141,0.7644568354946217,0.2539391066794085,0.6678175995180893,6.876316831557276,2.3103219210301207,0.1630765149043838,0.10251422827790675,0.43732409533664107,0.9420000555879576,241.93,0.5446695790321692,0.9613539512866863,9,0.46172382034636006,0.5489497845964858,0.6143827509051542,0.5446695790321692,0.9613539512866863,9,0.46172382034636006,0.5489497845964858,0.6143827509051542,0.5222412717114749,0.9664928279749915,9,0.4395486060435687,0.5255145833932576,0.6164382493635304,elem,quantum,elem,8,"[3, 3, 3, 2, 1, 1, 1, 1]",0,70000,0
B3,eAT,1,molecule,zz,0.1,bytype,1.0,free,3,bytype,eig,0,"[0.000,3.142]",none,1,1,Z,ridge,1,1,adam,adjoint,100,50,13,101,9,8,0,1.0,1,345,141,0.7644568354946217,0.16215342742272668,0.7878841291048048,5.9850924119728965,2.0108861382468493,0.09024703460489086,0.3290072675387781,0.41467368326445403,0.9420000555879576,241.75,0.45589447663379046,0.9702023494589161,9,0.39791114056396965,0.45253905057227956,0.7573362398605218,0.45589447663379046,0.9702023494589161,9,0.39791114056396965,0.45253905057227956,0.7573362398605218,0.4456749671329382,0.9724302228283613,9,0.3835113364162762,0.4414199016479855,0.7438923049639068,arb,quantum,arb,8,"[3, 3, 3, 2, 1, 1, 1, 1]",0,70000,0
B3,eAT,1,molecule,zz,0.1,bytype,1.0,free,3,bytype,eig,0,"[0.000,3.142]",none,1,1,Z,ridge,1,1,adam,adjoint,100,51,13,101,9,8,0,1.0,1,373,113,0.6733958512795051,0.22947901811729843,0.6592212178300917,6.525438519271463,1.994822795465393,0.047410404954966866,0.13869941122267956,0.23362714563288858,0.9406610343454501,259.56,0.6157077698294641,0.9600976962761563,9,0.5608592046814389,0.6233415419590144,0.7275889219285445,0.6157077698294641,0.9600976962761563,9,0.5608592046814389,0.6233415419590144,0.7275889219285445,0.5622211698618298,0.9698283849694279,9,0.49729401520001776,0.5639787627326076,0.7417126756749398,elem,quantum,elem,8,"[3, 3, 2, 2, 1, 1, 1, 1]",0,70000,0
B3,eAT,1,molecule,zz,0.1,bytype,1.0,free,3,bytype,eig,0,"[0.000,3.142]",none,1,1,Z,ridge,1,1,adam,adjoint,100,51,13,101,9,8,0,1.0,1,373,113,0.6733958512795051,0.15044162732894262,0.7765925836295372,6.262410832687645,1.9144153832299766,0.019892604047976704,-0.004448978232780735,0.5837601370442265,0.9406610343454501,257.65,0.5629045408912065,0.9651860910313412,9,0.5307111259200464,0.5610855152316673,0.64820971424745,0.5629045408912065,0.9651860910313412,9,0.5307111259200464,0.5610855152316673,0.64820971424745,0.5665633829796739,0.9650855061588047,9,0.5335581979619302,0.5641829030952094,0.6582765809180903,arb,quantum,arb,8,"[3, 3, 2, 2, 1, 1, 1, 1]",0,70000,0
B3,eAT,1,molecule,zz,0.1,bytype,1.0,free,3,bytype,eig,0,"[0.000,3.142]",none,1,1,Z,ridge,1,1,adam,adjoint,100,52,13,101,9,8,0,1.0,1,345,141,0.6706958742875107,0.20363545338708317,0.6963818308806389,7.843691411944769,2.91161662427587,0.2264230332422877,0.25594483272353935,0.5072909340833108,0.9394177646566397,242.36,0.5161758599281856,0.9652012748878814,8,0.4962379359885068,0.5175517351265064,0.7749545176547604,0.5161758599281856,0.9652012748878814,8,0.4962379359885068,0.5175517351265064,0.7749545176547604,0.45500024070441003,0.9746895374478601,8,0.42503628989594167,0.45600480963888335,0.7760238540391148,elem,quantum,elem,8,"[3, 3, 3, 2, 1, 1, 1, 1]",0,70000,0
B3,eAT,1,molecule,zz,0.1,bytype,1.0,free,3,bytype,eig,0,"[0.000,3.142]",none,1,1,Z,ridge,1,1,adam,adjoint,100,52,13,101,9,8,0,1.0,1,345,141,0.6706958742875107,0.1488451600176161,0.7780735416395153,8.477849511737393,3.1470192132869026,0.02871257715885207,-0.2210193815001355,1.044775446521404,0.9394177646566397,240.86,0.5562227686667894,0.9575101523035418,8,0.48527700267752333,0.5613115661061444,0.7266034308882577,0.5562227686667894,0.9575101523035418,8,0.48527700267752333,0.5613115661061444,0.7266034308882577,0.5029585311289176,0.9682887482375927,8,0.42699608639921466,0.5069543290385504,0.7321936438857232,arb,quantum,arb,8,"[3, 3, 3, 2, 1, 1, 1, 1]",0,70000,0
B3,eAT,1,molecule,zz,0.1,bytype,1.0,free,3,bytype,eig,0,"[0.000,3.142]",none,1,1,Z,ridge,1,1,adam,adjoint,100,53,13,101,9,8,0,1.0,1,381,105,0.7088045162362372,0.18681425418288344,0.7364375509698076,7.03367264212221,2.1069398563703765,0.216509786402833,-0.2601758112659463,0.4745051274505538,0.9371266206033132,264.38,0.5681038427385379,0.9676530320544997,8,0.5309777633318482,0.5492686831073907,0.679945097734932,0.5681038427385379,0.9676530320544997,8,0.5309777633318482,0.5492686831073907,0.679945097734932,0.5407942397253569,0.972620809547173,8,0.4938733356365702,0.5282901165961417,0.705457563567215,elem,quantum,elem,8,"[3, 3, 2, 2, 1, 1, 1, 1]",0,70000,0
B3,eAT,1,molecule,zz,0.1,bytype,1.0,free,3,bytype,eig,0,"[0.000,3.142]",none,1,1,Z,ridge,1,1,adam,adjoint,100,53,13,101,9,8,0,1.0,1,381,105,0.7088045162362372,0.1726509537736148,0.7564195066216648,6.9843026425376475,2.0921510504184524,0.06811755618965708,-0.11724117636298198,0.8902850873530311,0.9371266206033132,265.59,0.4320360438580464,0.9839982792552251,8,0.3892329283949025,0.4312041240981498,0.7268277125501568,0.4320360438580464,0.9839982792552251,8,0.3892329283949025,0.4312041240981498,0.7268277125501568,0.4182740969031867,0.9851961757597387,8,0.37911230861911227,0.41659425822319385,0.7397008474107275,arb,quantum,arb,8,"[3, 3, 2, 2, 1, 1, 1, 1]",0,70000,0
B3,eAT,1,molecule,zz,0.1,bytype,1.0,free,3,bytype,eig,0,"[0.000,3.142]",none,1,1,Z,ridge,1,1,adam,adjoint,100,54,13,101,9,8,0,1.0,1,363,123,0.6633099720456371,0.23360605701163506,0.6478176616413623,6.29998713993037,2.2755067660185158,0.03716047604435763,0.18957316626497572,0.26281335233218617,0.9433240495324327,255.3,0.579073991724005,0.9579366025285463,8,0.504196810616244,0.5802504268990109,0.616849349777414,0.579073991724005,0.9579366025285463,8,0.504196810616244,0.5802504268990109,0.616849349777414,0.5604791204938393,0.9595376393611301,8,0.511773820838678,0.5640323093132168,0.6050227436213254,elem,quantum,elem,8,"[3, 3, 3, 2, 1, 1, 1, 1]",0,70000,0
B3,eAT,1,molecule,zz,0.1,bytype,1.0,free,3,bytype,eig,0,"[0.000,3.142]",none,1,1,Z,ridge,1,1,adam,adjoint,100,54,13,101,9,8,0,1.0,1,363,123,0.6633099720456371,0.19259934815784432,0.7096389979425892,6.816963015743013,2.4622344651631556,0.09283795711699784,0.15059017767840047,0.3861706223060804,0.9433240495324327,254.68,0.5605523707087748,0.9660577410154128,8,0.5507331332372233,0.5584945268872691,0.6096304308912227,0.5605523707087748,0.9660577410154128,8,0.5507331332372233,0.5584945268872691,0.6096304308912227,0.5439402026357981,0.9670969892161986,8,0.5302263172394374,0.5369661284068431,0.6440535689224665,arb,quantum,arb,8,"[3, 3, 3, 2, 1, 1, 1, 1]",0,70000,0
B3,eAT,1,molecule,zz,0.1,bytype,1.0,free,3,bytype,eig,0,"[0.000,3.142]",none,1,1,Z,ridge,1,1,adam,adjoint,100,55,13,101,9,8,0,1.0,1,370,116,0.7283687747836826,0.22405750205656044,0.6923845312793605,6.675630686858686,1.9566595438940766,0.4125959697789422,0.3012790763699626,0.3975685468632128,0.9377365512613767,260.37,0.49129365096663297,0.9733364741357838,9,0.4398785818462206,0.475549049051276,0.6656956062875079,0.49129365096663297,0.9733364741357838,9,0.4398785818462206,0.475549049051276,0.6656956062875079,0.4850036379754195,0.9729120719223274,9,0.4346501868705084,0.4679557578448765,0.6535918967603831,elem,quantum,elem,8,"[3, 3, 2, 2, 1, 1, 1, 1]",0,70000,0
B3,eAT,1,molecule,zz,0.1,bytype,1.0,free,3,bytype,eig,0,"[0.000,3.142]",none,1,1,Z,ridge,1,1,adam,adjoint,100,55,13,101,9,8,0,1.0,1,370,116,0.7283687747836826,0.22263728617974593,0.6943343895461928,6.214766434373643,1.8215780092250573,0.26781494784811793,0.3461435215977467,0.3512730576173319,0.9377365512613767,260.48,0.4927241919908764,0.9628546459524735,9,0.4516897028417303,0.47367736507173935,0.6564754895494672,0.4927241919908764,0.9628546459524735,9,0.4516897028417303,0.47367736507173935,0.6564754895494672,0.43227742299543,0.9730167353269679,9,0.41160994519694666,0.411564998734829,0.6720891496025926,arb,quantum,arb,8,"[3, 3, 2, 2, 1, 1, 1, 1]",0,70000,0
B3,eAT,1,molecule,zz,0.1,bytype,1.0,free,3,bytype,eig,0,"[0.000,3.142]",none,1,1,Z,ridge,1,1,adam,adjoint,100,56,13,101,9,8,0,1.0,1,367,119,0.7690268759314233,0.2416855714856497,0.6857254550526246,6.702727898304774,2.141839360578365,0.01772557879308981,0.17197965423583472,0.18620990205335286,0.9464498385334918,254.89,0.6251594823059259,0.953517580170277,8,0.5590960341887045,0.636957828706946,0.7749100495539775,0.6251594823059259,0.953517580170277,8,0.5590960341887045,0.636957828706946,0.7749100495539775,0.5887397510736094,0.9631547568371472,8,0.5047602355126105,0.5918777605122599,0.757131939150305,elem,quantum,elem,8,"[3, 3, 2, 2, 1, 1, 1, 1]",0,70000,0
B3,eAT,1,molecule,zz,0.1,bytype,1.0,free,3,bytype,eig,0,"[0.000,3.142]",none,1,1,Z,ridge,1,1,adam,adjoint,100,56,13,101,9,8,0,1.0,1,367,119,0.7690268759314233,0.21431900698301432,0.721311421368158,5.26937754263035,1.6838159623647908,0.04528095594333779,0.0017924685781623027,0.22618887583217315,0.9464498385334918,254.66,0.42756694251924565,0.9798667946745243,8,0.3807672625836342,0.42319591282672187,0.87376038608235,0.42756694251924565,0.9798667946745243,8,0.3807672625836342,0.42319591282672187,0.87376038608235,0.41959833539011504,0.9806875413397927,8,0.38170148035766494,0.41471335160085643,0.8884283039549156,arb,quantum,arb,8,"[3, 3, 2, 2, 1, 1, 1, 1]",0,70000,0
B3,eAT,1,molecule,zz,0.1,bytype,1.0,free,3,bytype,eig,0,"[0.000,3.142]",none,1,1,Z,ridge,1,1,adam,adjoint,100,57,13,101,9,8,0,1.0,1,361,125,0.7637614056572181,0.24003907170702435,0.685714583207474,7.919633095377577,2.9568206073293695,0.041414720941558764,-0.16851679898693098,0.26526154346019326,0.9390349886970051,256.01,0.7143807753544179,0.9578875036678937,9,0.6342610862491685,0.6951972048714351,0.5344219559526541,0.7143807753544179,0.9578875036678937,9,0.6342610862491685,0.6951972048714351,0.5344219559526541,0.7116342219706865,0.9553077264234311,9,0.6299829411450629,0.6862130355039291,0.5208094400693224,elem,quantum,elem,8,"[3, 3, 3, 2, 1, 1, 1, 1]",0,70000,0
B3,eAT,1,molecule,zz,0.1,bytype,1.0,free,3,bytype,eig,0,"[0.000,3.142]",none,1,1,Z,ridge,1,1,adam,adjoint,100,57,13,101,9,8,0,1.0,1,361,125,0.7637614056572181,0.226214085479614,0.7038157678510132,5.548103748978062,2.0714024625906675,0.041544506614003586,0.06055213892421333,0.2783067336947618,0.9390349886970051,253.58,0.5984947242518874,0.9679451812143263,9,0.5013165706454537,0.572491254131057,0.6387209230354731,0.5984947242518874,0.9679451812143263,9,0.5013165706454537,0.572491254131057,0.6387209230354731,0.5708756381788537,0.9711138047449286,9,0.4879950453538607,0.5467838207339039,0.6547444285459424,arb,quantum,arb,8,"[3, 3, 3, 2, 1, 1, 1, 1]",0,70000,0
B3,eAT,1,molecule,zz,0.1,bytype,1.0,free,3,bytype,eig,0,"[0.000,3.142]",none,1,1,Z,ridge,1,1,adam,adjoint,100,58,13,101,9,8,0,1.0,1,378,108,0.6847331986103978,0.23415781786364578,0.6580305755017469,7.905335360971431,2.7335308609799718,0.12440281102306384,0.43250688553626454,0.3453823294623642,0.9364474605481561,264.8,0.5554873633089903,0.9726944689119881,9,0.5130839901086914,0.5554873633089903,0.6853555395222062,0.5554873633089903,0.9726944689119881,9,0.5130839901086914,0.5554873633089903,0.6853555395222062,0.5376233588375193,0.9723042347948753,9,0.48859186555792095,0.5376233588375193,0.6231423360590027,elem,quantum,elem,8,"[3, 3, 3, 2, 1, 1, 1, 1]",0,70000,0
B3,eAT,1,molecule,zz,0.1,bytype,1.0,free,3,bytype,eig,0,"[0.000,3.142]",none,1,1,Z,ridge,1,1,adam,adjoint,100,58,13,101,9,8,0,1.0,1,378,108,0.6847331986103978,0.2114765346242846,0.6911548395003243,7.28976326911103,2.5206764742368355,0.025379683784753207,0.4549268760010468,0.4569986243180382,0.9364474605481561,262.34,0.5192209910338563,0.9673180877976103,9,0.4851053038934752,0.5192209910338563,0.6208760221260221,0.5192209910338563,0.9673180877976103,9,0.4851053038934752,0.5192209910338563,0.6208760221260221,0.5009785565188469,0.9686047148702178,9,0.47416211046498236,0.5009785565188469,0.6484601972101972,arb,quantum,arb,8,"[3, 3, 3, 2, 1, 1, 1, 1]",0,70000,0
B3,eAT,1,molecule,zz,0.1,bytype,1.0,free,3,bytype,eig,0,"[0.000,3.142]",none,1,1,Z,ridge,1,1,adam,adjoint,100,59,13,101,9,8,0,1.0,1,341,145,0.5616748531173499,0.17584758696592537,0.6869228059793772,6.306167189979744,2.1807308225644078,0.34534280862304606,0.27940719914830825,0.34592696380417615,0.9394126667969397,239.02,0.7129315697092301,0.9335023454574468,8,0.6603119479888614,0.7013182715079369,0.24942842922134711,0.7129315697092301,0.9335023454574468,8,0.6603119479888614,0.7013182715079369,0.24942842922134711,0.6923883501662457,0.9385131538785574,8,0.6396210091603909,0.6828100486755583,0.27079279883693125,elem,quantum,elem,8,"[3, 3, 2, 2, 1, 1, 1, 1]",0,70000,0
B3,eAT,1,molecule,zz,0.1,bytype,1.0,free,3,bytype,eig,0,"[0.000,3.142]",none,1,1,Z,ridge,1,1,adam,adjoint,100,59,13,101,9,8,0,1.0,1,341,145,0.5616748531173499,0.14749371628153352,0.7374037390797735,5.855964778430338,2.0250466731148635,0.021513588961437787,0.11351828774260414,0.2983552724639945,0.9394126667969397,238.31,0.5017482504000861,0.971859615227121,8,0.39607634731195723,0.49623008783561157,0.6799447489972539,0.5017482504000861,0.971859615227121,8,0.39607634731195723,0.49623008783561157,0.6799447489972539,0.5050874426767432,0.9717461246313739,8,0.3955075717516554,0.5015011888567007,0.6714330771738196,arb,quantum,arb,8,"[3, 3, 2, 2, 1, 1, 1, 1]",0,70000,0
B3,eAT,1,molecule,zz,0.1,bytype,1.0,free,3,bytype,eig,0,"[0.000,3.142]",none,1,1,Z,ridge,1,1,adam,adjoint,100,60,13,101,9,8,0,1.0,1,368,118,0.6329020876796914,0.22137008932883182,0.6502301167303683,7.959930146000717,2.7274839318134787,0.11680551154169436,-0.1284107341643749,0.2698955892970124,0.9431792014700365,257.27,0.46912950136674636,0.9713436009805494,7,0.4518984015237706,0.46912950136674636,0.788299984347462,0.46912950136674636,0.9713436009805494,7,0.4518984015237706,0.46912950136674636,0.788299984347462,0.4639486664244926,0.9725719209182082,7,0.4370823693345005,0.4639486664244926,0.775982764246129,elem,quantum,elem,8,"[3, 3, 3, 2, 1, 1, 1, 1]",0,70000,0
B3,eAT,1,molecule,zz,0.1,bytype,1.0,free,3,bytype,eig,0,"[0.000,3.142]",none,1,1,Z,ridge,1,1,adam,adjoint,100,60,13,101,9,8,0,1.0,1,368,118,0.6329020876796914,0.16636643698384074,0.7371371650964786,7.348492831394477,2.517973870756273,0.03621768765491106,0.1428405537457329,0.4275141225812109,0.9431792014700365,256.6,0.5832989928086055,0.9450348914936936,7,0.5325659392744577,0.5832989928086054,0.5752159650559554,0.5832989928086055,0.9450348914936936,7,0.5325659392744577,0.5832989928086054,0.5752159650559554,0.5539222533310707,0.9490281578213187,7,0.5243424820300214,0.5539222533310707,0.615336432851697,arb,quantum,arb,8,"[3, 3, 3, 2, 1, 1, 1, 1]",0,70000,0
B3,eAT,1,molecule,zz,0.1,bytype,1.0,free,3,bytype,eig,0,"[0.000,3.142]",none,1,1,Z,ridge,1,1,adam,adjoint,100,61,13,101,9,8,0,1.0,1,385,101,0.7309949640241045,0.19755097000820548,0.7297505732177777,7.495820297521831,2.5881810280537394,0.061140467377867456,-0.06521313151567529,0.36259339833620224,0.9415492082081074,268.07,0.4744772470846401,0.9748266330851837,8,0.4667495100626179,0.4727337487696582,0.6749641019975947,0.4744772470846401,0.9748266330851837,8,0.4667495100626179,0.4727337487696582,0.6749641019975947,0.41723497510793284,0.9798524744603163,8,0.3926717744468204,0.412920791433909,0.7193824870858363,elem,quantum,elem,8,"[3, 3, 3, 2, 1, 1, 1, 1]",0,70000,0
B3,eAT,1,molecule,zz,0.1,bytype,1.0,free,3,bytype,eig,0,"[0.000,3.142]",none,1,1,Z,ridge,1,1,adam,adjoint,100,61,13,101,9,8,0,1.0,1,385,101,0.7309949640241045,0.20445204936425085,0.7203099071452576,7.032260139130088,2.42812148024044,0.179616347353769,0.06973372895575296,0.35704537934031894,0.9415492082081074,268.02,0.5235149116871193,0.9703043619258747,8,0.49275026717319187,0.5328740510128546,0.693246484155575,0.5235149116871193,0.9703043619258747,8,0.49275026717319187,0.5328740510128546,0.693246484155575,0.44929262365541406,0.9760854880641483,8,0.40222555322609216,0.4565318273814123,0.790447103844233,arb,quantum,arb,8,"[3, 3, 3, 2, 1, 1, 1, 1]",0,70000,0
B4,eAT,1,molecule,zz,0.1,bytype,1.0,free,3,bytype,eig,0,"[0.000,3.142]",none,1,1,Z,ridge,1,1,adam,adjoint,100,42,13,105,13,12,0,1.0,1,617,221,0.6051355288094104,0.12060506290002447,0.8006974352715465,7.410189275027404,3.0672175220996674,0.04072363972188717,0.33661557090239025,0.24580692439470975,0.8285592892788034,419.06,0.5060971248686216,0.9378982674168689,8,0.44721511078735593,0.505734503320572,0.7518333911189584,0.5060971248686216,0.9378982674168689,8,0.44721511078735593,0.505734503320572,0.7518333911189584,0.4867630702873566,0.9437445744964836,8,0.43357296230723774,0.48818216547251625,0.7777895458378449,elem,quantum,elem,12,"[3, 3, 3, 2, 2, 2, 2, 1, 1, 1, 1, 1]",0,70000,0
B4,eAT,1,molecule,zz,0.1,bytype,1.0,free,3,bytype,eig,0,"[0.000,3.142]",none,1,1,Z,ridge,1,1,adam,adjoint,100,42,13,105,13,12,0,1.0,1,617,221,0.6051355288094104,0.09904156121418771,0.8363316042456644,6.686447486556811,2.767647104572843,0.006982790507927133,0.2053924219328049,0.4115749379577512,0.8285592892788034,411.8,0.4164362488191163,0.9569626709753957,8,0.36755268725039736,0.4124064156122274,0.8221273490809993,0.4164362488191163,0.9569626709753957,8,0.36755268725039736,0.4124064156122274,0.8221273490809993,0.4286663692007566,0.955515325886293,8,0.37067513489253356,0.42408535459627317,0.8188929754393631,arb,quantum,arb,12,"[3, 3, 3, 2, 2, 2, 2, 1, 1, 1, 1, 1]",0,70000,0
B4,eAT,1,molecule,zz,0.1,bytype,1.0,free,3,bytype,eig,0,"[0.000,3.142]",none,1,1,Z,ridge,1,1,adam,adjoint,100,43,13,105,13,12,0,1.0,1,637,201,0.5427797294272972,0.1323485968150362,0.7561651814914292,6.371320826637044,2.247693354459305,0.03533972927061562,0.39273318083115316,0.2457300859145254,0.8145570762572534,432.65,0.4787485684397573,0.9619398315166894,10,0.4045447439962695,0.468689931548824,0.7939755344770542,0.4787485684397573,0.9619398315166894,10,0.4045447439962695,0.468689931548824,0.7939755344770542,0.463081869614398,0.9632250268361165,10,0.3920310196988379,0.45249549615631174,0.8009554253475226,elem,quantum,elem,12,"[3, 3, 2, 2, 2, 2, 2, 1, 1, 1, 1, 1]",0,70000,0
B4,eAT,1,molecule,zz,0.1,bytype,1.0,free,3,bytype,eig,0,"[0.000,3.142]",none,1,1,Z,ridge,1,1,adam,adjoint,100,43,13,105,13,12,0,1.0,1,637,201,0.5427797294272972,0.09341332968833167,0.8278982713910581,5.4249438158203995,1.9138276810917922,0.0569900370714985,0.2321928422811269,0.26219636853848377,0.8145570762572534,422.56,0.46361192711245336,0.9570065099943749,10,0.3985475266072927,0.4629299374074926,0.7890183023921625,0.46361192711245336,0.9570065099943749,10,0.3985475266072927,0.4629299374074926,0.7890183023921625,0.4477929118834058,0.9593833044291354,10,0.3893416045522282,0.45019723460670347,0.7921395821851749,arb,quantum,arb,12,"[3, 3, 2, 2, 2, 2, 2, 1, 1, 1, 1, 1]",0,70000,0
B4,eAT,1,molecule,zz,0.1,bytype,1.0,free,3,bytype,eig,0,"[0.000,3.142]",none,1,1,Z,ridge,1,1,adam,adjoint,100,44,13,105,13,12,0,1.0,1,638,200,0.545994023888297,0.12283034787574963,0.7750335305851643,6.603496301237161,2.375130853549386,0.04424657248715542,0.39377625064536326,0.3423191987541916,0.8403390802079029,434.35,0.44912397632790785,0.9468018392938474,9,0.4136131316754848,0.4503568815535305,0.8444858661644676,0.44912397632790785,0.9468018392938474,9,0.4136131316754848,0.4503568815535305,0.8444858661644676,0.4395820316817586,0.9488620856429348,9,0.3953229335283573,0.440532645732863,0.8468708106884192,elem,quantum,elem,12,"[3, 3, 3, 2, 2, 2, 2, 1, 1, 1, 1, 1]",0,70000,0
B4,eAT,1,molecule,zz,0.1,bytype,1.0,free,3,bytype,eig,0,"[0.000,3.142]",none,1,1,Z,ridge,1,1,adam,adjoint,100,44,13,105,13,12,0,1.0,1,638,200,0.545994023888297,0.09517868872582158,0.8256781492808173,7.051451754637677,2.536250474103718,0.020371426697830097,0.15331245332792598,0.3131090639411647,0.8403390802079029,424.72,0.37778267958134776,0.9632507955682084,9,0.35993671730544646,0.3782341073409135,0.8763052132314606,0.37778267958134776,0.9632507955682084,9,0.35993671730544646,0.3782341073409135,0.8763052132314606,0.37850032075592904,0.9626430643100433,9,0.36222185766828885,0.3797244318367562,0.8780669320530705,arb,quantum,arb,12,"[3, 3, 3, 2, 2, 2, 2, 1, 1, 1, 1, 1]",0,70000,0
B4,eAT,1,molecule,zz,0.1,bytype,1.0,free,3,bytype,eig,0,"[0.000,3.142]",none,1,1,Z,ridge,1,1,adam,adjoint,100,45,13,105,13,12,0,1.0,1,615,223,0.5065650864392671,0.1399175537234766,0.7237915571580721,8.468899946138265,3.1233416033708647,0.019337444631755223,0.2073923645904712,0.3439245648143708,0.8054176365325658,420.4,0.5352603568105541,0.9516533986709045,10,0.483232796973796,0.5384384430916277,0.7848214766685034,0.5352603568105541,0.9516533986709045,10,0.483232796973796,0.5384384430916277,0.7848214766685034,0.5234798321156015,0.9547769389068341,10,0.47478521891048425,0.5254248781599581,0.7942130319238901,elem,quantum,elem,12,"[3, 3, 3, 2, 2, 2, 2, 1, 1, 1, 1, 1]",0,70000,0
B4,eAT,1,molecule,zz,0.1,bytype,1.0,free,3,bytype,eig,0,"[0.000,3.142]",none,1,1,Z,ridge,1,1,adam,adjoint,100,45,13,105,13,12,0,1.0,1,615,223,0.5065650864392671,0.14448770396266233,0.7147697150265702,6.227535258767974,2.2967233151736894,0.134945048245568,0.14687431624591035,0.2563009489560262,0.8054176365325658,412.46,0.4775732362257547,0.9624539624902144,10,0.4537946639157737,0.4837192321769397,0.7678782100679813,0.4775732362257547,0.9624539624902144,10,0.4537946639157737,0.4837192321769397,0.7678782100679813,0.45759858796559877,0.9655458602004555,10,0.423946183268775,0.4636466701650609,0.7642758069803346,arb,quantum,arb,12,"[3, 3, 3, 2, 2, 2, 2, 1, 1, 1, 1, 1]",0,70000,0
B4,eAT,1,molecule,zz,0.1,bytype,1.0,free,3,bytype,eig,0,"[0.000,3.142]",none,1,1,Z,ridge,1,1,adam,adjoint,100,46,13,105,13,12,0,1.0,1,637,201,0.49160627041947585,0.11527538504446555,0.7655127853717085,7.0603422887727465,2.3526390727390725,0.050800796578586715,0.36415668182481326,0.2572989576135826,0.8249332317337389,435.6,0.4792103446748647,0.9436818484847412,9,0.45478488344753665,0.4696062034702168,0.8034176354327459,0.4792103446748647,0.9436818484847412,9,0.45478488344753665,0.4696062034702168,0.8034176354327459,0.4460158455910725,0.951304441061431,9,0.4280223036471569,0.44190197126551284,0.8276532794417344,elem,quantum,elem,12,"[3, 3, 3, 2, 2, 1, 1, 1, 1, 1, 1, 1]",0,70000,0
B4,eAT,1,molecule,zz,0.1,bytype,1.0,free,3,bytype,eig,0,"[0.000,3.142]",none,1,1,Z,ridge,1,1,adam,adjoint,100,46,13,105,13,12,0,1.0,1,637,201,0.49160627041947585,0.10662594575807495,0.7831070265497355,6.382278316582422,2.1266953819737755,0.042841841570774225,0.26677682083130555,0.37446170617889063,0.8249332317337389,426.54,0.41696604949861243,0.9508705333532614,9,0.3740088952848864,0.404267281244276,0.8270331857275549,0.41696604949861243,0.9508705333532614,9,0.3740088952848864,0.404267281244276,0.8270331857275549,0.4038689475812486,0.9564202285928561,9,0.3665723285292111,0.397384880822651,0.8337622683862798,arb,quantum,arb,12,"[3, 3, 3, 2, 2, 1, 1, 1, 1, 1, 1, 1]",0,70000,0
B4,eAT,1,molecule,zz,0.1,bytype,1.0,free,3,bytype,eig,0,"[0.000,3.142]",none,1,1,Z,ridge,1,1,adam,adjoint,100,47,13,105,13,12,0,1.0,1,642,196,0.5935860273345155,0.12702532826005275,0.7860035068034584,7.283700680346961,2.5702546596520253,0.08128125719490382,0.2709626863875572,0.25447314727807496,0.8330158837111028,436.13,0.48541338338040046,0.9536214962757662,10,0.4404467235568143,0.46360178329253404,0.8407623439146749,0.48541338338040046,0.9536214962757662,10,0.4404467235568143,0.46360178329253404,0.8407623439146749,0.48299953230145876,0.9541521136449581,10,0.44401029759160904,0.4629544974669575,0.836735798249865,elem,quantum,elem,12,"[3, 3, 3, 2, 2, 2, 2, 1, 1, 1, 1, 1]",0,70000,0
B4,eAT,1,molecule,zz,0.1,bytype,1.0,free,3,bytype,eig,0,"[0.000,3.142]",none,1,1,Z,ridge,1,1,adam,adjoint,100,47,13,105,13,12,0,1.0,1,642,196,0.5935860273345155,0.1542344493770628,0.7401649596274208,5.5654880568747105,1.963935949484749,0.021737839166397016,0.30782580990808506,0.374739302231462,0.8330158837111028,427.55,0.4936728332773941,0.9563496979823438,10,0.46434029611983046,0.4911527918247593,0.804949392830099,0.4936728332773941,0.9563496979823438,10,0.46434029611983046,0.4911527918247593,0.804949392830099,0.47792350196844374,0.9583720441741628,10,0.45887077035750595,0.47800102324289634,0.8122294782467612,arb,quantum,arb,12,"[3, 3, 3, 2, 2, 2, 2, 1, 1, 1, 1, 1]",0,70000,0
B4,eAT,1,molecule,zz,0.1,bytype,1.0,free,3,bytype,eig,0,"[0.000,3.142]",none,1,1,Z,ridge,1,1,adam,adjoint,100,48,13,105,13,12,0,1.0,1,609,229,0.49104036254341443,0.14235316891691777,0.710098843647844,7.106419537860256,2.4501565857044287,0.2130656010356974,0.2027761523262086,0.18993806968275742,0.8086605045951484,410.74,0.4269970572239795,0.9664343040116921,13,0.38714953845297423,0.4287456826062497,0.7943913003031596,0.4269970572239795,0.9664343040116921,13,0.38714953845297423,0.4287456826062497,0.7943913003031596,0.4193391138259276,0.9676797300123952,13,0.380179860050382,0.4208665172590359,0.778655358642346,elem,quantum,elem,12,"[3, 3, 2, 2, 2, 1, 1, 1, 1, 1, 1, 1]",0,70000,0
B4,eAT,1,molecule,zz,0.1,bytype,1.0,free,3,bytype,eig,0,"[0.000,3.142]",none,1,1,Z,ridge,1,1,adam,adjoint,100,48,13,105,13,12,0,1.0,1,609,229,0.49104036254341443,0.13355554340437692,0.7280151417439359,5.792250638174147,1.9970564602278262,0.16898364903549823,-0.09915262572789055,0.3137234409951645,0.8086605045951484,405.34,0.5726388217926408,0.9311764295294997,13,0.4701788688327876,0.5723201583528754,0.7461467753423289,0.5726388217926408,0.9311764295294997,13,0.4701788688327876,0.5723201583528754,0.7461467753423289,0.5476901060903474,0.9489658770077994,13,0.44383472914420335,0.5472949008407081,0.7385279224690718,arb,quantum,arb,12,"[3, 3, 2, 2, 2, 1, 1, 1, 1, 1, 1, 1]",0,70000,0
B4,eAT,1,molecule,zz,0.1,bytype,1.0,free,3,bytype,eig,0,"[0.000,3.142]",none,1,1,Z,ridge,1,1,adam,adjoint,100,49,13,105,13,12,0,1.0,1,613,225,0.5947850321734993,0.15878263785970703,0.7330419743760633,6.6784613501898145,2.310419379786539,0.20056759782151473,0.3418326907247512,0.32367659012506816,0.8474852356148728,419.06,0.37585326508660777,0.9539957111684645,10,0.3326156594994038,0.3694545101325002,0.8392105862668607,0.37585326508660777,0.9539957111684645,10,0.3326156594994038,0.3694545101325002,0.8392105862668607,0.3784975045584449,0.9529482732870772,10,0.3336724681165463,0.3703244315940547,0.8377155106758184,elem,quantum,elem,12,"[3, 3, 3, 2, 2, 2, 1, 1, 1, 1, 1, 1]",0,70000,0
B4,eAT,1,molecule,zz,0.1,bytype,1.0,free,3,bytype,eig,0,"[0.000,3.142]",none,1,1,Z,ridge,1,1,adam,adjoint,100,49,13,105,13,12,0,1.0,1,613,225,0.5947850321734993,0.12251234297511032,0.7940224848506723,6.080139209391567,2.103429326693494,0.07902223935075138,0.11425081054304709,0.2510351818349709,0.8474852356148728,408.71,0.35610853931129177,0.9449057908231429,10,0.31553411975413664,0.33819438713893585,0.884839139069307,0.35610853931129177,0.9449057908231429,10,0.31553411975413664,0.33819438713893585,0.884839139069307,0.36321787866062527,0.9468780131081624,10,0.3191095133936278,0.34775969662661144,0.8878926117390491,arb,quantum,arb,12,"[3, 3, 3, 2, 2, 2, 1, 1, 1, 1, 1, 1]",0,70000,0
B4,eAT,1,molecule,zz,0.1,bytype,1.0,free,3,bytype,eig,0,"[0.000,3.142]",none,1,1,Z,ridge,1,1,adam,adjoint,100,50,13,105,13,12,0,1.0,1,618,220,0.6086880802417137,0.1618768283430543,0.7340561880581397,5.574637274700199,1.8356335945328424,0.09503828387400147,0.32031802599712034,0.2556814743739595,0.8456882434825623,418.62,0.5001465274252611,0.9406929869150306,9,0.42528787559384734,0.48630790937603285,0.810730573629982,0.5001465274252611,0.9406929869150306,9,0.42528787559384734,0.48630790937603285,0.810730573629982,0.5607036111002643,0.9254234621950277,9,0.4631433372158212,0.5572826758546029,0.788716489744636,elem,quantum,elem,12,"[3, 3, 3, 2, 2, 2, 1, 1, 1, 1, 1, 1]",0,70000,0
B4,eAT,1,molecule,zz,0.1,bytype,1.0,free,3,bytype,eig,0,"[0.000,3.142]",none,1,1,Z,ridge,1,1,adam,adjoint,100,50,13,105,13,12,0,1.0,1,618,220,0.6086880802417137,0.14836933189740678,0.7562473511252457,6.198549170837591,2.0410772099903296,0.018150448170807305,0.19068988632394224,0.272973956493194,0.8456882434825623,412.47,0.47102883845184934,0.947952507244161,9,0.42216660068392914,0.4749525412490135,0.8106651238908654,0.47102883845184934,0.947952507244161,9,0.42216660068392914,0.4749525412490135,0.8106651238908654,0.46978850582181636,0.949645812164424,9,0.42122358487220807,0.4746582110734787,0.8163994391425455,arb,quantum,arb,12,"[3, 3, 3, 2, 2, 2, 1, 1, 1, 1, 1, 1]",0,70000,0
B4,eAT,1,molecule,zz,0.1,bytype,1.0,free,3,bytype,eig,0,"[0.000,3.142]",none,1,1,Z,ridge,1,1,adam,adjoint,100,51,13,105,13,12,0,1.0,1,645,193,0.5127509157766762,0.15342714269871593,0.7007764628439207,5.913294545920029,1.774835569416161,0.10780245393910308,0.28058263574809233,0.22996809493874917,0.7931696764357611,436.56,0.4858114229177974,0.9702766962631612,11,0.42577029008738754,0.47847238591972097,0.8407264415908031,0.4858114229177974,0.9702766962631612,11,0.42577029008738754,0.47847238591972097,0.8407264415908031,0.46256210018658356,0.9725276753144164,11,0.41315627521952203,0.4542172474539292,0.8418236991707735,elem,quantum,elem,12,"[3, 3, 3, 2, 2, 1, 1, 1, 1, 1, 1, 1]",0,70000,0
B4,eAT,1,molecule,zz,0.1,bytype,1.0,free,3,bytype,eig,0,"[0.000,3.142]",none,1,1,Z,ridge,1,1,adam,adjoint,100,51,13,105,13,12,0,1.0,1,645,193,0.5127509157766762,0.1229790238994665,0.760158353470345,7.974895544408259,2.3936112373025797,0.021905441108179033,0.049311058382597445,0.22469460098244695,0.7931696764357611,426.6,0.3819830592531144,0.9805770388880928,11,0.3460439110797802,0.36935074089094866,0.8298252375380034,0.3819830592531144,0.9805770388880928,11,0.3460439110797802,0.36935074089094866,0.8298252375380034,0.3809568703267818,0.9809685300864747,11,0.34436699177353414,0.36913467581477627,0.8229055315491485,arb,quantum,arb,12,"[3, 3, 3, 2, 2, 1, 1, 1, 1, 1, 1, 1]",0,70000,0
B4,eAT,1,molecule,zz,0.1,bytype,1.0,free,3,bytype,eig,0,"[0.000,3.142]",none,1,1,Z,ridge,1,1,adam,adjoint,100,52,13,105,13,12,0,1.0,1,618,220,0.6471074155951593,0.17018040252671573,0.7370136728070146,5.588993635076568,2.0290520183934126,0.022864880911395727,0.30307314815099623,0.21999920623374106,0.8478412870795836,422.47,0.5811070972292484,0.92647804554851,11,0.5159159702823742,0.5686194030826038,0.6982855678671871,0.5811070972292484,0.92647804554851,11,0.5159159702823742,0.5686194030826038,0.6982855678671871,0.5718052297192874,0.9283077044254149,11,0.5112845596108208,0.5604075361340602,0.725039613714236,elem,quantum,elem,12,"[3, 3, 3, 2, 2, 2, 2, 1, 1, 1, 1, 1]",0,70000,0
B4,eAT,1,molecule,zz,0.1,bytype,1.0,free,3,bytype,eig,0,"[0.000,3.142]",none,1,1,Z,ridge,1,1,adam,adjoint,100,52,13,105,13,12,0,1.0,1,618,220,0.6471074155951593,0.13836925364569017,0.7861726657568452,6.096031966942209,2.213129370748586,0.018059004881739612,0.1079994062878006,0.26639931626773955,0.8478412870795836,414.82,0.51859481095226,0.9394714327787677,11,0.47464474948641644,0.5121850554728925,0.7928036203106819,0.51859481095226,0.9394714327787677,11,0.47464474948641644,0.5121850554728925,0.7928036203106819,0.5134450487832355,0.9412530640264313,11,0.4682264059131346,0.5081679375111358,0.8140406940510257,arb,quantum,arb,12,"[3, 3, 3, 2, 2, 2, 2, 1, 1, 1, 1, 1]",0,70000,0
B4,eAT,1,molecule,zz,0.1,bytype,1.0,free,3,bytype,eig,0,"[0.000,3.142]",none,1,1,Z,ridge,1,1,adam,adjoint,100,53,13,105,13,12,0,1.0,1,615,223,0.6185658870508985,0.12353997513049636,0.8002800061938578,7.003355533888891,2.0604826073046003,0.048970926099924025,0.4294182261317567,0.5598070321267256,0.8281686685081293,415.81,0.43381049781126446,0.95968762559703,11,0.3942737657624956,0.42389115017308443,0.8638131843484892,0.43381049781126446,0.95968762559703,11,0.3942737657624956,0.42389115017308443,0.8638131843484892,0.43227418311989674,0.9608326109078829,11,0.386972588102164,0.42330592657669314,0.8717349888947998,elem,quantum,elem,12,"[3, 3, 3, 2, 2, 2, 2, 1, 1, 1, 1, 1]",0,70000,0
B4,eAT,1,molecule,zz,0.1,bytype,1.0,free,3,bytype,eig,0,"[0.000,3.142]",none,1,1,Z,ridge,1,1,adam,adjoint,100,53,13,105,13,12,0,1.0,1,615,223,0.6185658870508985,0.09212403637479956,0.8510683529380934,7.156927513321624,2.1056655758200904,0.02641105667645646,0.38589851565529426,0.48007851759966175,0.8281686685081293,409.93,0.3446117554526665,0.973389832122761,11,0.3002730660279345,0.34331862384537876,0.8450753148102585,0.3446117554526665,0.973389832122761,11,0.3002730660279345,0.34331862384537876,0.8450753148102585,0.3491788615141901,0.9729335240277022,11,0.30588836875425734,0.3483929163409119,0.8452302770425109,arb,quantum,arb,12,"[3, 3, 3, 2, 2, 2, 2, 1, 1, 1, 1, 1]",0,70000,0
B4,eAT,1,molecule,zz,0.1,bytype,1.0,free,3,bytype,eig,0,"[0.000,3.142]",none,1,1,Z,ridge,1,1,adam,adjoint,100,54,13,105,13,12,0,1.0,1,619,219,0.5102373173652782,0.15518282085206234,0.6958614833321429,6.355189228166903,2.246313856702906,0.03321634723771032,0.258525220834539,0.3194931675156421,0.8181622154558951,421.74,0.5403906363578875,0.9374554148747795,9,0.5139225493143302,0.5321259632132271,0.7184999849493577,0.5403906363578875,0.9374554148747795,9,0.5139225493143302,0.5321259632132271,0.7184999849493577,0.5284518859627044,0.9452139847772545,9,0.5102057285320577,0.5276243965311418,0.7334470423078618,elem,quantum,elem,12,"[3, 3, 3, 2, 2, 2, 1, 1, 1, 1, 1, 1]",0,70000,0
B4,eAT,1,molecule,zz,0.1,bytype,1.0,free,3,bytype,eig,0,"[0.000,3.142]",none,1,1,Z,ridge,1,1,adam,adjoint,100,54,13,105,13,12,0,1.0,1,619,219,0.5102373173652782,0.07765376541744479,0.8478085338437671,7.728951769571676,2.731885839186116,0.010363906694156055,0.054742272238437084,0.45693898123540805,0.8181622154558951,410.95,0.3815903071635462,0.9703101734897135,9,0.36362921012993277,0.369552209340683,0.8072271386243612,0.3815903071635462,0.9703101734897135,9,0.36362921012993277,0.369552209340683,0.8072271386243612,0.38258845066283975,0.9710104414293778,9,0.36236112792297887,0.37368628593337794,0.8056220073108915,arb,quantum,arb,12,"[3, 3, 3, 2, 2, 2, 1, 1, 1, 1, 1, 1]",0,70000,0
B4,eAT,1,molecule,zz,0.1,bytype,1.0,free,3,bytype,eig,0,"[0.000,3.142]",none,1,1,Z,ridge,1,1,adam,adjoint,100,55,13,105,13,12,0,1.0,1,616,222,0.6168202669283273,0.17442463121466953,0.7172196820262113,6.588149942756024,1.8973425827010395,0.02722514962811393,0.11653983006807579,0.2544867905833504,0.8443302522221761,416.67,0.6379712793374082,0.9079205078149764,10,0.5759039485718574,0.6387024763181129,0.8080431722809447,0.6379712793374082,0.9079205078149764,10,0.5759039485718574,0.6387024763181129,0.8080431722809447,0.6138515393508424,0.9147429171499598,10,0.55920857200007,0.6140445328332037,0.8157650484546225,elem,quantum,elem,12,"[3, 3, 3, 2, 2, 2, 2, 1, 1, 1, 1, 1]",0,70000,0
B4,eAT,1,molecule,zz,0.1,bytype,1.0,free,3,bytype,eig,0,"[0.000,3.142]",none,1,1,Z,ridge,1,1,adam,adjoint,100,55,13,105,13,12,0,1.0,1,616,222,0.6168202669283273,0.12253522806338424,0.8013437063707531,6.027177885699146,1.7357864279675363,0.05175154442848914,0.18806099297240195,0.2496398858019333,0.8443302522221761,409.01,0.3788294919426956,0.9646401257585093,10,0.3397248088599804,0.3749166502467648,0.8470159303192814,0.3788294919426956,0.9646401257585093,10,0.3397248088599804,0.3749166502467648,0.8470159303192814,0.3824421673628545,0.9647187960449628,10,0.341188101415146,0.37970321632917964,0.8577903969122194,arb,quantum,arb,12,"[3, 3, 3, 2, 2, 2, 2, 1, 1, 1, 1, 1]",0,70000,0
B4,eAT,1,molecule,zz,0.1,bytype,1.0,free,3,bytype,eig,0,"[0.000,3.142]",none,1,1,Z,ridge,1,1,adam,adjoint,100,56,13,105,13,12,0,1.0,1,620,218,0.7839433759910455,0.1521268478865284,0.805946637798664,7.76574364357797,2.43441675728279,0.033874540142395444,0.09031139608061657,0.3656016653072782,0.8027300988652447,420.72,0.45802536672278316,0.9685588075820862,10,0.40496570915697794,0.4571565674139078,0.8064058593460054,0.45802536672278316,0.9685588075820862,10,0.40496570915697794,0.4571565674139078,0.8064058593460054,0.44903823497885803,0.969581233354131,10,0.4041043894571604,0.4487936274297695,0.8066722687976638,elem,quantum,elem,12,"[3, 3, 3, 2, 2, 2, 2, 1, 1, 1, 1, 1]",0,70000,0
B4,eAT,1,molecule,zz,0.1,bytype,1.0,free,3,bytype,eig,0,"[0.000,3.142]",none,1,1,Z,ridge,1,1,adam,adjoint,100,56,13,105,13,12,0,1.0,1,620,218,0.7839433759910455,0.12539499516007885,0.8400458515239612,6.537880366395114,2.0495043683581278,0.14312305785544632,0.31272023747386063,0.3232824241424019,0.8027300988652447,412.92,0.43404146585733744,0.9720624835898506,10,0.38162603514945415,0.43618409801227803,0.8425842889008277,0.43404146585733744,0.9720624835898506,10,0.38162603514945415,0.43618409801227803,0.8425842889008277,0.430135706250682,0.9725998754235547,10,0.37807979515668766,0.43192360973942173,0.8420008824728847,arb,quantum,arb,12,"[3, 3, 3, 2, 2, 2, 2, 1, 1, 1, 1, 1]",0,70000,0
B4,eAT,1,molecule,zz,0.1,bytype,1.0,free,3,bytype,eig,0,"[0.000,3.142]",none,1,1,Z,ridge,1,1,adam,adjoint,100,57,13,105,13,12,0,1.0,1,643,195,0.7949675860688414,0.13766575723430038,0.8268284648999776,6.093298124659157,2.224656503482101,0.08872541641698675,0.420775497060851,0.34635001038413993,0.8166954986757193,433.29,0.40412045723032236,0.968511123342245,12,0.3655963274620711,0.3974568435910694,0.777883222101972,0.40412045723032236,0.968511123342245,12,0.3655963274620711,0.3974568435910694,0.777883222101972,0.39597467033845096,0.9692397223963162,12,0.36285331149743544,0.3890865662329259,0.7772382478632477,elem,quantum,elem,12,"[3, 3, 3, 2, 2, 1, 1, 1, 1, 1, 1, 1]",0,70000,0
B4,eAT,1,molecule,zz,0.1,bytype,1.0,free,3,bytype,eig,0,"[0.000,3.142]",none,1,1,Z,ridge,1,1,adam,adjoint,100,57,13,105,13,12,0,1.0,1,643,195,0.7949675860688414,0.1103366205662465,0.8612061390932086,7.125379208881336,2.601468182340201,0.013935109520597705,0.5039924593649145,0.4017275911177089,0.8166954986757193,426.77,0.39591078067211954,0.9673913112083611,12,0.3910277934765944,0.39544259011149896,0.7783380537286786,0.39591078067211954,0.9673913112083611,12,0.3910277934765944,0.39544259011149896,0.7783380537286786,0.4058058839762051,0.9673875936500231,12,0.39163270668597727,0.40455674467552016,0.7860386777574275,arb,quantum,arb,12,"[3, 3, 3, 2, 2, 1, 1, 1, 1, 1, 1, 1]",0,70000,0
B4,eAT,1,molecule,zz,0.1,bytype,1.0,free,3,bytype,eig,0,"[0.000,3.142]",none,1,1,Z,ridge,1,1,adam,adjoint,100,58,13,105,13,12,0,1.0,1,623,215,0.5110202735086208,0.1242316144470364,0.7568949396193757,5.777999698418119,1.9569576661700971,0.3811310779536658,0.36964838544604606,0.2579449972445842,0.8161713555899878,419.29,0.4595528306938547,0.9609791727061691,13,0.4179368157795472,0.45870433384972215,0.7401661160944583,0.4595528306938547,0.9609791727061691,13,0.4179368157795472,0.45870433384972215,0.7401661160944583,0.4496215433925719,0.9618234283020182,13,0.411077156814617,0.449862788948687,0.732922457755607,elem,quantum,elem,12,"[3, 3, 3, 2, 2, 2, 1, 1, 1, 1, 1, 1]",0,70000,0
B4,eAT,1,molecule,zz,0.1,bytype,1.0,free,3,bytype,eig,0,"[0.000,3.142]",none,1,1,Z,ridge,1,1,adam,adjoint,100,58,13,105,13,12,0,1.0,1,623,215,0.5110202735086208,0.07055921325036665,0.8619248258666663,9.791686638529592,3.3163581225613212,0.013217699204585051,0.3603778554703532,0.9430769923485101,0.8161713555899878,410.25,0.33552145059332145,0.977315303111548,13,0.32666571729189975,0.3389661815890749,0.7919234093561673,0.33552145059332145,0.977315303111548,13,0.32666571729189975,0.3389661815890749,0.7919234093561673,0.32192544124311845,0.9781999410386373,13,0.3165481887182422,0.32571078248184454,0.8068494038172381,arb,quantum,arb,12,"[3, 3, 3, 2, 2, 2, 1, 1, 1, 1, 1, 1]",0,70000,0
B4,eAT,1,molecule,zz,0.1,bytype,1.0,free,3,bytype,eig,0,"[0.000,3.142]",none,1,1,Z,ridge,1,1,adam,adjoint,100,59,13,105,13,12,0,1.0,1,633,205,0.5438336237480352,0.14983901380653442,0.7244763705968341,6.374997210030671,2.1593156811858223,0.01407508931836892,0.21111194986634452,0.25228541606746474,0.8305055526999412,429.09,0.5698738653682304,0.9398652651432028,12,0.538751594942637,0.5642813581581543,0.7605543099880937,0.5698738653682304,0.9398652651432028,12,0.538751594942637,0.5642813581581543,0.7605543099880937,0.5795778433864708,0.9387670701252352,12,0.5452404010047722,0.5756822119489036,0.7548907973840197,elem,quantum,elem,12,"[3, 3, 3, 2, 2, 1, 1, 1, 1, 1, 1, 1]",0,70000,0
B4,eAT,1,molecule,zz,0.1,bytype,1.0,free,3,bytype,eig,0,"[0.000,3.142]",none,1,1,Z,ridge,1,1,adam,adjoint,100,59,13,105,13,12,0,1.0,1,633,205,0.5438336237480352,0.11392346810695116,0.7905177923317716,6.945946577032358,2.3527055574025573,0.1494997481358781,0.07833298439705548,0.38391429834189883,0.8305055526999412,420.69,0.4333298450606877,0.9642863045329668,12,0.4101135534835676,0.4265517187266161,0.8356215335416622,0.4333298450606877,0.9642863045329668,12,0.4101135534835676,0.4265517187266161,0.8356215335416622,0.4148232203678338,0.9668960638204982,12,0.38630889087189746,0.40775429894661264,0.8383170847341903,arb,quantum,arb,12,"[3, 3, 3, 2, 2, 1, 1, 1, 1, 1, 1, 1]",0,70000,0
B4,eAT,1,molecule,zz,0.1,bytype,1.0,free,3,bytype,eig,0,"[0.000,3.142]",none,1,1,Z,ridge,1,1,adam,adjoint,100,60,13,105,13,12,0,1.0,1,625,213,0.6333135546073766,0.14902674832985333,0.7646872591851558,6.548673198816584,2.1983010288659943,0.18657673387032198,0.2830348894011213,0.30404020436046114,0.825702892436172,422.8,0.49797056006509494,0.9500294920044534,9,0.44951010212107884,0.466636690922333,0.8050195369092957,0.49797056006509494,0.9500294920044534,9,0.44951010212107884,0.466636690922333,0.8050195369092957,0.5142770890233265,0.9481019149545706,9,0.4515099720159429,0.48304849330142724,0.7944624740896484,elem,quantum,elem,12,"[3, 3, 3, 2, 2, 2, 1, 1, 1, 1, 1, 1]",0,70000,0
B4,eAT,1,molecule,zz,0.1,bytype,1.0,free,3,bytype,eig,0,"[0.000,3.142]",none,1,1,Z,ridge,1,1,adam,adjoint,100,60,13,105,13,12,0,1.0,1,625,213,0.6333135546073766,0.10343595640300318,0.8366749682672932,6.857885161788972,2.30209930306644,0.015380068924626254,0.13181365131360173,0.49464041867428765,0.825702892436172,411.71,0.46418161212362913,0.9453443835282063,9,0.4013610261767994,0.4576734070794915,0.7996571912329677,0.46418161212362913,0.9453443835282063,9,0.4013610261767994,0.4576734070794915,0.7996571912329677,0.46042622841143377,0.9469968259354075,9,0.39758062841143016,0.4522235511916228,0.8004819730237026,arb,quantum,arb,12,"[3, 3, 3, 2, 2, 2, 1, 1, 1, 1, 1, 1]",0,70000,0
B4,eAT,1,molecule,zz,0.1,bytype,1.0,free,3,bytype,eig,0,"[0.000,3.142]",none,1,1,Z,ridge,1,1,adam,adjoint,100,61,13,105,13,12,0,1.0,1,626,212,0.6217127947983341,0.11916118093599135,0.8083340379465025,4.6904176288324,1.5863539871912795,0.0948560112259226,0.383875787337387,0.26340698004459634,0.8064548566465617,421.06,0.4655932105465167,0.9585293416717267,12,0.43849232725667553,0.465098849933947,0.7392919144724127,0.4655932105465167,0.9585293416717267,12,0.43849232725667553,0.465098849933947,0.7392919144724127,0.45499233472039285,0.9601797121786537,12,0.43036407762714923,0.45330817418722524,0.7549349896361721,elem,quantum,elem,12,"[3, 3, 2, 2, 2, 2, 1, 1, 1, 1, 1, 1]",0,70000,0
B4,eAT,1,molecule,zz,0.1,bytype,1.0,free,3,bytype,eig,0,"[0.000,3.142]",none,1,1,Z,ridge,1,1,adam,adjoint,100,61,13,105,13,12,0,1.0,1,626,212,0.6217127947983341,0.1284799868711877,0.7933451137790032,6.1966359424886965,2.095774600989371,0.00907610698155512,0.1534635619516823,0.31550421888713104,0.8064548566465617,413.29,0.5102000980265066,0.9439444492345253,12,0.46872863541633414,0.5109712005272283,0.6292394728163915,0.5102000980265066,0.9439444492345253,12,0.46872863541633414,0.5109712005272283,0.6292394728163915,0.4997696767475891,0.9474078703070481,12,0.4645635831946621,0.4993420304894219,0.6329387234665673,arb,quantum,arb,12,"[3, 3, 2, 2, 2, 2, 1, 1, 1, 1, 1, 1]",0,70000,0
